202140,2021-22,Influenza Hospitalization (Avg 7 Day),1,HHS Region,1.57
202140,2021-22,Average patients with influenza in ICU,1,HHS Region,0.0
202140,2021-22,Influenza Hospital Admissions Rate Per 100k,2,HHS Region,0.13
202140,2021-22,Influenza Hospital Admissions,2,HHS Region,40.0
202140,2021-22,Influenza Hospitalization (Avg 7 Day),2,HHS Region,84.86
202140,2021-22,Average patients with influenza in ICU,2,HHS Region,7.0
202140,2021-22,Influenza Hospital Admissions Rate Per 100k,3,HHS Region,0.1
202140,2021-22,Influenza Hospital Admissions,3,HHS Region,32.0
202140,2021-22,Influenza Hospitalization (Avg 7 Day),3,HHS Region,38.71
202140,2021-22,Average patients with influenza in ICU,3,HHS Region,10.86
202140,2021-22,Influenza Hospital Admissions Rate Per 100k,4,HHS Region,0.11
202140,2021-22,Influenza Hospital Admissions,4,HHS Region,71.0
202140,2021-22,Influenza Hospitalization (Avg 7 Day),4,HHS Region,52.43
202140,2021-22,Average patients with influenza in ICU,4,HHS Region,13.57
202140,2021-22,Influenza Hospital Admissions Rate Per 100k,5,HHS Region,0.06
202140,2021-22,Influenza Hospital Admissions,5,HHS Region,32.0
202140,2021-22,Influenza Hospitalization (Avg 7 Day),5,HHS Region,23.0
202140,2021-22,Average patients with influenza in ICU,5,HHS Region,6.71
202147,2021-22,Average patients with influenza in ICU,8,HHS Region,0.0
202147,2021-22,Influenza Hospital Admissions Rate Per 100k,9,HHS Region,0.09
202147,2021-22,Influenza Hospital Admissions,9,HHS Region,44.0
202147,2021-22,Influenza Hospitalization (Avg 7 Day),9,HHS Region,34.71
202147,2021-22,Average patients with influenza in ICU,9,HHS Region,3.43
202147,2021-22,Influenza Hospital Admissions Rate Per 100k,10,HHS Region,0.06
202147,2021-22,Influenza Hospital Admissions,10,HHS Region,8.0
202147,2021-22,Influenza Hospitalization (Avg 7 Day),10,HHS Region,2.86
202147,2021-22,Average patients with influenza in ICU,10,HHS Region,0.14
202148,2021-22,Influenza Hospital Admissions Rate Per 100k,1,HHS Region,0.22
202148,2021-22,Influenza Hospital Admissions,1,HHS Region,33.0
202148,2021-22,Influenza Hospitalization (Avg 7 Day),1,HHS Region,14.71
202148,2021-22,Average patients with influenza in ICU,1,HHS Region,1.43
202148,2021-22,Influenza Hospital Admissions Rate Per 100k,2,HHS Region,0.3
202148,2021-22,Influenza Hospital Admissions,2,HHS Region,96.0
202148,2021-22,Influenza Hospitalization (Avg 7 Day),2,HHS Region,117.14
202148,2021-22,Average patients with influenza in ICU,2,HHS Region,15.14
202148,2021-22,Influenza Hospital Admissions Rate Per 100k,3,HHS Region,0.32
202148,2021-22,Influenza Hospital Admissions,3,HHS Region,99.0
202148,2021-22,Influenza Hospitalization (Avg 7 Day),3,HHS Region,71.71
202148,2021-22,Average patients with influenza in ICU,3,HHS Region,16.71
202148,2021-22,Influenza Hospital Admissions Rate Per 100k,4,HHS Region,0.29
202148,2021-22,Influenza Hospital Admissions,4,HHS Region,192.0
202148,2021-22,Influenza Hospitalization (Avg 7 Day),4,HHS Region,124.86
202148,2021-22,Average patients with influenza in ICU,4,HHS Region,24.0
202148,2021-22,Influenza Hospital Admissions Rate Per 100k,5,HHS Region,0.27
202148,2021-22,Influenza Hospital Admissions,5,HHS Region,142.0
202148,2021-22,Influenza Hospitalization (Avg 7 Day),5,HHS Region,89.14
202148,2021-22,Average patients with influenza in ICU,5,HHS Region,10.29
202148,2021-22,Influenza Hospital Admissions Rate Per 100k,6,HHS Region,0.19
202148,2021-22,Influenza Hospital Admissions,6,HHS Region,83.0
202148,2021-22,Influenza Hospitalization (Avg 7 Day),6,HHS Region,50.86
202148,2021-22,Average patients with influenza in ICU,6,HHS Region,7.71
202148,2021-22,Influenza Hospital Admissions Rate Per 100k,7,HHS Region,0.33
202148,2021-22,Influenza Hospital Admissions,7,HHS Region,47.0
202148,2021-22,Influenza Hospitalization (Avg 7 Day),7,HHS Region,17.29
202148,2021-22,Average patients with influenza in ICU,7,HHS Region,1.14
202148,2021-22,Influenza Hospital Admissions Rate Per 100k,8,HHS Region,0.29
202148,2021-22,Influenza Hospital Admissions,8,HHS Region,36.0
202148,2021-22,Influenza Hospitalization (Avg 7 Day),8,HHS Region,17.43
202148,2021-22,Average patients with influenza in ICU,8,HHS Region,0.43
202148,2021-22,Influenza Hospital Admissions Rate Per 100k,9,HHS Region,0.14
202148,2021-22,Influenza Hospital Admissions,9,HHS Region,71.0
202148,2021-22,Influenza Hospitalization (Avg 7 Day),9,HHS Region,44.57
202148,2021-22,Average patients with influenza in ICU,9,HHS Region,3.57
202148,2021-22,Influenza Hospital Admissions Rate Per 100k,10,HHS Region,0.03
202148,2021-22,Influenza Hospital Admissions,10,HHS Region,5.0
202148,2021-22,Influenza Hospitalization (Avg 7 Day),10,HHS Region,3.86
202148,2021-22,Average patients with influenza in ICU,10,HHS Region,0.0
202149,2021-22,Influenza Hospital Admissions Rate Per 100k,1,HHS Region,0.26
202149,2021-22,Influenza Hospital Admissions,1,HHS Region,39.0
202149,2021-22,Influenza Hospitalization (Avg 7 Day),1,HHS Region,18.57
202149,2021-22,Average patients with influenza in ICU,1,HHS Region,3.71
202149,2021-22,Influenza Hospital Admissions Rate Per 100k,2,HHS Region,0.44
202149,2021-22,Influenza Hospital Admissions,2,HHS Region,139.0
202204,2021-22,Influenza Hospital Admissions,5,HHS Region,144.0
202204,2021-22,Influenza Hospitalization (Avg 7 Day),5,HHS Region,168.43
202204,2021-22,Average patients with influenza in ICU,5,HHS Region,18.86
202204,2021-22,Influenza Hospital Admissions Rate Per 100k,6,HHS Region,0.27
202204,2021-22,Influenza Hospital Admissions,6,HHS Region,116.0
202204,2021-22,Influenza Hospitalization (Avg 7 Day),6,HHS Region,93.43
202204,2021-22,Average patients with influenza in ICU,6,HHS Region,21.71
202204,2021-22,Influenza Hospital Admissions Rate Per 100k,7,HHS Region,0.6
202204,2021-22,Influenza Hospital Admissions,7,HHS Region,85.0
202204,2021-22,Influenza Hospitalization (Avg 7 Day),7,HHS Region,57.71
202204,2021-22,Average patients with influenza in ICU,7,HHS Region,7.14
202204,2021-22,Influenza Hospital Admissions Rate Per 100k,8,HHS Region,0.36
202204,2021-22,Influenza Hospital Admissions,8,HHS Region,44.0
202204,2021-22,Influenza Hospitalization (Avg 7 Day),8,HHS Region,54.71
202204,2021-22,Average patients with influenza in ICU,8,HHS Region,9.0
202204,2021-22,Influenza Hospital Admissions Rate Per 100k,9,HHS Region,0.11
202204,2021-22,Influenza Hospital Admissions,9,HHS Region,56.0
202204,2021-22,Influenza Hospitalization (Avg 7 Day),9,HHS Region,54.29
202204,2021-22,Average patients with influenza in ICU,9,HHS Region,8.71
202204,2021-22,Influenza Hospital Admissions Rate Per 100k,10,HHS Region,0.07
202204,2021-22,Influenza Hospital Admissions,10,HHS Region,10.0
202204,2021-22,Influenza Hospitalization (Avg 7 Day),10,HHS Region,11.14
202204,2021-22,Average patients with influenza in ICU,10,HHS Region,1.57
202205,2021-22,Influenza Hospital Admissions Rate Per 100k,1,HHS Region,0.27
202205,2021-22,Influenza Hospital Admissions,1,HHS Region,40.0
202205,2021-22,Influenza Hospitalization (Avg 7 Day),1,HHS Region,22.29
202205,2021-22,Average patients with influenza in ICU,1,HHS Region,1.43
202205,2021-22,Influenza Hospital Admissions Rate Per 100k,2,HHS Region,0.11
202205,2021-22,Influenza Hospital Admissions,2,HHS Region,36.0
202205,2021-22,Influenza Hospitalization (Avg 7 Day),2,HHS Region,54.86
202205,2021-22,Average patients with influenza in ICU,2,HHS Region,13.29
202205,2021-22,Influenza Hospital Admissions Rate Per 100k,3,HHS Region,0.29
202205,2021-22,Influenza Hospital Admissions,3,HHS Region,88.0
202205,2021-22,Influenza Hospitalization (Avg 7 Day),3,HHS Region,68.43
202205,2021-22,Average patients with influenza in ICU,3,HHS Region,14.86
202205,2021-22,Influenza Hospital Admissions Rate Per 100k,4,HHS Region,0.3
202205,2021-22,Influenza Hospital Admissions,4,HHS Region,199.0
202205,2021-22,Influenza Hospitalization (Avg 7 Day),4,HHS Region,154.43
202205,2021-22,Average patients with influenza in ICU,4,HHS Region,37.43
202205,2021-22,Influenza Hospital Admissions Rate Per 100k,5,HHS Region,0.27
202205,2021-22,Influenza Hospital Admissions,5,HHS Region,140.0
202205,2021-22,Influenza Hospitalization (Avg 7 Day),5,HHS Region,170.0
202205,2021-22,Average patients with influenza in ICU,5,HHS Region,20.57
202205,2021-22,Influenza Hospital Admissions Rate Per 100k,6,HHS Region,0.41
202205,2021-22,Influenza Hospital Admissions,6,HHS Region,174.0
202205,2021-22,Influenza Hospitalization (Avg 7 Day),6,HHS Region,118.71
202205,2021-22,Average patients with influenza in ICU,6,HHS Region,22.0
202205,2021-22,Influenza Hospital Admissions Rate Per 100k,7,HHS Region,0.76
202205,2021-22,Influenza Hospital Admissions,7,HHS Region,107.0
202205,2021-22,Influenza Hospitalization (Avg 7 Day),7,HHS Region,53.71
202205,2021-22,Average patients with influenza in ICU,7,HHS Region,7.14
202205,2021-22,Influenza Hospital Admissions Rate Per 100k,8,HHS Region,0.42
202205,2021-22,Influenza Hospital Admissions,8,HHS Region,52.0
202205,2021-22,Influenza Hospitalization (Avg 7 Day),8,HHS Region,39.57
202205,2021-22,Average patients with influenza in ICU,8,HHS Region,4.71
202205,2021-22,Influenza Hospital Admissions Rate Per 100k,9,HHS Region,0.13
202205,2021-22,Influenza Hospital Admissions,9,HHS Region,68.0
202205,2021-22,Influenza Hospitalization (Avg 7 Day),9,HHS Region,67.86
202205,2021-22,Average patients with influenza in ICU,9,HHS Region,9.43
202211,2021-22,Influenza Hospital Admissions,8,HHS Region,101.0
202211,2021-22,Influenza Hospitalization (Avg 7 Day),8,HHS Region,84.0
202211,2021-22,Average patients with influenza in ICU,8,HHS Region,6.14
202211,2021-22,Influenza Hospital Admissions Rate Per 100k,9,HHS Region,0.37
202211,2021-22,Influenza Hospital Admissions,9,HHS Region,188.0
202211,2021-22,Influenza Hospitalization (Avg 7 Day),9,HHS Region,91.0
202211,2021-22,Average patients with influenza in ICU,9,HHS Region,6.86
202211,2021-22,Influenza Hospital Admissions Rate Per 100k,10,HHS Region,0.39
202211,2021-22,Influenza Hospital Admissions,10,HHS Region,56.0
202211,2021-22,Influenza Hospitalization (Avg 7 Day),10,HHS Region,23.71
202211,2021-22,Average patients with influenza in ICU,10,HHS Region,1.14
202212,2021-22,Influenza Hospital Admissions Rate Per 100k,1,HHS Region,0.51
202212,2021-22,Influenza Hospital Admissions,1,HHS Region,76.0
202212,2021-22,Influenza Hospitalization (Avg 7 Day),1,HHS Region,51.0
202212,2021-22,Average patients with influenza in ICU,1,HHS Region,5.86
202212,2021-22,Influenza Hospital Admissions Rate Per 100k,2,HHS Region,0.56
202212,2021-22,Influenza Hospital Admissions,2,HHS Region,178.0
202212,2021-22,Influenza Hospitalization (Avg 7 Day),2,HHS Region,105.29
202212,2021-22,Average patients with influenza in ICU,2,HHS Region,14.71
202212,2021-22,Influenza Hospital Admissions Rate Per 100k,3,HHS Region,0.65
202212,2021-22,Influenza Hospital Admissions,3,HHS Region,202.0
202212,2021-22,Influenza Hospitalization (Avg 7 Day),3,HHS Region,131.29
202212,2021-22,Average patients with influenza in ICU,3,HHS Region,17.29
202212,2021-22,Influenza Hospital Admissions Rate Per 100k,4,HHS Region,0.41
202212,2021-22,Influenza Hospital Admissions,4,HHS Region,275.0
202212,2021-22,Influenza Hospitalization (Avg 7 Day),4,HHS Region,207.86
202212,2021-22,Average patients with influenza in ICU,4,HHS Region,43.29
202212,2021-22,Influenza Hospital Admissions Rate Per 100k,5,HHS Region,1.09
202212,2021-22,Influenza Hospital Admissions,5,HHS Region,573.0
202212,2021-22,Influenza Hospitalization (Avg 7 Day),5,HHS Region,474.29
202212,2021-22,Average patients with influenza in ICU,5,HHS Region,59.43
202212,2021-22,Influenza Hospital Admissions Rate Per 100k,6,HHS Region,2.08
202212,2021-22,Influenza Hospital Admissions,6,HHS Region,887.0
202212,2021-22,Influenza Hospitalization (Avg 7 Day),6,HHS Region,378.29
202212,2021-22,Average patients with influenza in ICU,6,HHS Region,47.29
202212,2021-22,Influenza Hospital Admissions Rate Per 100k,7,HHS Region,1.58
202212,2021-22,Influenza Hospital Admissions,7,HHS Region,223.0
202212,2021-22,Influenza Hospitalization (Avg 7 Day),7,HHS Region,123.71
202212,2021-22,Average patients with influenza in ICU,7,HHS Region,16.0
202212,2021-22,Influenza Hospital Admissions Rate Per 100k,8,HHS Region,1.02
202212,2021-22,Influenza Hospital Admissions,8,HHS Region,125.0
202212,2021-22,Influenza Hospitalization (Avg 7 Day),8,HHS Region,95.0
202212,2021-22,Average patients with influenza in ICU,8,HHS Region,4.57
202212,2021-22,Influenza Hospital Admissions Rate Per 100k,9,HHS Region,0.43
202212,2021-22,Influenza Hospital Admissions,9,HHS Region,223.0
202212,2021-22,Influenza Hospitalization (Avg 7 Day),9,HHS Region,112.0
202212,2021-22,Average patients with influenza in ICU,9,HHS Region,14.14
202212,2021-22,Influenza Hospital Admissions Rate Per 100k,10,HHS Region,0.45
202212,2021-22,Influenza Hospital Admissions,10,HHS Region,64.0
202212,2021-22,Influenza Hospitalization (Avg 7 Day),10,HHS Region,34.86
202212,2021-22,Average patients with influenza in ICU,10,HHS Region,1.29
202213,2021-22,Influenza Hospital Admissions Rate Per 100k,1,HHS Region,0.87
202213,2021-22,Influenza Hospital Admissions,1,HHS Region,129.0
202213,2021-22,Influenza Hospitalization (Avg 7 Day),1,HHS Region,70.71
202213,2021-22,Average patients with influenza in ICU,1,HHS Region,8.43
202220,2021-22,Influenza Hospital Admissions,5,HHS Region,388.0
202220,2021-22,Influenza Hospitalization (Avg 7 Day),5,HHS Region,703.0
202220,2021-22,Average patients with influenza in ICU,5,HHS Region,86.14
202220,2021-22,Influenza Hospital Admissions Rate Per 100k,6,HHS Region,0.6
202220,2021-22,Influenza Hospital Admissions,6,HHS Region,255.0
202220,2021-22,Influenza Hospitalization (Avg 7 Day),6,HHS Region,134.86
202220,2021-22,Average patients with influenza in ICU,6,HHS Region,22.0
202220,2021-22,Influenza Hospital Admissions Rate Per 100k,7,HHS Region,0.41
202220,2021-22,Influenza Hospital Admissions,7,HHS Region,58.0
202220,2021-22,Influenza Hospitalization (Avg 7 Day),7,HHS Region,44.29
202220,2021-22,Average patients with influenza in ICU,7,HHS Region,5.0
202220,2021-22,Influenza Hospital Admissions Rate Per 100k,8,HHS Region,1.22
202220,2021-22,Influenza Hospital Admissions,8,HHS Region,150.0
202220,2021-22,Influenza Hospitalization (Avg 7 Day),8,HHS Region,61.14
202220,2021-22,Average patients with influenza in ICU,8,HHS Region,7.14
202220,2021-22,Influenza Hospital Admissions Rate Per 100k,9,HHS Region,1.27
202220,2021-22,Influenza Hospital Admissions,9,HHS Region,651.0
202220,2021-22,Influenza Hospitalization (Avg 7 Day),9,HHS Region,335.86
202220,2021-22,Average patients with influenza in ICU,9,HHS Region,33.86
202220,2021-22,Influenza Hospital Admissions Rate Per 100k,10,HHS Region,0.78
202220,2021-22,Influenza Hospital Admissions,10,HHS Region,112.0
202220,2021-22,Influenza Hospitalization (Avg 7 Day),10,HHS Region,69.14
202220,2021-22,Average patients with influenza in ICU,10,HHS Region,9.0
202221,2021-22,Influenza Hospital Admissions Rate Per 100k,1,HHS Region,0.96
202221,2021-22,Influenza Hospital Admissions,1,HHS Region,143.0
202221,2021-22,Influenza Hospitalization (Avg 7 Day),1,HHS Region,125.14
202221,2021-22,Average patients with influenza in ICU,1,HHS Region,8.86
202221,2021-22,Influenza Hospital Admissions Rate Per 100k,2,HHS Region,0.79
202221,2021-22,Influenza Hospital Admissions,2,HHS Region,249.0
202221,2021-22,Influenza Hospitalization (Avg 7 Day),2,HHS Region,199.86
202221,2021-22,Average patients with influenza in ICU,2,HHS Region,26.86
202221,2021-22,Influenza Hospital Admissions Rate Per 100k,3,HHS Region,0.52
202221,2021-22,Influenza Hospital Admissions,3,HHS Region,159.0
202221,2021-22,Influenza Hospitalization (Avg 7 Day),3,HHS Region,129.57
202221,2021-22,Average patients with influenza in ICU,3,HHS Region,25.14
202221,2021-22,Influenza Hospital Admissions Rate Per 100k,4,HHS Region,1.06
202221,2021-22,Influenza Hospital Admissions,4,HHS Region,711.0
202221,2021-22,Influenza Hospitalization (Avg 7 Day),4,HHS Region,362.57
202221,2021-22,Average patients with influenza in ICU,4,HHS Region,65.86
202221,2021-22,Influenza Hospital Admissions Rate Per 100k,5,HHS Region,0.48
202221,2021-22,Influenza Hospital Admissions,5,HHS Region,253.0
202221,2021-22,Influenza Hospitalization (Avg 7 Day),5,HHS Region,641.86
202221,2021-22,Average patients with influenza in ICU,5,HHS Region,82.86
202221,2021-22,Influenza Hospital Admissions Rate Per 100k,6,HHS Region,0.54
202221,2021-22,Influenza Hospital Admissions,6,HHS Region,229.0
202221,2021-22,Influenza Hospitalization (Avg 7 Day),6,HHS Region,124.86
202221,2021-22,Average patients with influenza in ICU,6,HHS Region,19.86
202221,2021-22,Influenza Hospital Admissions Rate Per 100k,7,HHS Region,0.25
202221,2021-22,Influenza Hospital Admissions,7,HHS Region,35.0
202221,2021-22,Influenza Hospitalization (Avg 7 Day),7,HHS Region,31.14
202221,2021-22,Average patients with influenza in ICU,7,HHS Region,2.14
202221,2021-22,Influenza Hospital Admissions Rate Per 100k,8,HHS Region,0.91
202221,2021-22,Influenza Hospital Admissions,8,HHS Region,111.0
202221,2021-22,Influenza Hospitalization (Avg 7 Day),8,HHS Region,60.43
202221,2021-22,Average patients with influenza in ICU,8,HHS Region,6.57
202221,2021-22,Influenza Hospital Admissions Rate Per 100k,9,HHS Region,1.31
202221,2021-22,Influenza Hospital Admissions,9,HHS Region,672.0
202221,2021-22,Influenza Hospitalization (Avg 7 Day),9,HHS Region,378.14
202221,2021-22,Average patients with influenza in ICU,9,HHS Region,45.29
202230,2021-22,Influenza Hospital Admissions,7,HHS Region,18.0
202230,2021-22,Influenza Hospitalization (Avg 7 Day),7,HHS Region,20.0
202230,2021-22,Average patients with influenza in ICU,7,HHS Region,2.0
202230,2021-22,Influenza Hospital Admissions Rate Per 100k,8,HHS Region,0.15
202230,2021-22,Influenza Hospital Admissions,8,HHS Region,19.0
202230,2021-22,Influenza Hospitalization (Avg 7 Day),8,HHS Region,7.86
202230,2021-22,Average patients with influenza in ICU,8,HHS Region,0.0
202230,2021-22,Influenza Hospital Admissions Rate Per 100k,9,HHS Region,0.13
202230,2021-22,Influenza Hospital Admissions,9,HHS Region,67.0
202230,2021-22,Influenza Hospitalization (Avg 7 Day),9,HHS Region,51.86
202230,2021-22,Average patients with influenza in ICU,9,HHS Region,14.43
202230,2021-22,Influenza Hospital Admissions Rate Per 100k,10,HHS Region,0.1
202230,2021-22,Influenza Hospital Admissions,10,HHS Region,15.0
202230,2021-22,Influenza Hospitalization (Avg 7 Day),10,HHS Region,12.57
202230,2021-22,Average patients with influenza in ICU,10,HHS Region,2.29
202231,2021-22,Influenza Hospital Admissions Rate Per 100k,1,HHS Region,0.05
202231,2021-22,Influenza Hospital Admissions,1,HHS Region,8.0
202231,2021-22,Influenza Hospitalization (Avg 7 Day),1,HHS Region,7.29
202231,2021-22,Average patients with influenza in ICU,1,HHS Region,2.0
202231,2021-22,Influenza Hospital Admissions Rate Per 100k,2,HHS Region,0.12
202231,2021-22,Influenza Hospital Admissions,2,HHS Region,37.0
202231,2021-22,Influenza Hospitalization (Avg 7 Day),2,HHS Region,41.57
202231,2021-22,Average patients with influenza in ICU,2,HHS Region,7.86
202231,2021-22,Influenza Hospital Admissions Rate Per 100k,3,HHS Region,0.14
202231,2021-22,Influenza Hospital Admissions,3,HHS Region,42.0
202231,2021-22,Influenza Hospitalization (Avg 7 Day),3,HHS Region,33.14
202231,2021-22,Average patients with influenza in ICU,3,HHS Region,4.57
202231,2021-22,Influenza Hospital Admissions Rate Per 100k,4,HHS Region,0.22
202231,2021-22,Influenza Hospital Admissions,4,HHS Region,147.0
202231,2021-22,Influenza Hospitalization (Avg 7 Day),4,HHS Region,119.0
202231,2021-22,Average patients with influenza in ICU,4,HHS Region,47.14
202231,2021-22,Influenza Hospital Admissions Rate Per 100k,5,HHS Region,0.07
202231,2021-22,Influenza Hospital Admissions,5,HHS Region,36.0
202231,2021-22,Influenza Hospitalization (Avg 7 Day),5,HHS Region,503.86
202231,2021-22,Average patients with influenza in ICU,5,HHS Region,64.71
202231,2021-22,Influenza Hospital Admissions Rate Per 100k,6,HHS Region,0.21
202231,2021-22,Influenza Hospital Admissions,6,HHS Region,91.0
202231,2021-22,Influenza Hospitalization (Avg 7 Day),6,HHS Region,45.29
202231,2021-22,Average patients with influenza in ICU,6,HHS Region,11.29
202231,2021-22,Influenza Hospital Admissions Rate Per 100k,7,HHS Region,0.21
202231,2021-22,Influenza Hospital Admissions,7,HHS Region,29.0
202231,2021-22,Influenza Hospitalization (Avg 7 Day),7,HHS Region,19.86
202231,2021-22,Average patients with influenza in ICU,7,HHS Region,2.71
202231,2021-22,Influenza Hospital Admissions Rate Per 100k,8,HHS Region,0.15
202231,2021-22,Influenza Hospital Admissions,8,HHS Region,18.0
202231,2021-22,Influenza Hospitalization (Avg 7 Day),8,HHS Region,5.43
202231,2021-22,Average patients with influenza in ICU,8,HHS Region,0.0
202231,2021-22,Influenza Hospital Admissions Rate Per 100k,9,HHS Region,0.09
202231,2021-22,Influenza Hospital Admissions,9,HHS Region,48.0
202231,2021-22,Influenza Hospitalization (Avg 7 Day),9,HHS Region,45.29
202231,2021-22,Average patients with influenza in ICU,9,HHS Region,6.86
202231,2021-22,Influenza Hospital Admissions Rate Per 100k,10,HHS Region,0.14
202231,2021-22,Influenza Hospital Admissions,10,HHS Region,20.0
202231,2021-22,Influenza Hospitalization (Avg 7 Day),10,HHS Region,13.43
202231,2021-22,Average patients with influenza in ICU,10,HHS Region,2.29
202140,2021-22,Influenza Hospital Admissions Rate Per 100k,6,HHS Region,0.09
202149,2021-22,Influenza Hospitalization (Avg 7 Day),2,HHS Region,150.71
202205,2021-22,Influenza Hospital Admissions Rate Per 100k,10,HHS Region,0.06
202213,2021-22,Influenza Hospital Admissions Rate Per 100k,2,HHS Region,0.84
202221,2021-22,Influenza Hospital Admissions Rate Per 100k,10,HHS Region,0.75
202232,2021-22,Influenza Hospital Admissions Rate Per 100k,1,HHS Region,0.04
202221,2021-22,Influenza Hospital Admissions,10,HHS Region,107.0
202221,2021-22,Influenza Hospitalization (Avg 7 Day),10,HHS Region,82.57
202221,2021-22,Average patients with influenza in ICU,10,HHS Region,8.14
202222,2021-22,Influenza Hospital Admissions Rate Per 100k,1,HHS Region,0.56
202222,2021-22,Influenza Hospital Admissions,1,HHS Region,83.0
202222,2021-22,Influenza Hospitalization (Avg 7 Day),1,HHS Region,77.43
202222,2021-22,Average patients with influenza in ICU,1,HHS Region,9.0
202222,2021-22,Influenza Hospital Admissions Rate Per 100k,2,HHS Region,0.62
202222,2021-22,Influenza Hospital Admissions,2,HHS Region,196.0
202222,2021-22,Influenza Hospitalization (Avg 7 Day),2,HHS Region,169.57
202222,2021-22,Average patients with influenza in ICU,2,HHS Region,24.71
202222,2021-22,Influenza Hospital Admissions Rate Per 100k,3,HHS Region,0.46
202222,2021-22,Influenza Hospital Admissions,3,HHS Region,141.0
202222,2021-22,Influenza Hospitalization (Avg 7 Day),3,HHS Region,98.43
202222,2021-22,Average patients with influenza in ICU,3,HHS Region,12.0
202222,2021-22,Influenza Hospital Admissions Rate Per 100k,4,HHS Region,1.26
202222,2021-22,Influenza Hospital Admissions,4,HHS Region,843.0
202222,2021-22,Influenza Hospitalization (Avg 7 Day),4,HHS Region,424.71
202222,2021-22,Average patients with influenza in ICU,4,HHS Region,71.57
202222,2021-22,Influenza Hospital Admissions Rate Per 100k,5,HHS Region,0.36
202222,2021-22,Influenza Hospital Admissions,5,HHS Region,191.0
202222,2021-22,Influenza Hospitalization (Avg 7 Day),5,HHS Region,600.71
202222,2021-22,Average patients with influenza in ICU,5,HHS Region,75.86
202222,2021-22,Influenza Hospital Admissions Rate Per 100k,6,HHS Region,0.47
202222,2021-22,Influenza Hospital Admissions,6,HHS Region,200.0
202222,2021-22,Influenza Hospitalization (Avg 7 Day),6,HHS Region,126.14
202222,2021-22,Average patients with influenza in ICU,6,HHS Region,24.0
202222,2021-22,Influenza Hospital Admissions Rate Per 100k,7,HHS Region,0.3
202222,2021-22,Influenza Hospital Admissions,7,HHS Region,42.0
202222,2021-22,Influenza Hospitalization (Avg 7 Day),7,HHS Region,32.71
202222,2021-22,Average patients with influenza in ICU,7,HHS Region,3.71
202222,2021-22,Influenza Hospital Admissions Rate Per 100k,8,HHS Region,0.93
202222,2021-22,Influenza Hospital Admissions,8,HHS Region,114.0
202222,2021-22,Influenza Hospitalization (Avg 7 Day),8,HHS Region,58.86
202222,2021-22,Average patients with influenza in ICU,8,HHS Region,6.14
202222,2021-22,Influenza Hospital Admissions Rate Per 100k,9,HHS Region,1.34
202222,2021-22,Influenza Hospital Admissions,9,HHS Region,685.0
202222,2021-22,Influenza Hospitalization (Avg 7 Day),9,HHS Region,372.57
202222,2021-22,Average patients with influenza in ICU,9,HHS Region,40.86
202222,2021-22,Influenza Hospital Admissions Rate Per 100k,10,HHS Region,0.73
202222,2021-22,Influenza Hospital Admissions,10,HHS Region,105.0
202222,2021-22,Influenza Hospitalization (Avg 7 Day),10,HHS Region,73.57
202222,2021-22,Average patients with influenza in ICU,10,HHS Region,7.0
202223,2021-22,Influenza Hospital Admissions Rate Per 100k,1,HHS Region,0.68
202223,2021-22,Influenza Hospital Admissions,1,HHS Region,101.0
202223,2021-22,Influenza Hospitalization (Avg 7 Day),1,HHS Region,61.29
202223,2021-22,Average patients with influenza in ICU,1,HHS Region,5.71
202223,2021-22,Influenza Hospital Admissions Rate Per 100k,2,HHS Region,0.5
202223,2021-22,Influenza Hospital Admissions,2,HHS Region,157.0
202223,2021-22,Influenza Hospitalization (Avg 7 Day),2,HHS Region,124.0
202223,2021-22,Average patients with influenza in ICU,2,HHS Region,19.43
202223,2021-22,Influenza Hospital Admissions Rate Per 100k,3,HHS Region,0.41
202223,2021-22,Influenza Hospital Admissions,3,HHS Region,126.0
202223,2021-22,Influenza Hospitalization (Avg 7 Day),3,HHS Region,89.71
202223,2021-22,Average patients with influenza in ICU,3,HHS Region,14.43
202232,2021-22,Influenza Hospital Admissions,1,HHS Region,6.0
202232,2021-22,Influenza Hospitalization (Avg 7 Day),1,HHS Region,5.57
202232,2021-22,Average patients with influenza in ICU,1,HHS Region,2.29
202232,2021-22,Influenza Hospital Admissions Rate Per 100k,2,HHS Region,0.14
202232,2021-22,Influenza Hospital Admissions,2,HHS Region,43.0
202232,2021-22,Influenza Hospitalization (Avg 7 Day),2,HHS Region,41.0
202232,2021-22,Average patients with influenza in ICU,2,HHS Region,6.86
202232,2021-22,Influenza Hospital Admissions Rate Per 100k,3,HHS Region,0.19
202232,2021-22,Influenza Hospital Admissions,3,HHS Region,60.0
202232,2021-22,Influenza Hospitalization (Avg 7 Day),3,HHS Region,38.43
202232,2021-22,Average patients with influenza in ICU,3,HHS Region,6.14
202232,2021-22,Influenza Hospital Admissions Rate Per 100k,4,HHS Region,0.21
202232,2021-22,Influenza Hospital Admissions,4,HHS Region,141.0
202232,2021-22,Influenza Hospitalization (Avg 7 Day),4,HHS Region,107.0
202232,2021-22,Average patients with influenza in ICU,4,HHS Region,44.14
202232,2021-22,Influenza Hospital Admissions Rate Per 100k,5,HHS Region,0.05
202232,2021-22,Influenza Hospital Admissions,5,HHS Region,25.0
202232,2021-22,Influenza Hospitalization (Avg 7 Day),5,HHS Region,509.29
202232,2021-22,Average patients with influenza in ICU,5,HHS Region,65.43
202232,2021-22,Influenza Hospital Admissions Rate Per 100k,6,HHS Region,0.23
202232,2021-22,Influenza Hospital Admissions,6,HHS Region,97.0
202232,2021-22,Influenza Hospitalization (Avg 7 Day),6,HHS Region,47.43
202232,2021-22,Average patients with influenza in ICU,6,HHS Region,10.71
202232,2021-22,Influenza Hospital Admissions Rate Per 100k,7,HHS Region,0.11
202232,2021-22,Influenza Hospital Admissions,7,HHS Region,16.0
202232,2021-22,Influenza Hospitalization (Avg 7 Day),7,HHS Region,14.86
202232,2021-22,Average patients with influenza in ICU,7,HHS Region,0.86
202232,2021-22,Influenza Hospital Admissions Rate Per 100k,8,HHS Region,0.16
202232,2021-22,Influenza Hospital Admissions,8,HHS Region,20.0
202232,2021-22,Influenza Hospitalization (Avg 7 Day),8,HHS Region,4.14
202232,2021-22,Average patients with influenza in ICU,8,HHS Region,0.0
202232,2021-22,Influenza Hospital Admissions Rate Per 100k,9,HHS Region,0.09
202232,2021-22,Influenza Hospital Admissions,9,HHS Region,47.0
202232,2021-22,Influenza Hospitalization (Avg 7 Day),9,HHS Region,37.86
202232,2021-22,Average patients with influenza in ICU,9,HHS Region,5.0
202232,2021-22,Influenza Hospital Admissions Rate Per 100k,10,HHS Region,0.12
202232,2021-22,Influenza Hospital Admissions,10,HHS Region,17.0
202232,2021-22,Influenza Hospitalization (Avg 7 Day),10,HHS Region,16.43
202232,2021-22,Average patients with influenza in ICU,10,HHS Region,2.43
202233,2021-22,Influenza Hospital Admissions Rate Per 100k,1,HHS Region,0.03
202233,2021-22,Influenza Hospital Admissions,1,HHS Region,4.0
202233,2021-22,Influenza Hospitalization (Avg 7 Day),1,HHS Region,5.86
202233,2021-22,Average patients with influenza in ICU,1,HHS Region,1.57
202233,2021-22,Influenza Hospital Admissions Rate Per 100k,2,HHS Region,0.11
202233,2021-22,Influenza Hospital Admissions,2,HHS Region,36.0
202233,2021-22,Influenza Hospitalization (Avg 7 Day),2,HHS Region,42.29
202233,2021-22,Average patients with influenza in ICU,2,HHS Region,5.71
202233,2021-22,Influenza Hospital Admissions Rate Per 100k,3,HHS Region,0.2
202233,2021-22,Influenza Hospital Admissions,3,HHS Region,61.0
202233,2021-22,Influenza Hospitalization (Avg 7 Day),3,HHS Region,41.86
202233,2021-22,Average patients with influenza in ICU,3,HHS Region,5.29
202233,2021-22,Influenza Hospital Admissions Rate Per 100k,4,HHS Region,0.18
202233,2021-22,Influenza Hospital Admissions,4,HHS Region,122.0
202233,2021-22,Influenza Hospitalization (Avg 7 Day),4,HHS Region,110.86
202233,2021-22,Average patients with influenza in ICU,4,HHS Region,49.14
202233,2021-22,Influenza Hospital Admissions Rate Per 100k,5,HHS Region,0.07
202233,2021-22,Influenza Hospital Admissions,5,HHS Region,36.0
202233,2021-22,Influenza Hospitalization (Avg 7 Day),5,HHS Region,497.43
202233,2021-22,Average patients with influenza in ICU,5,HHS Region,65.71
202237,2021-22,Influenza Hospital Admissions Rate Per 100k,9,HHS Region,0.07
202216,2021-22,Influenza Hospital Admissions Rate Per 100k,1,HHS Region,1.98
202223,2021-22,Influenza Hospital Admissions Rate Per 100k,4,HHS Region,1.08
202233,2021-22,Influenza Hospital Admissions Rate Per 100k,6,HHS Region,0.26
202223,2021-22,Influenza Hospital Admissions,4,HHS Region,722.0
202223,2021-22,Influenza Hospitalization (Avg 7 Day),4,HHS Region,403.29
202223,2021-22,Average patients with influenza in ICU,4,HHS Region,69.14
202223,2021-22,Influenza Hospital Admissions Rate Per 100k,5,HHS Region,0.18
202223,2021-22,Influenza Hospital Admissions,5,HHS Region,93.0
202223,2021-22,Influenza Hospitalization (Avg 7 Day),5,HHS Region,545.71
202223,2021-22,Average patients with influenza in ICU,5,HHS Region,72.86
202223,2021-22,Influenza Hospital Admissions Rate Per 100k,6,HHS Region,0.4
202223,2021-22,Influenza Hospital Admissions,6,HHS Region,171.0
202223,2021-22,Influenza Hospitalization (Avg 7 Day),6,HHS Region,115.57
202223,2021-22,Average patients with influenza in ICU,6,HHS Region,24.29
202223,2021-22,Influenza Hospital Admissions Rate Per 100k,7,HHS Region,0.26
202223,2021-22,Influenza Hospital Admissions,7,HHS Region,37.0
202223,2021-22,Influenza Hospitalization (Avg 7 Day),7,HHS Region,28.71
202223,2021-22,Average patients with influenza in ICU,7,HHS Region,5.0
202223,2021-22,Influenza Hospital Admissions Rate Per 100k,8,HHS Region,0.51
202223,2021-22,Influenza Hospital Admissions,8,HHS Region,62.0
202223,2021-22,Influenza Hospitalization (Avg 7 Day),8,HHS Region,47.29
202223,2021-22,Average patients with influenza in ICU,8,HHS Region,3.71
202223,2021-22,Influenza Hospital Admissions Rate Per 100k,9,HHS Region,1.06
202223,2021-22,Influenza Hospital Admissions,9,HHS Region,543.0
202223,2021-22,Influenza Hospitalization (Avg 7 Day),9,HHS Region,342.29
202223,2021-22,Average patients with influenza in ICU,9,HHS Region,35.71
202223,2021-22,Influenza Hospital Admissions Rate Per 100k,10,HHS Region,0.61
202223,2021-22,Influenza Hospital Admissions,10,HHS Region,88.0
202223,2021-22,Influenza Hospitalization (Avg 7 Day),10,HHS Region,62.0
202223,2021-22,Average patients with influenza in ICU,10,HHS Region,9.86
202224,2021-22,Influenza Hospital Admissions Rate Per 100k,1,HHS Region,0.24
202224,2021-22,Influenza Hospital Admissions,1,HHS Region,36.0
202224,2021-22,Influenza Hospitalization (Avg 7 Day),1,HHS Region,53.86
202224,2021-22,Average patients with influenza in ICU,1,HHS Region,4.14
202224,2021-22,Influenza Hospital Admissions Rate Per 100k,2,HHS Region,0.49
202224,2021-22,Influenza Hospital Admissions,2,HHS Region,154.0
202224,2021-22,Influenza Hospitalization (Avg 7 Day),2,HHS Region,123.57
202224,2021-22,Average patients with influenza in ICU,2,HHS Region,19.86
202224,2021-22,Influenza Hospital Admissions Rate Per 100k,3,HHS Region,0.32
202224,2021-22,Influenza Hospital Admissions,3,HHS Region,99.0
202224,2021-22,Influenza Hospitalization (Avg 7 Day),3,HHS Region,82.86
202224,2021-22,Average patients with influenza in ICU,3,HHS Region,13.86
202224,2021-22,Influenza Hospital Admissions Rate Per 100k,4,HHS Region,0.93
202224,2021-22,Influenza Hospital Admissions,4,HHS Region,623.0
202224,2021-22,Influenza Hospitalization (Avg 7 Day),4,HHS Region,362.0
202224,2021-22,Average patients with influenza in ICU,4,HHS Region,69.86
202224,2021-22,Influenza Hospital Admissions Rate Per 100k,5,HHS Region,0.19
202224,2021-22,Influenza Hospital Admissions,5,HHS Region,98.0
202224,2021-22,Influenza Hospitalization (Avg 7 Day),5,HHS Region,542.29
202224,2021-22,Average patients with influenza in ICU,5,HHS Region,72.29
202224,2021-22,Influenza Hospital Admissions Rate Per 100k,6,HHS Region,0.4
202224,2021-22,Influenza Hospital Admissions,6,HHS Region,169.0
202224,2021-22,Influenza Hospitalization (Avg 7 Day),6,HHS Region,89.57
202224,2021-22,Average patients with influenza in ICU,6,HHS Region,21.0
202224,2021-22,Influenza Hospital Admissions Rate Per 100k,7,HHS Region,0.23
202224,2021-22,Influenza Hospital Admissions,7,HHS Region,32.0
202224,2021-22,Influenza Hospitalization (Avg 7 Day),7,HHS Region,24.57
202224,2021-22,Average patients with influenza in ICU,7,HHS Region,1.86
202224,2021-22,Influenza Hospital Admissions Rate Per 100k,8,HHS Region,0.24
202224,2021-22,Influenza Hospital Admissions,8,HHS Region,30.0
202224,2021-22,Influenza Hospitalization (Avg 7 Day),8,HHS Region,26.86
202224,2021-22,Average patients with influenza in ICU,8,HHS Region,1.0
202233,2021-22,Influenza Hospital Admissions,6,HHS Region,110.0
202233,2021-22,Influenza Hospitalization (Avg 7 Day),6,HHS Region,53.86
202233,2021-22,Average patients with influenza in ICU,6,HHS Region,11.71
202233,2021-22,Influenza Hospital Admissions Rate Per 100k,7,HHS Region,0.19
202233,2021-22,Influenza Hospital Admissions,7,HHS Region,27.0
202233,2021-22,Influenza Hospitalization (Avg 7 Day),7,HHS Region,17.43
202233,2021-22,Average patients with influenza in ICU,7,HHS Region,0.86
202233,2021-22,Influenza Hospital Admissions Rate Per 100k,8,HHS Region,0.15
202233,2021-22,Influenza Hospital Admissions,8,HHS Region,19.0
202233,2021-22,Influenza Hospitalization (Avg 7 Day),8,HHS Region,6.14
202233,2021-22,Average patients with influenza in ICU,8,HHS Region,0.29
202233,2021-22,Influenza Hospital Admissions Rate Per 100k,9,HHS Region,0.09
202233,2021-22,Influenza Hospital Admissions,9,HHS Region,47.0
202233,2021-22,Influenza Hospitalization (Avg 7 Day),9,HHS Region,35.29
202233,2021-22,Average patients with influenza in ICU,9,HHS Region,5.29
202233,2021-22,Influenza Hospital Admissions Rate Per 100k,10,HHS Region,0.09
202233,2021-22,Influenza Hospital Admissions,10,HHS Region,13.0
202233,2021-22,Influenza Hospitalization (Avg 7 Day),10,HHS Region,13.86
202233,2021-22,Average patients with influenza in ICU,10,HHS Region,2.29
202234,2021-22,Influenza Hospital Admissions Rate Per 100k,1,HHS Region,0.07
202234,2021-22,Influenza Hospital Admissions,1,HHS Region,10.0
202234,2021-22,Influenza Hospitalization (Avg 7 Day),1,HHS Region,6.29
202234,2021-22,Average patients with influenza in ICU,1,HHS Region,1.71
202234,2021-22,Influenza Hospital Admissions Rate Per 100k,2,HHS Region,0.18
202234,2021-22,Influenza Hospital Admissions,2,HHS Region,58.0
202234,2021-22,Influenza Hospitalization (Avg 7 Day),2,HHS Region,45.57
202234,2021-22,Average patients with influenza in ICU,2,HHS Region,7.29
202234,2021-22,Influenza Hospital Admissions Rate Per 100k,3,HHS Region,0.14
202234,2021-22,Influenza Hospital Admissions,3,HHS Region,42.0
202234,2021-22,Influenza Hospitalization (Avg 7 Day),3,HHS Region,38.86
202234,2021-22,Average patients with influenza in ICU,3,HHS Region,4.14
202234,2021-22,Influenza Hospital Admissions Rate Per 100k,4,HHS Region,0.2
202234,2021-22,Influenza Hospital Admissions,4,HHS Region,136.0
202234,2021-22,Influenza Hospitalization (Avg 7 Day),4,HHS Region,118.86
202234,2021-22,Average patients with influenza in ICU,4,HHS Region,50.57
202234,2021-22,Influenza Hospital Admissions Rate Per 100k,5,HHS Region,0.09
202234,2021-22,Influenza Hospital Admissions,5,HHS Region,46.0
202234,2021-22,Influenza Hospitalization (Avg 7 Day),5,HHS Region,509.71
202234,2021-22,Average patients with influenza in ICU,5,HHS Region,66.0
202234,2021-22,Influenza Hospital Admissions Rate Per 100k,6,HHS Region,0.22
202234,2021-22,Influenza Hospital Admissions,6,HHS Region,95.0
202234,2021-22,Influenza Hospitalization (Avg 7 Day),6,HHS Region,62.0
202234,2021-22,Average patients with influenza in ICU,6,HHS Region,13.86
202234,2021-22,Influenza Hospital Admissions Rate Per 100k,7,HHS Region,0.1
202234,2021-22,Influenza Hospital Admissions,7,HHS Region,14.0
202234,2021-22,Influenza Hospitalization (Avg 7 Day),7,HHS Region,20.29
202234,2021-22,Average patients with influenza in ICU,7,HHS Region,1.0
202234,2021-22,Influenza Hospital Admissions Rate Per 100k,8,HHS Region,0.07
202234,2021-22,Influenza Hospital Admissions,8,HHS Region,8.0
202234,2021-22,Influenza Hospitalization (Avg 7 Day),8,HHS Region,4.43
202234,2021-22,Average patients with influenza in ICU,8,HHS Region,0.43
202234,2021-22,Influenza Hospital Admissions Rate Per 100k,9,HHS Region,0.09
202234,2021-22,Influenza Hospital Admissions,9,HHS Region,46.0
202234,2021-22,Influenza Hospitalization (Avg 7 Day),9,HHS Region,33.29
202234,2021-22,Average patients with influenza in ICU,9,HHS Region,6.71
202234,2021-22,Influenza Hospital Admissions Rate Per 100k,10,HHS Region,0.05
202234,2021-22,Influenza Hospital Admissions,10,HHS Region,7.0
202234,2021-22,Influenza Hospitalization (Avg 7 Day),10,HHS Region,7.71
202234,2021-22,Average patients with influenza in ICU,10,HHS Region,0.29
202149,2021-22,Average patients with influenza in ICU,2,HHS Region,20.86
202149,2021-22,Influenza Hospital Admissions Rate Per 100k,3,HHS Region,0.4
202149,2021-22,Influenza Hospital Admissions,3,HHS Region,124.0
202149,2021-22,Influenza Hospitalization (Avg 7 Day),3,HHS Region,94.43
202149,2021-22,Average patients with influenza in ICU,3,HHS Region,19.86
202149,2021-22,Influenza Hospital Admissions Rate Per 100k,4,HHS Region,0.33
202149,2021-22,Influenza Hospital Admissions,4,HHS Region,222.0
202149,2021-22,Influenza Hospitalization (Avg 7 Day),4,HHS Region,155.43
202149,2021-22,Average patients with influenza in ICU,4,HHS Region,28.57
202149,2021-22,Influenza Hospital Admissions Rate Per 100k,5,HHS Region,0.35
202149,2021-22,Influenza Hospital Admissions,5,HHS Region,183.0
202149,2021-22,Influenza Hospitalization (Avg 7 Day),5,HHS Region,128.86
202149,2021-22,Average patients with influenza in ICU,5,HHS Region,15.57
202149,2021-22,Influenza Hospital Admissions Rate Per 100k,6,HHS Region,0.24
202149,2021-22,Influenza Hospital Admissions,6,HHS Region,103.0
202149,2021-22,Influenza Hospitalization (Avg 7 Day),6,HHS Region,72.14
202149,2021-22,Average patients with influenza in ICU,6,HHS Region,14.14
202149,2021-22,Influenza Hospital Admissions Rate Per 100k,7,HHS Region,0.47
202149,2021-22,Influenza Hospital Admissions,7,HHS Region,66.0
202149,2021-22,Influenza Hospitalization (Avg 7 Day),7,HHS Region,31.71
202149,2021-22,Average patients with influenza in ICU,7,HHS Region,7.14
202149,2021-22,Influenza Hospital Admissions Rate Per 100k,8,HHS Region,0.33
202149,2021-22,Influenza Hospital Admissions,8,HHS Region,40.0
202149,2021-22,Influenza Hospitalization (Avg 7 Day),8,HHS Region,24.29
202149,2021-22,Average patients with influenza in ICU,8,HHS Region,0.86
202149,2021-22,Influenza Hospital Admissions Rate Per 100k,9,HHS Region,0.17
202149,2021-22,Influenza Hospital Admissions,9,HHS Region,85.0
202149,2021-22,Influenza Hospitalization (Avg 7 Day),9,HHS Region,64.71
202149,2021-22,Average patients with influenza in ICU,9,HHS Region,2.86
202149,2021-22,Influenza Hospital Admissions Rate Per 100k,10,HHS Region,0.04
202149,2021-22,Influenza Hospital Admissions,10,HHS Region,6.0
202149,2021-22,Influenza Hospitalization (Avg 7 Day),10,HHS Region,3.86
202149,2021-22,Average patients with influenza in ICU,10,HHS Region,0.71
202150,2021-22,Influenza Hospital Admissions Rate Per 100k,1,HHS Region,0.31
202150,2021-22,Influenza Hospital Admissions,1,HHS Region,46.0
202150,2021-22,Influenza Hospitalization (Avg 7 Day),1,HHS Region,22.86
202150,2021-22,Average patients with influenza in ICU,1,HHS Region,2.86
202150,2021-22,Influenza Hospital Admissions Rate Per 100k,2,HHS Region,0.54
202150,2021-22,Influenza Hospital Admissions,2,HHS Region,171.0
202150,2021-22,Influenza Hospitalization (Avg 7 Day),2,HHS Region,175.86
202150,2021-22,Average patients with influenza in ICU,2,HHS Region,18.43
202150,2021-22,Influenza Hospital Admissions Rate Per 100k,3,HHS Region,0.49
202150,2021-22,Influenza Hospital Admissions,3,HHS Region,152.0
202150,2021-22,Influenza Hospitalization (Avg 7 Day),3,HHS Region,114.71
202150,2021-22,Average patients with influenza in ICU,3,HHS Region,17.43
202150,2021-22,Influenza Hospital Admissions Rate Per 100k,4,HHS Region,0.37
202150,2021-22,Influenza Hospital Admissions,4,HHS Region,246.0
202150,2021-22,Influenza Hospitalization (Avg 7 Day),4,HHS Region,174.14
202150,2021-22,Average patients with influenza in ICU,4,HHS Region,35.71
202150,2021-22,Influenza Hospital Admissions Rate Per 100k,5,HHS Region,0.49
202150,2021-22,Influenza Hospital Admissions,5,HHS Region,255.0
202150,2021-22,Influenza Hospitalization (Avg 7 Day),5,HHS Region,171.86
202150,2021-22,Average patients with influenza in ICU,5,HHS Region,17.14
202150,2021-22,Influenza Hospital Admissions Rate Per 100k,6,HHS Region,0.33
202150,2021-22,Influenza Hospital Admissions,6,HHS Region,142.0
202150,2021-22,Influenza Hospitalization (Avg 7 Day),6,HHS Region,81.57
202150,2021-22,Average patients with influenza in ICU,6,HHS Region,11.71
202150,2021-22,Influenza Hospital Admissions Rate Per 100k,7,HHS Region,0.46
202150,2021-22,Influenza Hospital Admissions,7,HHS Region,65.0
202205,2021-22,Influenza Hospital Admissions,10,HHS Region,9.0
202205,2021-22,Influenza Hospitalization (Avg 7 Day),10,HHS Region,11.0
202205,2021-22,Average patients with influenza in ICU,10,HHS Region,0.57
202206,2021-22,Influenza Hospital Admissions Rate Per 100k,1,HHS Region,0.3
202206,2021-22,Influenza Hospital Admissions,1,HHS Region,44.0
202206,2021-22,Influenza Hospitalization (Avg 7 Day),1,HHS Region,17.57
202206,2021-22,Average patients with influenza in ICU,1,HHS Region,1.29
202206,2021-22,Influenza Hospital Admissions Rate Per 100k,2,HHS Region,0.2
202206,2021-22,Influenza Hospital Admissions,2,HHS Region,64.0
202206,2021-22,Influenza Hospitalization (Avg 7 Day),2,HHS Region,51.29
202206,2021-22,Average patients with influenza in ICU,2,HHS Region,11.43
202206,2021-22,Influenza Hospital Admissions Rate Per 100k,3,HHS Region,0.3
202206,2021-22,Influenza Hospital Admissions,3,HHS Region,92.0
202206,2021-22,Influenza Hospitalization (Avg 7 Day),3,HHS Region,68.86
202206,2021-22,Average patients with influenza in ICU,3,HHS Region,13.43
202206,2021-22,Influenza Hospital Admissions Rate Per 100k,4,HHS Region,0.26
202206,2021-22,Influenza Hospital Admissions,4,HHS Region,174.0
202206,2021-22,Influenza Hospitalization (Avg 7 Day),4,HHS Region,150.0
202206,2021-22,Average patients with influenza in ICU,4,HHS Region,32.43
202206,2021-22,Influenza Hospital Admissions Rate Per 100k,5,HHS Region,0.3
202206,2021-22,Influenza Hospital Admissions,5,HHS Region,158.0
202206,2021-22,Influenza Hospitalization (Avg 7 Day),5,HHS Region,184.71
202206,2021-22,Average patients with influenza in ICU,5,HHS Region,23.29
202206,2021-22,Influenza Hospital Admissions Rate Per 100k,6,HHS Region,0.52
202206,2021-22,Influenza Hospital Admissions,6,HHS Region,220.0
202206,2021-22,Influenza Hospitalization (Avg 7 Day),6,HHS Region,133.14
202206,2021-22,Average patients with influenza in ICU,6,HHS Region,26.14
202206,2021-22,Influenza Hospital Admissions Rate Per 100k,7,HHS Region,0.94
202206,2021-22,Influenza Hospital Admissions,7,HHS Region,133.0
202206,2021-22,Influenza Hospitalization (Avg 7 Day),7,HHS Region,68.29
202206,2021-22,Average patients with influenza in ICU,7,HHS Region,7.43
202206,2021-22,Influenza Hospital Admissions Rate Per 100k,8,HHS Region,0.56
202206,2021-22,Influenza Hospital Admissions,8,HHS Region,69.0
202206,2021-22,Influenza Hospitalization (Avg 7 Day),8,HHS Region,44.71
202206,2021-22,Average patients with influenza in ICU,8,HHS Region,4.43
202206,2021-22,Influenza Hospital Admissions Rate Per 100k,9,HHS Region,0.17
202206,2021-22,Influenza Hospital Admissions,9,HHS Region,87.0
202206,2021-22,Influenza Hospitalization (Avg 7 Day),9,HHS Region,69.57
202206,2021-22,Average patients with influenza in ICU,9,HHS Region,8.57
202206,2021-22,Influenza Hospital Admissions Rate Per 100k,10,HHS Region,0.08
202206,2021-22,Influenza Hospital Admissions,10,HHS Region,11.0
202206,2021-22,Influenza Hospitalization (Avg 7 Day),10,HHS Region,16.29
202206,2021-22,Average patients with influenza in ICU,10,HHS Region,7.0
202207,2021-22,Influenza Hospital Admissions Rate Per 100k,1,HHS Region,0.38
202207,2021-22,Influenza Hospital Admissions,1,HHS Region,57.0
202207,2021-22,Influenza Hospitalization (Avg 7 Day),1,HHS Region,15.86
202207,2021-22,Average patients with influenza in ICU,1,HHS Region,1.71
202207,2021-22,Influenza Hospital Admissions Rate Per 100k,2,HHS Region,0.22
202207,2021-22,Influenza Hospital Admissions,2,HHS Region,68.0
202207,2021-22,Influenza Hospitalization (Avg 7 Day),2,HHS Region,55.43
202207,2021-22,Average patients with influenza in ICU,2,HHS Region,8.57
202207,2021-22,Influenza Hospital Admissions Rate Per 100k,3,HHS Region,0.44
202207,2021-22,Influenza Hospital Admissions,3,HHS Region,137.0
202207,2021-22,Influenza Hospitalization (Avg 7 Day),3,HHS Region,76.14
202207,2021-22,Average patients with influenza in ICU,3,HHS Region,8.86
202213,2021-22,Influenza Hospital Admissions,2,HHS Region,264.0
202213,2021-22,Influenza Hospitalization (Avg 7 Day),2,HHS Region,142.43
202213,2021-22,Average patients with influenza in ICU,2,HHS Region,15.43
202213,2021-22,Influenza Hospital Admissions Rate Per 100k,3,HHS Region,0.82
202213,2021-22,Influenza Hospital Admissions,3,HHS Region,253.0
202213,2021-22,Influenza Hospitalization (Avg 7 Day),3,HHS Region,140.43
202213,2021-22,Average patients with influenza in ICU,3,HHS Region,18.0
202213,2021-22,Influenza Hospital Admissions Rate Per 100k,4,HHS Region,0.43
202213,2021-22,Influenza Hospital Admissions,4,HHS Region,290.0
202213,2021-22,Influenza Hospitalization (Avg 7 Day),4,HHS Region,210.71
202213,2021-22,Average patients with influenza in ICU,4,HHS Region,45.57
202213,2021-22,Influenza Hospital Admissions Rate Per 100k,5,HHS Region,1.05
202213,2021-22,Influenza Hospital Admissions,5,HHS Region,554.0
202213,2021-22,Influenza Hospitalization (Avg 7 Day),5,HHS Region,533.86
202213,2021-22,Average patients with influenza in ICU,5,HHS Region,68.29
202213,2021-22,Influenza Hospital Admissions Rate Per 100k,6,HHS Region,1.85
202213,2021-22,Influenza Hospital Admissions,6,HHS Region,792.0
202213,2021-22,Influenza Hospitalization (Avg 7 Day),6,HHS Region,344.57
202213,2021-22,Average patients with influenza in ICU,6,HHS Region,62.57
202213,2021-22,Influenza Hospital Admissions Rate Per 100k,7,HHS Region,1.28
202213,2021-22,Influenza Hospital Admissions,7,HHS Region,181.0
202213,2021-22,Influenza Hospitalization (Avg 7 Day),7,HHS Region,107.14
202213,2021-22,Average patients with influenza in ICU,7,HHS Region,12.14
202213,2021-22,Influenza Hospital Admissions Rate Per 100k,8,HHS Region,1.52
202213,2021-22,Influenza Hospital Admissions,8,HHS Region,186.0
202213,2021-22,Influenza Hospitalization (Avg 7 Day),8,HHS Region,107.14
202213,2021-22,Average patients with influenza in ICU,8,HHS Region,10.43
202213,2021-22,Influenza Hospital Admissions Rate Per 100k,9,HHS Region,0.45
202213,2021-22,Influenza Hospital Admissions,9,HHS Region,229.0
202213,2021-22,Influenza Hospitalization (Avg 7 Day),9,HHS Region,120.57
202213,2021-22,Average patients with influenza in ICU,9,HHS Region,16.0
202213,2021-22,Influenza Hospital Admissions Rate Per 100k,10,HHS Region,0.34
202213,2021-22,Influenza Hospital Admissions,10,HHS Region,49.0
202213,2021-22,Influenza Hospitalization (Avg 7 Day),10,HHS Region,42.14
202213,2021-22,Average patients with influenza in ICU,10,HHS Region,1.71
202214,2021-22,Influenza Hospital Admissions Rate Per 100k,1,HHS Region,1.47
202214,2021-22,Influenza Hospital Admissions,1,HHS Region,218.0
202214,2021-22,Influenza Hospitalization (Avg 7 Day),1,HHS Region,116.0
202214,2021-22,Average patients with influenza in ICU,1,HHS Region,10.86
202214,2021-22,Influenza Hospital Admissions Rate Per 100k,2,HHS Region,1.13
202214,2021-22,Influenza Hospital Admissions,2,HHS Region,358.0
202214,2021-22,Influenza Hospitalization (Avg 7 Day),2,HHS Region,211.29
202214,2021-22,Average patients with influenza in ICU,2,HHS Region,22.43
202214,2021-22,Influenza Hospital Admissions Rate Per 100k,3,HHS Region,1.02
202214,2021-22,Influenza Hospital Admissions,3,HHS Region,314.0
202214,2021-22,Influenza Hospitalization (Avg 7 Day),3,HHS Region,181.43
202214,2021-22,Average patients with influenza in ICU,3,HHS Region,24.71
202214,2021-22,Influenza Hospital Admissions Rate Per 100k,4,HHS Region,0.49
202214,2021-22,Influenza Hospital Admissions,4,HHS Region,327.0
202214,2021-22,Influenza Hospitalization (Avg 7 Day),4,HHS Region,239.29
202214,2021-22,Average patients with influenza in ICU,4,HHS Region,48.14
202214,2021-22,Influenza Hospital Admissions Rate Per 100k,5,HHS Region,1.13
202214,2021-22,Influenza Hospital Admissions,5,HHS Region,592.0
202214,2021-22,Influenza Hospitalization (Avg 7 Day),5,HHS Region,612.86
202214,2021-22,Average patients with influenza in ICU,5,HHS Region,77.43
202214,2021-22,Influenza Hospital Admissions Rate Per 100k,6,HHS Region,1.36
202214,2021-22,Influenza Hospital Admissions,6,HHS Region,583.0
202214,2021-22,Influenza Hospitalization (Avg 7 Day),6,HHS Region,281.57
202214,2021-22,Average patients with influenza in ICU,6,HHS Region,47.14
202226,2021-22,Influenza Hospital Admissions Rate Per 100k,3,HHS Region,0.29
202235,2021-22,Influenza Hospital Admissions Rate Per 100k,1,HHS Region,0.06
202235,2021-22,Influenza Hospital Admissions,1,HHS Region,9.0
202235,2021-22,Influenza Hospitalization (Avg 7 Day),1,HHS Region,7.29
202235,2021-22,Average patients with influenza in ICU,1,HHS Region,3.57
202235,2021-22,Influenza Hospital Admissions Rate Per 100k,2,HHS Region,0.19
202235,2021-22,Influenza Hospital Admissions,2,HHS Region,59.0
202235,2021-22,Influenza Hospitalization (Avg 7 Day),2,HHS Region,49.0
202235,2021-22,Average patients with influenza in ICU,2,HHS Region,3.0
202235,2021-22,Influenza Hospital Admissions Rate Per 100k,3,HHS Region,0.18
202235,2021-22,Influenza Hospital Admissions,3,HHS Region,54.0
202235,2021-22,Influenza Hospitalization (Avg 7 Day),3,HHS Region,36.86
202235,2021-22,Average patients with influenza in ICU,3,HHS Region,5.0
202235,2021-22,Influenza Hospital Admissions Rate Per 100k,4,HHS Region,0.2
202235,2021-22,Influenza Hospital Admissions,4,HHS Region,133.0
202235,2021-22,Influenza Hospitalization (Avg 7 Day),4,HHS Region,113.86
202235,2021-22,Average patients with influenza in ICU,4,HHS Region,45.71
202235,2021-22,Influenza Hospital Admissions Rate Per 100k,5,HHS Region,0.09
202235,2021-22,Influenza Hospital Admissions,5,HHS Region,46.0
202235,2021-22,Influenza Hospitalization (Avg 7 Day),5,HHS Region,516.71
202235,2021-22,Average patients with influenza in ICU,5,HHS Region,68.14
202235,2021-22,Influenza Hospital Admissions Rate Per 100k,6,HHS Region,0.28
202235,2021-22,Influenza Hospital Admissions,6,HHS Region,121.0
202235,2021-22,Influenza Hospitalization (Avg 7 Day),6,HHS Region,74.29
202235,2021-22,Average patients with influenza in ICU,6,HHS Region,15.86
202235,2021-22,Influenza Hospital Admissions Rate Per 100k,7,HHS Region,0.13
202235,2021-22,Influenza Hospital Admissions,7,HHS Region,19.0
202235,2021-22,Influenza Hospitalization (Avg 7 Day),7,HHS Region,21.43
202235,2021-22,Average patients with influenza in ICU,7,HHS Region,2.0
202235,2021-22,Influenza Hospital Admissions Rate Per 100k,8,HHS Region,0.1
202235,2021-22,Influenza Hospital Admissions,8,HHS Region,12.0
202235,2021-22,Influenza Hospitalization (Avg 7 Day),8,HHS Region,4.43
202235,2021-22,Average patients with influenza in ICU,8,HHS Region,0.57
202235,2021-22,Influenza Hospital Admissions Rate Per 100k,9,HHS Region,0.1
202235,2021-22,Influenza Hospital Admissions,9,HHS Region,53.0
202235,2021-22,Influenza Hospitalization (Avg 7 Day),9,HHS Region,44.0
202235,2021-22,Average patients with influenza in ICU,9,HHS Region,4.57
202235,2021-22,Influenza Hospital Admissions Rate Per 100k,10,HHS Region,0.08
202235,2021-22,Influenza Hospital Admissions,10,HHS Region,11.0
202235,2021-22,Influenza Hospitalization (Avg 7 Day),10,HHS Region,7.57
202235,2021-22,Average patients with influenza in ICU,10,HHS Region,1.29
202236,2021-22,Influenza Hospital Admissions Rate Per 100k,1,HHS Region,0.03
202236,2021-22,Influenza Hospital Admissions,1,HHS Region,4.0
202236,2021-22,Influenza Hospitalization (Avg 7 Day),1,HHS Region,6.0
202236,2021-22,Average patients with influenza in ICU,1,HHS Region,3.43
202236,2021-22,Influenza Hospital Admissions Rate Per 100k,2,HHS Region,0.16
202236,2021-22,Influenza Hospital Admissions,2,HHS Region,51.0
202236,2021-22,Influenza Hospitalization (Avg 7 Day),2,HHS Region,47.29
202236,2021-22,Average patients with influenza in ICU,2,HHS Region,4.57
202236,2021-22,Influenza Hospital Admissions Rate Per 100k,3,HHS Region,0.19
202236,2021-22,Influenza Hospital Admissions,3,HHS Region,60.0
202236,2021-22,Influenza Hospitalization (Avg 7 Day),3,HHS Region,39.86
202236,2021-22,Average patients with influenza in ICU,3,HHS Region,8.0
202236,2021-22,Influenza Hospital Admissions Rate Per 100k,4,HHS Region,0.24
202236,2021-22,Influenza Hospital Admissions,4,HHS Region,161.0
202236,2021-22,Influenza Hospitalization (Avg 7 Day),4,HHS Region,120.29
202236,2021-22,Average patients with influenza in ICU,4,HHS Region,44.71
202207,2021-22,Influenza Hospital Admissions Rate Per 100k,4,HHS Region,0.32
202214,2021-22,Influenza Hospital Admissions Rate Per 100k,7,HHS Region,1.2
202224,2021-22,Influenza Hospital Admissions Rate Per 100k,9,HHS Region,0.77
202236,2021-22,Influenza Hospital Admissions Rate Per 100k,5,HHS Region,0.11
202236,2021-22,Influenza Hospital Admissions,5,HHS Region,57.0
202236,2021-22,Influenza Hospitalization (Avg 7 Day),5,HHS Region,520.29
202236,2021-22,Average patients with influenza in ICU,5,HHS Region,68.14
202236,2021-22,Influenza Hospital Admissions Rate Per 100k,6,HHS Region,0.34
202236,2021-22,Influenza Hospital Admissions,6,HHS Region,147.0
202236,2021-22,Influenza Hospitalization (Avg 7 Day),6,HHS Region,72.0
202236,2021-22,Average patients with influenza in ICU,6,HHS Region,16.57
202236,2021-22,Influenza Hospital Admissions Rate Per 100k,7,HHS Region,0.05
202236,2021-22,Influenza Hospital Admissions,7,HHS Region,7.0
202236,2021-22,Influenza Hospitalization (Avg 7 Day),7,HHS Region,15.29
202236,2021-22,Average patients with influenza in ICU,7,HHS Region,2.57
202236,2021-22,Influenza Hospital Admissions Rate Per 100k,8,HHS Region,0.08
202236,2021-22,Influenza Hospital Admissions,8,HHS Region,10.0
202236,2021-22,Influenza Hospitalization (Avg 7 Day),8,HHS Region,4.14
202236,2021-22,Average patients with influenza in ICU,8,HHS Region,0.86
202236,2021-22,Influenza Hospital Admissions Rate Per 100k,9,HHS Region,0.07
202236,2021-22,Influenza Hospital Admissions,9,HHS Region,38.0
202236,2021-22,Influenza Hospitalization (Avg 7 Day),9,HHS Region,56.86
202236,2021-22,Average patients with influenza in ICU,9,HHS Region,4.14
202236,2021-22,Influenza Hospital Admissions Rate Per 100k,10,HHS Region,0.09
202236,2021-22,Influenza Hospital Admissions,10,HHS Region,13.0
202236,2021-22,Influenza Hospitalization (Avg 7 Day),10,HHS Region,9.86
202236,2021-22,Average patients with influenza in ICU,10,HHS Region,0.43
202237,2021-22,Influenza Hospital Admissions Rate Per 100k,1,HHS Region,0.07
202237,2021-22,Influenza Hospital Admissions,1,HHS Region,11.0
202237,2021-22,Influenza Hospitalization (Avg 7 Day),1,HHS Region,11.43
202237,2021-22,Average patients with influenza in ICU,1,HHS Region,2.0
202237,2021-22,Influenza Hospital Admissions Rate Per 100k,2,HHS Region,0.22
202237,2021-22,Influenza Hospital Admissions,2,HHS Region,70.0
202237,2021-22,Influenza Hospitalization (Avg 7 Day),2,HHS Region,51.57
202237,2021-22,Average patients with influenza in ICU,2,HHS Region,3.43
202237,2021-22,Influenza Hospital Admissions Rate Per 100k,3,HHS Region,0.23
202237,2021-22,Influenza Hospital Admissions,3,HHS Region,70.0
202237,2021-22,Influenza Hospitalization (Avg 7 Day),3,HHS Region,38.14
202237,2021-22,Average patients with influenza in ICU,3,HHS Region,7.86
202237,2021-22,Influenza Hospital Admissions Rate Per 100k,4,HHS Region,0.32
202237,2021-22,Influenza Hospital Admissions,4,HHS Region,214.0
202237,2021-22,Influenza Hospitalization (Avg 7 Day),4,HHS Region,144.0
202237,2021-22,Average patients with influenza in ICU,4,HHS Region,53.71
202237,2021-22,Influenza Hospital Admissions Rate Per 100k,5,HHS Region,0.07
202237,2021-22,Influenza Hospital Admissions,5,HHS Region,39.0
202237,2021-22,Influenza Hospitalization (Avg 7 Day),5,HHS Region,519.0
202237,2021-22,Average patients with influenza in ICU,5,HHS Region,66.86
202237,2021-22,Influenza Hospital Admissions Rate Per 100k,6,HHS Region,0.38
202237,2021-22,Influenza Hospital Admissions,6,HHS Region,162.0
202237,2021-22,Influenza Hospitalization (Avg 7 Day),6,HHS Region,87.29
202237,2021-22,Average patients with influenza in ICU,6,HHS Region,15.71
202237,2021-22,Influenza Hospital Admissions Rate Per 100k,7,HHS Region,0.11
202237,2021-22,Influenza Hospital Admissions,7,HHS Region,16.0
202237,2021-22,Influenza Hospitalization (Avg 7 Day),7,HHS Region,19.0
202237,2021-22,Average patients with influenza in ICU,7,HHS Region,0.29
202237,2021-22,Influenza Hospital Admissions Rate Per 100k,8,HHS Region,0.09
202237,2021-22,Influenza Hospital Admissions,8,HHS Region,11.0
202237,2021-22,Influenza Hospitalization (Avg 7 Day),8,HHS Region,6.29
202237,2021-22,Average patients with influenza in ICU,8,HHS Region,1.0
202214,2021-22,Influenza Hospital Admissions,7,HHS Region,169.0
202214,2021-22,Influenza Hospitalization (Avg 7 Day),7,HHS Region,105.0
202214,2021-22,Average patients with influenza in ICU,7,HHS Region,13.0
202214,2021-22,Influenza Hospital Admissions Rate Per 100k,8,HHS Region,1.31
202214,2021-22,Influenza Hospital Admissions,8,HHS Region,161.0
202214,2021-22,Influenza Hospitalization (Avg 7 Day),8,HHS Region,96.43
202214,2021-22,Average patients with influenza in ICU,8,HHS Region,9.57
202214,2021-22,Influenza Hospital Admissions Rate Per 100k,9,HHS Region,0.59
202214,2021-22,Influenza Hospital Admissions,9,HHS Region,303.0
202214,2021-22,Influenza Hospitalization (Avg 7 Day),9,HHS Region,134.71
202214,2021-22,Average patients with influenza in ICU,9,HHS Region,13.57
202214,2021-22,Influenza Hospital Admissions Rate Per 100k,10,HHS Region,0.4
202214,2021-22,Influenza Hospital Admissions,10,HHS Region,58.0
202214,2021-22,Influenza Hospitalization (Avg 7 Day),10,HHS Region,38.43
202214,2021-22,Average patients with influenza in ICU,10,HHS Region,3.57
202215,2021-22,Influenza Hospital Admissions Rate Per 100k,1,HHS Region,1.77
202215,2021-22,Influenza Hospital Admissions,1,HHS Region,263.0
202215,2021-22,Influenza Hospitalization (Avg 7 Day),1,HHS Region,149.14
202215,2021-22,Average patients with influenza in ICU,1,HHS Region,12.14
202215,2021-22,Influenza Hospital Admissions Rate Per 100k,2,HHS Region,1.31
202215,2021-22,Influenza Hospital Admissions,2,HHS Region,412.0
202215,2021-22,Influenza Hospitalization (Avg 7 Day),2,HHS Region,268.57
202215,2021-22,Average patients with influenza in ICU,2,HHS Region,28.86
202215,2021-22,Influenza Hospital Admissions Rate Per 100k,3,HHS Region,1.22
202215,2021-22,Influenza Hospital Admissions,3,HHS Region,375.0
202215,2021-22,Influenza Hospitalization (Avg 7 Day),3,HHS Region,218.0
202215,2021-22,Average patients with influenza in ICU,3,HHS Region,29.29
202215,2021-22,Influenza Hospital Admissions Rate Per 100k,4,HHS Region,0.65
202215,2021-22,Influenza Hospital Admissions,4,HHS Region,436.0
202215,2021-22,Influenza Hospitalization (Avg 7 Day),4,HHS Region,267.14
202215,2021-22,Average patients with influenza in ICU,4,HHS Region,51.57
202215,2021-22,Influenza Hospital Admissions Rate Per 100k,5,HHS Region,1.06
202215,2021-22,Influenza Hospital Admissions,5,HHS Region,559.0
202215,2021-22,Influenza Hospitalization (Avg 7 Day),5,HHS Region,664.71
202215,2021-22,Average patients with influenza in ICU,5,HHS Region,85.71
202215,2021-22,Influenza Hospital Admissions Rate Per 100k,6,HHS Region,1.25
202215,2021-22,Influenza Hospital Admissions,6,HHS Region,533.0
202215,2021-22,Influenza Hospitalization (Avg 7 Day),6,HHS Region,236.86
202215,2021-22,Average patients with influenza in ICU,6,HHS Region,41.43
202215,2021-22,Influenza Hospital Admissions Rate Per 100k,7,HHS Region,1.05
202215,2021-22,Influenza Hospital Admissions,7,HHS Region,149.0
202215,2021-22,Influenza Hospitalization (Avg 7 Day),7,HHS Region,111.0
202215,2021-22,Average patients with influenza in ICU,7,HHS Region,13.14
202215,2021-22,Influenza Hospital Admissions Rate Per 100k,8,HHS Region,1.53
202215,2021-22,Influenza Hospital Admissions,8,HHS Region,187.0
202215,2021-22,Influenza Hospitalization (Avg 7 Day),8,HHS Region,104.71
202215,2021-22,Average patients with influenza in ICU,8,HHS Region,8.0
202215,2021-22,Influenza Hospital Admissions Rate Per 100k,9,HHS Region,0.52
202215,2021-22,Influenza Hospital Admissions,9,HHS Region,267.0
202215,2021-22,Influenza Hospitalization (Avg 7 Day),9,HHS Region,140.57
202215,2021-22,Average patients with influenza in ICU,9,HHS Region,16.57
202215,2021-22,Influenza Hospital Admissions Rate Per 100k,10,HHS Region,0.43
202215,2021-22,Influenza Hospital Admissions,10,HHS Region,62.0
202215,2021-22,Influenza Hospitalization (Avg 7 Day),10,HHS Region,34.0
202215,2021-22,Average patients with influenza in ICU,10,HHS Region,3.86
202224,2021-22,Influenza Hospital Admissions,9,HHS Region,395.0
202224,2021-22,Influenza Hospitalization (Avg 7 Day),9,HHS Region,263.14
202224,2021-22,Average patients with influenza in ICU,9,HHS Region,23.71
202224,2021-22,Influenza Hospital Admissions Rate Per 100k,10,HHS Region,0.42
202224,2021-22,Influenza Hospital Admissions,10,HHS Region,61.0
202224,2021-22,Influenza Hospitalization (Avg 7 Day),10,HHS Region,51.14
202224,2021-22,Average patients with influenza in ICU,10,HHS Region,8.57
202225,2021-22,Influenza Hospital Admissions Rate Per 100k,1,HHS Region,0.15
202225,2021-22,Influenza Hospital Admissions,1,HHS Region,23.0
202225,2021-22,Influenza Hospitalization (Avg 7 Day),1,HHS Region,30.14
202225,2021-22,Average patients with influenza in ICU,1,HHS Region,3.57
202225,2021-22,Influenza Hospital Admissions Rate Per 100k,2,HHS Region,0.33
202225,2021-22,Influenza Hospital Admissions,2,HHS Region,105.0
202225,2021-22,Influenza Hospitalization (Avg 7 Day),2,HHS Region,87.0
202225,2021-22,Average patients with influenza in ICU,2,HHS Region,13.14
202225,2021-22,Influenza Hospital Admissions Rate Per 100k,3,HHS Region,0.32
202225,2021-22,Influenza Hospital Admissions,3,HHS Region,100.0
202225,2021-22,Influenza Hospitalization (Avg 7 Day),3,HHS Region,67.14
202225,2021-22,Average patients with influenza in ICU,3,HHS Region,8.0
202225,2021-22,Influenza Hospital Admissions Rate Per 100k,4,HHS Region,0.7
202225,2021-22,Influenza Hospital Admissions,4,HHS Region,469.0
202225,2021-22,Influenza Hospitalization (Avg 7 Day),4,HHS Region,295.71
202225,2021-22,Average patients with influenza in ICU,4,HHS Region,74.14
202225,2021-22,Influenza Hospital Admissions Rate Per 100k,5,HHS Region,0.13
202225,2021-22,Influenza Hospital Admissions,5,HHS Region,69.0
202225,2021-22,Influenza Hospitalization (Avg 7 Day),5,HHS Region,536.86
202225,2021-22,Average patients with influenza in ICU,5,HHS Region,68.14
202225,2021-22,Influenza Hospital Admissions Rate Per 100k,6,HHS Region,0.34
202225,2021-22,Influenza Hospital Admissions,6,HHS Region,147.0
202225,2021-22,Influenza Hospitalization (Avg 7 Day),6,HHS Region,82.71
202225,2021-22,Average patients with influenza in ICU,6,HHS Region,18.43
202225,2021-22,Influenza Hospital Admissions Rate Per 100k,7,HHS Region,0.23
202225,2021-22,Influenza Hospital Admissions,7,HHS Region,33.0
202225,2021-22,Influenza Hospitalization (Avg 7 Day),7,HHS Region,25.57
202225,2021-22,Average patients with influenza in ICU,7,HHS Region,2.14
202225,2021-22,Influenza Hospital Admissions Rate Per 100k,8,HHS Region,0.11
202225,2021-22,Influenza Hospital Admissions,8,HHS Region,14.0
202225,2021-22,Influenza Hospitalization (Avg 7 Day),8,HHS Region,9.14
202225,2021-22,Average patients with influenza in ICU,8,HHS Region,0.14
202225,2021-22,Influenza Hospital Admissions Rate Per 100k,9,HHS Region,0.58
202225,2021-22,Influenza Hospital Admissions,9,HHS Region,298.0
202225,2021-22,Influenza Hospitalization (Avg 7 Day),9,HHS Region,213.0
202225,2021-22,Average patients with influenza in ICU,9,HHS Region,21.71
202225,2021-22,Influenza Hospital Admissions Rate Per 100k,10,HHS Region,0.53
202225,2021-22,Influenza Hospital Admissions,10,HHS Region,76.0
202225,2021-22,Influenza Hospitalization (Avg 7 Day),10,HHS Region,54.0
202225,2021-22,Average patients with influenza in ICU,10,HHS Region,5.71
202226,2021-22,Influenza Hospital Admissions Rate Per 100k,1,HHS Region,0.12
202226,2021-22,Influenza Hospital Admissions,1,HHS Region,18.0
202226,2021-22,Influenza Hospitalization (Avg 7 Day),1,HHS Region,18.86
202226,2021-22,Average patients with influenza in ICU,1,HHS Region,1.57
202226,2021-22,Influenza Hospital Admissions Rate Per 100k,2,HHS Region,0.25
202226,2021-22,Influenza Hospital Admissions,2,HHS Region,80.0
202226,2021-22,Influenza Hospitalization (Avg 7 Day),2,HHS Region,71.14
202226,2021-22,Average patients with influenza in ICU,2,HHS Region,9.0
202140,2021-22,Influenza Hospital Admissions,6,HHS Region,39.0
202140,2021-22,Influenza Hospitalization (Avg 7 Day),6,HHS Region,23.29
202140,2021-22,Average patients with influenza in ICU,6,HHS Region,7.86
202140,2021-22,Influenza Hospital Admissions Rate Per 100k,7,HHS Region,0.03
202140,2021-22,Influenza Hospital Admissions,7,HHS Region,4.0
202140,2021-22,Influenza Hospitalization (Avg 7 Day),7,HHS Region,2.43
202140,2021-22,Average patients with influenza in ICU,7,HHS Region,0.43
202140,2021-22,Influenza Hospital Admissions Rate Per 100k,8,HHS Region,0.05
202140,2021-22,Influenza Hospital Admissions,8,HHS Region,6.0
202140,2021-22,Influenza Hospitalization (Avg 7 Day),8,HHS Region,3.0
202140,2021-22,Average patients with influenza in ICU,8,HHS Region,0.14
202140,2021-22,Influenza Hospital Admissions Rate Per 100k,9,HHS Region,0.04
202140,2021-22,Influenza Hospital Admissions,9,HHS Region,22.0
202140,2021-22,Influenza Hospitalization (Avg 7 Day),9,HHS Region,14.43
202140,2021-22,Average patients with influenza in ICU,9,HHS Region,2.0
202140,2021-22,Influenza Hospital Admissions Rate Per 100k,10,HHS Region,0.03
202140,2021-22,Influenza Hospital Admissions,10,HHS Region,4.0
202140,2021-22,Influenza Hospitalization (Avg 7 Day),10,HHS Region,1.14
202140,2021-22,Average patients with influenza in ICU,10,HHS Region,0.0
202141,2021-22,Influenza Hospital Admissions Rate Per 100k,1,HHS Region,0.02
202141,2021-22,Influenza Hospital Admissions,1,HHS Region,3.0
202141,2021-22,Influenza Hospitalization (Avg 7 Day),1,HHS Region,2.29
202141,2021-22,Average patients with influenza in ICU,1,HHS Region,0.57
202141,2021-22,Influenza Hospital Admissions Rate Per 100k,2,HHS Region,0.07
202141,2021-22,Influenza Hospital Admissions,2,HHS Region,21.0
202141,2021-22,Influenza Hospitalization (Avg 7 Day),2,HHS Region,87.14
202141,2021-22,Average patients with influenza in ICU,2,HHS Region,4.71
202141,2021-22,Influenza Hospital Admissions Rate Per 100k,3,HHS Region,0.11
202141,2021-22,Influenza Hospital Admissions,3,HHS Region,34.0
202141,2021-22,Influenza Hospitalization (Avg 7 Day),3,HHS Region,36.71
202141,2021-22,Average patients with influenza in ICU,3,HHS Region,7.57
202141,2021-22,Influenza Hospital Admissions Rate Per 100k,4,HHS Region,0.1
202141,2021-22,Influenza Hospital Admissions,4,HHS Region,66.0
202141,2021-22,Influenza Hospitalization (Avg 7 Day),4,HHS Region,49.71
202141,2021-22,Average patients with influenza in ICU,4,HHS Region,10.43
202141,2021-22,Influenza Hospital Admissions Rate Per 100k,5,HHS Region,0.04
202141,2021-22,Influenza Hospital Admissions,5,HHS Region,22.0
202141,2021-22,Influenza Hospitalization (Avg 7 Day),5,HHS Region,21.14
202141,2021-22,Average patients with influenza in ICU,5,HHS Region,5.57
202141,2021-22,Influenza Hospital Admissions Rate Per 100k,6,HHS Region,0.1
202141,2021-22,Influenza Hospital Admissions,6,HHS Region,42.0
202141,2021-22,Influenza Hospitalization (Avg 7 Day),6,HHS Region,23.71
202141,2021-22,Average patients with influenza in ICU,6,HHS Region,7.86
202141,2021-22,Influenza Hospital Admissions Rate Per 100k,7,HHS Region,0.08
202141,2021-22,Influenza Hospital Admissions,7,HHS Region,11.0
202141,2021-22,Influenza Hospitalization (Avg 7 Day),7,HHS Region,5.14
202141,2021-22,Average patients with influenza in ICU,7,HHS Region,0.0
202141,2021-22,Influenza Hospital Admissions Rate Per 100k,8,HHS Region,0.02
202141,2021-22,Influenza Hospital Admissions,8,HHS Region,2.0
202141,2021-22,Influenza Hospitalization (Avg 7 Day),8,HHS Region,2.29
202141,2021-22,Average patients with influenza in ICU,8,HHS Region,0.43
202141,2021-22,Influenza Hospital Admissions Rate Per 100k,9,HHS Region,0.04
202141,2021-22,Influenza Hospital Admissions,9,HHS Region,23.0
202141,2021-22,Influenza Hospitalization (Avg 7 Day),9,HHS Region,16.71
202141,2021-22,Average patients with influenza in ICU,9,HHS Region,0.71
202141,2021-22,Influenza Hospital Admissions Rate Per 100k,10,HHS Region,0.01
202141,2021-22,Influenza Hospital Admissions,10,HHS Region,1.0
202141,2021-22,Influenza Hospitalization (Avg 7 Day),10,HHS Region,0.29
202141,2021-22,Average patients with influenza in ICU,10,HHS Region,0.0
202142,2021-22,Influenza Hospital Admissions Rate Per 100k,1,HHS Region,0.01
202142,2021-22,Influenza Hospital Admissions,1,HHS Region,1.0
202142,2021-22,Influenza Hospitalization (Avg 7 Day),1,HHS Region,2.43
202142,2021-22,Average patients with influenza in ICU,1,HHS Region,0.71
202142,2021-22,Influenza Hospital Admissions Rate Per 100k,2,HHS Region,0.13
202142,2021-22,Influenza Hospital Admissions,2,HHS Region,41.0
202142,2021-22,Influenza Hospitalization (Avg 7 Day),2,HHS Region,91.71
202142,2021-22,Average patients with influenza in ICU,2,HHS Region,6.29
202142,2021-22,Influenza Hospital Admissions Rate Per 100k,3,HHS Region,0.14
202142,2021-22,Influenza Hospital Admissions,3,HHS Region,44.0
202142,2021-22,Influenza Hospitalization (Avg 7 Day),3,HHS Region,34.14
202142,2021-22,Average patients with influenza in ICU,3,HHS Region,6.43
202142,2021-22,Influenza Hospital Admissions Rate Per 100k,4,HHS Region,0.15
202142,2021-22,Influenza Hospital Admissions,4,HHS Region,100.0
202142,2021-22,Influenza Hospitalization (Avg 7 Day),4,HHS Region,55.29
202142,2021-22,Average patients with influenza in ICU,4,HHS Region,16.43
202142,2021-22,Influenza Hospital Admissions Rate Per 100k,5,HHS Region,0.06
202142,2021-22,Influenza Hospital Admissions,5,HHS Region,31.0
202142,2021-22,Influenza Hospitalization (Avg 7 Day),5,HHS Region,20.43
202142,2021-22,Average patients with influenza in ICU,5,HHS Region,4.57
202142,2021-22,Influenza Hospital Admissions Rate Per 100k,6,HHS Region,0.07
202142,2021-22,Influenza Hospital Admissions,6,HHS Region,30.0
202142,2021-22,Influenza Hospitalization (Avg 7 Day),6,HHS Region,23.43
202142,2021-22,Average patients with influenza in ICU,6,HHS Region,7.43
202142,2021-22,Influenza Hospital Admissions Rate Per 100k,7,HHS Region,0.05
202142,2021-22,Influenza Hospital Admissions,7,HHS Region,7.0
202142,2021-22,Influenza Hospitalization (Avg 7 Day),7,HHS Region,4.57
202142,2021-22,Average patients with influenza in ICU,7,HHS Region,0.0
202142,2021-22,Influenza Hospital Admissions Rate Per 100k,8,HHS Region,0.02
202142,2021-22,Influenza Hospital Admissions,8,HHS Region,3.0
202142,2021-22,Influenza Hospitalization (Avg 7 Day),8,HHS Region,3.43
202142,2021-22,Average patients with influenza in ICU,8,HHS Region,0.0
202142,2021-22,Influenza Hospital Admissions Rate Per 100k,9,HHS Region,0.03
202142,2021-22,Influenza Hospital Admissions,9,HHS Region,15.0
202142,2021-22,Influenza Hospitalization (Avg 7 Day),9,HHS Region,18.57
202142,2021-22,Average patients with influenza in ICU,9,HHS Region,1.14
202142,2021-22,Influenza Hospital Admissions Rate Per 100k,10,HHS Region,0.01
202142,2021-22,Influenza Hospital Admissions,10,HHS Region,2.0
202142,2021-22,Influenza Hospitalization (Avg 7 Day),10,HHS Region,1.71
202142,2021-22,Average patients with influenza in ICU,10,HHS Region,0.0
202143,2021-22,Influenza Hospital Admissions Rate Per 100k,1,HHS Region,0.01
202143,2021-22,Influenza Hospital Admissions,1,HHS Region,1.0
202143,2021-22,Influenza Hospitalization (Avg 7 Day),1,HHS Region,1.43
202143,2021-22,Average patients with influenza in ICU,1,HHS Region,0.0
202143,2021-22,Influenza Hospital Admissions Rate Per 100k,2,HHS Region,0.09
202143,2021-22,Influenza Hospital Admissions,2,HHS Region,27.0
202143,2021-22,Influenza Hospitalization (Avg 7 Day),2,HHS Region,86.0
202143,2021-22,Average patients with influenza in ICU,2,HHS Region,4.71
202143,2021-22,Influenza Hospital Admissions Rate Per 100k,3,HHS Region,0.11
202143,2021-22,Influenza Hospital Admissions,3,HHS Region,35.0
202143,2021-22,Influenza Hospitalization (Avg 7 Day),3,HHS Region,33.43
202143,2021-22,Average patients with influenza in ICU,3,HHS Region,9.71
202143,2021-22,Influenza Hospital Admissions Rate Per 100k,4,HHS Region,0.16
202143,2021-22,Influenza Hospital Admissions,4,HHS Region,110.0
202143,2021-22,Influenza Hospitalization (Avg 7 Day),4,HHS Region,63.0
202150,2021-22,Influenza Hospitalization (Avg 7 Day),7,HHS Region,37.86
202150,2021-22,Average patients with influenza in ICU,7,HHS Region,8.0
202150,2021-22,Influenza Hospital Admissions Rate Per 100k,8,HHS Region,0.38
202150,2021-22,Influenza Hospital Admissions,8,HHS Region,46.0
202150,2021-22,Influenza Hospitalization (Avg 7 Day),8,HHS Region,26.0
202150,2021-22,Average patients with influenza in ICU,8,HHS Region,0.57
202150,2021-22,Influenza Hospital Admissions Rate Per 100k,9,HHS Region,0.19
202150,2021-22,Influenza Hospital Admissions,9,HHS Region,98.0
202150,2021-22,Influenza Hospitalization (Avg 7 Day),9,HHS Region,76.43
202150,2021-22,Average patients with influenza in ICU,9,HHS Region,4.43
202150,2021-22,Influenza Hospital Admissions Rate Per 100k,10,HHS Region,0.08
202150,2021-22,Influenza Hospital Admissions,10,HHS Region,11.0
202150,2021-22,Influenza Hospitalization (Avg 7 Day),10,HHS Region,4.14
202150,2021-22,Average patients with influenza in ICU,10,HHS Region,0.29
202151,2021-22,Influenza Hospital Admissions Rate Per 100k,1,HHS Region,0.38
202151,2021-22,Influenza Hospital Admissions,1,HHS Region,57.0
202151,2021-22,Influenza Hospitalization (Avg 7 Day),1,HHS Region,36.0
202151,2021-22,Average patients with influenza in ICU,1,HHS Region,1.71
202151,2021-22,Influenza Hospital Admissions Rate Per 100k,2,HHS Region,0.41
202151,2021-22,Influenza Hospital Admissions,2,HHS Region,131.0
202151,2021-22,Influenza Hospitalization (Avg 7 Day),2,HHS Region,178.0
202151,2021-22,Average patients with influenza in ICU,2,HHS Region,15.0
202151,2021-22,Influenza Hospital Admissions Rate Per 100k,3,HHS Region,0.55
202151,2021-22,Influenza Hospital Admissions,3,HHS Region,170.0
202151,2021-22,Influenza Hospitalization (Avg 7 Day),3,HHS Region,120.57
202151,2021-22,Average patients with influenza in ICU,3,HHS Region,18.29
202151,2021-22,Influenza Hospital Admissions Rate Per 100k,4,HHS Region,0.54
202151,2021-22,Influenza Hospital Admissions,4,HHS Region,359.0
202151,2021-22,Influenza Hospitalization (Avg 7 Day),4,HHS Region,206.29
202151,2021-22,Average patients with influenza in ICU,4,HHS Region,33.43
202151,2021-22,Influenza Hospital Admissions Rate Per 100k,5,HHS Region,0.75
202151,2021-22,Influenza Hospital Admissions,5,HHS Region,393.0
202151,2021-22,Influenza Hospitalization (Avg 7 Day),5,HHS Region,241.86
202151,2021-22,Average patients with influenza in ICU,5,HHS Region,21.0
202151,2021-22,Influenza Hospital Admissions Rate Per 100k,6,HHS Region,0.4
202151,2021-22,Influenza Hospital Admissions,6,HHS Region,169.0
202151,2021-22,Influenza Hospitalization (Avg 7 Day),6,HHS Region,88.43
202151,2021-22,Average patients with influenza in ICU,6,HHS Region,15.43
202151,2021-22,Influenza Hospital Admissions Rate Per 100k,7,HHS Region,0.87
202151,2021-22,Influenza Hospital Admissions,7,HHS Region,123.0
202151,2021-22,Influenza Hospitalization (Avg 7 Day),7,HHS Region,57.0
202151,2021-22,Average patients with influenza in ICU,7,HHS Region,10.86
202151,2021-22,Influenza Hospital Admissions Rate Per 100k,8,HHS Region,0.71
202151,2021-22,Influenza Hospital Admissions,8,HHS Region,87.0
202151,2021-22,Influenza Hospitalization (Avg 7 Day),8,HHS Region,46.86
202151,2021-22,Average patients with influenza in ICU,8,HHS Region,2.14
202151,2021-22,Influenza Hospital Admissions Rate Per 100k,9,HHS Region,0.32
202151,2021-22,Influenza Hospital Admissions,9,HHS Region,162.0
202151,2021-22,Influenza Hospitalization (Avg 7 Day),9,HHS Region,83.43
202151,2021-22,Average patients with influenza in ICU,9,HHS Region,4.86
202151,2021-22,Influenza Hospital Admissions Rate Per 100k,10,HHS Region,0.13
202151,2021-22,Influenza Hospital Admissions,10,HHS Region,18.0
202151,2021-22,Influenza Hospitalization (Avg 7 Day),10,HHS Region,7.0
202151,2021-22,Average patients with influenza in ICU,10,HHS Region,1.0
202152,2021-22,Influenza Hospital Admissions Rate Per 100k,1,HHS Region,0.6
202143,2021-22,Average patients with influenza in ICU,4,HHS Region,19.14
202152,2021-22,Influenza Hospital Admissions,1,HHS Region,89.0
202207,2021-22,Influenza Hospital Admissions,4,HHS Region,214.0
202216,2021-22,Influenza Hospital Admissions,1,HHS Region,294.0
202226,2021-22,Influenza Hospital Admissions,3,HHS Region,89.0
202237,2021-22,Influenza Hospital Admissions,9,HHS Region,34.0
202141,2021-22,Influenza Hospitalization (Avg 7 Day),9,HHS Region,16.71
202150,2021-22,Influenza Hospital Admissions Rate Per 100k,4,HHS Region,0.37
202150,2021-22,Influenza Hospital Admissions,4,HHS Region,246.0
202150,2021-22,Influenza Hospitalization (Avg 7 Day),4,HHS Region,174.14
202150,2021-22,Average patients with influenza in ICU,4,HHS Region,35.71
202150,2021-22,Influenza Hospital Admissions Rate Per 100k,5,HHS Region,0.49
202150,2021-22,Influenza Hospital Admissions,5,HHS Region,255.0
202150,2021-22,Influenza Hospitalization (Avg 7 Day),5,HHS Region,171.86
202150,2021-22,Average patients with influenza in ICU,5,HHS Region,17.14
202150,2021-22,Influenza Hospital Admissions Rate Per 100k,6,HHS Region,0.33
202150,2021-22,Influenza Hospital Admissions,6,HHS Region,142.0
202150,2021-22,Influenza Hospitalization (Avg 7 Day),6,HHS Region,81.57
202150,2021-22,Average patients with influenza in ICU,6,HHS Region,11.71
202150,2021-22,Influenza Hospital Admissions Rate Per 100k,7,HHS Region,0.46
202150,2021-22,Influenza Hospital Admissions,7,HHS Region,65.0
202150,2021-22,Influenza Hospitalization (Avg 7 Day),7,HHS Region,37.86
202150,2021-22,Average patients with influenza in ICU,7,HHS Region,8.0
202150,2021-22,Influenza Hospital Admissions Rate Per 100k,8,HHS Region,0.38
202150,2021-22,Influenza Hospital Admissions,8,HHS Region,46.0
202150,2021-22,Influenza Hospitalization (Avg 7 Day),8,HHS Region,26.0
202150,2021-22,Average patients with influenza in ICU,8,HHS Region,0.57
202150,2021-22,Influenza Hospital Admissions Rate Per 100k,9,HHS Region,0.19
202150,2021-22,Influenza Hospital Admissions,9,HHS Region,98.0
202150,2021-22,Influenza Hospitalization (Avg 7 Day),9,HHS Region,76.43
202150,2021-22,Average patients with influenza in ICU,9,HHS Region,4.43
202150,2021-22,Influenza Hospital Admissions Rate Per 100k,10,HHS Region,0.08
202150,2021-22,Influenza Hospital Admissions,10,HHS Region,11.0
202150,2021-22,Influenza Hospitalization (Avg 7 Day),10,HHS Region,4.14
202150,2021-22,Average patients with influenza in ICU,10,HHS Region,0.29
202143,2021-22,Influenza Hospital Admissions,2,HHS Region,27.0
202152,2021-22,Average patients with influenza in ICU,6,HHS Region,23.29
202152,2021-22,Influenza Hospital Admissions Rate Per 100k,7,HHS Region,1.47
202152,2021-22,Influenza Hospital Admissions,7,HHS Region,208.0
202152,2021-22,Influenza Hospitalization (Avg 7 Day),7,HHS Region,101.57
202152,2021-22,Average patients with influenza in ICU,7,HHS Region,13.0
202152,2021-22,Influenza Hospital Admissions Rate Per 100k,8,HHS Region,1.43
202152,2021-22,Influenza Hospital Admissions,8,HHS Region,175.0
202152,2021-22,Influenza Hospitalization (Avg 7 Day),8,HHS Region,104.86
202152,2021-22,Average patients with influenza in ICU,8,HHS Region,2.14
202152,2021-22,Influenza Hospital Admissions Rate Per 100k,9,HHS Region,0.46
202152,2021-22,Influenza Hospital Admissions,9,HHS Region,237.0
202152,2021-22,Influenza Hospitalization (Avg 7 Day),9,HHS Region,136.86
202152,2021-22,Average patients with influenza in ICU,9,HHS Region,8.57
202152,2021-22,Influenza Hospital Admissions Rate Per 100k,10,HHS Region,0.15
202152,2021-22,Influenza Hospital Admissions,10,HHS Region,22.0
202152,2021-22,Influenza Hospitalization (Avg 7 Day),10,HHS Region,18.0
202152,2021-22,Average patients with influenza in ICU,10,HHS Region,0.29
202201,2021-22,Influenza Hospital Admissions Rate Per 100k,1,HHS Region,0.42
202201,2021-22,Influenza Hospital Admissions,1,HHS Region,63.0
202201,2021-22,Influenza Hospitalization (Avg 7 Day),1,HHS Region,48.14
202201,2021-22,Average patients with influenza in ICU,1,HHS Region,3.71
202201,2021-22,Influenza Hospital Admissions Rate Per 100k,2,HHS Region,0.34
202201,2021-22,Influenza Hospital Admissions,2,HHS Region,106.0
202201,2021-22,Influenza Hospitalization (Avg 7 Day),2,HHS Region,184.0
202201,2021-22,Average patients with influenza in ICU,2,HHS Region,24.14
202201,2021-22,Influenza Hospital Admissions Rate Per 100k,3,HHS Region,0.53
202201,2021-22,Influenza Hospital Admissions,3,HHS Region,162.0
202201,2021-22,Influenza Hospitalization (Avg 7 Day),3,HHS Region,146.29
202201,2021-22,Average patients with influenza in ICU,3,HHS Region,21.14
202201,2021-22,Influenza Hospital Admissions Rate Per 100k,4,HHS Region,0.65
202201,2021-22,Influenza Hospital Admissions,4,HHS Region,436.0
202201,2021-22,Influenza Hospitalization (Avg 7 Day),4,HHS Region,288.29
202201,2021-22,Average patients with influenza in ICU,4,HHS Region,39.86
202201,2021-22,Influenza Hospital Admissions Rate Per 100k,5,HHS Region,0.76
202201,2021-22,Influenza Hospital Admissions,5,HHS Region,398.0
202201,2021-22,Influenza Hospitalization (Avg 7 Day),5,HHS Region,352.29
202201,2021-22,Average patients with influenza in ICU,5,HHS Region,45.43
202201,2021-22,Influenza Hospital Admissions Rate Per 100k,6,HHS Region,0.6
202201,2021-22,Influenza Hospital Admissions,6,HHS Region,258.0
202201,2021-22,Influenza Hospitalization (Avg 7 Day),6,HHS Region,126.0
202201,2021-22,Average patients with influenza in ICU,6,HHS Region,13.86
202201,2021-22,Influenza Hospital Admissions Rate Per 100k,7,HHS Region,1.22
202201,2021-22,Influenza Hospital Admissions,7,HHS Region,172.0
202201,2021-22,Influenza Hospitalization (Avg 7 Day),7,HHS Region,113.71
202201,2021-22,Average patients with influenza in ICU,7,HHS Region,20.71
202201,2021-22,Influenza Hospital Admissions Rate Per 100k,8,HHS Region,1.02
202201,2021-22,Influenza Hospital Admissions,8,HHS Region,125.0
202201,2021-22,Influenza Hospitalization (Avg 7 Day),8,HHS Region,105.43
202201,2021-22,Average patients with influenza in ICU,8,HHS Region,7.0
202201,2021-22,Influenza Hospital Admissions Rate Per 100k,9,HHS Region,0.32
202201,2021-22,Influenza Hospital Admissions,9,HHS Region,164.0
202201,2021-22,Influenza Hospitalization (Avg 7 Day),9,HHS Region,118.0
202201,2021-22,Average patients with influenza in ICU,9,HHS Region,9.0
202201,2021-22,Influenza Hospital Admissions Rate Per 100k,10,HHS Region,0.08
202201,2021-22,Influenza Hospital Admissions,10,HHS Region,12.0
202201,2021-22,Influenza Hospitalization (Avg 7 Day),10,HHS Region,18.71
202141,2021-22,Average patients with influenza in ICU,9,HHS Region,0.71
202141,2021-22,Influenza Hospital Admissions Rate Per 100k,10,HHS Region,0.01
202141,2021-22,Influenza Hospital Admissions,10,HHS Region,1.0
202141,2021-22,Influenza Hospitalization (Avg 7 Day),10,HHS Region,0.29
202141,2021-22,Average patients with influenza in ICU,10,HHS Region,0.0
202142,2021-22,Influenza Hospital Admissions Rate Per 100k,1,HHS Region,0.01
202142,2021-22,Influenza Hospital Admissions,1,HHS Region,1.0
202142,2021-22,Influenza Hospitalization (Avg 7 Day),1,HHS Region,2.43
202142,2021-22,Average patients with influenza in ICU,1,HHS Region,0.71
202142,2021-22,Influenza Hospital Admissions Rate Per 100k,2,HHS Region,0.13
202142,2021-22,Influenza Hospital Admissions,2,HHS Region,41.0
202142,2021-22,Influenza Hospitalization (Avg 7 Day),2,HHS Region,91.71
202142,2021-22,Average patients with influenza in ICU,2,HHS Region,6.29
202142,2021-22,Influenza Hospital Admissions Rate Per 100k,3,HHS Region,0.14
202142,2021-22,Influenza Hospital Admissions,3,HHS Region,44.0
202142,2021-22,Influenza Hospitalization (Avg 7 Day),3,HHS Region,34.14
202142,2021-22,Average patients with influenza in ICU,3,HHS Region,6.43
202142,2021-22,Influenza Hospital Admissions Rate Per 100k,4,HHS Region,0.15
202142,2021-22,Influenza Hospital Admissions,4,HHS Region,100.0
202142,2021-22,Influenza Hospitalization (Avg 7 Day),4,HHS Region,55.29
202142,2021-22,Average patients with influenza in ICU,4,HHS Region,16.43
202142,2021-22,Influenza Hospital Admissions Rate Per 100k,5,HHS Region,0.06
202142,2021-22,Influenza Hospital Admissions,5,HHS Region,31.0
202142,2021-22,Influenza Hospitalization (Avg 7 Day),5,HHS Region,20.43
202142,2021-22,Average patients with influenza in ICU,5,HHS Region,4.57
202142,2021-22,Influenza Hospital Admissions Rate Per 100k,6,HHS Region,0.07
202142,2021-22,Influenza Hospital Admissions,6,HHS Region,30.0
202142,2021-22,Influenza Hospitalization (Avg 7 Day),6,HHS Region,23.43
202142,2021-22,Average patients with influenza in ICU,6,HHS Region,7.43
202142,2021-22,Influenza Hospital Admissions Rate Per 100k,7,HHS Region,0.05
202142,2021-22,Influenza Hospital Admissions,7,HHS Region,7.0
202142,2021-22,Influenza Hospitalization (Avg 7 Day),7,HHS Region,4.57
202142,2021-22,Average patients with influenza in ICU,7,HHS Region,0.0
202142,2021-22,Influenza Hospital Admissions Rate Per 100k,8,HHS Region,0.02
202142,2021-22,Influenza Hospital Admissions,8,HHS Region,3.0
202142,2021-22,Influenza Hospitalization (Avg 7 Day),8,HHS Region,3.43
202142,2021-22,Average patients with influenza in ICU,8,HHS Region,0.0
202142,2021-22,Influenza Hospital Admissions Rate Per 100k,9,HHS Region,0.03
202142,2021-22,Influenza Hospital Admissions,9,HHS Region,15.0
202142,2021-22,Influenza Hospitalization (Avg 7 Day),9,HHS Region,18.57
202142,2021-22,Average patients with influenza in ICU,9,HHS Region,1.14
202142,2021-22,Influenza Hospital Admissions Rate Per 100k,10,HHS Region,0.01
202142,2021-22,Influenza Hospital Admissions,10,HHS Region,2.0
202142,2021-22,Influenza Hospitalization (Avg 7 Day),10,HHS Region,1.71
202142,2021-22,Average patients with influenza in ICU,10,HHS Region,0.0
202143,2021-22,Influenza Hospital Admissions Rate Per 100k,1,HHS Region,0.01
202143,2021-22,Influenza Hospital Admissions,1,HHS Region,1.0
202143,2021-22,Influenza Hospitalization (Avg 7 Day),1,HHS Region,1.43
202143,2021-22,Average patients with influenza in ICU,1,HHS Region,0.0
202143,2021-22,Influenza Hospital Admissions Rate Per 100k,2,HHS Region,0.09
202152,2021-22,Influenza Hospitalization (Avg 7 Day),1,HHS Region,46.14
202152,2021-22,Average patients with influenza in ICU,1,HHS Region,2.43
202152,2021-22,Influenza Hospital Admissions Rate Per 100k,2,HHS Region,0.48
202152,2021-22,Influenza Hospital Admissions,2,HHS Region,153.0
202152,2021-22,Influenza Hospitalization (Avg 7 Day),2,HHS Region,169.14
202152,2021-22,Average patients with influenza in ICU,2,HHS Region,14.86
202152,2021-22,Influenza Hospital Admissions Rate Per 100k,3,HHS Region,0.65
202152,2021-22,Influenza Hospital Admissions,3,HHS Region,200.0
202152,2021-22,Influenza Hospitalization (Avg 7 Day),3,HHS Region,131.43
202152,2021-22,Average patients with influenza in ICU,3,HHS Region,16.71
202152,2021-22,Influenza Hospital Admissions Rate Per 100k,4,HHS Region,0.83
202152,2021-22,Influenza Hospital Admissions,4,HHS Region,555.0
202152,2021-22,Influenza Hospitalization (Avg 7 Day),4,HHS Region,304.29
202152,2021-22,Average patients with influenza in ICU,4,HHS Region,42.0
202152,2021-22,Influenza Hospital Admissions Rate Per 100k,5,HHS Region,1.19
202152,2021-22,Influenza Hospital Admissions,5,HHS Region,623.0
202152,2021-22,Influenza Hospitalization (Avg 7 Day),5,HHS Region,373.0
202152,2021-22,Average patients with influenza in ICU,5,HHS Region,37.71
202152,2021-22,Influenza Hospital Admissions Rate Per 100k,6,HHS Region,0.74
202152,2021-22,Influenza Hospital Admissions,6,HHS Region,318.0
202152,2021-22,Influenza Hospitalization (Avg 7 Day),6,HHS Region,146.57
202152,2021-22,Average patients with influenza in ICU,6,HHS Region,23.29
202152,2021-22,Influenza Hospital Admissions Rate Per 100k,7,HHS Region,1.47
202152,2021-22,Influenza Hospital Admissions,7,HHS Region,208.0
202152,2021-22,Influenza Hospitalization (Avg 7 Day),7,HHS Region,101.57
202152,2021-22,Average patients with influenza in ICU,7,HHS Region,13.0
202152,2021-22,Influenza Hospital Admissions Rate Per 100k,8,HHS Region,1.43
202152,2021-22,Influenza Hospital Admissions,8,HHS Region,175.0
202152,2021-22,Influenza Hospitalization (Avg 7 Day),8,HHS Region,104.86
202152,2021-22,Average patients with influenza in ICU,8,HHS Region,2.14
202152,2021-22,Influenza Hospital Admissions Rate Per 100k,9,HHS Region,0.46
202152,2021-22,Influenza Hospital Admissions,9,HHS Region,237.0
202152,2021-22,Influenza Hospitalization (Avg 7 Day),9,HHS Region,136.86
202152,2021-22,Average patients with influenza in ICU,9,HHS Region,8.57
202152,2021-22,Influenza Hospital Admissions Rate Per 100k,10,HHS Region,0.15
202152,2021-22,Influenza Hospital Admissions,10,HHS Region,22.0
202152,2021-22,Influenza Hospitalization (Avg 7 Day),10,HHS Region,18.0
202152,2021-22,Average patients with influenza in ICU,10,HHS Region,0.29
202201,2021-22,Influenza Hospital Admissions Rate Per 100k,1,HHS Region,0.42
202201,2021-22,Influenza Hospital Admissions,1,HHS Region,63.0
202201,2021-22,Influenza Hospitalization (Avg 7 Day),1,HHS Region,48.14
202201,2021-22,Average patients with influenza in ICU,1,HHS Region,3.71
202201,2021-22,Influenza Hospital Admissions Rate Per 100k,2,HHS Region,0.34
202201,2021-22,Influenza Hospital Admissions,2,HHS Region,106.0
202201,2021-22,Influenza Hospitalization (Avg 7 Day),2,HHS Region,184.0
202201,2021-22,Average patients with influenza in ICU,2,HHS Region,24.14
202201,2021-22,Influenza Hospital Admissions Rate Per 100k,3,HHS Region,0.53
202201,2021-22,Influenza Hospital Admissions,3,HHS Region,162.0
202201,2021-22,Influenza Hospitalization (Avg 7 Day),3,HHS Region,146.29
202201,2021-22,Average patients with influenza in ICU,3,HHS Region,21.14
202201,2021-22,Influenza Hospital Admissions Rate Per 100k,4,HHS Region,0.65
202201,2021-22,Influenza Hospital Admissions,4,HHS Region,436.0
202201,2021-22,Influenza Hospitalization (Avg 7 Day),4,HHS Region,288.29
202201,2021-22,Average patients with influenza in ICU,4,HHS Region,39.86
202201,2021-22,Influenza Hospital Admissions Rate Per 100k,5,HHS Region,0.76
202201,2021-22,Influenza Hospital Admissions,5,HHS Region,398.0
202201,2021-22,Influenza Hospitalization (Avg 7 Day),5,HHS Region,352.29
202201,2021-22,Average patients with influenza in ICU,5,HHS Region,45.43
202201,2021-22,Influenza Hospital Admissions Rate Per 100k,6,HHS Region,0.6
202207,2021-22,Influenza Hospitalization (Avg 7 Day),4,HHS Region,154.14
202207,2021-22,Average patients with influenza in ICU,4,HHS Region,29.14
202207,2021-22,Influenza Hospital Admissions Rate Per 100k,5,HHS Region,0.41
202207,2021-22,Influenza Hospital Admissions,5,HHS Region,215.0
202207,2021-22,Influenza Hospitalization (Avg 7 Day),5,HHS Region,208.29
202207,2021-22,Average patients with influenza in ICU,5,HHS Region,23.29
202207,2021-22,Influenza Hospital Admissions Rate Per 100k,6,HHS Region,0.87
202207,2021-22,Influenza Hospital Admissions,6,HHS Region,370.0
202207,2021-22,Influenza Hospitalization (Avg 7 Day),6,HHS Region,164.57
202207,2021-22,Average patients with influenza in ICU,6,HHS Region,26.71
202207,2021-22,Influenza Hospital Admissions Rate Per 100k,7,HHS Region,1.07
202207,2021-22,Influenza Hospital Admissions,7,HHS Region,151.0
202207,2021-22,Influenza Hospitalization (Avg 7 Day),7,HHS Region,69.29
202207,2021-22,Average patients with influenza in ICU,7,HHS Region,7.14
202207,2021-22,Influenza Hospital Admissions Rate Per 100k,8,HHS Region,0.38
202207,2021-22,Influenza Hospital Admissions,8,HHS Region,46.0
202207,2021-22,Influenza Hospitalization (Avg 7 Day),8,HHS Region,37.14
202207,2021-22,Average patients with influenza in ICU,8,HHS Region,4.14
202207,2021-22,Influenza Hospital Admissions Rate Per 100k,9,HHS Region,0.14
202207,2021-22,Influenza Hospital Admissions,9,HHS Region,72.0
202207,2021-22,Influenza Hospitalization (Avg 7 Day),9,HHS Region,66.0
202207,2021-22,Average patients with influenza in ICU,9,HHS Region,9.71
202207,2021-22,Influenza Hospital Admissions Rate Per 100k,10,HHS Region,0.08
202207,2021-22,Influenza Hospital Admissions,10,HHS Region,12.0
202207,2021-22,Influenza Hospitalization (Avg 7 Day),10,HHS Region,13.14
202207,2021-22,Average patients with influenza in ICU,10,HHS Region,2.29
202208,2021-22,Influenza Hospital Admissions Rate Per 100k,1,HHS Region,0.3
202208,2021-22,Influenza Hospital Admissions,1,HHS Region,44.0
202208,2021-22,Influenza Hospitalization (Avg 7 Day),1,HHS Region,13.57
202208,2021-22,Average patients with influenza in ICU,1,HHS Region,1.57
202208,2021-22,Influenza Hospital Admissions Rate Per 100k,2,HHS Region,0.2
202208,2021-22,Influenza Hospital Admissions,2,HHS Region,64.0
202208,2021-22,Influenza Hospitalization (Avg 7 Day),2,HHS Region,49.86
202208,2021-22,Average patients with influenza in ICU,2,HHS Region,10.43
202208,2021-22,Influenza Hospital Admissions Rate Per 100k,3,HHS Region,0.41
202208,2021-22,Influenza Hospital Admissions,3,HHS Region,128.0
202208,2021-22,Influenza Hospitalization (Avg 7 Day),3,HHS Region,74.0
202208,2021-22,Average patients with influenza in ICU,3,HHS Region,8.43
202208,2021-22,Influenza Hospital Admissions Rate Per 100k,4,HHS Region,0.34
202208,2021-22,Influenza Hospital Admissions,4,HHS Region,228.0
202208,2021-22,Influenza Hospitalization (Avg 7 Day),4,HHS Region,196.43
202208,2021-22,Average patients with influenza in ICU,4,HHS Region,37.0
202208,2021-22,Influenza Hospital Admissions Rate Per 100k,5,HHS Region,0.39
202208,2021-22,Influenza Hospital Admissions,5,HHS Region,204.0
202208,2021-22,Influenza Hospitalization (Avg 7 Day),5,HHS Region,214.71
202208,2021-22,Average patients with influenza in ICU,5,HHS Region,23.43
202208,2021-22,Influenza Hospital Admissions Rate Per 100k,6,HHS Region,1.11
202208,2021-22,Influenza Hospital Admissions,6,HHS Region,473.0
202208,2021-22,Influenza Hospitalization (Avg 7 Day),6,HHS Region,192.86
202208,2021-22,Average patients with influenza in ICU,6,HHS Region,33.57
202208,2021-22,Influenza Hospital Admissions Rate Per 100k,7,HHS Region,1.29
202208,2021-22,Influenza Hospital Admissions,7,HHS Region,182.0
202208,2021-22,Influenza Hospitalization (Avg 7 Day),7,HHS Region,88.86
202208,2021-22,Average patients with influenza in ICU,7,HHS Region,10.14
202208,2021-22,Influenza Hospital Admissions Rate Per 100k,8,HHS Region,0.5
202208,2021-22,Influenza Hospital Admissions,8,HHS Region,61.0
202208,2021-22,Influenza Hospitalization (Avg 7 Day),8,HHS Region,45.0
202208,2021-22,Average patients with influenza in ICU,8,HHS Region,2.86
202208,2021-22,Influenza Hospital Admissions Rate Per 100k,9,HHS Region,0.19
202216,2021-22,Influenza Hospitalization (Avg 7 Day),1,HHS Region,178.71
202216,2021-22,Average patients with influenza in ICU,1,HHS Region,19.29
202216,2021-22,Influenza Hospital Admissions Rate Per 100k,2,HHS Region,1.62
202216,2021-22,Influenza Hospital Admissions,2,HHS Region,510.0
202216,2021-22,Influenza Hospitalization (Avg 7 Day),2,HHS Region,289.29
202216,2021-22,Average patients with influenza in ICU,2,HHS Region,27.86
202216,2021-22,Influenza Hospital Admissions Rate Per 100k,3,HHS Region,1.1
202216,2021-22,Influenza Hospital Admissions,3,HHS Region,340.0
202216,2021-22,Influenza Hospitalization (Avg 7 Day),3,HHS Region,207.71
202216,2021-22,Average patients with influenza in ICU,3,HHS Region,23.14
202216,2021-22,Influenza Hospital Admissions Rate Per 100k,4,HHS Region,0.6
202216,2021-22,Influenza Hospital Admissions,4,HHS Region,402.0
202216,2021-22,Influenza Hospitalization (Avg 7 Day),4,HHS Region,272.57
202216,2021-22,Average patients with influenza in ICU,4,HHS Region,48.86
202216,2021-22,Influenza Hospital Admissions Rate Per 100k,5,HHS Region,0.98
202216,2021-22,Influenza Hospital Admissions,5,HHS Region,517.0
202216,2021-22,Influenza Hospitalization (Avg 7 Day),5,HHS Region,646.14
202216,2021-22,Average patients with influenza in ICU,5,HHS Region,81.86
202216,2021-22,Influenza Hospital Admissions Rate Per 100k,6,HHS Region,1.2
202216,2021-22,Influenza Hospital Admissions,6,HHS Region,511.0
202216,2021-22,Influenza Hospitalization (Avg 7 Day),6,HHS Region,235.14
202216,2021-22,Average patients with influenza in ICU,6,HHS Region,41.86
202216,2021-22,Influenza Hospital Admissions Rate Per 100k,7,HHS Region,0.94
202216,2021-22,Influenza Hospital Admissions,7,HHS Region,133.0
202216,2021-22,Influenza Hospitalization (Avg 7 Day),7,HHS Region,90.71
202216,2021-22,Average patients with influenza in ICU,7,HHS Region,12.0
202216,2021-22,Influenza Hospital Admissions Rate Per 100k,8,HHS Region,1.79
202216,2021-22,Influenza Hospital Admissions,8,HHS Region,219.0
202216,2021-22,Influenza Hospitalization (Avg 7 Day),8,HHS Region,119.43
202216,2021-22,Average patients with influenza in ICU,8,HHS Region,8.14
202216,2021-22,Influenza Hospital Admissions Rate Per 100k,9,HHS Region,0.69
202216,2021-22,Influenza Hospital Admissions,9,HHS Region,353.0
202216,2021-22,Influenza Hospitalization (Avg 7 Day),9,HHS Region,173.0
202216,2021-22,Average patients with influenza in ICU,9,HHS Region,23.0
202216,2021-22,Influenza Hospital Admissions Rate Per 100k,10,HHS Region,0.56
202216,2021-22,Influenza Hospital Admissions,10,HHS Region,80.0
202216,2021-22,Influenza Hospitalization (Avg 7 Day),10,HHS Region,36.71
202216,2021-22,Average patients with influenza in ICU,10,HHS Region,3.14
202217,2021-22,Influenza Hospital Admissions Rate Per 100k,1,HHS Region,2.05
202217,2021-22,Influenza Hospital Admissions,1,HHS Region,305.0
202217,2021-22,Influenza Hospitalization (Avg 7 Day),1,HHS Region,203.57
202217,2021-22,Average patients with influenza in ICU,1,HHS Region,16.57
202217,2021-22,Influenza Hospital Admissions Rate Per 100k,2,HHS Region,1.37
202217,2021-22,Influenza Hospital Admissions,2,HHS Region,434.0
202217,2021-22,Influenza Hospitalization (Avg 7 Day),2,HHS Region,326.57
202217,2021-22,Average patients with influenza in ICU,2,HHS Region,27.71
202217,2021-22,Influenza Hospital Admissions Rate Per 100k,3,HHS Region,1.03
202217,2021-22,Influenza Hospital Admissions,3,HHS Region,318.0
202217,2021-22,Influenza Hospitalization (Avg 7 Day),3,HHS Region,205.57
202217,2021-22,Average patients with influenza in ICU,3,HHS Region,26.57
202217,2021-22,Influenza Hospital Admissions Rate Per 100k,4,HHS Region,0.67
202217,2021-22,Influenza Hospital Admissions,4,HHS Region,451.0
202217,2021-22,Influenza Hospitalization (Avg 7 Day),4,HHS Region,271.86
202217,2021-22,Average patients with influenza in ICU,4,HHS Region,52.57
202217,2021-22,Influenza Hospital Admissions Rate Per 100k,5,HHS Region,0.96
202217,2021-22,Influenza Hospital Admissions,5,HHS Region,506.0
202217,2021-22,Influenza Hospitalization (Avg 7 Day),5,HHS Region,682.43
202217,2021-22,Average patients with influenza in ICU,5,HHS Region,81.86
202217,2021-22,Influenza Hospital Admissions Rate Per 100k,6,HHS Region,0.74
202226,2021-22,Influenza Hospitalization (Avg 7 Day),3,HHS Region,64.86
202226,2021-22,Average patients with influenza in ICU,3,HHS Region,9.43
202226,2021-22,Influenza Hospital Admissions Rate Per 100k,4,HHS Region,0.5
202226,2021-22,Influenza Hospital Admissions,4,HHS Region,332.0
202226,2021-22,Influenza Hospitalization (Avg 7 Day),4,HHS Region,247.29
202226,2021-22,Average patients with influenza in ICU,4,HHS Region,64.71
202226,2021-22,Influenza Hospital Admissions Rate Per 100k,5,HHS Region,0.1
202226,2021-22,Influenza Hospital Admissions,5,HHS Region,50.0
202226,2021-22,Influenza Hospitalization (Avg 7 Day),5,HHS Region,523.14
202226,2021-22,Average patients with influenza in ICU,5,HHS Region,65.0
202226,2021-22,Influenza Hospital Admissions Rate Per 100k,6,HHS Region,0.3
202226,2021-22,Influenza Hospital Admissions,6,HHS Region,129.0
202226,2021-22,Influenza Hospitalization (Avg 7 Day),6,HHS Region,70.43
202226,2021-22,Average patients with influenza in ICU,6,HHS Region,17.29
202226,2021-22,Influenza Hospital Admissions Rate Per 100k,7,HHS Region,0.19
202226,2021-22,Influenza Hospital Admissions,7,HHS Region,27.0
202226,2021-22,Influenza Hospitalization (Avg 7 Day),7,HHS Region,21.57
202226,2021-22,Average patients with influenza in ICU,7,HHS Region,2.29
202226,2021-22,Influenza Hospital Admissions Rate Per 100k,8,HHS Region,0.2
202226,2021-22,Influenza Hospital Admissions,8,HHS Region,24.0
202226,2021-22,Influenza Hospitalization (Avg 7 Day),8,HHS Region,13.29
202226,2021-22,Average patients with influenza in ICU,8,HHS Region,1.71
202226,2021-22,Influenza Hospital Admissions Rate Per 100k,9,HHS Region,0.42
202226,2021-22,Influenza Hospital Admissions,9,HHS Region,217.0
202226,2021-22,Influenza Hospitalization (Avg 7 Day),9,HHS Region,171.43
202226,2021-22,Average patients with influenza in ICU,9,HHS Region,21.43
202226,2021-22,Influenza Hospital Admissions Rate Per 100k,10,HHS Region,0.43
202226,2021-22,Influenza Hospital Admissions,10,HHS Region,62.0
202226,2021-22,Influenza Hospitalization (Avg 7 Day),10,HHS Region,51.0
202226,2021-22,Average patients with influenza in ICU,10,HHS Region,7.14
202227,2021-22,Influenza Hospital Admissions Rate Per 100k,1,HHS Region,0.09
202227,2021-22,Influenza Hospital Admissions,1,HHS Region,14.0
202227,2021-22,Influenza Hospitalization (Avg 7 Day),1,HHS Region,10.86
202227,2021-22,Average patients with influenza in ICU,1,HHS Region,1.14
202227,2021-22,Influenza Hospital Admissions Rate Per 100k,2,HHS Region,0.2
202227,2021-22,Influenza Hospital Admissions,2,HHS Region,62.0
202227,2021-22,Influenza Hospitalization (Avg 7 Day),2,HHS Region,58.14
202227,2021-22,Average patients with influenza in ICU,2,HHS Region,7.71
202227,2021-22,Influenza Hospital Admissions Rate Per 100k,3,HHS Region,0.23
202227,2021-22,Influenza Hospital Admissions,3,HHS Region,72.0
202227,2021-22,Influenza Hospitalization (Avg 7 Day),3,HHS Region,48.14
202227,2021-22,Average patients with influenza in ICU,3,HHS Region,8.71
202227,2021-22,Influenza Hospital Admissions Rate Per 100k,4,HHS Region,0.38
202227,2021-22,Influenza Hospital Admissions,4,HHS Region,256.0
202227,2021-22,Influenza Hospitalization (Avg 7 Day),4,HHS Region,203.71
202227,2021-22,Average patients with influenza in ICU,4,HHS Region,54.14
202227,2021-22,Influenza Hospital Admissions Rate Per 100k,5,HHS Region,0.07
202227,2021-22,Influenza Hospital Admissions,5,HHS Region,38.0
202227,2021-22,Influenza Hospitalization (Avg 7 Day),5,HHS Region,508.14
202227,2021-22,Average patients with influenza in ICU,5,HHS Region,65.86
202227,2021-22,Influenza Hospital Admissions Rate Per 100k,6,HHS Region,0.2
202227,2021-22,Influenza Hospital Admissions,6,HHS Region,87.0
202227,2021-22,Influenza Hospitalization (Avg 7 Day),6,HHS Region,60.14
202227,2021-22,Average patients with influenza in ICU,6,HHS Region,11.0
202227,2021-22,Influenza Hospital Admissions Rate Per 100k,7,HHS Region,0.18
202227,2021-22,Influenza Hospital Admissions,7,HHS Region,25.0
202227,2021-22,Influenza Hospitalization (Avg 7 Day),7,HHS Region,21.71
202227,2021-22,Average patients with influenza in ICU,7,HHS Region,3.14
202227,2021-22,Influenza Hospital Admissions Rate Per 100k,8,HHS Region,0.12
202237,2021-22,Influenza Hospitalization (Avg 7 Day),9,HHS Region,44.14
202237,2021-22,Average patients with influenza in ICU,9,HHS Region,3.71
202237,2021-22,Influenza Hospital Admissions Rate Per 100k,10,HHS Region,0.11
202237,2021-22,Influenza Hospital Admissions,10,HHS Region,16.0
202237,2021-22,Influenza Hospitalization (Avg 7 Day),10,HHS Region,13.0
202237,2021-22,Average patients with influenza in ICU,10,HHS Region,0.71
202238,2021-22,Influenza Hospital Admissions Rate Per 100k,1,HHS Region,0.05
202238,2021-22,Influenza Hospital Admissions,1,HHS Region,8.0
202238,2021-22,Influenza Hospitalization (Avg 7 Day),1,HHS Region,7.86
202238,2021-22,Average patients with influenza in ICU,1,HHS Region,1.29
202238,2021-22,Influenza Hospital Admissions Rate Per 100k,2,HHS Region,0.21
202238,2021-22,Influenza Hospital Admissions,2,HHS Region,67.0
202238,2021-22,Influenza Hospitalization (Avg 7 Day),2,HHS Region,51.86
202238,2021-22,Average patients with influenza in ICU,2,HHS Region,6.71
202238,2021-22,Influenza Hospital Admissions Rate Per 100k,3,HHS Region,0.18
202238,2021-22,Influenza Hospital Admissions,3,HHS Region,55.0
202238,2021-22,Influenza Hospitalization (Avg 7 Day),3,HHS Region,40.71
202238,2021-22,Average patients with influenza in ICU,3,HHS Region,3.14
202238,2021-22,Influenza Hospital Admissions Rate Per 100k,4,HHS Region,0.34
202238,2021-22,Influenza Hospital Admissions,4,HHS Region,230.0
202238,2021-22,Influenza Hospitalization (Avg 7 Day),4,HHS Region,170.86
202238,2021-22,Average patients with influenza in ICU,4,HHS Region,52.14
202238,2021-22,Influenza Hospital Admissions Rate Per 100k,5,HHS Region,0.14
202238,2021-22,Influenza Hospital Admissions,5,HHS Region,71.0
202238,2021-22,Influenza Hospitalization (Avg 7 Day),5,HHS Region,522.43
202238,2021-22,Average patients with influenza in ICU,5,HHS Region,69.57
202238,2021-22,Influenza Hospital Admissions Rate Per 100k,6,HHS Region,0.38
202238,2021-22,Influenza Hospital Admissions,6,HHS Region,164.0
202238,2021-22,Influenza Hospitalization (Avg 7 Day),6,HHS Region,117.43
202238,2021-22,Average patients with influenza in ICU,6,HHS Region,19.86
202238,2021-22,Influenza Hospital Admissions Rate Per 100k,7,HHS Region,0.09
202238,2021-22,Influenza Hospital Admissions,7,HHS Region,13.0
202238,2021-22,Influenza Hospitalization (Avg 7 Day),7,HHS Region,15.29
202238,2021-22,Average patients with influenza in ICU,7,HHS Region,0.29
202238,2021-22,Influenza Hospital Admissions Rate Per 100k,8,HHS Region,0.11
202238,2021-22,Influenza Hospital Admissions,8,HHS Region,13.0
202238,2021-22,Influenza Hospitalization (Avg 7 Day),8,HHS Region,7.86
202238,2021-22,Average patients with influenza in ICU,8,HHS Region,0.71
202238,2021-22,Influenza Hospital Admissions Rate Per 100k,9,HHS Region,0.1
202238,2021-22,Influenza Hospital Admissions,9,HHS Region,53.0
202238,2021-22,Influenza Hospitalization (Avg 7 Day),9,HHS Region,40.0
202238,2021-22,Average patients with influenza in ICU,9,HHS Region,5.57
202238,2021-22,Influenza Hospital Admissions Rate Per 100k,10,HHS Region,0.08
202238,2021-22,Influenza Hospital Admissions,10,HHS Region,12.0
202238,2021-22,Influenza Hospitalization (Avg 7 Day),10,HHS Region,7.57
202238,2021-22,Average patients with influenza in ICU,10,HHS Region,0.29
202239,2021-22,Influenza Hospital Admissions Rate Per 100k,1,HHS Region,0.05
202239,2021-22,Influenza Hospital Admissions,1,HHS Region,8.0
202239,2021-22,Influenza Hospitalization (Avg 7 Day),1,HHS Region,7.43
202239,2021-22,Average patients with influenza in ICU,1,HHS Region,2.14
202239,2021-22,Influenza Hospital Admissions Rate Per 100k,2,HHS Region,0.29
202239,2021-22,Influenza Hospital Admissions,2,HHS Region,93.0
202239,2021-22,Influenza Hospitalization (Avg 7 Day),2,HHS Region,70.29
202239,2021-22,Average patients with influenza in ICU,2,HHS Region,6.57
202239,2021-22,Influenza Hospital Admissions Rate Per 100k,3,HHS Region,0.26
202143,2021-22,Influenza Hospital Admissions Rate Per 100k,5,HHS Region,0.06
202143,2021-22,Influenza Hospital Admissions,5,HHS Region,32.0
202143,2021-22,Influenza Hospitalization (Avg 7 Day),5,HHS Region,20.0
202143,2021-22,Average patients with influenza in ICU,5,HHS Region,3.86
202143,2021-22,Influenza Hospital Admissions Rate Per 100k,6,HHS Region,0.06
202143,2021-22,Influenza Hospital Admissions,6,HHS Region,25.0
202143,2021-22,Influenza Hospitalization (Avg 7 Day),6,HHS Region,19.71
202143,2021-22,Average patients with influenza in ICU,6,HHS Region,3.0
202143,2021-22,Influenza Hospital Admissions Rate Per 100k,7,HHS Region,0.03
202143,2021-22,Influenza Hospital Admissions,7,HHS Region,4.0
202143,2021-22,Influenza Hospitalization (Avg 7 Day),7,HHS Region,4.57
202143,2021-22,Average patients with influenza in ICU,7,HHS Region,1.0
202143,2021-22,Influenza Hospital Admissions Rate Per 100k,8,HHS Region,0.05
202143,2021-22,Influenza Hospital Admissions,8,HHS Region,6.0
202143,2021-22,Influenza Hospitalization (Avg 7 Day),8,HHS Region,5.14
202143,2021-22,Average patients with influenza in ICU,8,HHS Region,0.14
202143,2021-22,Influenza Hospital Admissions Rate Per 100k,9,HHS Region,0.01
202143,2021-22,Influenza Hospital Admissions,9,HHS Region,7.0
202143,2021-22,Influenza Hospitalization (Avg 7 Day),9,HHS Region,11.86
202143,2021-22,Average patients with influenza in ICU,9,HHS Region,0.57
202143,2021-22,Influenza Hospital Admissions Rate Per 100k,10,HHS Region,0.02
202143,2021-22,Influenza Hospital Admissions,10,HHS Region,3.0
202143,2021-22,Influenza Hospitalization (Avg 7 Day),10,HHS Region,0.86
202143,2021-22,Average patients with influenza in ICU,10,HHS Region,0.43
202144,2021-22,Influenza Hospital Admissions Rate Per 100k,1,HHS Region,0.01
202144,2021-22,Influenza Hospital Admissions,1,HHS Region,1.0
202144,2021-22,Influenza Hospitalization (Avg 7 Day),1,HHS Region,1.43
202144,2021-22,Average patients with influenza in ICU,1,HHS Region,0.0
202144,2021-22,Influenza Hospital Admissions Rate Per 100k,2,HHS Region,0.15
202144,2021-22,Influenza Hospital Admissions,2,HHS Region,47.0
202144,2021-22,Influenza Hospitalization (Avg 7 Day),2,HHS Region,83.71
202144,2021-22,Average patients with influenza in ICU,2,HHS Region,5.71
202144,2021-22,Influenza Hospital Admissions Rate Per 100k,3,HHS Region,0.07
202144,2021-22,Influenza Hospital Admissions,3,HHS Region,23.0
202144,2021-22,Influenza Hospitalization (Avg 7 Day),3,HHS Region,27.57
202144,2021-22,Average patients with influenza in ICU,3,HHS Region,8.86
202144,2021-22,Influenza Hospital Admissions Rate Per 100k,4,HHS Region,0.2
202144,2021-22,Influenza Hospital Admissions,4,HHS Region,134.0
202144,2021-22,Influenza Hospitalization (Avg 7 Day),4,HHS Region,71.71
202144,2021-22,Average patients with influenza in ICU,4,HHS Region,19.0
202144,2021-22,Influenza Hospital Admissions Rate Per 100k,5,HHS Region,0.06
202144,2021-22,Influenza Hospital Admissions,5,HHS Region,32.0
202144,2021-22,Influenza Hospitalization (Avg 7 Day),5,HHS Region,17.14
202144,2021-22,Average patients with influenza in ICU,5,HHS Region,5.0
202144,2021-22,Influenza Hospital Admissions Rate Per 100k,6,HHS Region,0.09
202144,2021-22,Influenza Hospital Admissions,6,HHS Region,37.0
202144,2021-22,Influenza Hospitalization (Avg 7 Day),6,HHS Region,21.57
202144,2021-22,Average patients with influenza in ICU,6,HHS Region,4.29
202144,2021-22,Influenza Hospital Admissions Rate Per 100k,7,HHS Region,0.04
202144,2021-22,Influenza Hospital Admissions,7,HHS Region,5.0
202144,2021-22,Influenza Hospitalization (Avg 7 Day),7,HHS Region,6.14
202144,2021-22,Average patients with influenza in ICU,7,HHS Region,1.86
202144,2021-22,Influenza Hospital Admissions Rate Per 100k,8,HHS Region,0.04
202144,2021-22,Influenza Hospital Admissions,8,HHS Region,5.0
202144,2021-22,Influenza Hospitalization (Avg 7 Day),8,HHS Region,3.57
202144,2021-22,Average patients with influenza in ICU,8,HHS Region,0.57
202144,2021-22,Influenza Hospital Admissions Rate Per 100k,9,HHS Region,0.04
202144,2021-22,Influenza Hospital Admissions,9,HHS Region,23.0
202144,2021-22,Influenza Hospitalization (Avg 7 Day),9,HHS Region,15.71
202144,2021-22,Average patients with influenza in ICU,9,HHS Region,0.43
202144,2021-22,Influenza Hospital Admissions Rate Per 100k,10,HHS Region,0.0
202144,2021-22,Influenza Hospital Admissions,10,HHS Region,0.0
202144,2021-22,Influenza Hospitalization (Avg 7 Day),10,HHS Region,0.14
202144,2021-22,Average patients with influenza in ICU,10,HHS Region,0.0
202145,2021-22,Influenza Hospital Admissions Rate Per 100k,1,HHS Region,0.01
202145,2021-22,Influenza Hospital Admissions,1,HHS Region,1.0
202145,2021-22,Influenza Hospitalization (Avg 7 Day),1,HHS Region,1.43
202145,2021-22,Average patients with influenza in ICU,1,HHS Region,0.0
202145,2021-22,Influenza Hospital Admissions Rate Per 100k,2,HHS Region,0.17
202145,2021-22,Influenza Hospital Admissions,2,HHS Region,53.0
202145,2021-22,Influenza Hospitalization (Avg 7 Day),2,HHS Region,94.14
202145,2021-22,Average patients with influenza in ICU,2,HHS Region,7.57
202145,2021-22,Influenza Hospital Admissions Rate Per 100k,3,HHS Region,0.13
202145,2021-22,Influenza Hospital Admissions,3,HHS Region,39.0
202145,2021-22,Influenza Hospitalization (Avg 7 Day),3,HHS Region,43.43
202145,2021-22,Average patients with influenza in ICU,3,HHS Region,8.14
202145,2021-22,Influenza Hospital Admissions Rate Per 100k,4,HHS Region,0.19
202145,2021-22,Influenza Hospital Admissions,4,HHS Region,125.0
202145,2021-22,Influenza Hospitalization (Avg 7 Day),4,HHS Region,66.0
202145,2021-22,Average patients with influenza in ICU,4,HHS Region,22.86
202145,2021-22,Influenza Hospital Admissions Rate Per 100k,5,HHS Region,0.05
202145,2021-22,Influenza Hospital Admissions,5,HHS Region,24.0
202145,2021-22,Influenza Hospitalization (Avg 7 Day),5,HHS Region,23.0
202145,2021-22,Average patients with influenza in ICU,5,HHS Region,7.43
202145,2021-22,Influenza Hospital Admissions Rate Per 100k,6,HHS Region,0.1
202145,2021-22,Influenza Hospital Admissions,6,HHS Region,44.0
202145,2021-22,Influenza Hospitalization (Avg 7 Day),6,HHS Region,29.14
202145,2021-22,Average patients with influenza in ICU,6,HHS Region,4.57
202145,2021-22,Influenza Hospital Admissions Rate Per 100k,7,HHS Region,0.1
202145,2021-22,Influenza Hospital Admissions,7,HHS Region,14.0
202145,2021-22,Influenza Hospitalization (Avg 7 Day),7,HHS Region,11.29
202145,2021-22,Average patients with influenza in ICU,7,HHS Region,3.0
202145,2021-22,Influenza Hospital Admissions Rate Per 100k,8,HHS Region,0.06
202145,2021-22,Influenza Hospital Admissions,8,HHS Region,7.0
202145,2021-22,Influenza Hospitalization (Avg 7 Day),8,HHS Region,4.0
202145,2021-22,Average patients with influenza in ICU,8,HHS Region,0.0
202145,2021-22,Influenza Hospital Admissions Rate Per 100k,9,HHS Region,0.04
202145,2021-22,Influenza Hospital Admissions,9,HHS Region,22.0
202145,2021-22,Influenza Hospitalization (Avg 7 Day),9,HHS Region,23.14
202145,2021-22,Average patients with influenza in ICU,9,HHS Region,1.86
202145,2021-22,Influenza Hospital Admissions Rate Per 100k,10,HHS Region,0.0
202145,2021-22,Influenza Hospital Admissions,10,HHS Region,0.0
202145,2021-22,Influenza Hospitalization (Avg 7 Day),10,HHS Region,0.14
202145,2021-22,Average patients with influenza in ICU,10,HHS Region,0.14
202146,2021-22,Influenza Hospital Admissions Rate Per 100k,1,HHS Region,0.04
202146,2021-22,Influenza Hospital Admissions,1,HHS Region,6.0
202146,2021-22,Influenza Hospitalization (Avg 7 Day),1,HHS Region,3.0
202146,2021-22,Average patients with influenza in ICU,1,HHS Region,0.29
202146,2021-22,Influenza Hospital Admissions Rate Per 100k,2,HHS Region,0.17
202146,2021-22,Influenza Hospital Admissions,2,HHS Region,53.0
202146,2021-22,Influenza Hospitalization (Avg 7 Day),2,HHS Region,93.71
202146,2021-22,Average patients with influenza in ICU,2,HHS Region,7.43
202146,2021-22,Influenza Hospital Admissions Rate Per 100k,3,HHS Region,0.13
202146,2021-22,Influenza Hospital Admissions,3,HHS Region,41.0
202201,2021-22,Influenza Hospital Admissions,6,HHS Region,258.0
202201,2021-22,Influenza Hospitalization (Avg 7 Day),6,HHS Region,126.0
202201,2021-22,Average patients with influenza in ICU,6,HHS Region,13.86
202201,2021-22,Influenza Hospital Admissions Rate Per 100k,7,HHS Region,1.22
202201,2021-22,Influenza Hospital Admissions,7,HHS Region,172.0
202201,2021-22,Influenza Hospitalization (Avg 7 Day),7,HHS Region,113.71
202201,2021-22,Average patients with influenza in ICU,7,HHS Region,20.71
202201,2021-22,Influenza Hospital Admissions Rate Per 100k,8,HHS Region,1.02
202201,2021-22,Influenza Hospital Admissions,8,HHS Region,125.0
202201,2021-22,Influenza Hospitalization (Avg 7 Day),8,HHS Region,105.43
202201,2021-22,Average patients with influenza in ICU,8,HHS Region,7.0
202201,2021-22,Influenza Hospital Admissions Rate Per 100k,9,HHS Region,0.32
202201,2021-22,Influenza Hospital Admissions,9,HHS Region,164.0
202201,2021-22,Influenza Hospitalization (Avg 7 Day),9,HHS Region,118.0
202201,2021-22,Average patients with influenza in ICU,9,HHS Region,9.0
202201,2021-22,Influenza Hospital Admissions Rate Per 100k,10,HHS Region,0.08
202201,2021-22,Influenza Hospital Admissions,10,HHS Region,12.0
202201,2021-22,Influenza Hospitalization (Avg 7 Day),10,HHS Region,18.71
202201,2021-22,Average patients with influenza in ICU,10,HHS Region,1.14
202202,2021-22,Influenza Hospital Admissions Rate Per 100k,1,HHS Region,0.36
202202,2021-22,Influenza Hospital Admissions,1,HHS Region,53.0
202202,2021-22,Influenza Hospitalization (Avg 7 Day),1,HHS Region,41.86
202202,2021-22,Average patients with influenza in ICU,1,HHS Region,7.57
202202,2021-22,Influenza Hospital Admissions Rate Per 100k,2,HHS Region,0.28
202202,2021-22,Influenza Hospital Admissions,2,HHS Region,88.0
202202,2021-22,Influenza Hospitalization (Avg 7 Day),2,HHS Region,119.0
202202,2021-22,Average patients with influenza in ICU,2,HHS Region,26.43
202202,2021-22,Influenza Hospital Admissions Rate Per 100k,3,HHS Region,0.38
202202,2021-22,Influenza Hospital Admissions,3,HHS Region,116.0
202202,2021-22,Influenza Hospitalization (Avg 7 Day),3,HHS Region,132.29
202202,2021-22,Average patients with influenza in ICU,3,HHS Region,17.86
202202,2021-22,Influenza Hospital Admissions Rate Per 100k,4,HHS Region,0.53
202202,2021-22,Influenza Hospital Admissions,4,HHS Region,353.0
202202,2021-22,Influenza Hospitalization (Avg 7 Day),4,HHS Region,232.57
202202,2021-22,Average patients with influenza in ICU,4,HHS Region,40.29
202202,2021-22,Influenza Hospital Admissions Rate Per 100k,5,HHS Region,0.6
202202,2021-22,Influenza Hospital Admissions,5,HHS Region,315.0
202202,2021-22,Influenza Hospitalization (Avg 7 Day),5,HHS Region,271.57
202202,2021-22,Average patients with influenza in ICU,5,HHS Region,37.0
202202,2021-22,Influenza Hospital Admissions Rate Per 100k,6,HHS Region,0.45
202202,2021-22,Influenza Hospital Admissions,6,HHS Region,192.0
202202,2021-22,Influenza Hospitalization (Avg 7 Day),6,HHS Region,119.14
202202,2021-22,Average patients with influenza in ICU,6,HHS Region,16.29
202202,2021-22,Influenza Hospital Admissions Rate Per 100k,7,HHS Region,1.0
202202,2021-22,Influenza Hospital Admissions,7,HHS Region,141.0
202202,2021-22,Influenza Hospitalization (Avg 7 Day),7,HHS Region,95.14
202202,2021-22,Average patients with influenza in ICU,7,HHS Region,13.29
202202,2021-22,Influenza Hospital Admissions Rate Per 100k,8,HHS Region,0.76
202202,2021-22,Influenza Hospital Admissions,8,HHS Region,93.0
202202,2021-22,Influenza Hospitalization (Avg 7 Day),8,HHS Region,82.57
202202,2021-22,Average patients with influenza in ICU,8,HHS Region,7.0
202202,2021-22,Influenza Hospital Admissions Rate Per 100k,9,HHS Region,0.19
202202,2021-22,Influenza Hospital Admissions,9,HHS Region,98.0
202202,2021-22,Influenza Hospitalization (Avg 7 Day),9,HHS Region,80.0
202202,2021-22,Average patients with influenza in ICU,9,HHS Region,12.71
202202,2021-22,Influenza Hospital Admissions Rate Per 100k,10,HHS Region,0.1
202202,2021-22,Influenza Hospital Admissions,10,HHS Region,14.0
202202,2021-22,Influenza Hospitalization (Avg 7 Day),10,HHS Region,18.0
202202,2021-22,Average patients with influenza in ICU,10,HHS Region,3.71
202208,2021-22,Influenza Hospital Admissions,9,HHS Region,98.0
202208,2021-22,Influenza Hospitalization (Avg 7 Day),9,HHS Region,63.86
202208,2021-22,Average patients with influenza in ICU,9,HHS Region,8.71
202208,2021-22,Influenza Hospital Admissions Rate Per 100k,10,HHS Region,0.09
202208,2021-22,Influenza Hospital Admissions,10,HHS Region,13.0
202208,2021-22,Influenza Hospitalization (Avg 7 Day),10,HHS Region,13.43
202208,2021-22,Average patients with influenza in ICU,10,HHS Region,2.43
202209,2021-22,Influenza Hospital Admissions Rate Per 100k,1,HHS Region,0.14
202209,2021-22,Influenza Hospital Admissions,1,HHS Region,21.0
202209,2021-22,Influenza Hospitalization (Avg 7 Day),1,HHS Region,8.0
202209,2021-22,Average patients with influenza in ICU,1,HHS Region,1.29
202209,2021-22,Influenza Hospital Admissions Rate Per 100k,2,HHS Region,0.3
202209,2021-22,Influenza Hospital Admissions,2,HHS Region,96.0
202209,2021-22,Influenza Hospitalization (Avg 7 Day),2,HHS Region,56.43
202209,2021-22,Average patients with influenza in ICU,2,HHS Region,10.43
202209,2021-22,Influenza Hospital Admissions Rate Per 100k,3,HHS Region,0.46
202209,2021-22,Influenza Hospital Admissions,3,HHS Region,143.0
202209,2021-22,Influenza Hospitalization (Avg 7 Day),3,HHS Region,82.29
202209,2021-22,Average patients with influenza in ICU,3,HHS Region,9.14
202209,2021-22,Influenza Hospital Admissions Rate Per 100k,4,HHS Region,0.37
202209,2021-22,Influenza Hospital Admissions,4,HHS Region,245.0
202209,2021-22,Influenza Hospitalization (Avg 7 Day),4,HHS Region,184.14
202209,2021-22,Average patients with influenza in ICU,4,HHS Region,40.0
202209,2021-22,Influenza Hospital Admissions Rate Per 100k,5,HHS Region,0.55
202209,2021-22,Influenza Hospital Admissions,5,HHS Region,290.0
202209,2021-22,Influenza Hospitalization (Avg 7 Day),5,HHS Region,249.14
202209,2021-22,Average patients with influenza in ICU,5,HHS Region,20.86
202209,2021-22,Influenza Hospital Admissions Rate Per 100k,6,HHS Region,1.13
202209,2021-22,Influenza Hospital Admissions,6,HHS Region,482.0
202209,2021-22,Influenza Hospitalization (Avg 7 Day),6,HHS Region,214.14
202209,2021-22,Average patients with influenza in ICU,6,HHS Region,39.43
202209,2021-22,Influenza Hospital Admissions Rate Per 100k,7,HHS Region,1.48
202209,2021-22,Influenza Hospital Admissions,7,HHS Region,209.0
202209,2021-22,Influenza Hospitalization (Avg 7 Day),7,HHS Region,92.29
202209,2021-22,Average patients with influenza in ICU,7,HHS Region,12.71
202209,2021-22,Influenza Hospital Admissions Rate Per 100k,8,HHS Region,0.69
202209,2021-22,Influenza Hospital Admissions,8,HHS Region,85.0
202209,2021-22,Influenza Hospitalization (Avg 7 Day),8,HHS Region,63.43
202209,2021-22,Average patients with influenza in ICU,8,HHS Region,4.14
202209,2021-22,Influenza Hospital Admissions Rate Per 100k,9,HHS Region,0.25
202209,2021-22,Influenza Hospital Admissions,9,HHS Region,129.0
202209,2021-22,Influenza Hospitalization (Avg 7 Day),9,HHS Region,71.71
202209,2021-22,Average patients with influenza in ICU,9,HHS Region,8.29
202209,2021-22,Influenza Hospital Admissions Rate Per 100k,10,HHS Region,0.11
202209,2021-22,Influenza Hospital Admissions,10,HHS Region,16.0
202209,2021-22,Influenza Hospitalization (Avg 7 Day),10,HHS Region,17.86
202209,2021-22,Average patients with influenza in ICU,10,HHS Region,1.71
202210,2021-22,Influenza Hospital Admissions Rate Per 100k,1,HHS Region,0.32
202210,2021-22,Influenza Hospital Admissions,1,HHS Region,47.0
202210,2021-22,Influenza Hospitalization (Avg 7 Day),1,HHS Region,17.43
202210,2021-22,Average patients with influenza in ICU,1,HHS Region,0.86
202210,2021-22,Influenza Hospital Admissions Rate Per 100k,2,HHS Region,0.33
202210,2021-22,Influenza Hospital Admissions,2,HHS Region,103.0
202210,2021-22,Influenza Hospitalization (Avg 7 Day),2,HHS Region,56.0
202210,2021-22,Average patients with influenza in ICU,2,HHS Region,10.0
202217,2021-22,Influenza Hospital Admissions,6,HHS Region,316.0
202217,2021-22,Influenza Hospitalization (Avg 7 Day),6,HHS Region,198.14
202217,2021-22,Average patients with influenza in ICU,6,HHS Region,40.57
202217,2021-22,Influenza Hospital Admissions Rate Per 100k,7,HHS Region,0.76
202217,2021-22,Influenza Hospital Admissions,7,HHS Region,108.0
202217,2021-22,Influenza Hospitalization (Avg 7 Day),7,HHS Region,89.29
202217,2021-22,Average patients with influenza in ICU,7,HHS Region,8.29
202217,2021-22,Influenza Hospital Admissions Rate Per 100k,8,HHS Region,1.61
202217,2021-22,Influenza Hospital Admissions,8,HHS Region,197.0
202217,2021-22,Influenza Hospitalization (Avg 7 Day),8,HHS Region,100.29
202217,2021-22,Average patients with influenza in ICU,8,HHS Region,10.0
202217,2021-22,Influenza Hospital Admissions Rate Per 100k,9,HHS Region,0.79
202217,2021-22,Influenza Hospital Admissions,9,HHS Region,404.0
202217,2021-22,Influenza Hospitalization (Avg 7 Day),9,HHS Region,197.43
202217,2021-22,Average patients with influenza in ICU,9,HHS Region,15.86
202217,2021-22,Influenza Hospital Admissions Rate Per 100k,10,HHS Region,0.56
202217,2021-22,Influenza Hospital Admissions,10,HHS Region,80.0
202217,2021-22,Influenza Hospitalization (Avg 7 Day),10,HHS Region,41.71
202217,2021-22,Average patients with influenza in ICU,10,HHS Region,5.57
202218,2021-22,Influenza Hospital Admissions Rate Per 100k,1,HHS Region,1.94
202218,2021-22,Influenza Hospital Admissions,1,HHS Region,288.0
202218,2021-22,Influenza Hospitalization (Avg 7 Day),1,HHS Region,203.0
202218,2021-22,Average patients with influenza in ICU,1,HHS Region,19.29
202218,2021-22,Influenza Hospital Admissions Rate Per 100k,2,HHS Region,1.21
202218,2021-22,Influenza Hospital Admissions,2,HHS Region,382.0
202218,2021-22,Influenza Hospitalization (Avg 7 Day),2,HHS Region,293.43
202218,2021-22,Average patients with influenza in ICU,2,HHS Region,28.86
202218,2021-22,Influenza Hospital Admissions Rate Per 100k,3,HHS Region,0.85
202218,2021-22,Influenza Hospital Admissions,3,HHS Region,263.0
202218,2021-22,Influenza Hospitalization (Avg 7 Day),3,HHS Region,181.86
202218,2021-22,Average patients with influenza in ICU,3,HHS Region,22.29
202218,2021-22,Influenza Hospital Admissions Rate Per 100k,4,HHS Region,0.64
202218,2021-22,Influenza Hospital Admissions,4,HHS Region,431.0
202218,2021-22,Influenza Hospitalization (Avg 7 Day),4,HHS Region,273.0
202218,2021-22,Average patients with influenza in ICU,4,HHS Region,54.43
202218,2021-22,Influenza Hospital Admissions Rate Per 100k,5,HHS Region,0.97
202218,2021-22,Influenza Hospital Admissions,5,HHS Region,512.0
202218,2021-22,Influenza Hospitalization (Avg 7 Day),5,HHS Region,690.86
202218,2021-22,Average patients with influenza in ICU,5,HHS Region,87.43
202218,2021-22,Influenza Hospital Admissions Rate Per 100k,6,HHS Region,0.61
202218,2021-22,Influenza Hospital Admissions,6,HHS Region,259.0
202218,2021-22,Influenza Hospitalization (Avg 7 Day),6,HHS Region,156.57
202218,2021-22,Average patients with influenza in ICU,6,HHS Region,32.57
202218,2021-22,Influenza Hospital Admissions Rate Per 100k,7,HHS Region,0.71
202218,2021-22,Influenza Hospital Admissions,7,HHS Region,101.0
202218,2021-22,Influenza Hospitalization (Avg 7 Day),7,HHS Region,70.0
202218,2021-22,Average patients with influenza in ICU,7,HHS Region,8.71
202218,2021-22,Influenza Hospital Admissions Rate Per 100k,8,HHS Region,2.43
202218,2021-22,Influenza Hospital Admissions,8,HHS Region,298.0
202218,2021-22,Influenza Hospitalization (Avg 7 Day),8,HHS Region,110.71
202218,2021-22,Average patients with influenza in ICU,8,HHS Region,14.14
202218,2021-22,Influenza Hospital Admissions Rate Per 100k,9,HHS Region,0.79
202218,2021-22,Influenza Hospital Admissions,9,HHS Region,404.0
202218,2021-22,Influenza Hospitalization (Avg 7 Day),9,HHS Region,225.29
202218,2021-22,Average patients with influenza in ICU,9,HHS Region,16.86
202218,2021-22,Influenza Hospital Admissions Rate Per 100k,10,HHS Region,0.73
202218,2021-22,Influenza Hospital Admissions,10,HHS Region,105.0
202218,2021-22,Influenza Hospitalization (Avg 7 Day),10,HHS Region,55.71
202218,2021-22,Average patients with influenza in ICU,10,HHS Region,5.71
202227,2021-22,Influenza Hospital Admissions,8,HHS Region,15.0
202227,2021-22,Influenza Hospitalization (Avg 7 Day),8,HHS Region,15.29
202227,2021-22,Average patients with influenza in ICU,8,HHS Region,1.86
202227,2021-22,Influenza Hospital Admissions Rate Per 100k,9,HHS Region,0.27
202227,2021-22,Influenza Hospital Admissions,9,HHS Region,141.0
202227,2021-22,Influenza Hospitalization (Avg 7 Day),9,HHS Region,131.86
202227,2021-22,Average patients with influenza in ICU,9,HHS Region,18.57
202227,2021-22,Influenza Hospital Admissions Rate Per 100k,10,HHS Region,0.24
202227,2021-22,Influenza Hospital Admissions,10,HHS Region,34.0
202227,2021-22,Influenza Hospitalization (Avg 7 Day),10,HHS Region,39.29
202227,2021-22,Average patients with influenza in ICU,10,HHS Region,6.43
202228,2021-22,Influenza Hospital Admissions Rate Per 100k,1,HHS Region,0.07
202228,2021-22,Influenza Hospital Admissions,1,HHS Region,11.0
202228,2021-22,Influenza Hospitalization (Avg 7 Day),1,HHS Region,7.57
202228,2021-22,Average patients with influenza in ICU,1,HHS Region,1.29
202228,2021-22,Influenza Hospital Admissions Rate Per 100k,2,HHS Region,0.22
202228,2021-22,Influenza Hospital Admissions,2,HHS Region,68.0
202228,2021-22,Influenza Hospitalization (Avg 7 Day),2,HHS Region,56.86
202228,2021-22,Average patients with influenza in ICU,2,HHS Region,7.14
202228,2021-22,Influenza Hospital Admissions Rate Per 100k,3,HHS Region,0.18
202228,2021-22,Influenza Hospital Admissions,3,HHS Region,55.0
202228,2021-22,Influenza Hospitalization (Avg 7 Day),3,HHS Region,48.71
202228,2021-22,Average patients with influenza in ICU,3,HHS Region,8.71
202228,2021-22,Influenza Hospital Admissions Rate Per 100k,4,HHS Region,0.35
202228,2021-22,Influenza Hospital Admissions,4,HHS Region,236.0
202228,2021-22,Influenza Hospitalization (Avg 7 Day),4,HHS Region,174.71
202228,2021-22,Average patients with influenza in ICU,4,HHS Region,50.29
202228,2021-22,Influenza Hospital Admissions Rate Per 100k,5,HHS Region,0.07
202228,2021-22,Influenza Hospital Admissions,5,HHS Region,36.0
202228,2021-22,Influenza Hospitalization (Avg 7 Day),5,HHS Region,506.29
202228,2021-22,Average patients with influenza in ICU,5,HHS Region,63.86
202228,2021-22,Influenza Hospital Admissions Rate Per 100k,6,HHS Region,0.31
202228,2021-22,Influenza Hospital Admissions,6,HHS Region,131.0
202228,2021-22,Influenza Hospitalization (Avg 7 Day),6,HHS Region,75.86
202228,2021-22,Average patients with influenza in ICU,6,HHS Region,11.0
202228,2021-22,Influenza Hospital Admissions Rate Per 100k,7,HHS Region,0.13
202228,2021-22,Influenza Hospital Admissions,7,HHS Region,19.0
202228,2021-22,Influenza Hospitalization (Avg 7 Day),7,HHS Region,17.43
202228,2021-22,Average patients with influenza in ICU,7,HHS Region,0.86
202228,2021-22,Influenza Hospital Admissions Rate Per 100k,8,HHS Region,0.12
202228,2021-22,Influenza Hospital Admissions,8,HHS Region,15.0
202228,2021-22,Influenza Hospitalization (Avg 7 Day),8,HHS Region,10.86
202228,2021-22,Average patients with influenza in ICU,8,HHS Region,1.43
202228,2021-22,Influenza Hospital Admissions Rate Per 100k,9,HHS Region,0.23
202228,2021-22,Influenza Hospital Admissions,9,HHS Region,118.0
202228,2021-22,Influenza Hospitalization (Avg 7 Day),9,HHS Region,91.86
202228,2021-22,Average patients with influenza in ICU,9,HHS Region,16.71
202228,2021-22,Influenza Hospital Admissions Rate Per 100k,10,HHS Region,0.29
202228,2021-22,Influenza Hospital Admissions,10,HHS Region,41.0
202228,2021-22,Influenza Hospitalization (Avg 7 Day),10,HHS Region,34.29
202228,2021-22,Average patients with influenza in ICU,10,HHS Region,3.71
202229,2021-22,Influenza Hospital Admissions Rate Per 100k,1,HHS Region,0.07
202229,2021-22,Influenza Hospital Admissions,1,HHS Region,11.0
202229,2021-22,Influenza Hospitalization (Avg 7 Day),1,HHS Region,8.14
202229,2021-22,Average patients with influenza in ICU,1,HHS Region,1.29
202239,2021-22,Influenza Hospital Admissions,3,HHS Region,81.0
202239,2021-22,Influenza Hospitalization (Avg 7 Day),3,HHS Region,45.43
202239,2021-22,Average patients with influenza in ICU,3,HHS Region,2.57
202239,2021-22,Influenza Hospital Admissions Rate Per 100k,4,HHS Region,0.39
202239,2021-22,Influenza Hospital Admissions,4,HHS Region,262.0
202239,2021-22,Influenza Hospitalization (Avg 7 Day),4,HHS Region,196.43
202239,2021-22,Average patients with influenza in ICU,4,HHS Region,48.86
202239,2021-22,Influenza Hospital Admissions Rate Per 100k,5,HHS Region,0.13
202239,2021-22,Influenza Hospital Admissions,5,HHS Region,70.0
202239,2021-22,Influenza Hospitalization (Avg 7 Day),5,HHS Region,524.86
202239,2021-22,Average patients with influenza in ICU,5,HHS Region,71.0
202239,2021-22,Influenza Hospital Admissions Rate Per 100k,6,HHS Region,0.44
202239,2021-22,Influenza Hospital Admissions,6,HHS Region,188.0
202239,2021-22,Influenza Hospitalization (Avg 7 Day),6,HHS Region,114.43
202239,2021-22,Average patients with influenza in ICU,6,HHS Region,19.0
202239,2021-22,Influenza Hospital Admissions Rate Per 100k,7,HHS Region,0.28
202239,2021-22,Influenza Hospital Admissions,7,HHS Region,40.0
202239,2021-22,Influenza Hospitalization (Avg 7 Day),7,HHS Region,34.0
202239,2021-22,Average patients with influenza in ICU,7,HHS Region,0.57
202239,2021-22,Influenza Hospital Admissions Rate Per 100k,8,HHS Region,0.12
202239,2021-22,Influenza Hospital Admissions,8,HHS Region,15.0
202239,2021-22,Influenza Hospitalization (Avg 7 Day),8,HHS Region,7.0
202239,2021-22,Average patients with influenza in ICU,8,HHS Region,0.43
202239,2021-22,Influenza Hospital Admissions Rate Per 100k,9,HHS Region,0.19
202239,2021-22,Influenza Hospital Admissions,9,HHS Region,96.0
202239,2021-22,Influenza Hospitalization (Avg 7 Day),9,HHS Region,52.14
202239,2021-22,Average patients with influenza in ICU,9,HHS Region,8.57
202239,2021-22,Influenza Hospital Admissions Rate Per 100k,10,HHS Region,0.12
202239,2021-22,Influenza Hospital Admissions,10,HHS Region,17.0
202239,2021-22,Influenza Hospitalization (Avg 7 Day),10,HHS Region,10.57
202239,2021-22,Average patients with influenza in ICU,10,HHS Region,0.29
202146,2021-22,Influenza Hospitalization (Avg 7 Day),3,HHS Region,47.43
202210,2021-22,Influenza Hospital Admissions Rate Per 100k,3,HHS Region,0.47
202229,2021-22,Influenza Hospital Admissions Rate Per 100k,2,HHS Region,0.1
202143,2021-22,Influenza Hospitalization (Avg 7 Day),2,HHS Region,86.0
202151,2021-22,Influenza Hospital Admissions Rate Per 100k,1,HHS Region,0.38
202207,2021-22,Influenza Hospital Admissions,10,HHS Region,12.0
202215,2021-22,Influenza Hospital Admissions,2,HHS Region,412.0
202223,2021-22,Influenza Hospitalization (Avg 7 Day),10,HHS Region,62.0
202232,2021-22,Influenza Hospital Admissions Rate Per 100k,8,HHS Region,0.16
202202,2021-22,Influenza Hospital Admissions Rate Per 100k,1,HHS Region,0.36
202202,2021-22,Influenza Hospital Admissions,1,HHS Region,53.0
202202,2021-22,Influenza Hospitalization (Avg 7 Day),1,HHS Region,41.86
202202,2021-22,Average patients with influenza in ICU,1,HHS Region,7.57
202202,2021-22,Influenza Hospital Admissions Rate Per 100k,2,HHS Region,0.28
202202,2021-22,Influenza Hospital Admissions,2,HHS Region,88.0
202202,2021-22,Influenza Hospitalization (Avg 7 Day),2,HHS Region,119.0
202202,2021-22,Average patients with influenza in ICU,2,HHS Region,26.43
202202,2021-22,Influenza Hospital Admissions Rate Per 100k,3,HHS Region,0.38
202202,2021-22,Influenza Hospital Admissions,3,HHS Region,116.0
202202,2021-22,Influenza Hospitalization (Avg 7 Day),3,HHS Region,132.29
202202,2021-22,Average patients with influenza in ICU,3,HHS Region,17.86
202202,2021-22,Influenza Hospital Admissions Rate Per 100k,4,HHS Region,0.53
202202,2021-22,Influenza Hospital Admissions,4,HHS Region,353.0
202202,2021-22,Influenza Hospitalization (Avg 7 Day),4,HHS Region,232.57
202202,2021-22,Average patients with influenza in ICU,4,HHS Region,40.29
202202,2021-22,Influenza Hospital Admissions Rate Per 100k,5,HHS Region,0.6
202202,2021-22,Influenza Hospital Admissions,5,HHS Region,315.0
202202,2021-22,Influenza Hospitalization (Avg 7 Day),5,HHS Region,271.57
202202,2021-22,Average patients with influenza in ICU,5,HHS Region,37.0
202202,2021-22,Influenza Hospital Admissions Rate Per 100k,6,HHS Region,0.45
202202,2021-22,Influenza Hospital Admissions,6,HHS Region,192.0
202202,2021-22,Influenza Hospitalization (Avg 7 Day),6,HHS Region,119.14
202202,2021-22,Average patients with influenza in ICU,6,HHS Region,16.29
202202,2021-22,Influenza Hospital Admissions Rate Per 100k,7,HHS Region,1.0
202202,2021-22,Influenza Hospital Admissions,7,HHS Region,141.0
202202,2021-22,Influenza Hospitalization (Avg 7 Day),7,HHS Region,95.14
202202,2021-22,Average patients with influenza in ICU,7,HHS Region,13.29
202202,2021-22,Influenza Hospital Admissions Rate Per 100k,8,HHS Region,0.76
202202,2021-22,Influenza Hospital Admissions,8,HHS Region,93.0
202202,2021-22,Influenza Hospitalization (Avg 7 Day),8,HHS Region,82.57
202202,2021-22,Average patients with influenza in ICU,8,HHS Region,7.0
202202,2021-22,Influenza Hospital Admissions Rate Per 100k,9,HHS Region,0.19
202202,2021-22,Influenza Hospital Admissions,9,HHS Region,98.0
202202,2021-22,Influenza Hospitalization (Avg 7 Day),9,HHS Region,80.0
202202,2021-22,Average patients with influenza in ICU,9,HHS Region,12.71
202202,2021-22,Influenza Hospital Admissions Rate Per 100k,10,HHS Region,0.1
202202,2021-22,Influenza Hospital Admissions,10,HHS Region,14.0
202202,2021-22,Influenza Hospitalization (Avg 7 Day),10,HHS Region,18.0
202202,2021-22,Average patients with influenza in ICU,10,HHS Region,3.71
202203,2021-22,Influenza Hospital Admissions Rate Per 100k,1,HHS Region,0.45
202203,2021-22,Influenza Hospital Admissions,1,HHS Region,67.0
202203,2021-22,Influenza Hospitalization (Avg 7 Day),1,HHS Region,34.71
202203,2021-22,Average patients with influenza in ICU,1,HHS Region,4.14
202203,2021-22,Influenza Hospital Admissions Rate Per 100k,2,HHS Region,0.2
202203,2021-22,Influenza Hospital Admissions,2,HHS Region,62.0
202203,2021-22,Influenza Hospitalization (Avg 7 Day),2,HHS Region,83.29
202203,2021-22,Average patients with influenza in ICU,2,HHS Region,18.86
202203,2021-22,Influenza Hospital Admissions Rate Per 100k,3,HHS Region,0.29
202203,2021-22,Influenza Hospital Admissions,3,HHS Region,91.0
202203,2021-22,Influenza Hospitalization (Avg 7 Day),3,HHS Region,91.86
202203,2021-22,Average patients with influenza in ICU,3,HHS Region,14.43
202203,2021-22,Influenza Hospital Admissions Rate Per 100k,4,HHS Region,0.36
202203,2021-22,Influenza Hospital Admissions,4,HHS Region,239.0
202203,2021-22,Influenza Hospitalization (Avg 7 Day),4,HHS Region,202.43
202203,2021-22,Average patients with influenza in ICU,4,HHS Region,42.43
202207,2021-22,Influenza Hospitalization (Avg 7 Day),10,HHS Region,13.14
202207,2021-22,Average patients with influenza in ICU,10,HHS Region,2.29
202208,2021-22,Influenza Hospital Admissions Rate Per 100k,1,HHS Region,0.3
202208,2021-22,Influenza Hospital Admissions,1,HHS Region,44.0
202208,2021-22,Influenza Hospitalization (Avg 7 Day),1,HHS Region,13.57
202208,2021-22,Average patients with influenza in ICU,1,HHS Region,1.57
202208,2021-22,Influenza Hospital Admissions Rate Per 100k,2,HHS Region,0.2
202208,2021-22,Influenza Hospital Admissions,2,HHS Region,64.0
202208,2021-22,Influenza Hospitalization (Avg 7 Day),2,HHS Region,49.86
202208,2021-22,Average patients with influenza in ICU,2,HHS Region,10.43
202208,2021-22,Influenza Hospital Admissions Rate Per 100k,3,HHS Region,0.41
202208,2021-22,Influenza Hospital Admissions,3,HHS Region,128.0
202208,2021-22,Influenza Hospitalization (Avg 7 Day),3,HHS Region,74.0
202208,2021-22,Average patients with influenza in ICU,3,HHS Region,8.43
202208,2021-22,Influenza Hospital Admissions Rate Per 100k,4,HHS Region,0.34
202208,2021-22,Influenza Hospital Admissions,4,HHS Region,228.0
202208,2021-22,Influenza Hospitalization (Avg 7 Day),4,HHS Region,196.43
202208,2021-22,Average patients with influenza in ICU,4,HHS Region,37.0
202208,2021-22,Influenza Hospital Admissions Rate Per 100k,5,HHS Region,0.39
202208,2021-22,Influenza Hospital Admissions,5,HHS Region,204.0
202208,2021-22,Influenza Hospitalization (Avg 7 Day),5,HHS Region,214.71
202208,2021-22,Average patients with influenza in ICU,5,HHS Region,23.43
202208,2021-22,Influenza Hospital Admissions Rate Per 100k,6,HHS Region,1.11
202208,2021-22,Influenza Hospital Admissions,6,HHS Region,473.0
202208,2021-22,Influenza Hospitalization (Avg 7 Day),6,HHS Region,192.86
202208,2021-22,Average patients with influenza in ICU,6,HHS Region,33.57
202208,2021-22,Influenza Hospital Admissions Rate Per 100k,7,HHS Region,1.29
202208,2021-22,Influenza Hospital Admissions,7,HHS Region,182.0
202208,2021-22,Influenza Hospitalization (Avg 7 Day),7,HHS Region,88.86
202208,2021-22,Average patients with influenza in ICU,7,HHS Region,10.14
202208,2021-22,Influenza Hospital Admissions Rate Per 100k,8,HHS Region,0.5
202208,2021-22,Influenza Hospital Admissions,8,HHS Region,61.0
202208,2021-22,Influenza Hospitalization (Avg 7 Day),8,HHS Region,45.0
202208,2021-22,Average patients with influenza in ICU,8,HHS Region,2.86
202208,2021-22,Influenza Hospital Admissions Rate Per 100k,9,HHS Region,0.19
202208,2021-22,Influenza Hospital Admissions,9,HHS Region,98.0
202208,2021-22,Influenza Hospitalization (Avg 7 Day),9,HHS Region,63.86
202208,2021-22,Average patients with influenza in ICU,9,HHS Region,8.71
202208,2021-22,Influenza Hospital Admissions Rate Per 100k,10,HHS Region,0.09
202208,2021-22,Influenza Hospital Admissions,10,HHS Region,13.0
202208,2021-22,Influenza Hospitalization (Avg 7 Day),10,HHS Region,13.43
202208,2021-22,Average patients with influenza in ICU,10,HHS Region,2.43
202209,2021-22,Influenza Hospital Admissions Rate Per 100k,1,HHS Region,0.14
202209,2021-22,Influenza Hospital Admissions,1,HHS Region,21.0
202209,2021-22,Influenza Hospitalization (Avg 7 Day),1,HHS Region,8.0
202209,2021-22,Average patients with influenza in ICU,1,HHS Region,1.29
202209,2021-22,Influenza Hospital Admissions Rate Per 100k,2,HHS Region,0.3
202209,2021-22,Influenza Hospital Admissions,2,HHS Region,96.0
202209,2021-22,Influenza Hospitalization (Avg 7 Day),2,HHS Region,56.43
202209,2021-22,Average patients with influenza in ICU,2,HHS Region,10.43
202209,2021-22,Influenza Hospital Admissions Rate Per 100k,3,HHS Region,0.46
202209,2021-22,Influenza Hospital Admissions,3,HHS Region,143.0
202209,2021-22,Influenza Hospitalization (Avg 7 Day),3,HHS Region,82.29
202209,2021-22,Average patients with influenza in ICU,3,HHS Region,9.14
202209,2021-22,Influenza Hospital Admissions Rate Per 100k,4,HHS Region,0.37
202215,2021-22,Influenza Hospitalization (Avg 7 Day),2,HHS Region,268.57
202215,2021-22,Average patients with influenza in ICU,2,HHS Region,28.86
202215,2021-22,Influenza Hospital Admissions Rate Per 100k,3,HHS Region,1.22
202215,2021-22,Influenza Hospital Admissions,3,HHS Region,375.0
202215,2021-22,Influenza Hospitalization (Avg 7 Day),3,HHS Region,218.0
202215,2021-22,Average patients with influenza in ICU,3,HHS Region,29.29
202215,2021-22,Influenza Hospital Admissions Rate Per 100k,4,HHS Region,0.65
202215,2021-22,Influenza Hospital Admissions,4,HHS Region,436.0
202215,2021-22,Influenza Hospitalization (Avg 7 Day),4,HHS Region,267.14
202215,2021-22,Average patients with influenza in ICU,4,HHS Region,51.57
202215,2021-22,Influenza Hospital Admissions Rate Per 100k,5,HHS Region,1.06
202215,2021-22,Influenza Hospital Admissions,5,HHS Region,559.0
202215,2021-22,Influenza Hospitalization (Avg 7 Day),5,HHS Region,664.71
202215,2021-22,Average patients with influenza in ICU,5,HHS Region,85.71
202215,2021-22,Influenza Hospital Admissions Rate Per 100k,6,HHS Region,1.25
202215,2021-22,Influenza Hospital Admissions,6,HHS Region,533.0
202215,2021-22,Influenza Hospitalization (Avg 7 Day),6,HHS Region,236.86
202215,2021-22,Average patients with influenza in ICU,6,HHS Region,41.43
202215,2021-22,Influenza Hospital Admissions Rate Per 100k,7,HHS Region,1.05
202215,2021-22,Influenza Hospital Admissions,7,HHS Region,149.0
202215,2021-22,Influenza Hospitalization (Avg 7 Day),7,HHS Region,111.0
202215,2021-22,Average patients with influenza in ICU,7,HHS Region,13.14
202215,2021-22,Influenza Hospital Admissions Rate Per 100k,8,HHS Region,1.53
202215,2021-22,Influenza Hospital Admissions,8,HHS Region,187.0
202215,2021-22,Influenza Hospitalization (Avg 7 Day),8,HHS Region,104.71
202215,2021-22,Average patients with influenza in ICU,8,HHS Region,8.0
202215,2021-22,Influenza Hospital Admissions Rate Per 100k,9,HHS Region,0.52
202215,2021-22,Influenza Hospital Admissions,9,HHS Region,267.0
202215,2021-22,Influenza Hospitalization (Avg 7 Day),9,HHS Region,140.57
202215,2021-22,Average patients with influenza in ICU,9,HHS Region,16.57
202215,2021-22,Influenza Hospital Admissions Rate Per 100k,10,HHS Region,0.43
202215,2021-22,Influenza Hospital Admissions,10,HHS Region,62.0
202215,2021-22,Influenza Hospitalization (Avg 7 Day),10,HHS Region,34.0
202215,2021-22,Average patients with influenza in ICU,10,HHS Region,3.86
202216,2021-22,Influenza Hospital Admissions Rate Per 100k,1,HHS Region,1.98
202216,2021-22,Influenza Hospital Admissions,1,HHS Region,294.0
202216,2021-22,Influenza Hospitalization (Avg 7 Day),1,HHS Region,178.71
202216,2021-22,Average patients with influenza in ICU,1,HHS Region,19.29
202216,2021-22,Influenza Hospital Admissions Rate Per 100k,2,HHS Region,1.62
202216,2021-22,Influenza Hospital Admissions,2,HHS Region,510.0
202216,2021-22,Influenza Hospitalization (Avg 7 Day),2,HHS Region,289.29
202216,2021-22,Average patients with influenza in ICU,2,HHS Region,27.86
202216,2021-22,Influenza Hospital Admissions Rate Per 100k,3,HHS Region,1.1
202216,2021-22,Influenza Hospital Admissions,3,HHS Region,340.0
202216,2021-22,Influenza Hospitalization (Avg 7 Day),3,HHS Region,207.71
202216,2021-22,Average patients with influenza in ICU,3,HHS Region,23.14
202216,2021-22,Influenza Hospital Admissions Rate Per 100k,4,HHS Region,0.6
202216,2021-22,Influenza Hospital Admissions,4,HHS Region,402.0
202216,2021-22,Influenza Hospitalization (Avg 7 Day),4,HHS Region,272.57
202216,2021-22,Average patients with influenza in ICU,4,HHS Region,48.86
202216,2021-22,Influenza Hospital Admissions Rate Per 100k,5,HHS Region,0.98
202216,2021-22,Influenza Hospital Admissions,5,HHS Region,517.0
202216,2021-22,Influenza Hospitalization (Avg 7 Day),5,HHS Region,646.14
202216,2021-22,Average patients with influenza in ICU,5,HHS Region,81.86
202216,2021-22,Influenza Hospital Admissions Rate Per 100k,6,HHS Region,1.2
202216,2021-22,Influenza Hospital Admissions,6,HHS Region,511.0
202216,2021-22,Influenza Hospitalization (Avg 7 Day),6,HHS Region,235.14
202216,2021-22,Average patients with influenza in ICU,6,HHS Region,41.86
202216,2021-22,Influenza Hospital Admissions Rate Per 100k,7,HHS Region,0.94
202223,2021-22,Average patients with influenza in ICU,10,HHS Region,9.86
202224,2021-22,Influenza Hospital Admissions Rate Per 100k,1,HHS Region,0.24
202224,2021-22,Influenza Hospital Admissions,1,HHS Region,36.0
202224,2021-22,Influenza Hospitalization (Avg 7 Day),1,HHS Region,53.86
202224,2021-22,Average patients with influenza in ICU,1,HHS Region,4.14
202224,2021-22,Influenza Hospital Admissions Rate Per 100k,2,HHS Region,0.49
202224,2021-22,Influenza Hospital Admissions,2,HHS Region,154.0
202224,2021-22,Influenza Hospitalization (Avg 7 Day),2,HHS Region,123.57
202224,2021-22,Average patients with influenza in ICU,2,HHS Region,19.86
202224,2021-22,Influenza Hospital Admissions Rate Per 100k,3,HHS Region,0.32
202224,2021-22,Influenza Hospital Admissions,3,HHS Region,99.0
202224,2021-22,Influenza Hospitalization (Avg 7 Day),3,HHS Region,82.86
202224,2021-22,Average patients with influenza in ICU,3,HHS Region,13.86
202224,2021-22,Influenza Hospital Admissions Rate Per 100k,4,HHS Region,0.93
202224,2021-22,Influenza Hospital Admissions,4,HHS Region,623.0
202224,2021-22,Influenza Hospitalization (Avg 7 Day),4,HHS Region,362.0
202224,2021-22,Average patients with influenza in ICU,4,HHS Region,69.86
202224,2021-22,Influenza Hospital Admissions Rate Per 100k,5,HHS Region,0.19
202224,2021-22,Influenza Hospital Admissions,5,HHS Region,98.0
202224,2021-22,Influenza Hospitalization (Avg 7 Day),5,HHS Region,542.29
202224,2021-22,Average patients with influenza in ICU,5,HHS Region,72.29
202224,2021-22,Influenza Hospital Admissions Rate Per 100k,6,HHS Region,0.4
202224,2021-22,Influenza Hospital Admissions,6,HHS Region,169.0
202224,2021-22,Influenza Hospitalization (Avg 7 Day),6,HHS Region,89.57
202224,2021-22,Average patients with influenza in ICU,6,HHS Region,21.0
202224,2021-22,Influenza Hospital Admissions Rate Per 100k,7,HHS Region,0.23
202224,2021-22,Influenza Hospital Admissions,7,HHS Region,32.0
202224,2021-22,Influenza Hospitalization (Avg 7 Day),7,HHS Region,24.57
202224,2021-22,Average patients with influenza in ICU,7,HHS Region,1.86
202224,2021-22,Influenza Hospital Admissions Rate Per 100k,8,HHS Region,0.24
202224,2021-22,Influenza Hospital Admissions,8,HHS Region,30.0
202224,2021-22,Influenza Hospitalization (Avg 7 Day),8,HHS Region,26.86
202224,2021-22,Average patients with influenza in ICU,8,HHS Region,1.0
202224,2021-22,Influenza Hospital Admissions Rate Per 100k,9,HHS Region,0.77
202224,2021-22,Influenza Hospital Admissions,9,HHS Region,395.0
202224,2021-22,Influenza Hospitalization (Avg 7 Day),9,HHS Region,263.14
202224,2021-22,Average patients with influenza in ICU,9,HHS Region,23.71
202224,2021-22,Influenza Hospital Admissions Rate Per 100k,10,HHS Region,0.42
202224,2021-22,Influenza Hospital Admissions,10,HHS Region,61.0
202224,2021-22,Influenza Hospitalization (Avg 7 Day),10,HHS Region,51.14
202224,2021-22,Average patients with influenza in ICU,10,HHS Region,8.57
202225,2021-22,Influenza Hospital Admissions Rate Per 100k,1,HHS Region,0.15
202225,2021-22,Influenza Hospital Admissions,1,HHS Region,23.0
202225,2021-22,Influenza Hospitalization (Avg 7 Day),1,HHS Region,30.14
202225,2021-22,Average patients with influenza in ICU,1,HHS Region,3.57
202225,2021-22,Influenza Hospital Admissions Rate Per 100k,2,HHS Region,0.33
202225,2021-22,Influenza Hospital Admissions,2,HHS Region,105.0
202225,2021-22,Influenza Hospitalization (Avg 7 Day),2,HHS Region,87.0
202225,2021-22,Average patients with influenza in ICU,2,HHS Region,13.14
202225,2021-22,Influenza Hospital Admissions Rate Per 100k,3,HHS Region,0.32
202225,2021-22,Influenza Hospital Admissions,3,HHS Region,100.0
202225,2021-22,Influenza Hospitalization (Avg 7 Day),3,HHS Region,67.14
202225,2021-22,Average patients with influenza in ICU,3,HHS Region,8.0
202225,2021-22,Influenza Hospital Admissions Rate Per 100k,4,HHS Region,0.7
202225,2021-22,Influenza Hospital Admissions,4,HHS Region,469.0
202232,2021-22,Influenza Hospital Admissions,8,HHS Region,20.0
202232,2021-22,Influenza Hospitalization (Avg 7 Day),8,HHS Region,4.14
202232,2021-22,Average patients with influenza in ICU,8,HHS Region,0.0
202232,2021-22,Influenza Hospital Admissions Rate Per 100k,9,HHS Region,0.09
202232,2021-22,Influenza Hospital Admissions,9,HHS Region,47.0
202232,2021-22,Influenza Hospitalization (Avg 7 Day),9,HHS Region,37.86
202232,2021-22,Average patients with influenza in ICU,9,HHS Region,5.0
202232,2021-22,Influenza Hospital Admissions Rate Per 100k,10,HHS Region,0.12
202232,2021-22,Influenza Hospital Admissions,10,HHS Region,17.0
202232,2021-22,Influenza Hospitalization (Avg 7 Day),10,HHS Region,16.43
202232,2021-22,Average patients with influenza in ICU,10,HHS Region,2.43
202233,2021-22,Influenza Hospital Admissions Rate Per 100k,1,HHS Region,0.03
202233,2021-22,Influenza Hospital Admissions,1,HHS Region,4.0
202233,2021-22,Influenza Hospitalization (Avg 7 Day),1,HHS Region,5.86
202233,2021-22,Average patients with influenza in ICU,1,HHS Region,1.57
202233,2021-22,Influenza Hospital Admissions Rate Per 100k,2,HHS Region,0.11
202233,2021-22,Influenza Hospital Admissions,2,HHS Region,36.0
202233,2021-22,Influenza Hospitalization (Avg 7 Day),2,HHS Region,42.29
202233,2021-22,Average patients with influenza in ICU,2,HHS Region,5.71
202233,2021-22,Influenza Hospital Admissions Rate Per 100k,3,HHS Region,0.2
202233,2021-22,Influenza Hospital Admissions,3,HHS Region,61.0
202233,2021-22,Influenza Hospitalization (Avg 7 Day),3,HHS Region,41.86
202233,2021-22,Average patients with influenza in ICU,3,HHS Region,5.29
202233,2021-22,Influenza Hospital Admissions Rate Per 100k,4,HHS Region,0.18
202233,2021-22,Influenza Hospital Admissions,4,HHS Region,122.0
202233,2021-22,Influenza Hospitalization (Avg 7 Day),4,HHS Region,110.86
202233,2021-22,Average patients with influenza in ICU,4,HHS Region,49.14
202233,2021-22,Influenza Hospital Admissions Rate Per 100k,5,HHS Region,0.07
202233,2021-22,Influenza Hospital Admissions,5,HHS Region,36.0
202233,2021-22,Influenza Hospitalization (Avg 7 Day),5,HHS Region,497.43
202233,2021-22,Average patients with influenza in ICU,5,HHS Region,65.71
202233,2021-22,Influenza Hospital Admissions Rate Per 100k,6,HHS Region,0.26
202233,2021-22,Influenza Hospital Admissions,6,HHS Region,110.0
202233,2021-22,Influenza Hospitalization (Avg 7 Day),6,HHS Region,53.86
202233,2021-22,Average patients with influenza in ICU,6,HHS Region,11.71
202233,2021-22,Influenza Hospital Admissions Rate Per 100k,7,HHS Region,0.19
202233,2021-22,Influenza Hospital Admissions,7,HHS Region,27.0
202233,2021-22,Influenza Hospitalization (Avg 7 Day),7,HHS Region,17.43
202233,2021-22,Average patients with influenza in ICU,7,HHS Region,0.86
202233,2021-22,Influenza Hospital Admissions Rate Per 100k,8,HHS Region,0.15
202233,2021-22,Influenza Hospital Admissions,8,HHS Region,19.0
202233,2021-22,Influenza Hospitalization (Avg 7 Day),8,HHS Region,6.14
202233,2021-22,Average patients with influenza in ICU,8,HHS Region,0.29
202233,2021-22,Influenza Hospital Admissions Rate Per 100k,9,HHS Region,0.09
202233,2021-22,Influenza Hospital Admissions,9,HHS Region,47.0
202233,2021-22,Influenza Hospitalization (Avg 7 Day),9,HHS Region,35.29
202233,2021-22,Average patients with influenza in ICU,9,HHS Region,5.29
202233,2021-22,Influenza Hospital Admissions Rate Per 100k,10,HHS Region,0.09
202233,2021-22,Influenza Hospital Admissions,10,HHS Region,13.0
202233,2021-22,Influenza Hospitalization (Avg 7 Day),10,HHS Region,13.86
202233,2021-22,Average patients with influenza in ICU,10,HHS Region,2.29
202234,2021-22,Influenza Hospital Admissions Rate Per 100k,1,HHS Region,0.07
202234,2021-22,Influenza Hospital Admissions,1,HHS Region,10.0
202234,2021-22,Influenza Hospitalization (Avg 7 Day),1,HHS Region,6.29
202234,2021-22,Average patients with influenza in ICU,1,HHS Region,1.71
202152,2021-22,Influenza Hospital Admissions Rate Per 100k,6,HHS Region,0.74
202152,2021-22,Influenza Hospital Admissions,6,HHS Region,318.0
202152,2021-22,Influenza Hospitalization (Avg 7 Day),6,HHS Region,146.57
202201,2021-22,Average patients with influenza in ICU,10,HHS Region,1.14
202203,2021-22,Influenza Hospital Admissions Rate Per 100k,5,HHS Region,0.33
202209,2021-22,Influenza Hospital Admissions,4,HHS Region,245.0
202216,2021-22,Influenza Hospital Admissions,7,HHS Region,133.0
202225,2021-22,Influenza Hospitalization (Avg 7 Day),4,HHS Region,295.71
202234,2021-22,Influenza Hospital Admissions Rate Per 100k,2,HHS Region,0.18
202143,2021-22,Average patients with influenza in ICU,2,HHS Region,4.71
202143,2021-22,Influenza Hospital Admissions Rate Per 100k,3,HHS Region,0.11
202143,2021-22,Influenza Hospital Admissions,3,HHS Region,35.0
202143,2021-22,Influenza Hospitalization (Avg 7 Day),3,HHS Region,33.43
202143,2021-22,Average patients with influenza in ICU,3,HHS Region,9.71
202143,2021-22,Influenza Hospital Admissions Rate Per 100k,4,HHS Region,0.16
202143,2021-22,Influenza Hospital Admissions,4,HHS Region,110.0
202143,2021-22,Influenza Hospitalization (Avg 7 Day),4,HHS Region,63.0
202143,2021-22,Average patients with influenza in ICU,4,HHS Region,19.14
202143,2021-22,Influenza Hospital Admissions Rate Per 100k,5,HHS Region,0.06
202143,2021-22,Influenza Hospital Admissions,5,HHS Region,32.0
202143,2021-22,Influenza Hospitalization (Avg 7 Day),5,HHS Region,20.0
202143,2021-22,Average patients with influenza in ICU,5,HHS Region,3.86
202143,2021-22,Influenza Hospital Admissions Rate Per 100k,6,HHS Region,0.06
202143,2021-22,Influenza Hospital Admissions,6,HHS Region,25.0
202143,2021-22,Influenza Hospitalization (Avg 7 Day),6,HHS Region,19.71
202143,2021-22,Average patients with influenza in ICU,6,HHS Region,3.0
202143,2021-22,Influenza Hospital Admissions Rate Per 100k,7,HHS Region,0.03
202143,2021-22,Influenza Hospital Admissions,7,HHS Region,4.0
202143,2021-22,Influenza Hospitalization (Avg 7 Day),7,HHS Region,4.57
202143,2021-22,Average patients with influenza in ICU,7,HHS Region,1.0
202143,2021-22,Influenza Hospital Admissions Rate Per 100k,8,HHS Region,0.05
202143,2021-22,Influenza Hospital Admissions,8,HHS Region,6.0
202143,2021-22,Influenza Hospitalization (Avg 7 Day),8,HHS Region,5.14
202143,2021-22,Average patients with influenza in ICU,8,HHS Region,0.14
202143,2021-22,Influenza Hospital Admissions Rate Per 100k,9,HHS Region,0.01
202143,2021-22,Influenza Hospital Admissions,9,HHS Region,7.0
202143,2021-22,Influenza Hospitalization (Avg 7 Day),9,HHS Region,11.86
202143,2021-22,Average patients with influenza in ICU,9,HHS Region,0.57
202143,2021-22,Influenza Hospital Admissions Rate Per 100k,10,HHS Region,0.02
202143,2021-22,Influenza Hospital Admissions,10,HHS Region,3.0
202143,2021-22,Influenza Hospitalization (Avg 7 Day),10,HHS Region,0.86
202143,2021-22,Average patients with influenza in ICU,10,HHS Region,0.43
202144,2021-22,Influenza Hospital Admissions Rate Per 100k,1,HHS Region,0.01
202144,2021-22,Influenza Hospital Admissions,1,HHS Region,1.0
202144,2021-22,Influenza Hospitalization (Avg 7 Day),1,HHS Region,1.43
202144,2021-22,Average patients with influenza in ICU,1,HHS Region,0.0
202144,2021-22,Influenza Hospital Admissions Rate Per 100k,2,HHS Region,0.15
202144,2021-22,Influenza Hospital Admissions,2,HHS Region,47.0
202144,2021-22,Influenza Hospitalization (Avg 7 Day),2,HHS Region,83.71
202144,2021-22,Average patients with influenza in ICU,2,HHS Region,5.71
202144,2021-22,Influenza Hospital Admissions Rate Per 100k,3,HHS Region,0.07
202144,2021-22,Influenza Hospital Admissions,3,HHS Region,23.0
202144,2021-22,Influenza Hospitalization (Avg 7 Day),3,HHS Region,27.57
202144,2021-22,Average patients with influenza in ICU,3,HHS Region,8.86
202144,2021-22,Influenza Hospital Admissions Rate Per 100k,4,HHS Region,0.2
202144,2021-22,Influenza Hospital Admissions,4,HHS Region,134.0
202144,2021-22,Influenza Hospitalization (Avg 7 Day),4,HHS Region,71.71
202144,2021-22,Average patients with influenza in ICU,4,HHS Region,19.0
202144,2021-22,Influenza Hospital Admissions Rate Per 100k,5,HHS Region,0.06
202144,2021-22,Influenza Hospital Admissions,5,HHS Region,32.0
202144,2021-22,Influenza Hospitalization (Avg 7 Day),5,HHS Region,17.14
202144,2021-22,Average patients with influenza in ICU,5,HHS Region,5.0
202144,2021-22,Influenza Hospital Admissions Rate Per 100k,6,HHS Region,0.09
202144,2021-22,Influenza Hospital Admissions,6,HHS Region,37.0
202144,2021-22,Influenza Hospitalization (Avg 7 Day),6,HHS Region,21.57
202144,2021-22,Average patients with influenza in ICU,6,HHS Region,4.29
202144,2021-22,Influenza Hospital Admissions Rate Per 100k,7,HHS Region,0.04
202144,2021-22,Influenza Hospital Admissions,7,HHS Region,5.0
202151,2021-22,Influenza Hospital Admissions,1,HHS Region,57.0
202151,2021-22,Influenza Hospitalization (Avg 7 Day),1,HHS Region,36.0
202151,2021-22,Average patients with influenza in ICU,1,HHS Region,1.71
202151,2021-22,Influenza Hospital Admissions Rate Per 100k,2,HHS Region,0.41
202151,2021-22,Influenza Hospital Admissions,2,HHS Region,131.0
202151,2021-22,Influenza Hospitalization (Avg 7 Day),2,HHS Region,178.0
202151,2021-22,Average patients with influenza in ICU,2,HHS Region,15.0
202151,2021-22,Influenza Hospital Admissions Rate Per 100k,3,HHS Region,0.55
202151,2021-22,Influenza Hospital Admissions,3,HHS Region,170.0
202151,2021-22,Influenza Hospitalization (Avg 7 Day),3,HHS Region,120.57
202151,2021-22,Average patients with influenza in ICU,3,HHS Region,18.29
202151,2021-22,Influenza Hospital Admissions Rate Per 100k,4,HHS Region,0.54
202151,2021-22,Influenza Hospital Admissions,4,HHS Region,359.0
202151,2021-22,Influenza Hospitalization (Avg 7 Day),4,HHS Region,206.29
202151,2021-22,Average patients with influenza in ICU,4,HHS Region,33.43
202151,2021-22,Influenza Hospital Admissions Rate Per 100k,5,HHS Region,0.75
202151,2021-22,Influenza Hospital Admissions,5,HHS Region,393.0
202151,2021-22,Influenza Hospitalization (Avg 7 Day),5,HHS Region,241.86
202151,2021-22,Average patients with influenza in ICU,5,HHS Region,21.0
202151,2021-22,Influenza Hospital Admissions Rate Per 100k,6,HHS Region,0.4
202151,2021-22,Influenza Hospital Admissions,6,HHS Region,169.0
202151,2021-22,Influenza Hospitalization (Avg 7 Day),6,HHS Region,88.43
202151,2021-22,Average patients with influenza in ICU,6,HHS Region,15.43
202151,2021-22,Influenza Hospital Admissions Rate Per 100k,7,HHS Region,0.87
202151,2021-22,Influenza Hospital Admissions,7,HHS Region,123.0
202151,2021-22,Influenza Hospitalization (Avg 7 Day),7,HHS Region,57.0
202151,2021-22,Average patients with influenza in ICU,7,HHS Region,10.86
202151,2021-22,Influenza Hospital Admissions Rate Per 100k,8,HHS Region,0.71
202151,2021-22,Influenza Hospital Admissions,8,HHS Region,87.0
202151,2021-22,Influenza Hospitalization (Avg 7 Day),8,HHS Region,46.86
202151,2021-22,Average patients with influenza in ICU,8,HHS Region,2.14
202151,2021-22,Influenza Hospital Admissions Rate Per 100k,9,HHS Region,0.32
202151,2021-22,Influenza Hospital Admissions,9,HHS Region,162.0
202151,2021-22,Influenza Hospitalization (Avg 7 Day),9,HHS Region,83.43
202151,2021-22,Average patients with influenza in ICU,9,HHS Region,4.86
202151,2021-22,Influenza Hospital Admissions Rate Per 100k,10,HHS Region,0.13
202151,2021-22,Influenza Hospital Admissions,10,HHS Region,18.0
202151,2021-22,Influenza Hospitalization (Avg 7 Day),10,HHS Region,7.0
202151,2021-22,Average patients with influenza in ICU,10,HHS Region,1.0
202152,2021-22,Influenza Hospital Admissions Rate Per 100k,1,HHS Region,0.6
202152,2021-22,Influenza Hospital Admissions,1,HHS Region,89.0
202152,2021-22,Influenza Hospitalization (Avg 7 Day),1,HHS Region,46.14
202152,2021-22,Average patients with influenza in ICU,1,HHS Region,2.43
202152,2021-22,Influenza Hospital Admissions Rate Per 100k,2,HHS Region,0.48
202152,2021-22,Influenza Hospital Admissions,2,HHS Region,153.0
202152,2021-22,Influenza Hospitalization (Avg 7 Day),2,HHS Region,169.14
202152,2021-22,Average patients with influenza in ICU,2,HHS Region,14.86
202152,2021-22,Influenza Hospital Admissions Rate Per 100k,3,HHS Region,0.65
202152,2021-22,Influenza Hospital Admissions,3,HHS Region,200.0
202152,2021-22,Influenza Hospitalization (Avg 7 Day),3,HHS Region,131.43
202152,2021-22,Average patients with influenza in ICU,3,HHS Region,16.71
202152,2021-22,Influenza Hospital Admissions Rate Per 100k,4,HHS Region,0.83
202152,2021-22,Influenza Hospital Admissions,4,HHS Region,555.0
202152,2021-22,Influenza Hospitalization (Avg 7 Day),4,HHS Region,304.29
202152,2021-22,Average patients with influenza in ICU,4,HHS Region,42.0
202152,2021-22,Influenza Hospital Admissions Rate Per 100k,5,HHS Region,1.19
202152,2021-22,Influenza Hospital Admissions,5,HHS Region,623.0
202152,2021-22,Influenza Hospitalization (Avg 7 Day),5,HHS Region,373.0
202152,2021-22,Average patients with influenza in ICU,5,HHS Region,37.71
202203,2021-22,Influenza Hospital Admissions,5,HHS Region,174.0
202203,2021-22,Influenza Hospitalization (Avg 7 Day),5,HHS Region,198.86
202203,2021-22,Average patients with influenza in ICU,5,HHS Region,27.14
202203,2021-22,Influenza Hospital Admissions Rate Per 100k,6,HHS Region,0.28
202203,2021-22,Influenza Hospital Admissions,6,HHS Region,118.0
202203,2021-22,Influenza Hospitalization (Avg 7 Day),6,HHS Region,97.57
202203,2021-22,Average patients with influenza in ICU,6,HHS Region,19.0
202203,2021-22,Influenza Hospital Admissions Rate Per 100k,7,HHS Region,0.68
202203,2021-22,Influenza Hospital Admissions,7,HHS Region,96.0
202203,2021-22,Influenza Hospitalization (Avg 7 Day),7,HHS Region,71.57
202203,2021-22,Average patients with influenza in ICU,7,HHS Region,10.43
202203,2021-22,Influenza Hospital Admissions Rate Per 100k,8,HHS Region,0.58
202203,2021-22,Influenza Hospital Admissions,8,HHS Region,71.0
202203,2021-22,Influenza Hospitalization (Avg 7 Day),8,HHS Region,71.86
202203,2021-22,Average patients with influenza in ICU,8,HHS Region,10.29
202203,2021-22,Influenza Hospital Admissions Rate Per 100k,9,HHS Region,0.17
202203,2021-22,Influenza Hospital Admissions,9,HHS Region,86.0
202203,2021-22,Influenza Hospitalization (Avg 7 Day),9,HHS Region,73.14
202203,2021-22,Average patients with influenza in ICU,9,HHS Region,12.0
202203,2021-22,Influenza Hospital Admissions Rate Per 100k,10,HHS Region,0.1
202203,2021-22,Influenza Hospital Admissions,10,HHS Region,15.0
202203,2021-22,Influenza Hospitalization (Avg 7 Day),10,HHS Region,15.86
202203,2021-22,Average patients with influenza in ICU,10,HHS Region,3.43
202204,2021-22,Influenza Hospital Admissions Rate Per 100k,1,HHS Region,0.23
202204,2021-22,Influenza Hospital Admissions,1,HHS Region,34.0
202204,2021-22,Influenza Hospitalization (Avg 7 Day),1,HHS Region,27.57
202204,2021-22,Average patients with influenza in ICU,1,HHS Region,5.43
202204,2021-22,Influenza Hospital Admissions Rate Per 100k,2,HHS Region,0.17
202204,2021-22,Influenza Hospital Admissions,2,HHS Region,53.0
202204,2021-22,Influenza Hospitalization (Avg 7 Day),2,HHS Region,72.43
202204,2021-22,Average patients with influenza in ICU,2,HHS Region,15.57
202204,2021-22,Influenza Hospital Admissions Rate Per 100k,3,HHS Region,0.25
202204,2021-22,Influenza Hospital Admissions,3,HHS Region,78.0
202204,2021-22,Influenza Hospitalization (Avg 7 Day),3,HHS Region,62.71
202204,2021-22,Average patients with influenza in ICU,3,HHS Region,9.43
202204,2021-22,Influenza Hospital Admissions Rate Per 100k,4,HHS Region,0.26
202204,2021-22,Influenza Hospital Admissions,4,HHS Region,176.0
202204,2021-22,Influenza Hospitalization (Avg 7 Day),4,HHS Region,166.57
202204,2021-22,Average patients with influenza in ICU,4,HHS Region,41.86
202204,2021-22,Influenza Hospital Admissions Rate Per 100k,5,HHS Region,0.27
202204,2021-22,Influenza Hospital Admissions,5,HHS Region,144.0
202204,2021-22,Influenza Hospitalization (Avg 7 Day),5,HHS Region,168.43
202204,2021-22,Average patients with influenza in ICU,5,HHS Region,18.86
202204,2021-22,Influenza Hospital Admissions Rate Per 100k,6,HHS Region,0.27
202204,2021-22,Influenza Hospital Admissions,6,HHS Region,116.0
202204,2021-22,Influenza Hospitalization (Avg 7 Day),6,HHS Region,93.43
202204,2021-22,Average patients with influenza in ICU,6,HHS Region,21.71
202204,2021-22,Influenza Hospital Admissions Rate Per 100k,7,HHS Region,0.6
202204,2021-22,Influenza Hospital Admissions,7,HHS Region,85.0
202204,2021-22,Influenza Hospitalization (Avg 7 Day),7,HHS Region,57.71
202204,2021-22,Average patients with influenza in ICU,7,HHS Region,7.14
202204,2021-22,Influenza Hospital Admissions Rate Per 100k,8,HHS Region,0.36
202204,2021-22,Influenza Hospital Admissions,8,HHS Region,44.0
202204,2021-22,Influenza Hospitalization (Avg 7 Day),8,HHS Region,54.71
202204,2021-22,Average patients with influenza in ICU,8,HHS Region,9.0
202204,2021-22,Influenza Hospital Admissions Rate Per 100k,9,HHS Region,0.11
202204,2021-22,Influenza Hospital Admissions,9,HHS Region,56.0
202204,2021-22,Influenza Hospitalization (Avg 7 Day),9,HHS Region,54.29
202204,2021-22,Average patients with influenza in ICU,9,HHS Region,8.71
202209,2021-22,Influenza Hospitalization (Avg 7 Day),4,HHS Region,184.14
202209,2021-22,Average patients with influenza in ICU,4,HHS Region,40.0
202209,2021-22,Influenza Hospital Admissions Rate Per 100k,5,HHS Region,0.55
202209,2021-22,Influenza Hospital Admissions,5,HHS Region,290.0
202209,2021-22,Influenza Hospitalization (Avg 7 Day),5,HHS Region,249.14
202209,2021-22,Average patients with influenza in ICU,5,HHS Region,20.86
202209,2021-22,Influenza Hospital Admissions Rate Per 100k,6,HHS Region,1.13
202209,2021-22,Influenza Hospital Admissions,6,HHS Region,482.0
202209,2021-22,Influenza Hospitalization (Avg 7 Day),6,HHS Region,214.14
202209,2021-22,Average patients with influenza in ICU,6,HHS Region,39.43
202209,2021-22,Influenza Hospital Admissions Rate Per 100k,7,HHS Region,1.48
202209,2021-22,Influenza Hospital Admissions,7,HHS Region,209.0
202209,2021-22,Influenza Hospitalization (Avg 7 Day),7,HHS Region,92.29
202209,2021-22,Average patients with influenza in ICU,7,HHS Region,12.71
202209,2021-22,Influenza Hospital Admissions Rate Per 100k,8,HHS Region,0.69
202209,2021-22,Influenza Hospital Admissions,8,HHS Region,85.0
202209,2021-22,Influenza Hospitalization (Avg 7 Day),8,HHS Region,63.43
202209,2021-22,Average patients with influenza in ICU,8,HHS Region,4.14
202209,2021-22,Influenza Hospital Admissions Rate Per 100k,9,HHS Region,0.25
202209,2021-22,Influenza Hospital Admissions,9,HHS Region,129.0
202209,2021-22,Influenza Hospitalization (Avg 7 Day),9,HHS Region,71.71
202209,2021-22,Average patients with influenza in ICU,9,HHS Region,8.29
202209,2021-22,Influenza Hospital Admissions Rate Per 100k,10,HHS Region,0.11
202209,2021-22,Influenza Hospital Admissions,10,HHS Region,16.0
202209,2021-22,Influenza Hospitalization (Avg 7 Day),10,HHS Region,17.86
202209,2021-22,Average patients with influenza in ICU,10,HHS Region,1.71
202210,2021-22,Influenza Hospital Admissions Rate Per 100k,1,HHS Region,0.32
202210,2021-22,Influenza Hospital Admissions,1,HHS Region,47.0
202210,2021-22,Influenza Hospitalization (Avg 7 Day),1,HHS Region,17.43
202210,2021-22,Average patients with influenza in ICU,1,HHS Region,0.86
202210,2021-22,Influenza Hospital Admissions Rate Per 100k,2,HHS Region,0.33
202210,2021-22,Influenza Hospital Admissions,2,HHS Region,103.0
202210,2021-22,Influenza Hospitalization (Avg 7 Day),2,HHS Region,56.0
202210,2021-22,Average patients with influenza in ICU,2,HHS Region,10.0
202210,2021-22,Influenza Hospital Admissions Rate Per 100k,3,HHS Region,0.47
202210,2021-22,Influenza Hospital Admissions,3,HHS Region,145.0
202210,2021-22,Influenza Hospitalization (Avg 7 Day),3,HHS Region,88.29
202210,2021-22,Average patients with influenza in ICU,3,HHS Region,10.71
202210,2021-22,Influenza Hospital Admissions Rate Per 100k,4,HHS Region,0.39
202210,2021-22,Influenza Hospital Admissions,4,HHS Region,260.0
202210,2021-22,Influenza Hospitalization (Avg 7 Day),4,HHS Region,192.29
202210,2021-22,Average patients with influenza in ICU,4,HHS Region,39.57
202210,2021-22,Influenza Hospital Admissions Rate Per 100k,5,HHS Region,0.73
202210,2021-22,Influenza Hospital Admissions,5,HHS Region,386.0
202210,2021-22,Influenza Hospitalization (Avg 7 Day),5,HHS Region,304.14
202210,2021-22,Average patients with influenza in ICU,5,HHS Region,30.14
202210,2021-22,Influenza Hospital Admissions Rate Per 100k,6,HHS Region,1.45
202210,2021-22,Influenza Hospital Admissions,6,HHS Region,618.0
202210,2021-22,Influenza Hospitalization (Avg 7 Day),6,HHS Region,283.43
202210,2021-22,Average patients with influenza in ICU,6,HHS Region,44.14
202210,2021-22,Influenza Hospital Admissions Rate Per 100k,7,HHS Region,1.43
202210,2021-22,Influenza Hospital Admissions,7,HHS Region,202.0
202210,2021-22,Influenza Hospitalization (Avg 7 Day),7,HHS Region,117.29
202210,2021-22,Average patients with influenza in ICU,7,HHS Region,13.14
202210,2021-22,Influenza Hospital Admissions Rate Per 100k,8,HHS Region,0.73
202210,2021-22,Influenza Hospital Admissions,8,HHS Region,89.0
202210,2021-22,Influenza Hospitalization (Avg 7 Day),8,HHS Region,65.71
202210,2021-22,Average patients with influenza in ICU,8,HHS Region,5.57
202210,2021-22,Influenza Hospital Admissions Rate Per 100k,9,HHS Region,0.27
202216,2021-22,Influenza Hospitalization (Avg 7 Day),7,HHS Region,90.71
202216,2021-22,Average patients with influenza in ICU,7,HHS Region,12.0
202216,2021-22,Influenza Hospital Admissions Rate Per 100k,8,HHS Region,1.79
202216,2021-22,Influenza Hospital Admissions,8,HHS Region,219.0
202216,2021-22,Influenza Hospitalization (Avg 7 Day),8,HHS Region,119.43
202216,2021-22,Average patients with influenza in ICU,8,HHS Region,8.14
202216,2021-22,Influenza Hospital Admissions Rate Per 100k,9,HHS Region,0.69
202216,2021-22,Influenza Hospital Admissions,9,HHS Region,353.0
202216,2021-22,Influenza Hospitalization (Avg 7 Day),9,HHS Region,173.0
202216,2021-22,Average patients with influenza in ICU,9,HHS Region,23.0
202216,2021-22,Influenza Hospital Admissions Rate Per 100k,10,HHS Region,0.56
202216,2021-22,Influenza Hospital Admissions,10,HHS Region,80.0
202216,2021-22,Influenza Hospitalization (Avg 7 Day),10,HHS Region,36.71
202216,2021-22,Average patients with influenza in ICU,10,HHS Region,3.14
202217,2021-22,Influenza Hospital Admissions Rate Per 100k,1,HHS Region,2.05
202217,2021-22,Influenza Hospital Admissions,1,HHS Region,305.0
202217,2021-22,Influenza Hospitalization (Avg 7 Day),1,HHS Region,203.57
202217,2021-22,Average patients with influenza in ICU,1,HHS Region,16.57
202217,2021-22,Influenza Hospital Admissions Rate Per 100k,2,HHS Region,1.37
202217,2021-22,Influenza Hospital Admissions,2,HHS Region,434.0
202217,2021-22,Influenza Hospitalization (Avg 7 Day),2,HHS Region,326.57
202217,2021-22,Average patients with influenza in ICU,2,HHS Region,27.71
202217,2021-22,Influenza Hospital Admissions Rate Per 100k,3,HHS Region,1.03
202217,2021-22,Influenza Hospital Admissions,3,HHS Region,318.0
202217,2021-22,Influenza Hospitalization (Avg 7 Day),3,HHS Region,205.57
202217,2021-22,Average patients with influenza in ICU,3,HHS Region,26.57
202217,2021-22,Influenza Hospital Admissions Rate Per 100k,4,HHS Region,0.67
202217,2021-22,Influenza Hospital Admissions,4,HHS Region,451.0
202217,2021-22,Influenza Hospitalization (Avg 7 Day),4,HHS Region,271.86
202217,2021-22,Average patients with influenza in ICU,4,HHS Region,52.57
202217,2021-22,Influenza Hospital Admissions Rate Per 100k,5,HHS Region,0.96
202217,2021-22,Influenza Hospital Admissions,5,HHS Region,506.0
202217,2021-22,Influenza Hospitalization (Avg 7 Day),5,HHS Region,682.43
202217,2021-22,Average patients with influenza in ICU,5,HHS Region,81.86
202217,2021-22,Influenza Hospital Admissions Rate Per 100k,6,HHS Region,0.74
202217,2021-22,Influenza Hospital Admissions,6,HHS Region,316.0
202217,2021-22,Influenza Hospitalization (Avg 7 Day),6,HHS Region,198.14
202217,2021-22,Average patients with influenza in ICU,6,HHS Region,40.57
202217,2021-22,Influenza Hospital Admissions Rate Per 100k,7,HHS Region,0.76
202217,2021-22,Influenza Hospital Admissions,7,HHS Region,108.0
202217,2021-22,Influenza Hospitalization (Avg 7 Day),7,HHS Region,89.29
202217,2021-22,Average patients with influenza in ICU,7,HHS Region,8.29
202217,2021-22,Influenza Hospital Admissions Rate Per 100k,8,HHS Region,1.61
202217,2021-22,Influenza Hospital Admissions,8,HHS Region,197.0
202217,2021-22,Influenza Hospitalization (Avg 7 Day),8,HHS Region,100.29
202217,2021-22,Average patients with influenza in ICU,8,HHS Region,10.0
202217,2021-22,Influenza Hospital Admissions Rate Per 100k,9,HHS Region,0.79
202217,2021-22,Influenza Hospital Admissions,9,HHS Region,404.0
202217,2021-22,Influenza Hospitalization (Avg 7 Day),9,HHS Region,197.43
202217,2021-22,Average patients with influenza in ICU,9,HHS Region,15.86
202217,2021-22,Influenza Hospital Admissions Rate Per 100k,10,HHS Region,0.56
202217,2021-22,Influenza Hospital Admissions,10,HHS Region,80.0
202217,2021-22,Influenza Hospitalization (Avg 7 Day),10,HHS Region,41.71
202217,2021-22,Average patients with influenza in ICU,10,HHS Region,5.57
202218,2021-22,Influenza Hospital Admissions Rate Per 100k,1,HHS Region,1.94
202215,2021-22,Influenza Hospital Admissions Rate Per 100k,1,HHS Region,1.77
202215,2021-22,Influenza Hospital Admissions,1,HHS Region,263.0
202215,2021-22,Influenza Hospitalization (Avg 7 Day),1,HHS Region,149.14
202215,2021-22,Average patients with influenza in ICU,1,HHS Region,12.14
202215,2021-22,Influenza Hospital Admissions Rate Per 100k,2,HHS Region,1.31
202218,2021-22,Influenza Hospital Admissions,1,HHS Region,288.0
202218,2021-22,Influenza Hospitalization (Avg 7 Day),1,HHS Region,203.0
202218,2021-22,Average patients with influenza in ICU,1,HHS Region,19.29
202218,2021-22,Influenza Hospital Admissions Rate Per 100k,2,HHS Region,1.21
202218,2021-22,Influenza Hospital Admissions,2,HHS Region,382.0
202218,2021-22,Influenza Hospitalization (Avg 7 Day),2,HHS Region,293.43
202218,2021-22,Average patients with influenza in ICU,2,HHS Region,28.86
202218,2021-22,Influenza Hospital Admissions Rate Per 100k,3,HHS Region,0.85
202218,2021-22,Influenza Hospital Admissions,3,HHS Region,263.0
202218,2021-22,Influenza Hospitalization (Avg 7 Day),3,HHS Region,181.86
202218,2021-22,Average patients with influenza in ICU,3,HHS Region,22.29
202218,2021-22,Influenza Hospital Admissions Rate Per 100k,4,HHS Region,0.64
202218,2021-22,Influenza Hospital Admissions,4,HHS Region,431.0
202218,2021-22,Influenza Hospitalization (Avg 7 Day),4,HHS Region,273.0
202218,2021-22,Average patients with influenza in ICU,4,HHS Region,54.43
202218,2021-22,Influenza Hospital Admissions Rate Per 100k,5,HHS Region,0.97
202218,2021-22,Influenza Hospital Admissions,5,HHS Region,512.0
202218,2021-22,Influenza Hospitalization (Avg 7 Day),5,HHS Region,690.86
202218,2021-22,Average patients with influenza in ICU,5,HHS Region,87.43
202218,2021-22,Influenza Hospital Admissions Rate Per 100k,6,HHS Region,0.61
202218,2021-22,Influenza Hospital Admissions,6,HHS Region,259.0
202218,2021-22,Influenza Hospitalization (Avg 7 Day),6,HHS Region,156.57
202218,2021-22,Average patients with influenza in ICU,6,HHS Region,32.57
202218,2021-22,Influenza Hospital Admissions Rate Per 100k,7,HHS Region,0.71
202218,2021-22,Influenza Hospital Admissions,7,HHS Region,101.0
202218,2021-22,Influenza Hospitalization (Avg 7 Day),7,HHS Region,70.0
202218,2021-22,Average patients with influenza in ICU,7,HHS Region,8.71
202218,2021-22,Influenza Hospital Admissions Rate Per 100k,8,HHS Region,2.43
202218,2021-22,Influenza Hospital Admissions,8,HHS Region,298.0
202218,2021-22,Influenza Hospitalization (Avg 7 Day),8,HHS Region,110.71
202218,2021-22,Average patients with influenza in ICU,8,HHS Region,14.14
202218,2021-22,Influenza Hospital Admissions Rate Per 100k,9,HHS Region,0.79
202218,2021-22,Influenza Hospital Admissions,9,HHS Region,404.0
202218,2021-22,Influenza Hospitalization (Avg 7 Day),9,HHS Region,225.29
202218,2021-22,Average patients with influenza in ICU,9,HHS Region,16.86
202218,2021-22,Influenza Hospital Admissions Rate Per 100k,10,HHS Region,0.73
202218,2021-22,Influenza Hospital Admissions,10,HHS Region,105.0
202218,2021-22,Influenza Hospitalization (Avg 7 Day),10,HHS Region,55.71
202218,2021-22,Average patients with influenza in ICU,10,HHS Region,5.71
202219,2021-22,Influenza Hospital Admissions Rate Per 100k,1,HHS Region,2.0
202219,2021-22,Influenza Hospital Admissions,1,HHS Region,297.0
202219,2021-22,Influenza Hospitalization (Avg 7 Day),1,HHS Region,205.71
202219,2021-22,Average patients with influenza in ICU,1,HHS Region,14.43
202219,2021-22,Influenza Hospital Admissions Rate Per 100k,2,HHS Region,0.97
202219,2021-22,Influenza Hospital Admissions,2,HHS Region,307.0
202219,2021-22,Influenza Hospitalization (Avg 7 Day),2,HHS Region,246.71
202219,2021-22,Average patients with influenza in ICU,2,HHS Region,24.0
202219,2021-22,Influenza Hospital Admissions Rate Per 100k,3,HHS Region,0.96
202219,2021-22,Influenza Hospital Admissions,3,HHS Region,296.0
202219,2021-22,Influenza Hospitalization (Avg 7 Day),3,HHS Region,176.14
202219,2021-22,Average patients with influenza in ICU,3,HHS Region,22.43
202219,2021-22,Influenza Hospital Admissions Rate Per 100k,4,HHS Region,0.73
202219,2021-22,Influenza Hospital Admissions,4,HHS Region,488.0
202219,2021-22,Influenza Hospitalization (Avg 7 Day),4,HHS Region,281.71
202219,2021-22,Average patients with influenza in ICU,4,HHS Region,44.86
202219,2021-22,Influenza Hospital Admissions Rate Per 100k,5,HHS Region,0.89
202219,2021-22,Influenza Hospital Admissions,5,HHS Region,470.0
202219,2021-22,Influenza Hospitalization (Avg 7 Day),5,HHS Region,708.71
202219,2021-22,Average patients with influenza in ICU,5,HHS Region,89.29
202219,2021-22,Influenza Hospital Admissions Rate Per 100k,6,HHS Region,0.62
202225,2021-22,Average patients with influenza in ICU,4,HHS Region,74.14
202225,2021-22,Influenza Hospital Admissions Rate Per 100k,5,HHS Region,0.13
202225,2021-22,Influenza Hospital Admissions,5,HHS Region,69.0
202225,2021-22,Influenza Hospitalization (Avg 7 Day),5,HHS Region,536.86
202225,2021-22,Average patients with influenza in ICU,5,HHS Region,68.14
202225,2021-22,Influenza Hospital Admissions Rate Per 100k,6,HHS Region,0.34
202225,2021-22,Influenza Hospital Admissions,6,HHS Region,147.0
202225,2021-22,Influenza Hospitalization (Avg 7 Day),6,HHS Region,82.71
202225,2021-22,Average patients with influenza in ICU,6,HHS Region,18.43
202225,2021-22,Influenza Hospital Admissions Rate Per 100k,7,HHS Region,0.23
202225,2021-22,Influenza Hospital Admissions,7,HHS Region,33.0
202225,2021-22,Influenza Hospitalization (Avg 7 Day),7,HHS Region,25.57
202225,2021-22,Average patients with influenza in ICU,7,HHS Region,2.14
202225,2021-22,Influenza Hospital Admissions Rate Per 100k,8,HHS Region,0.11
202225,2021-22,Influenza Hospital Admissions,8,HHS Region,14.0
202225,2021-22,Influenza Hospitalization (Avg 7 Day),8,HHS Region,9.14
202225,2021-22,Average patients with influenza in ICU,8,HHS Region,0.14
202225,2021-22,Influenza Hospital Admissions Rate Per 100k,9,HHS Region,0.58
202225,2021-22,Influenza Hospital Admissions,9,HHS Region,298.0
202225,2021-22,Influenza Hospitalization (Avg 7 Day),9,HHS Region,213.0
202225,2021-22,Average patients with influenza in ICU,9,HHS Region,21.71
202225,2021-22,Influenza Hospital Admissions Rate Per 100k,10,HHS Region,0.53
202225,2021-22,Influenza Hospital Admissions,10,HHS Region,76.0
202225,2021-22,Influenza Hospitalization (Avg 7 Day),10,HHS Region,54.0
202225,2021-22,Average patients with influenza in ICU,10,HHS Region,5.71
202226,2021-22,Influenza Hospital Admissions Rate Per 100k,1,HHS Region,0.12
202226,2021-22,Influenza Hospital Admissions,1,HHS Region,18.0
202226,2021-22,Influenza Hospitalization (Avg 7 Day),1,HHS Region,18.86
202226,2021-22,Average patients with influenza in ICU,1,HHS Region,1.57
202226,2021-22,Influenza Hospital Admissions Rate Per 100k,2,HHS Region,0.25
202226,2021-22,Influenza Hospital Admissions,2,HHS Region,80.0
202226,2021-22,Influenza Hospitalization (Avg 7 Day),2,HHS Region,71.14
202226,2021-22,Average patients with influenza in ICU,2,HHS Region,9.0
202226,2021-22,Influenza Hospital Admissions Rate Per 100k,3,HHS Region,0.29
202226,2021-22,Influenza Hospital Admissions,3,HHS Region,89.0
202226,2021-22,Influenza Hospitalization (Avg 7 Day),3,HHS Region,64.86
202226,2021-22,Average patients with influenza in ICU,3,HHS Region,9.43
202226,2021-22,Influenza Hospital Admissions Rate Per 100k,4,HHS Region,0.5
202226,2021-22,Influenza Hospital Admissions,4,HHS Region,332.0
202226,2021-22,Influenza Hospitalization (Avg 7 Day),4,HHS Region,247.29
202226,2021-22,Average patients with influenza in ICU,4,HHS Region,64.71
202226,2021-22,Influenza Hospital Admissions Rate Per 100k,5,HHS Region,0.1
202226,2021-22,Influenza Hospital Admissions,5,HHS Region,50.0
202226,2021-22,Influenza Hospitalization (Avg 7 Day),5,HHS Region,523.14
202226,2021-22,Average patients with influenza in ICU,5,HHS Region,65.0
202226,2021-22,Influenza Hospital Admissions Rate Per 100k,6,HHS Region,0.3
202226,2021-22,Influenza Hospital Admissions,6,HHS Region,129.0
202226,2021-22,Influenza Hospitalization (Avg 7 Day),6,HHS Region,70.43
202226,2021-22,Average patients with influenza in ICU,6,HHS Region,17.29
202226,2021-22,Influenza Hospital Admissions Rate Per 100k,7,HHS Region,0.19
202226,2021-22,Influenza Hospital Admissions,7,HHS Region,27.0
202226,2021-22,Influenza Hospitalization (Avg 7 Day),7,HHS Region,21.57
202226,2021-22,Average patients with influenza in ICU,7,HHS Region,2.29
202226,2021-22,Influenza Hospital Admissions Rate Per 100k,8,HHS Region,0.2
202226,2021-22,Influenza Hospital Admissions,8,HHS Region,24.0
202226,2021-22,Influenza Hospitalization (Avg 7 Day),8,HHS Region,13.29
202226,2021-22,Average patients with influenza in ICU,8,HHS Region,1.71
202226,2021-22,Influenza Hospital Admissions Rate Per 100k,9,HHS Region,0.42
202226,2021-22,Influenza Hospital Admissions,9,HHS Region,217.0
202234,2021-22,Influenza Hospital Admissions,2,HHS Region,58.0
202234,2021-22,Influenza Hospitalization (Avg 7 Day),2,HHS Region,45.57
202234,2021-22,Average patients with influenza in ICU,2,HHS Region,7.29
202234,2021-22,Influenza Hospital Admissions Rate Per 100k,3,HHS Region,0.14
202234,2021-22,Influenza Hospital Admissions,3,HHS Region,42.0
202234,2021-22,Influenza Hospitalization (Avg 7 Day),3,HHS Region,38.86
202234,2021-22,Average patients with influenza in ICU,3,HHS Region,4.14
202234,2021-22,Influenza Hospital Admissions Rate Per 100k,4,HHS Region,0.2
202234,2021-22,Influenza Hospital Admissions,4,HHS Region,136.0
202234,2021-22,Influenza Hospitalization (Avg 7 Day),4,HHS Region,118.86
202234,2021-22,Average patients with influenza in ICU,4,HHS Region,50.57
202234,2021-22,Influenza Hospital Admissions Rate Per 100k,5,HHS Region,0.09
202234,2021-22,Influenza Hospital Admissions,5,HHS Region,46.0
202234,2021-22,Influenza Hospitalization (Avg 7 Day),5,HHS Region,509.71
202234,2021-22,Average patients with influenza in ICU,5,HHS Region,66.0
202234,2021-22,Influenza Hospital Admissions Rate Per 100k,6,HHS Region,0.22
202234,2021-22,Influenza Hospital Admissions,6,HHS Region,95.0
202234,2021-22,Influenza Hospitalization (Avg 7 Day),6,HHS Region,62.0
202234,2021-22,Average patients with influenza in ICU,6,HHS Region,13.86
202234,2021-22,Influenza Hospital Admissions Rate Per 100k,7,HHS Region,0.1
202234,2021-22,Influenza Hospital Admissions,7,HHS Region,14.0
202234,2021-22,Influenza Hospitalization (Avg 7 Day),7,HHS Region,20.29
202234,2021-22,Average patients with influenza in ICU,7,HHS Region,1.0
202234,2021-22,Influenza Hospital Admissions Rate Per 100k,8,HHS Region,0.07
202234,2021-22,Influenza Hospital Admissions,8,HHS Region,8.0
202234,2021-22,Influenza Hospitalization (Avg 7 Day),8,HHS Region,4.43
202234,2021-22,Average patients with influenza in ICU,8,HHS Region,0.43
202234,2021-22,Influenza Hospital Admissions Rate Per 100k,9,HHS Region,0.09
202234,2021-22,Influenza Hospital Admissions,9,HHS Region,46.0
202234,2021-22,Influenza Hospitalization (Avg 7 Day),9,HHS Region,33.29
202234,2021-22,Average patients with influenza in ICU,9,HHS Region,6.71
202234,2021-22,Influenza Hospital Admissions Rate Per 100k,10,HHS Region,0.05
202234,2021-22,Influenza Hospital Admissions,10,HHS Region,7.0
202234,2021-22,Influenza Hospitalization (Avg 7 Day),10,HHS Region,7.71
202234,2021-22,Average patients with influenza in ICU,10,HHS Region,0.29
202235,2021-22,Influenza Hospital Admissions Rate Per 100k,1,HHS Region,0.06
202235,2021-22,Influenza Hospital Admissions,1,HHS Region,9.0
202235,2021-22,Influenza Hospitalization (Avg 7 Day),1,HHS Region,7.29
202235,2021-22,Average patients with influenza in ICU,1,HHS Region,3.57
202235,2021-22,Influenza Hospital Admissions Rate Per 100k,2,HHS Region,0.19
202235,2021-22,Influenza Hospital Admissions,2,HHS Region,59.0
202235,2021-22,Influenza Hospitalization (Avg 7 Day),2,HHS Region,49.0
202235,2021-22,Average patients with influenza in ICU,2,HHS Region,3.0
202235,2021-22,Influenza Hospital Admissions Rate Per 100k,3,HHS Region,0.18
202235,2021-22,Influenza Hospital Admissions,3,HHS Region,54.0
202235,2021-22,Influenza Hospitalization (Avg 7 Day),3,HHS Region,36.86
202235,2021-22,Average patients with influenza in ICU,3,HHS Region,5.0
202235,2021-22,Influenza Hospital Admissions Rate Per 100k,4,HHS Region,0.2
202235,2021-22,Influenza Hospital Admissions,4,HHS Region,133.0
202235,2021-22,Influenza Hospitalization (Avg 7 Day),4,HHS Region,113.86
202235,2021-22,Average patients with influenza in ICU,4,HHS Region,45.71
202235,2021-22,Influenza Hospital Admissions Rate Per 100k,5,HHS Region,0.09
202235,2021-22,Influenza Hospital Admissions,5,HHS Region,46.0
202235,2021-22,Influenza Hospitalization (Avg 7 Day),5,HHS Region,516.71
202235,2021-22,Average patients with influenza in ICU,5,HHS Region,68.14
202235,2021-22,Influenza Hospital Admissions Rate Per 100k,6,HHS Region,0.28
202235,2021-22,Influenza Hospital Admissions,6,HHS Region,121.0
202235,2021-22,Influenza Hospitalization (Avg 7 Day),6,HHS Region,74.29
202235,2021-22,Average patients with influenza in ICU,6,HHS Region,15.86
202223,2021-22,Influenza Hospital Admissions,9,HHS Region,543.0
202223,2021-22,Influenza Hospitalization (Avg 7 Day),9,HHS Region,342.29
202223,2021-22,Average patients with influenza in ICU,9,HHS Region,35.71
202223,2021-22,Influenza Hospital Admissions Rate Per 100k,10,HHS Region,0.61
202223,2021-22,Influenza Hospital Admissions,10,HHS Region,88.0
202226,2021-22,Influenza Hospitalization (Avg 7 Day),9,HHS Region,171.43
202235,2021-22,Influenza Hospital Admissions Rate Per 100k,7,HHS Region,0.13
202226,2021-22,Average patients with influenza in ICU,9,HHS Region,21.43
202226,2021-22,Influenza Hospital Admissions Rate Per 100k,10,HHS Region,0.43
202226,2021-22,Influenza Hospital Admissions,10,HHS Region,62.0
202226,2021-22,Influenza Hospitalization (Avg 7 Day),10,HHS Region,51.0
202226,2021-22,Average patients with influenza in ICU,10,HHS Region,7.14
202227,2021-22,Influenza Hospital Admissions Rate Per 100k,1,HHS Region,0.09
202227,2021-22,Influenza Hospital Admissions,1,HHS Region,14.0
202227,2021-22,Influenza Hospitalization (Avg 7 Day),1,HHS Region,10.86
202227,2021-22,Average patients with influenza in ICU,1,HHS Region,1.14
202227,2021-22,Influenza Hospital Admissions Rate Per 100k,2,HHS Region,0.2
202227,2021-22,Influenza Hospital Admissions,2,HHS Region,62.0
202227,2021-22,Influenza Hospitalization (Avg 7 Day),2,HHS Region,58.14
202227,2021-22,Average patients with influenza in ICU,2,HHS Region,7.71
202227,2021-22,Influenza Hospital Admissions Rate Per 100k,3,HHS Region,0.23
202227,2021-22,Influenza Hospital Admissions,3,HHS Region,72.0
202227,2021-22,Influenza Hospitalization (Avg 7 Day),3,HHS Region,48.14
202227,2021-22,Average patients with influenza in ICU,3,HHS Region,8.71
202227,2021-22,Influenza Hospital Admissions Rate Per 100k,4,HHS Region,0.38
202227,2021-22,Influenza Hospital Admissions,4,HHS Region,256.0
202227,2021-22,Influenza Hospitalization (Avg 7 Day),4,HHS Region,203.71
202227,2021-22,Average patients with influenza in ICU,4,HHS Region,54.14
202227,2021-22,Influenza Hospital Admissions Rate Per 100k,5,HHS Region,0.07
202227,2021-22,Influenza Hospital Admissions,5,HHS Region,38.0
202227,2021-22,Influenza Hospitalization (Avg 7 Day),5,HHS Region,508.14
202227,2021-22,Average patients with influenza in ICU,5,HHS Region,65.86
202227,2021-22,Influenza Hospital Admissions Rate Per 100k,6,HHS Region,0.2
202227,2021-22,Influenza Hospital Admissions,6,HHS Region,87.0
202227,2021-22,Influenza Hospitalization (Avg 7 Day),6,HHS Region,60.14
202227,2021-22,Average patients with influenza in ICU,6,HHS Region,11.0
202227,2021-22,Influenza Hospital Admissions Rate Per 100k,7,HHS Region,0.18
202227,2021-22,Influenza Hospital Admissions,7,HHS Region,25.0
202227,2021-22,Influenza Hospitalization (Avg 7 Day),7,HHS Region,21.71
202227,2021-22,Average patients with influenza in ICU,7,HHS Region,3.14
202227,2021-22,Influenza Hospital Admissions Rate Per 100k,8,HHS Region,0.12
202227,2021-22,Influenza Hospital Admissions,8,HHS Region,15.0
202227,2021-22,Influenza Hospitalization (Avg 7 Day),8,HHS Region,15.29
202227,2021-22,Average patients with influenza in ICU,8,HHS Region,1.86
202227,2021-22,Influenza Hospital Admissions Rate Per 100k,9,HHS Region,0.27
202227,2021-22,Influenza Hospital Admissions,9,HHS Region,141.0
202227,2021-22,Influenza Hospitalization (Avg 7 Day),9,HHS Region,131.86
202227,2021-22,Average patients with influenza in ICU,9,HHS Region,18.57
202227,2021-22,Influenza Hospital Admissions Rate Per 100k,10,HHS Region,0.24
202227,2021-22,Influenza Hospital Admissions,10,HHS Region,34.0
202227,2021-22,Influenza Hospitalization (Avg 7 Day),10,HHS Region,39.29
202227,2021-22,Average patients with influenza in ICU,10,HHS Region,6.43
202228,2021-22,Influenza Hospital Admissions Rate Per 100k,1,HHS Region,0.07
202228,2021-22,Influenza Hospital Admissions,1,HHS Region,11.0
202228,2021-22,Influenza Hospitalization (Avg 7 Day),1,HHS Region,7.57
202228,2021-22,Average patients with influenza in ICU,1,HHS Region,1.29
202228,2021-22,Influenza Hospital Admissions Rate Per 100k,2,HHS Region,0.22
202228,2021-22,Influenza Hospital Admissions,2,HHS Region,68.0
202228,2021-22,Influenza Hospitalization (Avg 7 Day),2,HHS Region,56.86
202228,2021-22,Average patients with influenza in ICU,2,HHS Region,7.14
202228,2021-22,Influenza Hospital Admissions Rate Per 100k,3,HHS Region,0.18
202228,2021-22,Influenza Hospital Admissions,3,HHS Region,55.0
202235,2021-22,Influenza Hospital Admissions,7,HHS Region,19.0
202235,2021-22,Influenza Hospitalization (Avg 7 Day),7,HHS Region,21.43
202235,2021-22,Average patients with influenza in ICU,7,HHS Region,2.0
202235,2021-22,Influenza Hospital Admissions Rate Per 100k,8,HHS Region,0.1
202235,2021-22,Influenza Hospital Admissions,8,HHS Region,12.0
202235,2021-22,Influenza Hospitalization (Avg 7 Day),8,HHS Region,4.43
202235,2021-22,Average patients with influenza in ICU,8,HHS Region,0.57
202235,2021-22,Influenza Hospital Admissions Rate Per 100k,9,HHS Region,0.1
202235,2021-22,Influenza Hospital Admissions,9,HHS Region,53.0
202235,2021-22,Influenza Hospitalization (Avg 7 Day),9,HHS Region,44.0
202235,2021-22,Average patients with influenza in ICU,9,HHS Region,4.57
202235,2021-22,Influenza Hospital Admissions Rate Per 100k,10,HHS Region,0.08
202235,2021-22,Influenza Hospital Admissions,10,HHS Region,11.0
202235,2021-22,Influenza Hospitalization (Avg 7 Day),10,HHS Region,7.57
202235,2021-22,Average patients with influenza in ICU,10,HHS Region,1.29
202236,2021-22,Influenza Hospital Admissions Rate Per 100k,1,HHS Region,0.03
202236,2021-22,Influenza Hospital Admissions,1,HHS Region,4.0
202236,2021-22,Influenza Hospitalization (Avg 7 Day),1,HHS Region,6.0
202236,2021-22,Average patients with influenza in ICU,1,HHS Region,3.43
202236,2021-22,Influenza Hospital Admissions Rate Per 100k,2,HHS Region,0.16
202236,2021-22,Influenza Hospital Admissions,2,HHS Region,51.0
202236,2021-22,Influenza Hospitalization (Avg 7 Day),2,HHS Region,47.29
202236,2021-22,Average patients with influenza in ICU,2,HHS Region,4.57
202236,2021-22,Influenza Hospital Admissions Rate Per 100k,3,HHS Region,0.19
202236,2021-22,Influenza Hospital Admissions,3,HHS Region,60.0
202236,2021-22,Influenza Hospitalization (Avg 7 Day),3,HHS Region,39.86
202236,2021-22,Average patients with influenza in ICU,3,HHS Region,8.0
202236,2021-22,Influenza Hospital Admissions Rate Per 100k,4,HHS Region,0.24
202236,2021-22,Influenza Hospital Admissions,4,HHS Region,161.0
202236,2021-22,Influenza Hospitalization (Avg 7 Day),4,HHS Region,120.29
202236,2021-22,Average patients with influenza in ICU,4,HHS Region,44.71
202236,2021-22,Influenza Hospital Admissions Rate Per 100k,5,HHS Region,0.11
202236,2021-22,Influenza Hospital Admissions,5,HHS Region,57.0
202236,2021-22,Influenza Hospitalization (Avg 7 Day),5,HHS Region,520.29
202236,2021-22,Average patients with influenza in ICU,5,HHS Region,68.14
202236,2021-22,Influenza Hospital Admissions Rate Per 100k,6,HHS Region,0.34
202236,2021-22,Influenza Hospital Admissions,6,HHS Region,147.0
202236,2021-22,Influenza Hospitalization (Avg 7 Day),6,HHS Region,72.0
202236,2021-22,Average patients with influenza in ICU,6,HHS Region,16.57
202236,2021-22,Influenza Hospital Admissions Rate Per 100k,7,HHS Region,0.05
202236,2021-22,Influenza Hospital Admissions,7,HHS Region,7.0
202236,2021-22,Influenza Hospitalization (Avg 7 Day),7,HHS Region,15.29
202236,2021-22,Average patients with influenza in ICU,7,HHS Region,2.57
202236,2021-22,Influenza Hospital Admissions Rate Per 100k,8,HHS Region,0.08
202236,2021-22,Influenza Hospital Admissions,8,HHS Region,10.0
202236,2021-22,Influenza Hospitalization (Avg 7 Day),8,HHS Region,4.14
202236,2021-22,Average patients with influenza in ICU,8,HHS Region,0.86
202236,2021-22,Influenza Hospital Admissions Rate Per 100k,9,HHS Region,0.07
202236,2021-22,Influenza Hospital Admissions,9,HHS Region,38.0
202236,2021-22,Influenza Hospitalization (Avg 7 Day),9,HHS Region,56.86
202236,2021-22,Average patients with influenza in ICU,9,HHS Region,4.14
202236,2021-22,Influenza Hospital Admissions Rate Per 100k,10,HHS Region,0.09
202236,2021-22,Influenza Hospital Admissions,10,HHS Region,13.0
202236,2021-22,Influenza Hospitalization (Avg 7 Day),10,HHS Region,9.86
202236,2021-22,Average patients with influenza in ICU,10,HHS Region,0.43
202232,2021-22,Average patients with influenza in ICU,6,HHS Region,10.71
202232,2021-22,Influenza Hospital Admissions Rate Per 100k,7,HHS Region,0.11
202232,2021-22,Influenza Hospital Admissions,7,HHS Region,16.0
202232,2021-22,Influenza Hospitalization (Avg 7 Day),7,HHS Region,14.86
202232,2021-22,Average patients with influenza in ICU,7,HHS Region,0.86
202237,2021-22,Influenza Hospital Admissions Rate Per 100k,1,HHS Region,0.07
202237,2021-22,Influenza Hospital Admissions,1,HHS Region,11.0
202237,2021-22,Influenza Hospitalization (Avg 7 Day),1,HHS Region,11.43
202237,2021-22,Average patients with influenza in ICU,1,HHS Region,2.0
202237,2021-22,Influenza Hospital Admissions Rate Per 100k,2,HHS Region,0.22
202237,2021-22,Influenza Hospital Admissions,2,HHS Region,70.0
202237,2021-22,Influenza Hospitalization (Avg 7 Day),2,HHS Region,51.57
202237,2021-22,Average patients with influenza in ICU,2,HHS Region,3.43
202237,2021-22,Influenza Hospital Admissions Rate Per 100k,3,HHS Region,0.23
202237,2021-22,Influenza Hospital Admissions,3,HHS Region,70.0
202237,2021-22,Influenza Hospitalization (Avg 7 Day),3,HHS Region,38.14
202237,2021-22,Average patients with influenza in ICU,3,HHS Region,7.86
202237,2021-22,Influenza Hospital Admissions Rate Per 100k,4,HHS Region,0.32
202237,2021-22,Influenza Hospital Admissions,4,HHS Region,214.0
202237,2021-22,Influenza Hospitalization (Avg 7 Day),4,HHS Region,144.0
202237,2021-22,Average patients with influenza in ICU,4,HHS Region,53.71
202237,2021-22,Influenza Hospital Admissions Rate Per 100k,5,HHS Region,0.07
202237,2021-22,Influenza Hospital Admissions,5,HHS Region,39.0
202237,2021-22,Influenza Hospitalization (Avg 7 Day),5,HHS Region,519.0
202237,2021-22,Average patients with influenza in ICU,5,HHS Region,66.86
202237,2021-22,Influenza Hospital Admissions Rate Per 100k,6,HHS Region,0.38
202237,2021-22,Influenza Hospital Admissions,6,HHS Region,162.0
202237,2021-22,Influenza Hospitalization (Avg 7 Day),6,HHS Region,87.29
202237,2021-22,Average patients with influenza in ICU,6,HHS Region,15.71
202237,2021-22,Influenza Hospital Admissions Rate Per 100k,7,HHS Region,0.11
202237,2021-22,Influenza Hospital Admissions,7,HHS Region,16.0
202237,2021-22,Influenza Hospitalization (Avg 7 Day),7,HHS Region,19.0
202237,2021-22,Average patients with influenza in ICU,7,HHS Region,0.29
202237,2021-22,Influenza Hospital Admissions Rate Per 100k,8,HHS Region,0.09
202237,2021-22,Influenza Hospital Admissions,8,HHS Region,11.0
202237,2021-22,Influenza Hospitalization (Avg 7 Day),8,HHS Region,6.29
202237,2021-22,Average patients with influenza in ICU,8,HHS Region,1.0
202237,2021-22,Influenza Hospital Admissions Rate Per 100k,9,HHS Region,0.07
202237,2021-22,Influenza Hospital Admissions,9,HHS Region,34.0
202237,2021-22,Influenza Hospitalization (Avg 7 Day),9,HHS Region,44.14
202237,2021-22,Average patients with influenza in ICU,9,HHS Region,3.71
202237,2021-22,Influenza Hospital Admissions Rate Per 100k,10,HHS Region,0.11
202237,2021-22,Influenza Hospital Admissions,10,HHS Region,16.0
202237,2021-22,Influenza Hospitalization (Avg 7 Day),10,HHS Region,13.0
202237,2021-22,Average patients with influenza in ICU,10,HHS Region,0.71
202238,2021-22,Influenza Hospital Admissions Rate Per 100k,1,HHS Region,0.05
202238,2021-22,Influenza Hospital Admissions,1,HHS Region,8.0
202238,2021-22,Influenza Hospitalization (Avg 7 Day),1,HHS Region,7.86
202238,2021-22,Average patients with influenza in ICU,1,HHS Region,1.29
202238,2021-22,Influenza Hospital Admissions Rate Per 100k,2,HHS Region,0.21
202238,2021-22,Influenza Hospital Admissions,2,HHS Region,67.0
202238,2021-22,Influenza Hospitalization (Avg 7 Day),2,HHS Region,51.86
202238,2021-22,Average patients with influenza in ICU,2,HHS Region,6.71
202238,2021-22,Influenza Hospital Admissions Rate Per 100k,3,HHS Region,0.18
202238,2021-22,Influenza Hospital Admissions,3,HHS Region,55.0
202238,2021-22,Influenza Hospitalization (Avg 7 Day),3,HHS Region,40.71
202238,2021-22,Average patients with influenza in ICU,3,HHS Region,3.14
202238,2021-22,Influenza Hospital Admissions Rate Per 100k,4,HHS Region,0.34
202238,2021-22,Influenza Hospital Admissions,4,HHS Region,230.0
202238,2021-22,Influenza Hospitalization (Avg 7 Day),4,HHS Region,170.86
202238,2021-22,Average patients with influenza in ICU,4,HHS Region,52.14
202238,2021-22,Influenza Hospital Admissions Rate Per 100k,5,HHS Region,0.14
202238,2021-22,Influenza Hospital Admissions,5,HHS Region,71.0
202238,2021-22,Influenza Hospitalization (Avg 7 Day),5,HHS Region,522.43
202238,2021-22,Average patients with influenza in ICU,5,HHS Region,69.57
202141,2021-22,Average patients with influenza in ICU,8,HHS Region,0.43
202141,2021-22,Influenza Hospital Admissions Rate Per 100k,9,HHS Region,0.04
202141,2021-22,Influenza Hospital Admissions,9,HHS Region,23.0
202144,2021-22,Influenza Hospitalization (Avg 7 Day),7,HHS Region,6.14
202204,2021-22,Influenza Hospital Admissions Rate Per 100k,10,HHS Region,0.07
202210,2021-22,Influenza Hospital Admissions,9,HHS Region,141.0
202219,2021-22,Influenza Hospital Admissions,6,HHS Region,263.0
202228,2021-22,Influenza Hospitalization (Avg 7 Day),3,HHS Region,48.71
202238,2021-22,Influenza Hospital Admissions Rate Per 100k,6,HHS Region,0.38
202144,2021-22,Average patients with influenza in ICU,7,HHS Region,1.86
202144,2021-22,Influenza Hospital Admissions Rate Per 100k,8,HHS Region,0.04
202144,2021-22,Influenza Hospital Admissions,8,HHS Region,5.0
202144,2021-22,Influenza Hospitalization (Avg 7 Day),8,HHS Region,3.57
202144,2021-22,Average patients with influenza in ICU,8,HHS Region,0.57
202144,2021-22,Influenza Hospital Admissions Rate Per 100k,9,HHS Region,0.04
202144,2021-22,Influenza Hospital Admissions,9,HHS Region,23.0
202144,2021-22,Influenza Hospitalization (Avg 7 Day),9,HHS Region,15.71
202144,2021-22,Average patients with influenza in ICU,9,HHS Region,0.43
202144,2021-22,Influenza Hospital Admissions Rate Per 100k,10,HHS Region,0.0
202144,2021-22,Influenza Hospital Admissions,10,HHS Region,0.0
202144,2021-22,Influenza Hospitalization (Avg 7 Day),10,HHS Region,0.14
202144,2021-22,Average patients with influenza in ICU,10,HHS Region,0.0
202145,2021-22,Influenza Hospital Admissions Rate Per 100k,1,HHS Region,0.01
202145,2021-22,Influenza Hospital Admissions,1,HHS Region,1.0
202145,2021-22,Influenza Hospitalization (Avg 7 Day),1,HHS Region,1.43
202145,2021-22,Average patients with influenza in ICU,1,HHS Region,0.0
202145,2021-22,Influenza Hospital Admissions Rate Per 100k,2,HHS Region,0.17
202145,2021-22,Influenza Hospital Admissions,2,HHS Region,53.0
202145,2021-22,Influenza Hospitalization (Avg 7 Day),2,HHS Region,94.14
202145,2021-22,Average patients with influenza in ICU,2,HHS Region,7.57
202145,2021-22,Influenza Hospital Admissions Rate Per 100k,3,HHS Region,0.13
202145,2021-22,Influenza Hospital Admissions,3,HHS Region,39.0
202145,2021-22,Influenza Hospitalization (Avg 7 Day),3,HHS Region,43.43
202145,2021-22,Average patients with influenza in ICU,3,HHS Region,8.14
202145,2021-22,Influenza Hospital Admissions Rate Per 100k,4,HHS Region,0.19
202145,2021-22,Influenza Hospital Admissions,4,HHS Region,125.0
202145,2021-22,Influenza Hospitalization (Avg 7 Day),4,HHS Region,66.0
202145,2021-22,Average patients with influenza in ICU,4,HHS Region,22.86
202145,2021-22,Influenza Hospital Admissions Rate Per 100k,5,HHS Region,0.05
202145,2021-22,Influenza Hospital Admissions,5,HHS Region,24.0
202145,2021-22,Influenza Hospitalization (Avg 7 Day),5,HHS Region,23.0
202145,2021-22,Average patients with influenza in ICU,5,HHS Region,7.43
202145,2021-22,Influenza Hospital Admissions Rate Per 100k,6,HHS Region,0.1
202145,2021-22,Influenza Hospital Admissions,6,HHS Region,44.0
202145,2021-22,Influenza Hospitalization (Avg 7 Day),6,HHS Region,29.14
202145,2021-22,Average patients with influenza in ICU,6,HHS Region,4.57
202145,2021-22,Influenza Hospital Admissions Rate Per 100k,7,HHS Region,0.1
202145,2021-22,Influenza Hospital Admissions,7,HHS Region,14.0
202145,2021-22,Influenza Hospitalization (Avg 7 Day),7,HHS Region,11.29
202145,2021-22,Average patients with influenza in ICU,7,HHS Region,3.0
202145,2021-22,Influenza Hospital Admissions Rate Per 100k,8,HHS Region,0.06
202145,2021-22,Influenza Hospital Admissions,8,HHS Region,7.0
202145,2021-22,Influenza Hospitalization (Avg 7 Day),8,HHS Region,4.0
202145,2021-22,Average patients with influenza in ICU,8,HHS Region,0.0
202145,2021-22,Influenza Hospital Admissions Rate Per 100k,9,HHS Region,0.04
202145,2021-22,Influenza Hospital Admissions,9,HHS Region,22.0
202145,2021-22,Influenza Hospitalization (Avg 7 Day),9,HHS Region,23.14
202145,2021-22,Average patients with influenza in ICU,9,HHS Region,1.86
202145,2021-22,Influenza Hospital Admissions Rate Per 100k,10,HHS Region,0.0
202145,2021-22,Influenza Hospital Admissions,10,HHS Region,0.0
202145,2021-22,Influenza Hospitalization (Avg 7 Day),10,HHS Region,0.14
202145,2021-22,Average patients with influenza in ICU,10,HHS Region,0.14
202146,2021-22,Influenza Hospital Admissions Rate Per 100k,1,HHS Region,0.04
202146,2021-22,Influenza Hospital Admissions,1,HHS Region,6.0
202150,2021-22,Influenza Hospital Admissions,3,HHS Region,152.0
202150,2021-22,Influenza Hospitalization (Avg 7 Day),3,HHS Region,114.71
202150,2021-22,Average patients with influenza in ICU,3,HHS Region,17.43
202204,2021-22,Influenza Hospital Admissions,10,HHS Region,10.0
202204,2021-22,Influenza Hospitalization (Avg 7 Day),10,HHS Region,11.14
202204,2021-22,Average patients with influenza in ICU,10,HHS Region,1.57
202205,2021-22,Influenza Hospital Admissions Rate Per 100k,1,HHS Region,0.27
202205,2021-22,Influenza Hospital Admissions,1,HHS Region,40.0
202205,2021-22,Influenza Hospitalization (Avg 7 Day),1,HHS Region,22.29
202205,2021-22,Average patients with influenza in ICU,1,HHS Region,1.43
202205,2021-22,Influenza Hospital Admissions Rate Per 100k,2,HHS Region,0.11
202205,2021-22,Influenza Hospital Admissions,2,HHS Region,36.0
202205,2021-22,Influenza Hospitalization (Avg 7 Day),2,HHS Region,54.86
202205,2021-22,Average patients with influenza in ICU,2,HHS Region,13.29
202205,2021-22,Influenza Hospital Admissions Rate Per 100k,3,HHS Region,0.29
202205,2021-22,Influenza Hospital Admissions,3,HHS Region,88.0
202205,2021-22,Influenza Hospitalization (Avg 7 Day),3,HHS Region,68.43
202205,2021-22,Average patients with influenza in ICU,3,HHS Region,14.86
202205,2021-22,Influenza Hospital Admissions Rate Per 100k,4,HHS Region,0.3
202205,2021-22,Influenza Hospital Admissions,4,HHS Region,199.0
202205,2021-22,Influenza Hospitalization (Avg 7 Day),4,HHS Region,154.43
202205,2021-22,Average patients with influenza in ICU,4,HHS Region,37.43
202205,2021-22,Influenza Hospital Admissions Rate Per 100k,5,HHS Region,0.27
202205,2021-22,Influenza Hospital Admissions,5,HHS Region,140.0
202205,2021-22,Influenza Hospitalization (Avg 7 Day),5,HHS Region,170.0
202205,2021-22,Average patients with influenza in ICU,5,HHS Region,20.57
202205,2021-22,Influenza Hospital Admissions Rate Per 100k,6,HHS Region,0.41
202205,2021-22,Influenza Hospital Admissions,6,HHS Region,174.0
202205,2021-22,Influenza Hospitalization (Avg 7 Day),6,HHS Region,118.71
202205,2021-22,Average patients with influenza in ICU,6,HHS Region,22.0
202205,2021-22,Influenza Hospital Admissions Rate Per 100k,7,HHS Region,0.76
202205,2021-22,Influenza Hospital Admissions,7,HHS Region,107.0
202205,2021-22,Influenza Hospitalization (Avg 7 Day),7,HHS Region,53.71
202205,2021-22,Average patients with influenza in ICU,7,HHS Region,7.14
202205,2021-22,Influenza Hospital Admissions Rate Per 100k,8,HHS Region,0.42
202205,2021-22,Influenza Hospital Admissions,8,HHS Region,52.0
202205,2021-22,Influenza Hospitalization (Avg 7 Day),8,HHS Region,39.57
202205,2021-22,Average patients with influenza in ICU,8,HHS Region,4.71
202205,2021-22,Influenza Hospital Admissions Rate Per 100k,9,HHS Region,0.13
202205,2021-22,Influenza Hospital Admissions,9,HHS Region,68.0
202205,2021-22,Influenza Hospitalization (Avg 7 Day),9,HHS Region,67.86
202205,2021-22,Average patients with influenza in ICU,9,HHS Region,9.43
202205,2021-22,Influenza Hospital Admissions Rate Per 100k,10,HHS Region,0.06
202205,2021-22,Influenza Hospital Admissions,10,HHS Region,9.0
202205,2021-22,Influenza Hospitalization (Avg 7 Day),10,HHS Region,11.0
202205,2021-22,Average patients with influenza in ICU,10,HHS Region,0.57
202206,2021-22,Influenza Hospital Admissions Rate Per 100k,1,HHS Region,0.3
202206,2021-22,Influenza Hospital Admissions,1,HHS Region,44.0
202206,2021-22,Influenza Hospitalization (Avg 7 Day),1,HHS Region,17.57
202206,2021-22,Average patients with influenza in ICU,1,HHS Region,1.29
202206,2021-22,Influenza Hospital Admissions Rate Per 100k,2,HHS Region,0.2
202206,2021-22,Influenza Hospital Admissions,2,HHS Region,64.0
202206,2021-22,Influenza Hospitalization (Avg 7 Day),2,HHS Region,51.29
202206,2021-22,Average patients with influenza in ICU,2,HHS Region,11.43
202206,2021-22,Influenza Hospital Admissions Rate Per 100k,3,HHS Region,0.3
202206,2021-22,Influenza Hospital Admissions,3,HHS Region,92.0
202206,2021-22,Influenza Hospitalization (Avg 7 Day),3,HHS Region,68.86
202206,2021-22,Average patients with influenza in ICU,3,HHS Region,13.43
202210,2021-22,Influenza Hospitalization (Avg 7 Day),9,HHS Region,76.29
202210,2021-22,Average patients with influenza in ICU,9,HHS Region,9.71
202210,2021-22,Influenza Hospital Admissions Rate Per 100k,10,HHS Region,0.24
202210,2021-22,Influenza Hospital Admissions,10,HHS Region,34.0
202210,2021-22,Influenza Hospitalization (Avg 7 Day),10,HHS Region,19.29
202210,2021-22,Average patients with influenza in ICU,10,HHS Region,3.43
202211,2021-22,Influenza Hospital Admissions Rate Per 100k,1,HHS Region,0.44
202211,2021-22,Influenza Hospital Admissions,1,HHS Region,66.0
202211,2021-22,Influenza Hospitalization (Avg 7 Day),1,HHS Region,32.71
202211,2021-22,Average patients with influenza in ICU,1,HHS Region,3.14
202211,2021-22,Influenza Hospital Admissions Rate Per 100k,2,HHS Region,0.47
202211,2021-22,Influenza Hospital Admissions,2,HHS Region,147.0
202211,2021-22,Influenza Hospitalization (Avg 7 Day),2,HHS Region,74.71
202211,2021-22,Average patients with influenza in ICU,2,HHS Region,14.43
202211,2021-22,Influenza Hospital Admissions Rate Per 100k,3,HHS Region,0.65
202211,2021-22,Influenza Hospital Admissions,3,HHS Region,201.0
202211,2021-22,Influenza Hospitalization (Avg 7 Day),3,HHS Region,119.71
202211,2021-22,Average patients with influenza in ICU,3,HHS Region,17.0
202211,2021-22,Influenza Hospital Admissions Rate Per 100k,4,HHS Region,0.34
202211,2021-22,Influenza Hospital Admissions,4,HHS Region,229.0
202211,2021-22,Influenza Hospitalization (Avg 7 Day),4,HHS Region,183.29
202211,2021-22,Average patients with influenza in ICU,4,HHS Region,39.43
202211,2021-22,Influenza Hospital Admissions Rate Per 100k,5,HHS Region,0.91
202211,2021-22,Influenza Hospital Admissions,5,HHS Region,476.0
202211,2021-22,Influenza Hospitalization (Avg 7 Day),5,HHS Region,380.43
202211,2021-22,Average patients with influenza in ICU,5,HHS Region,46.86
202211,2021-22,Influenza Hospital Admissions Rate Per 100k,6,HHS Region,2.04
202211,2021-22,Influenza Hospital Admissions,6,HHS Region,872.0
202211,2021-22,Influenza Hospitalization (Avg 7 Day),6,HHS Region,348.29
202211,2021-22,Average patients with influenza in ICU,6,HHS Region,47.14
202211,2021-22,Influenza Hospital Admissions Rate Per 100k,7,HHS Region,1.63
202211,2021-22,Influenza Hospital Admissions,7,HHS Region,231.0
202211,2021-22,Influenza Hospitalization (Avg 7 Day),7,HHS Region,111.29
202211,2021-22,Average patients with influenza in ICU,7,HHS Region,14.43
202211,2021-22,Influenza Hospital Admissions Rate Per 100k,8,HHS Region,0.82
202211,2021-22,Influenza Hospital Admissions,8,HHS Region,101.0
202211,2021-22,Influenza Hospitalization (Avg 7 Day),8,HHS Region,84.0
202211,2021-22,Average patients with influenza in ICU,8,HHS Region,6.14
202211,2021-22,Influenza Hospital Admissions Rate Per 100k,9,HHS Region,0.37
202211,2021-22,Influenza Hospital Admissions,9,HHS Region,188.0
202211,2021-22,Influenza Hospitalization (Avg 7 Day),9,HHS Region,91.0
202211,2021-22,Average patients with influenza in ICU,9,HHS Region,6.86
202211,2021-22,Influenza Hospital Admissions Rate Per 100k,10,HHS Region,0.39
202211,2021-22,Influenza Hospital Admissions,10,HHS Region,56.0
202211,2021-22,Influenza Hospitalization (Avg 7 Day),10,HHS Region,23.71
202211,2021-22,Average patients with influenza in ICU,10,HHS Region,1.14
202212,2021-22,Influenza Hospital Admissions Rate Per 100k,1,HHS Region,0.51
202212,2021-22,Influenza Hospital Admissions,1,HHS Region,76.0
202212,2021-22,Influenza Hospitalization (Avg 7 Day),1,HHS Region,51.0
202212,2021-22,Average patients with influenza in ICU,1,HHS Region,5.86
202212,2021-22,Influenza Hospital Admissions Rate Per 100k,2,HHS Region,0.56
202212,2021-22,Influenza Hospital Admissions,2,HHS Region,178.0
202212,2021-22,Influenza Hospitalization (Avg 7 Day),2,HHS Region,105.29
202212,2021-22,Average patients with influenza in ICU,2,HHS Region,14.71
202212,2021-22,Influenza Hospital Admissions Rate Per 100k,3,HHS Region,0.65
202219,2021-22,Influenza Hospitalization (Avg 7 Day),6,HHS Region,143.29
202219,2021-22,Average patients with influenza in ICU,6,HHS Region,29.86
202219,2021-22,Influenza Hospital Admissions Rate Per 100k,7,HHS Region,0.47
202219,2021-22,Influenza Hospital Admissions,7,HHS Region,66.0
202219,2021-22,Influenza Hospitalization (Avg 7 Day),7,HHS Region,53.57
202219,2021-22,Average patients with influenza in ICU,7,HHS Region,6.43
202219,2021-22,Influenza Hospital Admissions Rate Per 100k,8,HHS Region,1.7
202219,2021-22,Influenza Hospital Admissions,8,HHS Region,208.0
202219,2021-22,Influenza Hospitalization (Avg 7 Day),8,HHS Region,83.71
202219,2021-22,Average patients with influenza in ICU,8,HHS Region,6.71
202219,2021-22,Influenza Hospital Admissions Rate Per 100k,9,HHS Region,1.02
202219,2021-22,Influenza Hospital Admissions,9,HHS Region,521.0
202219,2021-22,Influenza Hospitalization (Avg 7 Day),9,HHS Region,261.86
202219,2021-22,Average patients with influenza in ICU,9,HHS Region,20.14
202219,2021-22,Influenza Hospital Admissions Rate Per 100k,10,HHS Region,0.7
202219,2021-22,Influenza Hospital Admissions,10,HHS Region,101.0
202219,2021-22,Influenza Hospitalization (Avg 7 Day),10,HHS Region,59.86
202219,2021-22,Average patients with influenza in ICU,10,HHS Region,6.0
202220,2021-22,Influenza Hospital Admissions Rate Per 100k,1,HHS Region,1.87
202220,2021-22,Influenza Hospital Admissions,1,HHS Region,277.0
202220,2021-22,Influenza Hospitalization (Avg 7 Day),1,HHS Region,203.57
202220,2021-22,Average patients with influenza in ICU,1,HHS Region,18.86
202220,2021-22,Influenza Hospital Admissions Rate Per 100k,2,HHS Region,0.92
202220,2021-22,Influenza Hospital Admissions,2,HHS Region,290.0
202220,2021-22,Influenza Hospitalization (Avg 7 Day),2,HHS Region,243.0
202220,2021-22,Average patients with influenza in ICU,2,HHS Region,25.0
202220,2021-22,Influenza Hospital Admissions Rate Per 100k,3,HHS Region,0.82
202220,2021-22,Influenza Hospital Admissions,3,HHS Region,252.0
202220,2021-22,Influenza Hospitalization (Avg 7 Day),3,HHS Region,154.57
202220,2021-22,Average patients with influenza in ICU,3,HHS Region,22.43
202220,2021-22,Influenza Hospital Admissions Rate Per 100k,4,HHS Region,0.88
202220,2021-22,Influenza Hospital Admissions,4,HHS Region,588.0
202220,2021-22,Influenza Hospitalization (Avg 7 Day),4,HHS Region,336.43
202220,2021-22,Average patients with influenza in ICU,4,HHS Region,52.43
202220,2021-22,Influenza Hospital Admissions Rate Per 100k,5,HHS Region,0.74
202220,2021-22,Influenza Hospital Admissions,5,HHS Region,388.0
202220,2021-22,Influenza Hospitalization (Avg 7 Day),5,HHS Region,703.0
202220,2021-22,Average patients with influenza in ICU,5,HHS Region,86.14
202220,2021-22,Influenza Hospital Admissions Rate Per 100k,6,HHS Region,0.6
202220,2021-22,Influenza Hospital Admissions,6,HHS Region,255.0
202220,2021-22,Influenza Hospitalization (Avg 7 Day),6,HHS Region,134.86
202220,2021-22,Average patients with influenza in ICU,6,HHS Region,22.0
202220,2021-22,Influenza Hospital Admissions Rate Per 100k,7,HHS Region,0.41
202220,2021-22,Influenza Hospital Admissions,7,HHS Region,58.0
202220,2021-22,Influenza Hospitalization (Avg 7 Day),7,HHS Region,44.29
202220,2021-22,Average patients with influenza in ICU,7,HHS Region,5.0
202220,2021-22,Influenza Hospital Admissions Rate Per 100k,8,HHS Region,1.22
202220,2021-22,Influenza Hospital Admissions,8,HHS Region,150.0
202220,2021-22,Influenza Hospitalization (Avg 7 Day),8,HHS Region,61.14
202220,2021-22,Average patients with influenza in ICU,8,HHS Region,7.14
202220,2021-22,Influenza Hospital Admissions Rate Per 100k,9,HHS Region,1.27
202220,2021-22,Influenza Hospital Admissions,9,HHS Region,651.0
202220,2021-22,Influenza Hospitalization (Avg 7 Day),9,HHS Region,335.86
202220,2021-22,Average patients with influenza in ICU,9,HHS Region,33.86
202220,2021-22,Influenza Hospital Admissions Rate Per 100k,10,HHS Region,0.78
202220,2021-22,Influenza Hospital Admissions,10,HHS Region,112.0
202220,2021-22,Influenza Hospitalization (Avg 7 Day),10,HHS Region,69.14
202220,2021-22,Average patients with influenza in ICU,10,HHS Region,9.0
202228,2021-22,Average patients with influenza in ICU,3,HHS Region,8.71
202228,2021-22,Influenza Hospital Admissions Rate Per 100k,4,HHS Region,0.35
202228,2021-22,Influenza Hospital Admissions,4,HHS Region,236.0
202228,2021-22,Influenza Hospitalization (Avg 7 Day),4,HHS Region,174.71
202228,2021-22,Average patients with influenza in ICU,4,HHS Region,50.29
202228,2021-22,Influenza Hospital Admissions Rate Per 100k,5,HHS Region,0.07
202228,2021-22,Influenza Hospital Admissions,5,HHS Region,36.0
202228,2021-22,Influenza Hospitalization (Avg 7 Day),5,HHS Region,506.29
202228,2021-22,Average patients with influenza in ICU,5,HHS Region,63.86
202228,2021-22,Influenza Hospital Admissions Rate Per 100k,6,HHS Region,0.31
202228,2021-22,Influenza Hospital Admissions,6,HHS Region,131.0
202228,2021-22,Influenza Hospitalization (Avg 7 Day),6,HHS Region,75.86
202228,2021-22,Average patients with influenza in ICU,6,HHS Region,11.0
202228,2021-22,Influenza Hospital Admissions Rate Per 100k,7,HHS Region,0.13
202228,2021-22,Influenza Hospital Admissions,7,HHS Region,19.0
202228,2021-22,Influenza Hospitalization (Avg 7 Day),7,HHS Region,17.43
202228,2021-22,Average patients with influenza in ICU,7,HHS Region,0.86
202228,2021-22,Influenza Hospital Admissions Rate Per 100k,8,HHS Region,0.12
202228,2021-22,Influenza Hospital Admissions,8,HHS Region,15.0
202228,2021-22,Influenza Hospitalization (Avg 7 Day),8,HHS Region,10.86
202228,2021-22,Average patients with influenza in ICU,8,HHS Region,1.43
202228,2021-22,Influenza Hospital Admissions Rate Per 100k,9,HHS Region,0.23
202228,2021-22,Influenza Hospital Admissions,9,HHS Region,118.0
202228,2021-22,Influenza Hospitalization (Avg 7 Day),9,HHS Region,91.86
202228,2021-22,Average patients with influenza in ICU,9,HHS Region,16.71
202228,2021-22,Influenza Hospital Admissions Rate Per 100k,10,HHS Region,0.29
202228,2021-22,Influenza Hospital Admissions,10,HHS Region,41.0
202228,2021-22,Influenza Hospitalization (Avg 7 Day),10,HHS Region,34.29
202228,2021-22,Average patients with influenza in ICU,10,HHS Region,3.71
202229,2021-22,Influenza Hospital Admissions Rate Per 100k,1,HHS Region,0.07
202229,2021-22,Influenza Hospital Admissions,1,HHS Region,11.0
202229,2021-22,Influenza Hospitalization (Avg 7 Day),1,HHS Region,8.14
202229,2021-22,Average patients with influenza in ICU,1,HHS Region,1.29
202229,2021-22,Influenza Hospital Admissions Rate Per 100k,2,HHS Region,0.1
202229,2021-22,Influenza Hospital Admissions,2,HHS Region,32.0
202229,2021-22,Influenza Hospitalization (Avg 7 Day),2,HHS Region,45.14
202229,2021-22,Average patients with influenza in ICU,2,HHS Region,8.29
202229,2021-22,Influenza Hospital Admissions Rate Per 100k,3,HHS Region,0.21
202229,2021-22,Influenza Hospital Admissions,3,HHS Region,65.0
202229,2021-22,Influenza Hospitalization (Avg 7 Day),3,HHS Region,42.86
202229,2021-22,Average patients with influenza in ICU,3,HHS Region,9.0
202229,2021-22,Influenza Hospital Admissions Rate Per 100k,4,HHS Region,0.29
202229,2021-22,Influenza Hospital Admissions,4,HHS Region,196.0
202229,2021-22,Influenza Hospitalization (Avg 7 Day),4,HHS Region,151.0
202229,2021-22,Average patients with influenza in ICU,4,HHS Region,51.71
202229,2021-22,Influenza Hospital Admissions Rate Per 100k,5,HHS Region,0.06
202229,2021-22,Influenza Hospital Admissions,5,HHS Region,32.0
202229,2021-22,Influenza Hospitalization (Avg 7 Day),5,HHS Region,505.0
202229,2021-22,Average patients with influenza in ICU,5,HHS Region,64.0
202229,2021-22,Influenza Hospital Admissions Rate Per 100k,6,HHS Region,0.27
202229,2021-22,Influenza Hospital Admissions,6,HHS Region,116.0
202229,2021-22,Influenza Hospitalization (Avg 7 Day),6,HHS Region,55.71
202229,2021-22,Average patients with influenza in ICU,6,HHS Region,7.29
202229,2021-22,Influenza Hospital Admissions Rate Per 100k,7,HHS Region,0.13
202229,2021-22,Influenza Hospital Admissions,7,HHS Region,19.0
202229,2021-22,Influenza Hospitalization (Avg 7 Day),7,HHS Region,17.43
202229,2021-22,Average patients with influenza in ICU,7,HHS Region,1.0
202229,2021-22,Influenza Hospital Admissions Rate Per 100k,8,HHS Region,0.14
202229,2021-22,Influenza Hospital Admissions,8,HHS Region,17.0
202207,2021-22,Influenza Hospital Admissions Rate Per 100k,9,HHS Region,0.14
202207,2021-22,Influenza Hospital Admissions,9,HHS Region,72.0
202207,2021-22,Influenza Hospitalization (Avg 7 Day),9,HHS Region,66.0
202207,2021-22,Average patients with influenza in ICU,9,HHS Region,9.71
202207,2021-22,Influenza Hospital Admissions Rate Per 100k,10,HHS Region,0.08
202212,2021-22,Influenza Hospital Admissions,3,HHS Region,202.0
202229,2021-22,Influenza Hospitalization (Avg 7 Day),8,HHS Region,8.71
202212,2021-22,Influenza Hospitalization (Avg 7 Day),3,HHS Region,131.29
202212,2021-22,Average patients with influenza in ICU,3,HHS Region,17.29
202212,2021-22,Influenza Hospital Admissions Rate Per 100k,4,HHS Region,0.41
202212,2021-22,Influenza Hospital Admissions,4,HHS Region,275.0
202212,2021-22,Influenza Hospitalization (Avg 7 Day),4,HHS Region,207.86
202212,2021-22,Average patients with influenza in ICU,4,HHS Region,43.29
202212,2021-22,Influenza Hospital Admissions Rate Per 100k,5,HHS Region,1.09
202212,2021-22,Influenza Hospital Admissions,5,HHS Region,573.0
202212,2021-22,Influenza Hospitalization (Avg 7 Day),5,HHS Region,474.29
202212,2021-22,Average patients with influenza in ICU,5,HHS Region,59.43
202212,2021-22,Influenza Hospital Admissions Rate Per 100k,6,HHS Region,2.08
202212,2021-22,Influenza Hospital Admissions,6,HHS Region,887.0
202212,2021-22,Influenza Hospitalization (Avg 7 Day),6,HHS Region,378.29
202212,2021-22,Average patients with influenza in ICU,6,HHS Region,47.29
202212,2021-22,Influenza Hospital Admissions Rate Per 100k,7,HHS Region,1.58
202212,2021-22,Influenza Hospital Admissions,7,HHS Region,223.0
202212,2021-22,Influenza Hospitalization (Avg 7 Day),7,HHS Region,123.71
202212,2021-22,Average patients with influenza in ICU,7,HHS Region,16.0
202212,2021-22,Influenza Hospital Admissions Rate Per 100k,8,HHS Region,1.02
202212,2021-22,Influenza Hospital Admissions,8,HHS Region,125.0
202212,2021-22,Influenza Hospitalization (Avg 7 Day),8,HHS Region,95.0
202212,2021-22,Average patients with influenza in ICU,8,HHS Region,4.57
202212,2021-22,Influenza Hospital Admissions Rate Per 100k,9,HHS Region,0.43
202212,2021-22,Influenza Hospital Admissions,9,HHS Region,223.0
202212,2021-22,Influenza Hospitalization (Avg 7 Day),9,HHS Region,112.0
202212,2021-22,Average patients with influenza in ICU,9,HHS Region,14.14
202212,2021-22,Influenza Hospital Admissions Rate Per 100k,10,HHS Region,0.45
202212,2021-22,Influenza Hospital Admissions,10,HHS Region,64.0
202212,2021-22,Influenza Hospitalization (Avg 7 Day),10,HHS Region,34.86
202212,2021-22,Average patients with influenza in ICU,10,HHS Region,1.29
202213,2021-22,Influenza Hospital Admissions Rate Per 100k,1,HHS Region,0.87
202213,2021-22,Influenza Hospital Admissions,1,HHS Region,129.0
202213,2021-22,Influenza Hospitalization (Avg 7 Day),1,HHS Region,70.71
202213,2021-22,Average patients with influenza in ICU,1,HHS Region,8.43
202213,2021-22,Influenza Hospital Admissions Rate Per 100k,2,HHS Region,0.84
202213,2021-22,Influenza Hospital Admissions,2,HHS Region,264.0
202213,2021-22,Influenza Hospitalization (Avg 7 Day),2,HHS Region,142.43
202213,2021-22,Average patients with influenza in ICU,2,HHS Region,15.43
202213,2021-22,Influenza Hospital Admissions Rate Per 100k,3,HHS Region,0.82
202213,2021-22,Influenza Hospital Admissions,3,HHS Region,253.0
202213,2021-22,Influenza Hospitalization (Avg 7 Day),3,HHS Region,140.43
202213,2021-22,Average patients with influenza in ICU,3,HHS Region,18.0
202213,2021-22,Influenza Hospital Admissions Rate Per 100k,4,HHS Region,0.43
202213,2021-22,Influenza Hospital Admissions,4,HHS Region,290.0
202213,2021-22,Influenza Hospitalization (Avg 7 Day),4,HHS Region,210.71
202213,2021-22,Average patients with influenza in ICU,4,HHS Region,45.57
202213,2021-22,Influenza Hospital Admissions Rate Per 100k,5,HHS Region,1.05
202213,2021-22,Influenza Hospital Admissions,5,HHS Region,554.0
202213,2021-22,Influenza Hospitalization (Avg 7 Day),5,HHS Region,533.86
202213,2021-22,Average patients with influenza in ICU,5,HHS Region,68.29
202213,2021-22,Influenza Hospital Admissions Rate Per 100k,6,HHS Region,1.85
202213,2021-22,Influenza Hospital Admissions,6,HHS Region,792.0
202213,2021-22,Influenza Hospitalization (Avg 7 Day),6,HHS Region,344.57
202213,2021-22,Average patients with influenza in ICU,6,HHS Region,62.57
202213,2021-22,Influenza Hospital Admissions Rate Per 100k,7,HHS Region,1.28
202213,2021-22,Influenza Hospital Admissions,7,HHS Region,181.0
202213,2021-22,Influenza Hospitalization (Avg 7 Day),7,HHS Region,107.14
202213,2021-22,Average patients with influenza in ICU,7,HHS Region,12.14
202213,2021-22,Influenza Hospital Admissions Rate Per 100k,8,HHS Region,1.52
202221,2021-22,Influenza Hospital Admissions Rate Per 100k,1,HHS Region,0.96
202221,2021-22,Influenza Hospital Admissions,1,HHS Region,143.0
202221,2021-22,Influenza Hospitalization (Avg 7 Day),1,HHS Region,125.14
202221,2021-22,Average patients with influenza in ICU,1,HHS Region,8.86
202221,2021-22,Influenza Hospital Admissions Rate Per 100k,2,HHS Region,0.79
202221,2021-22,Influenza Hospital Admissions,2,HHS Region,249.0
202221,2021-22,Influenza Hospitalization (Avg 7 Day),2,HHS Region,199.86
202221,2021-22,Average patients with influenza in ICU,2,HHS Region,26.86
202221,2021-22,Influenza Hospital Admissions Rate Per 100k,3,HHS Region,0.52
202221,2021-22,Influenza Hospital Admissions,3,HHS Region,159.0
202221,2021-22,Influenza Hospitalization (Avg 7 Day),3,HHS Region,129.57
202221,2021-22,Average patients with influenza in ICU,3,HHS Region,25.14
202221,2021-22,Influenza Hospital Admissions Rate Per 100k,4,HHS Region,1.06
202221,2021-22,Influenza Hospital Admissions,4,HHS Region,711.0
202221,2021-22,Influenza Hospitalization (Avg 7 Day),4,HHS Region,362.57
202221,2021-22,Average patients with influenza in ICU,4,HHS Region,65.86
202221,2021-22,Influenza Hospital Admissions Rate Per 100k,5,HHS Region,0.48
202221,2021-22,Influenza Hospital Admissions,5,HHS Region,253.0
202221,2021-22,Influenza Hospitalization (Avg 7 Day),5,HHS Region,641.86
202221,2021-22,Average patients with influenza in ICU,5,HHS Region,82.86
202221,2021-22,Influenza Hospital Admissions Rate Per 100k,6,HHS Region,0.54
202221,2021-22,Influenza Hospital Admissions,6,HHS Region,229.0
202221,2021-22,Influenza Hospitalization (Avg 7 Day),6,HHS Region,124.86
202221,2021-22,Average patients with influenza in ICU,6,HHS Region,19.86
202221,2021-22,Influenza Hospital Admissions Rate Per 100k,7,HHS Region,0.25
202221,2021-22,Influenza Hospital Admissions,7,HHS Region,35.0
202221,2021-22,Influenza Hospitalization (Avg 7 Day),7,HHS Region,31.14
202221,2021-22,Average patients with influenza in ICU,7,HHS Region,2.14
202221,2021-22,Influenza Hospital Admissions Rate Per 100k,8,HHS Region,0.91
202221,2021-22,Influenza Hospital Admissions,8,HHS Region,111.0
202221,2021-22,Influenza Hospitalization (Avg 7 Day),8,HHS Region,60.43
202221,2021-22,Average patients with influenza in ICU,8,HHS Region,6.57
202221,2021-22,Influenza Hospital Admissions Rate Per 100k,9,HHS Region,1.31
202221,2021-22,Influenza Hospital Admissions,9,HHS Region,672.0
202221,2021-22,Influenza Hospitalization (Avg 7 Day),9,HHS Region,378.14
202221,2021-22,Average patients with influenza in ICU,9,HHS Region,45.29
202221,2021-22,Influenza Hospital Admissions Rate Per 100k,10,HHS Region,0.75
202221,2021-22,Influenza Hospital Admissions,10,HHS Region,107.0
202221,2021-22,Influenza Hospitalization (Avg 7 Day),10,HHS Region,82.57
202221,2021-22,Average patients with influenza in ICU,10,HHS Region,8.14
202222,2021-22,Influenza Hospital Admissions Rate Per 100k,1,HHS Region,0.56
202222,2021-22,Influenza Hospital Admissions,1,HHS Region,83.0
202222,2021-22,Influenza Hospitalization (Avg 7 Day),1,HHS Region,77.43
202222,2021-22,Average patients with influenza in ICU,1,HHS Region,9.0
202222,2021-22,Influenza Hospital Admissions Rate Per 100k,2,HHS Region,0.62
202222,2021-22,Influenza Hospital Admissions,2,HHS Region,196.0
202222,2021-22,Influenza Hospitalization (Avg 7 Day),2,HHS Region,169.57
202222,2021-22,Average patients with influenza in ICU,2,HHS Region,24.71
202222,2021-22,Influenza Hospital Admissions Rate Per 100k,3,HHS Region,0.46
202222,2021-22,Influenza Hospital Admissions,3,HHS Region,141.0
202222,2021-22,Influenza Hospitalization (Avg 7 Day),3,HHS Region,98.43
202222,2021-22,Average patients with influenza in ICU,3,HHS Region,12.0
202222,2021-22,Influenza Hospital Admissions Rate Per 100k,4,HHS Region,1.26
202222,2021-22,Influenza Hospital Admissions,4,HHS Region,843.0
202222,2021-22,Influenza Hospitalization (Avg 7 Day),4,HHS Region,424.71
202222,2021-22,Average patients with influenza in ICU,4,HHS Region,71.57
202222,2021-22,Influenza Hospital Admissions Rate Per 100k,5,HHS Region,0.36
202229,2021-22,Average patients with influenza in ICU,8,HHS Region,0.71
202229,2021-22,Influenza Hospital Admissions Rate Per 100k,9,HHS Region,0.15
202229,2021-22,Influenza Hospital Admissions,9,HHS Region,78.0
202229,2021-22,Influenza Hospitalization (Avg 7 Day),9,HHS Region,75.86
202229,2021-22,Average patients with influenza in ICU,9,HHS Region,18.86
202229,2021-22,Influenza Hospital Admissions Rate Per 100k,10,HHS Region,0.17
202229,2021-22,Influenza Hospital Admissions,10,HHS Region,24.0
202229,2021-22,Influenza Hospitalization (Avg 7 Day),10,HHS Region,23.0
202229,2021-22,Average patients with influenza in ICU,10,HHS Region,3.14
202230,2021-22,Influenza Hospital Admissions Rate Per 100k,1,HHS Region,0.05
202230,2021-22,Influenza Hospital Admissions,1,HHS Region,7.0
202230,2021-22,Influenza Hospitalization (Avg 7 Day),1,HHS Region,6.29
202230,2021-22,Average patients with influenza in ICU,1,HHS Region,0.86
202230,2021-22,Influenza Hospital Admissions Rate Per 100k,2,HHS Region,0.13
202230,2021-22,Influenza Hospital Admissions,2,HHS Region,40.0
202230,2021-22,Influenza Hospitalization (Avg 7 Day),2,HHS Region,38.86
202230,2021-22,Average patients with influenza in ICU,2,HHS Region,7.14
202230,2021-22,Influenza Hospital Admissions Rate Per 100k,3,HHS Region,0.18
202230,2021-22,Influenza Hospital Admissions,3,HHS Region,56.0
202230,2021-22,Influenza Hospitalization (Avg 7 Day),3,HHS Region,43.14
202230,2021-22,Average patients with influenza in ICU,3,HHS Region,4.43
202230,2021-22,Influenza Hospital Admissions Rate Per 100k,4,HHS Region,0.26
202230,2021-22,Influenza Hospital Admissions,4,HHS Region,173.0
202230,2021-22,Influenza Hospitalization (Avg 7 Day),4,HHS Region,133.43
202230,2021-22,Average patients with influenza in ICU,4,HHS Region,51.86
202230,2021-22,Influenza Hospital Admissions Rate Per 100k,5,HHS Region,0.07
202230,2021-22,Influenza Hospital Admissions,5,HHS Region,35.0
202230,2021-22,Influenza Hospitalization (Avg 7 Day),5,HHS Region,499.14
202230,2021-22,Average patients with influenza in ICU,5,HHS Region,63.71
202230,2021-22,Influenza Hospital Admissions Rate Per 100k,6,HHS Region,0.17
202230,2021-22,Influenza Hospital Admissions,6,HHS Region,73.0
202230,2021-22,Influenza Hospitalization (Avg 7 Day),6,HHS Region,37.86
202230,2021-22,Average patients with influenza in ICU,6,HHS Region,7.57
202230,2021-22,Influenza Hospital Admissions Rate Per 100k,7,HHS Region,0.13
202230,2021-22,Influenza Hospital Admissions,7,HHS Region,18.0
202230,2021-22,Influenza Hospitalization (Avg 7 Day),7,HHS Region,20.0
202230,2021-22,Average patients with influenza in ICU,7,HHS Region,2.0
202230,2021-22,Influenza Hospital Admissions Rate Per 100k,8,HHS Region,0.15
202230,2021-22,Influenza Hospital Admissions,8,HHS Region,19.0
202230,2021-22,Influenza Hospitalization (Avg 7 Day),8,HHS Region,7.86
202230,2021-22,Average patients with influenza in ICU,8,HHS Region,0.0
202230,2021-22,Influenza Hospital Admissions Rate Per 100k,9,HHS Region,0.13
202230,2021-22,Influenza Hospital Admissions,9,HHS Region,67.0
202230,2021-22,Influenza Hospitalization (Avg 7 Day),9,HHS Region,51.86
202230,2021-22,Average patients with influenza in ICU,9,HHS Region,14.43
202230,2021-22,Influenza Hospital Admissions Rate Per 100k,10,HHS Region,0.1
202230,2021-22,Influenza Hospital Admissions,10,HHS Region,15.0
202230,2021-22,Influenza Hospitalization (Avg 7 Day),10,HHS Region,12.57
202230,2021-22,Average patients with influenza in ICU,10,HHS Region,2.29
202231,2021-22,Influenza Hospital Admissions Rate Per 100k,1,HHS Region,0.05
202231,2021-22,Influenza Hospital Admissions,1,HHS Region,8.0
202231,2021-22,Influenza Hospitalization (Avg 7 Day),1,HHS Region,7.29
202231,2021-22,Average patients with influenza in ICU,1,HHS Region,2.0
202231,2021-22,Influenza Hospital Admissions Rate Per 100k,2,HHS Region,0.12
202231,2021-22,Influenza Hospital Admissions,2,HHS Region,37.0
202238,2021-22,Influenza Hospital Admissions,6,HHS Region,164.0
202238,2021-22,Influenza Hospitalization (Avg 7 Day),6,HHS Region,117.43
202238,2021-22,Average patients with influenza in ICU,6,HHS Region,19.86
202238,2021-22,Influenza Hospital Admissions Rate Per 100k,7,HHS Region,0.09
202238,2021-22,Influenza Hospital Admissions,7,HHS Region,13.0
202238,2021-22,Influenza Hospitalization (Avg 7 Day),7,HHS Region,15.29
202238,2021-22,Average patients with influenza in ICU,7,HHS Region,0.29
202238,2021-22,Influenza Hospital Admissions Rate Per 100k,8,HHS Region,0.11
202238,2021-22,Influenza Hospital Admissions,8,HHS Region,13.0
202238,2021-22,Influenza Hospitalization (Avg 7 Day),8,HHS Region,7.86
202238,2021-22,Average patients with influenza in ICU,8,HHS Region,0.71
202238,2021-22,Influenza Hospital Admissions Rate Per 100k,9,HHS Region,0.1
202238,2021-22,Influenza Hospital Admissions,9,HHS Region,53.0
202238,2021-22,Influenza Hospitalization (Avg 7 Day),9,HHS Region,40.0
202238,2021-22,Average patients with influenza in ICU,9,HHS Region,5.57
202238,2021-22,Influenza Hospital Admissions Rate Per 100k,10,HHS Region,0.08
202238,2021-22,Influenza Hospital Admissions,10,HHS Region,12.0
202238,2021-22,Influenza Hospitalization (Avg 7 Day),10,HHS Region,7.57
202238,2021-22,Average patients with influenza in ICU,10,HHS Region,0.29
202239,2021-22,Influenza Hospital Admissions Rate Per 100k,1,HHS Region,0.05
202239,2021-22,Influenza Hospital Admissions,1,HHS Region,8.0
202239,2021-22,Influenza Hospitalization (Avg 7 Day),1,HHS Region,7.43
202239,2021-22,Average patients with influenza in ICU,1,HHS Region,2.14
202239,2021-22,Influenza Hospital Admissions Rate Per 100k,2,HHS Region,0.29
202239,2021-22,Influenza Hospital Admissions,2,HHS Region,93.0
202239,2021-22,Influenza Hospitalization (Avg 7 Day),2,HHS Region,70.29
202239,2021-22,Average patients with influenza in ICU,2,HHS Region,6.57
202239,2021-22,Influenza Hospital Admissions Rate Per 100k,3,HHS Region,0.26
202239,2021-22,Influenza Hospital Admissions,3,HHS Region,81.0
202239,2021-22,Influenza Hospitalization (Avg 7 Day),3,HHS Region,45.43
202239,2021-22,Average patients with influenza in ICU,3,HHS Region,2.57
202239,2021-22,Influenza Hospital Admissions Rate Per 100k,4,HHS Region,0.39
202239,2021-22,Influenza Hospital Admissions,4,HHS Region,262.0
202239,2021-22,Influenza Hospitalization (Avg 7 Day),4,HHS Region,196.43
202239,2021-22,Average patients with influenza in ICU,4,HHS Region,48.86
202239,2021-22,Influenza Hospital Admissions Rate Per 100k,5,HHS Region,0.13
202239,2021-22,Influenza Hospital Admissions,5,HHS Region,70.0
202239,2021-22,Influenza Hospitalization (Avg 7 Day),5,HHS Region,524.86
202239,2021-22,Average patients with influenza in ICU,5,HHS Region,71.0
202239,2021-22,Influenza Hospital Admissions Rate Per 100k,6,HHS Region,0.44
202239,2021-22,Influenza Hospital Admissions,6,HHS Region,188.0
202239,2021-22,Influenza Hospitalization (Avg 7 Day),6,HHS Region,114.43
202239,2021-22,Average patients with influenza in ICU,6,HHS Region,19.0
202239,2021-22,Influenza Hospital Admissions Rate Per 100k,7,HHS Region,0.28
202239,2021-22,Influenza Hospital Admissions,7,HHS Region,40.0
202239,2021-22,Influenza Hospitalization (Avg 7 Day),7,HHS Region,34.0
202239,2021-22,Average patients with influenza in ICU,7,HHS Region,0.57
202239,2021-22,Influenza Hospital Admissions Rate Per 100k,8,HHS Region,0.12
202239,2021-22,Influenza Hospital Admissions,8,HHS Region,15.0
202239,2021-22,Influenza Hospitalization (Avg 7 Day),8,HHS Region,7.0
202239,2021-22,Average patients with influenza in ICU,8,HHS Region,0.43
202239,2021-22,Influenza Hospital Admissions Rate Per 100k,9,HHS Region,0.19
202239,2021-22,Influenza Hospital Admissions,9,HHS Region,96.0
202239,2021-22,Influenza Hospitalization (Avg 7 Day),9,HHS Region,52.14
202239,2021-22,Average patients with influenza in ICU,9,HHS Region,8.57
202239,2021-22,Influenza Hospital Admissions Rate Per 100k,10,HHS Region,0.12
202239,2021-22,Influenza Hospital Admissions,10,HHS Region,17.0
202239,2021-22,Influenza Hospitalization (Avg 7 Day),10,HHS Region,10.57
202239,2021-22,Average patients with influenza in ICU,10,HHS Region,0.29
202146,2021-22,Influenza Hospitalization (Avg 7 Day),1,HHS Region,3.0
202206,2021-22,Influenza Hospital Admissions Rate Per 100k,4,HHS Region,0.26
202213,2021-22,Influenza Hospital Admissions,8,HHS Region,186.0
202222,2021-22,Influenza Hospital Admissions,5,HHS Region,191.0
202231,2021-22,Influenza Hospitalization (Avg 7 Day),2,HHS Region,41.57
202231,2021-22,Average patients with influenza in ICU,2,HHS Region,7.86
202231,2021-22,Influenza Hospital Admissions Rate Per 100k,3,HHS Region,0.14
202231,2021-22,Influenza Hospital Admissions,3,HHS Region,42.0
202231,2021-22,Influenza Hospitalization (Avg 7 Day),3,HHS Region,33.14
202231,2021-22,Average patients with influenza in ICU,3,HHS Region,4.57
202231,2021-22,Influenza Hospital Admissions Rate Per 100k,4,HHS Region,0.22
202231,2021-22,Influenza Hospital Admissions,4,HHS Region,147.0
202231,2021-22,Influenza Hospitalization (Avg 7 Day),4,HHS Region,119.0
202231,2021-22,Average patients with influenza in ICU,4,HHS Region,47.14
202231,2021-22,Influenza Hospital Admissions Rate Per 100k,5,HHS Region,0.07
202231,2021-22,Influenza Hospital Admissions,5,HHS Region,36.0
202231,2021-22,Influenza Hospitalization (Avg 7 Day),5,HHS Region,503.86
202231,2021-22,Average patients with influenza in ICU,5,HHS Region,64.71
202231,2021-22,Influenza Hospital Admissions Rate Per 100k,6,HHS Region,0.21
202231,2021-22,Influenza Hospital Admissions,6,HHS Region,91.0
202231,2021-22,Influenza Hospitalization (Avg 7 Day),6,HHS Region,45.29
202231,2021-22,Average patients with influenza in ICU,6,HHS Region,11.29
202231,2021-22,Influenza Hospital Admissions Rate Per 100k,7,HHS Region,0.21
202231,2021-22,Influenza Hospital Admissions,7,HHS Region,29.0
202231,2021-22,Influenza Hospitalization (Avg 7 Day),7,HHS Region,19.86
202231,2021-22,Average patients with influenza in ICU,7,HHS Region,2.71
202231,2021-22,Influenza Hospital Admissions Rate Per 100k,8,HHS Region,0.15
202231,2021-22,Influenza Hospital Admissions,8,HHS Region,18.0
202231,2021-22,Influenza Hospitalization (Avg 7 Day),8,HHS Region,5.43
202231,2021-22,Average patients with influenza in ICU,8,HHS Region,0.0
202231,2021-22,Influenza Hospital Admissions Rate Per 100k,9,HHS Region,0.09
202231,2021-22,Influenza Hospital Admissions,9,HHS Region,48.0
202231,2021-22,Influenza Hospitalization (Avg 7 Day),9,HHS Region,45.29
202231,2021-22,Average patients with influenza in ICU,9,HHS Region,6.86
202231,2021-22,Influenza Hospital Admissions Rate Per 100k,10,HHS Region,0.14
202231,2021-22,Influenza Hospital Admissions,10,HHS Region,20.0
202231,2021-22,Influenza Hospitalization (Avg 7 Day),10,HHS Region,13.43
202231,2021-22,Average patients with influenza in ICU,10,HHS Region,2.29
202232,2021-22,Influenza Hospital Admissions Rate Per 100k,1,HHS Region,0.04
202232,2021-22,Influenza Hospital Admissions,1,HHS Region,6.0
202232,2021-22,Influenza Hospitalization (Avg 7 Day),1,HHS Region,5.57
202232,2021-22,Average patients with influenza in ICU,1,HHS Region,2.29
202232,2021-22,Influenza Hospital Admissions Rate Per 100k,2,HHS Region,0.14
202232,2021-22,Influenza Hospital Admissions,2,HHS Region,43.0
202232,2021-22,Influenza Hospitalization (Avg 7 Day),2,HHS Region,41.0
202232,2021-22,Average patients with influenza in ICU,2,HHS Region,6.86
202232,2021-22,Influenza Hospital Admissions Rate Per 100k,3,HHS Region,0.19
202232,2021-22,Influenza Hospital Admissions,3,HHS Region,60.0
202232,2021-22,Influenza Hospitalization (Avg 7 Day),3,HHS Region,38.43
202232,2021-22,Average patients with influenza in ICU,3,HHS Region,6.14
202232,2021-22,Influenza Hospital Admissions Rate Per 100k,4,HHS Region,0.21
202232,2021-22,Influenza Hospital Admissions,4,HHS Region,141.0
202232,2021-22,Influenza Hospitalization (Avg 7 Day),4,HHS Region,107.0
202232,2021-22,Average patients with influenza in ICU,4,HHS Region,44.14
202232,2021-22,Influenza Hospital Admissions Rate Per 100k,5,HHS Region,0.05
202232,2021-22,Influenza Hospital Admissions,5,HHS Region,25.0
202232,2021-22,Influenza Hospitalization (Avg 7 Day),5,HHS Region,509.29
202232,2021-22,Average patients with influenza in ICU,5,HHS Region,65.43
202232,2021-22,Influenza Hospital Admissions Rate Per 100k,6,HHS Region,0.23
202232,2021-22,Influenza Hospital Admissions,6,HHS Region,97.0
202232,2021-22,Influenza Hospitalization (Avg 7 Day),6,HHS Region,47.43
202222,2021-22,Influenza Hospitalization (Avg 7 Day),5,HHS Region,600.71
202222,2021-22,Average patients with influenza in ICU,5,HHS Region,75.86
202222,2021-22,Influenza Hospital Admissions Rate Per 100k,6,HHS Region,0.47
202222,2021-22,Influenza Hospital Admissions,6,HHS Region,200.0
202222,2021-22,Influenza Hospitalization (Avg 7 Day),6,HHS Region,126.14
202222,2021-22,Average patients with influenza in ICU,6,HHS Region,24.0
202222,2021-22,Influenza Hospital Admissions Rate Per 100k,7,HHS Region,0.3
202222,2021-22,Influenza Hospital Admissions,7,HHS Region,42.0
202222,2021-22,Influenza Hospitalization (Avg 7 Day),7,HHS Region,32.71
202222,2021-22,Average patients with influenza in ICU,7,HHS Region,3.71
202222,2021-22,Influenza Hospital Admissions Rate Per 100k,8,HHS Region,0.93
202222,2021-22,Influenza Hospital Admissions,8,HHS Region,114.0
202222,2021-22,Influenza Hospitalization (Avg 7 Day),8,HHS Region,58.86
202222,2021-22,Average patients with influenza in ICU,8,HHS Region,6.14
202222,2021-22,Influenza Hospital Admissions Rate Per 100k,9,HHS Region,1.34
202222,2021-22,Influenza Hospital Admissions,9,HHS Region,685.0
202222,2021-22,Influenza Hospitalization (Avg 7 Day),9,HHS Region,372.57
202222,2021-22,Average patients with influenza in ICU,9,HHS Region,40.86
202222,2021-22,Influenza Hospital Admissions Rate Per 100k,10,HHS Region,0.73
202222,2021-22,Influenza Hospital Admissions,10,HHS Region,105.0
202222,2021-22,Influenza Hospitalization (Avg 7 Day),10,HHS Region,73.57
202222,2021-22,Average patients with influenza in ICU,10,HHS Region,7.0
202223,2021-22,Influenza Hospital Admissions Rate Per 100k,1,HHS Region,0.68
202223,2021-22,Influenza Hospital Admissions,1,HHS Region,101.0
202223,2021-22,Influenza Hospitalization (Avg 7 Day),1,HHS Region,61.29
202223,2021-22,Average patients with influenza in ICU,1,HHS Region,5.71
202223,2021-22,Influenza Hospital Admissions Rate Per 100k,2,HHS Region,0.5
202223,2021-22,Influenza Hospital Admissions,2,HHS Region,157.0
202223,2021-22,Influenza Hospitalization (Avg 7 Day),2,HHS Region,124.0
202223,2021-22,Average patients with influenza in ICU,2,HHS Region,19.43
202223,2021-22,Influenza Hospital Admissions Rate Per 100k,3,HHS Region,0.41
202223,2021-22,Influenza Hospital Admissions,3,HHS Region,126.0
202223,2021-22,Influenza Hospitalization (Avg 7 Day),3,HHS Region,89.71
202223,2021-22,Average patients with influenza in ICU,3,HHS Region,14.43
202223,2021-22,Influenza Hospital Admissions Rate Per 100k,4,HHS Region,1.08
202223,2021-22,Influenza Hospital Admissions,4,HHS Region,722.0
202223,2021-22,Influenza Hospitalization (Avg 7 Day),4,HHS Region,403.29
202223,2021-22,Average patients with influenza in ICU,4,HHS Region,69.14
202223,2021-22,Influenza Hospital Admissions Rate Per 100k,5,HHS Region,0.18
202223,2021-22,Influenza Hospital Admissions,5,HHS Region,93.0
202223,2021-22,Influenza Hospitalization (Avg 7 Day),5,HHS Region,545.71
202223,2021-22,Average patients with influenza in ICU,5,HHS Region,72.86
202223,2021-22,Influenza Hospital Admissions Rate Per 100k,6,HHS Region,0.4
202223,2021-22,Influenza Hospital Admissions,6,HHS Region,171.0
202223,2021-22,Influenza Hospitalization (Avg 7 Day),6,HHS Region,115.57
202223,2021-22,Average patients with influenza in ICU,6,HHS Region,24.29
202223,2021-22,Influenza Hospital Admissions Rate Per 100k,7,HHS Region,0.26
202223,2021-22,Influenza Hospital Admissions,7,HHS Region,37.0
202223,2021-22,Influenza Hospitalization (Avg 7 Day),7,HHS Region,28.71
202223,2021-22,Average patients with influenza in ICU,7,HHS Region,5.0
202223,2021-22,Influenza Hospital Admissions Rate Per 100k,8,HHS Region,0.51
202223,2021-22,Influenza Hospital Admissions,8,HHS Region,62.0
202223,2021-22,Influenza Hospitalization (Avg 7 Day),8,HHS Region,47.29
202223,2021-22,Average patients with influenza in ICU,8,HHS Region,3.71
202223,2021-22,Influenza Hospital Admissions Rate Per 100k,9,HHS Region,1.06
202146,2021-22,Average patients with influenza in ICU,1,HHS Region,0.29
202146,2021-22,Influenza Hospital Admissions Rate Per 100k,2,HHS Region,0.17
202146,2021-22,Influenza Hospital Admissions,2,HHS Region,53.0
202146,2021-22,Influenza Hospitalization (Avg 7 Day),2,HHS Region,93.71
202146,2021-22,Average patients with influenza in ICU,2,HHS Region,7.43
202146,2021-22,Influenza Hospital Admissions Rate Per 100k,3,HHS Region,0.13
202146,2021-22,Influenza Hospital Admissions,3,HHS Region,41.0
202146,2021-22,Influenza Hospitalization (Avg 7 Day),3,HHS Region,47.43
202146,2021-22,Average patients with influenza in ICU,3,HHS Region,9.86
202146,2021-22,Influenza Hospital Admissions Rate Per 100k,4,HHS Region,0.16
202146,2021-22,Influenza Hospital Admissions,4,HHS Region,106.0
202146,2021-22,Influenza Hospitalization (Avg 7 Day),4,HHS Region,71.29
202146,2021-22,Average patients with influenza in ICU,4,HHS Region,24.57
202146,2021-22,Influenza Hospital Admissions Rate Per 100k,5,HHS Region,0.08
202146,2021-22,Influenza Hospital Admissions,5,HHS Region,43.0
202146,2021-22,Influenza Hospitalization (Avg 7 Day),5,HHS Region,28.86
202146,2021-22,Average patients with influenza in ICU,5,HHS Region,7.43
202146,2021-22,Influenza Hospital Admissions Rate Per 100k,6,HHS Region,0.1
202146,2021-22,Influenza Hospital Admissions,6,HHS Region,42.0
202146,2021-22,Influenza Hospitalization (Avg 7 Day),6,HHS Region,33.86
202146,2021-22,Average patients with influenza in ICU,6,HHS Region,6.14
202146,2021-22,Influenza Hospital Admissions Rate Per 100k,7,HHS Region,0.06
202146,2021-22,Influenza Hospital Admissions,7,HHS Region,8.0
202146,2021-22,Influenza Hospitalization (Avg 7 Day),7,HHS Region,8.0
202146,2021-22,Average patients with influenza in ICU,7,HHS Region,2.86
202146,2021-22,Influenza Hospital Admissions Rate Per 100k,8,HHS Region,0.07
202146,2021-22,Influenza Hospital Admissions,8,HHS Region,9.0
202146,2021-22,Influenza Hospitalization (Avg 7 Day),8,HHS Region,6.0
202146,2021-22,Average patients with influenza in ICU,8,HHS Region,0.29
202146,2021-22,Influenza Hospital Admissions Rate Per 100k,9,HHS Region,0.06
202146,2021-22,Influenza Hospital Admissions,9,HHS Region,30.0
202146,2021-22,Influenza Hospitalization (Avg 7 Day),9,HHS Region,28.14
202146,2021-22,Average patients with influenza in ICU,9,HHS Region,2.0
202146,2021-22,Influenza Hospital Admissions Rate Per 100k,10,HHS Region,0.03
202146,2021-22,Influenza Hospital Admissions,10,HHS Region,4.0
202146,2021-22,Influenza Hospitalization (Avg 7 Day),10,HHS Region,1.71
202146,2021-22,Average patients with influenza in ICU,10,HHS Region,1.0
202147,2021-22,Influenza Hospital Admissions Rate Per 100k,1,HHS Region,0.05
202147,2021-22,Influenza Hospital Admissions,1,HHS Region,7.0
202147,2021-22,Influenza Hospitalization (Avg 7 Day),1,HHS Region,6.43
202147,2021-22,Average patients with influenza in ICU,1,HHS Region,0.86
202147,2021-22,Influenza Hospital Admissions Rate Per 100k,2,HHS Region,0.24
202147,2021-22,Influenza Hospital Admissions,2,HHS Region,76.0
202147,2021-22,Influenza Hospitalization (Avg 7 Day),2,HHS Region,111.14
202147,2021-22,Average patients with influenza in ICU,2,HHS Region,8.29
202147,2021-22,Influenza Hospital Admissions Rate Per 100k,3,HHS Region,0.17
202147,2021-22,Influenza Hospital Admissions,3,HHS Region,52.0
202147,2021-22,Influenza Hospitalization (Avg 7 Day),3,HHS Region,46.57
202147,2021-22,Average patients with influenza in ICU,3,HHS Region,13.14
202147,2021-22,Influenza Hospital Admissions Rate Per 100k,4,HHS Region,0.2
202147,2021-22,Influenza Hospital Admissions,4,HHS Region,133.0
202147,2021-22,Influenza Hospitalization (Avg 7 Day),4,HHS Region,91.14
202147,2021-22,Average patients with influenza in ICU,4,HHS Region,24.0
202147,2021-22,Influenza Hospital Admissions Rate Per 100k,5,HHS Region,0.14
202147,2021-22,Influenza Hospital Admissions,5,HHS Region,72.0
202147,2021-22,Influenza Hospitalization (Avg 7 Day),5,HHS Region,48.71
202147,2021-22,Average patients with influenza in ICU,5,HHS Region,7.86
202147,2021-22,Influenza Hospital Admissions Rate Per 100k,6,HHS Region,0.08
202147,2021-22,Influenza Hospital Admissions,6,HHS Region,35.0
202147,2021-22,Influenza Hospitalization (Avg 7 Day),6,HHS Region,33.86
202213,2021-22,Influenza Hospitalization (Avg 7 Day),8,HHS Region,107.14
202213,2021-22,Average patients with influenza in ICU,8,HHS Region,10.43
202213,2021-22,Influenza Hospital Admissions Rate Per 100k,9,HHS Region,0.45
202213,2021-22,Influenza Hospital Admissions,9,HHS Region,229.0
202213,2021-22,Influenza Hospitalization (Avg 7 Day),9,HHS Region,120.57
202213,2021-22,Average patients with influenza in ICU,9,HHS Region,16.0
202213,2021-22,Influenza Hospital Admissions Rate Per 100k,10,HHS Region,0.34
202213,2021-22,Influenza Hospital Admissions,10,HHS Region,49.0
202213,2021-22,Influenza Hospitalization (Avg 7 Day),10,HHS Region,42.14
202213,2021-22,Average patients with influenza in ICU,10,HHS Region,1.71
202214,2021-22,Influenza Hospital Admissions Rate Per 100k,1,HHS Region,1.47
202214,2021-22,Influenza Hospital Admissions,1,HHS Region,218.0
202214,2021-22,Influenza Hospitalization (Avg 7 Day),1,HHS Region,116.0
202214,2021-22,Average patients with influenza in ICU,1,HHS Region,10.86
202214,2021-22,Influenza Hospital Admissions Rate Per 100k,2,HHS Region,1.13
202214,2021-22,Influenza Hospital Admissions,2,HHS Region,358.0
202214,2021-22,Influenza Hospitalization (Avg 7 Day),2,HHS Region,211.29
202214,2021-22,Average patients with influenza in ICU,2,HHS Region,22.43
202214,2021-22,Influenza Hospital Admissions Rate Per 100k,3,HHS Region,1.02
202214,2021-22,Influenza Hospital Admissions,3,HHS Region,314.0
202214,2021-22,Influenza Hospitalization (Avg 7 Day),3,HHS Region,181.43
202214,2021-22,Average patients with influenza in ICU,3,HHS Region,24.71
202214,2021-22,Influenza Hospital Admissions Rate Per 100k,4,HHS Region,0.49
202214,2021-22,Influenza Hospital Admissions,4,HHS Region,327.0
202214,2021-22,Influenza Hospitalization (Avg 7 Day),4,HHS Region,239.29
202214,2021-22,Average patients with influenza in ICU,4,HHS Region,48.14
202214,2021-22,Influenza Hospital Admissions Rate Per 100k,5,HHS Region,1.13
202214,2021-22,Influenza Hospital Admissions,5,HHS Region,592.0
202214,2021-22,Influenza Hospitalization (Avg 7 Day),5,HHS Region,612.86
202214,2021-22,Average patients with influenza in ICU,5,HHS Region,77.43
202214,2021-22,Influenza Hospital Admissions Rate Per 100k,6,HHS Region,1.36
202214,2021-22,Influenza Hospital Admissions,6,HHS Region,583.0
202214,2021-22,Influenza Hospitalization (Avg 7 Day),6,HHS Region,281.57
202214,2021-22,Average patients with influenza in ICU,6,HHS Region,47.14
202214,2021-22,Influenza Hospital Admissions Rate Per 100k,7,HHS Region,1.2
202214,2021-22,Influenza Hospital Admissions,7,HHS Region,169.0
202214,2021-22,Influenza Hospitalization (Avg 7 Day),7,HHS Region,105.0
202214,2021-22,Average patients with influenza in ICU,7,HHS Region,13.0
202214,2021-22,Influenza Hospital Admissions Rate Per 100k,8,HHS Region,1.31
202214,2021-22,Influenza Hospital Admissions,8,HHS Region,161.0
202214,2021-22,Influenza Hospitalization (Avg 7 Day),8,HHS Region,96.43
202214,2021-22,Average patients with influenza in ICU,8,HHS Region,9.57
202214,2021-22,Influenza Hospital Admissions Rate Per 100k,9,HHS Region,0.59
202214,2021-22,Influenza Hospital Admissions,9,HHS Region,303.0
202214,2021-22,Influenza Hospitalization (Avg 7 Day),9,HHS Region,134.71
202214,2021-22,Average patients with influenza in ICU,9,HHS Region,13.57
202214,2021-22,Influenza Hospital Admissions Rate Per 100k,10,HHS Region,0.4
202214,2021-22,Influenza Hospital Admissions,10,HHS Region,58.0
202214,2021-22,Influenza Hospitalization (Avg 7 Day),10,HHS Region,38.43
202214,2021-22,Average patients with influenza in ICU,10,HHS Region,3.57
202140,2021-22,Influenza Hospital Admissions Rate Per 100k,1,HHS Region,0.0
202140,2021-22,Influenza Hospital Admissions,1,HHS Region,0.0
202140,2021-22,Influenza Hospitalization (Avg 7 Day),1,HHS Region,1.57
202140,2021-22,Average patients with influenza in ICU,1,HHS Region,0.0
202140,2021-22,Influenza Hospital Admissions Rate Per 100k,2,HHS Region,0.13
202140,2021-22,Influenza Hospital Admissions,2,HHS Region,40.0
202140,2021-22,Influenza Hospitalization (Avg 7 Day),2,HHS Region,84.86
202140,2021-22,Average patients with influenza in ICU,2,HHS Region,7.0
202140,2021-22,Influenza Hospital Admissions Rate Per 100k,3,HHS Region,0.1
202140,2021-22,Influenza Hospital Admissions,3,HHS Region,32.0
202140,2021-22,Influenza Hospitalization (Avg 7 Day),3,HHS Region,38.71
202140,2021-22,Average patients with influenza in ICU,3,HHS Region,10.86
202140,2021-22,Influenza Hospital Admissions Rate Per 100k,4,HHS Region,0.11
202147,2021-22,Average patients with influenza in ICU,6,HHS Region,6.0
202147,2021-22,Influenza Hospital Admissions Rate Per 100k,7,HHS Region,0.11
202147,2021-22,Influenza Hospital Admissions,7,HHS Region,15.0
202147,2021-22,Influenza Hospitalization (Avg 7 Day),7,HHS Region,6.71
202147,2021-22,Average patients with influenza in ICU,7,HHS Region,1.71
202147,2021-22,Influenza Hospital Admissions Rate Per 100k,8,HHS Region,0.08
202147,2021-22,Influenza Hospital Admissions,8,HHS Region,10.0
202147,2021-22,Influenza Hospitalization (Avg 7 Day),8,HHS Region,10.57
202147,2021-22,Average patients with influenza in ICU,8,HHS Region,0.0
202147,2021-22,Influenza Hospital Admissions Rate Per 100k,9,HHS Region,0.09
202147,2021-22,Influenza Hospital Admissions,9,HHS Region,44.0
202147,2021-22,Influenza Hospitalization (Avg 7 Day),9,HHS Region,34.71
202147,2021-22,Average patients with influenza in ICU,9,HHS Region,3.43
202147,2021-22,Influenza Hospital Admissions Rate Per 100k,10,HHS Region,0.06
202147,2021-22,Influenza Hospital Admissions,10,HHS Region,8.0
202147,2021-22,Influenza Hospitalization (Avg 7 Day),10,HHS Region,2.86
202147,2021-22,Average patients with influenza in ICU,10,HHS Region,0.14
202148,2021-22,Influenza Hospital Admissions Rate Per 100k,1,HHS Region,0.22
202148,2021-22,Influenza Hospital Admissions,1,HHS Region,33.0
202148,2021-22,Influenza Hospitalization (Avg 7 Day),1,HHS Region,14.71
202148,2021-22,Average patients with influenza in ICU,1,HHS Region,1.43
202148,2021-22,Influenza Hospital Admissions Rate Per 100k,2,HHS Region,0.3
202148,2021-22,Influenza Hospital Admissions,2,HHS Region,96.0
202148,2021-22,Influenza Hospitalization (Avg 7 Day),2,HHS Region,117.14
202148,2021-22,Average patients with influenza in ICU,2,HHS Region,15.14
202148,2021-22,Influenza Hospital Admissions Rate Per 100k,3,HHS Region,0.32
202148,2021-22,Influenza Hospital Admissions,3,HHS Region,99.0
202148,2021-22,Influenza Hospitalization (Avg 7 Day),3,HHS Region,71.71
202148,2021-22,Average patients with influenza in ICU,3,HHS Region,16.71
202148,2021-22,Influenza Hospital Admissions Rate Per 100k,4,HHS Region,0.29
202148,2021-22,Influenza Hospital Admissions,4,HHS Region,192.0
202148,2021-22,Influenza Hospitalization (Avg 7 Day),4,HHS Region,124.86
202148,2021-22,Average patients with influenza in ICU,4,HHS Region,24.0
202148,2021-22,Influenza Hospital Admissions Rate Per 100k,5,HHS Region,0.27
202148,2021-22,Influenza Hospital Admissions,5,HHS Region,142.0
202148,2021-22,Influenza Hospitalization (Avg 7 Day),5,HHS Region,89.14
202148,2021-22,Average patients with influenza in ICU,5,HHS Region,10.29
202148,2021-22,Influenza Hospital Admissions Rate Per 100k,6,HHS Region,0.19
202148,2021-22,Influenza Hospital Admissions,6,HHS Region,83.0
202148,2021-22,Influenza Hospitalization (Avg 7 Day),6,HHS Region,50.86
202148,2021-22,Average patients with influenza in ICU,6,HHS Region,7.71
202148,2021-22,Influenza Hospital Admissions Rate Per 100k,7,HHS Region,0.33
202148,2021-22,Influenza Hospital Admissions,7,HHS Region,47.0
202148,2021-22,Influenza Hospitalization (Avg 7 Day),7,HHS Region,17.29
202148,2021-22,Average patients with influenza in ICU,7,HHS Region,1.14
202148,2021-22,Influenza Hospital Admissions Rate Per 100k,8,HHS Region,0.29
202148,2021-22,Influenza Hospital Admissions,8,HHS Region,36.0
202148,2021-22,Influenza Hospitalization (Avg 7 Day),8,HHS Region,17.43
202148,2021-22,Average patients with influenza in ICU,8,HHS Region,0.43
202148,2021-22,Influenza Hospital Admissions Rate Per 100k,9,HHS Region,0.14
202148,2021-22,Influenza Hospital Admissions,9,HHS Region,71.0
202148,2021-22,Influenza Hospitalization (Avg 7 Day),9,HHS Region,44.57
202148,2021-22,Average patients with influenza in ICU,9,HHS Region,3.57
202148,2021-22,Influenza Hospital Admissions Rate Per 100k,10,HHS Region,0.03
202148,2021-22,Influenza Hospital Admissions,10,HHS Region,5.0
202148,2021-22,Influenza Hospitalization (Avg 7 Day),10,HHS Region,3.86
202148,2021-22,Average patients with influenza in ICU,10,HHS Region,0.0
202206,2021-22,Influenza Hospital Admissions,4,HHS Region,174.0
202206,2021-22,Influenza Hospitalization (Avg 7 Day),4,HHS Region,150.0
202206,2021-22,Average patients with influenza in ICU,4,HHS Region,32.43
202206,2021-22,Influenza Hospital Admissions Rate Per 100k,5,HHS Region,0.3
202206,2021-22,Influenza Hospital Admissions,5,HHS Region,158.0
202206,2021-22,Influenza Hospitalization (Avg 7 Day),5,HHS Region,184.71
202206,2021-22,Average patients with influenza in ICU,5,HHS Region,23.29
202206,2021-22,Influenza Hospital Admissions Rate Per 100k,6,HHS Region,0.52
202206,2021-22,Influenza Hospital Admissions,6,HHS Region,220.0
202206,2021-22,Influenza Hospitalization (Avg 7 Day),6,HHS Region,133.14
202206,2021-22,Average patients with influenza in ICU,6,HHS Region,26.14
202206,2021-22,Influenza Hospital Admissions Rate Per 100k,7,HHS Region,0.94
202206,2021-22,Influenza Hospital Admissions,7,HHS Region,133.0
202206,2021-22,Influenza Hospitalization (Avg 7 Day),7,HHS Region,68.29
202206,2021-22,Average patients with influenza in ICU,7,HHS Region,7.43
202206,2021-22,Influenza Hospital Admissions Rate Per 100k,8,HHS Region,0.56
202206,2021-22,Influenza Hospital Admissions,8,HHS Region,69.0
202206,2021-22,Influenza Hospitalization (Avg 7 Day),8,HHS Region,44.71
202206,2021-22,Average patients with influenza in ICU,8,HHS Region,4.43
202206,2021-22,Influenza Hospital Admissions Rate Per 100k,9,HHS Region,0.17
202206,2021-22,Influenza Hospital Admissions,9,HHS Region,87.0
202206,2021-22,Influenza Hospitalization (Avg 7 Day),9,HHS Region,69.57
202206,2021-22,Average patients with influenza in ICU,9,HHS Region,8.57
202206,2021-22,Influenza Hospital Admissions Rate Per 100k,10,HHS Region,0.08
202206,2021-22,Influenza Hospital Admissions,10,HHS Region,11.0
202206,2021-22,Influenza Hospitalization (Avg 7 Day),10,HHS Region,16.29
202206,2021-22,Average patients with influenza in ICU,10,HHS Region,7.0
202207,2021-22,Influenza Hospital Admissions Rate Per 100k,1,HHS Region,0.38
202207,2021-22,Influenza Hospital Admissions,1,HHS Region,57.0
202207,2021-22,Influenza Hospitalization (Avg 7 Day),1,HHS Region,15.86
202207,2021-22,Average patients with influenza in ICU,1,HHS Region,1.71
202207,2021-22,Influenza Hospital Admissions Rate Per 100k,2,HHS Region,0.22
202207,2021-22,Influenza Hospital Admissions,2,HHS Region,68.0
202207,2021-22,Influenza Hospitalization (Avg 7 Day),2,HHS Region,55.43
202207,2021-22,Average patients with influenza in ICU,2,HHS Region,8.57
202207,2021-22,Influenza Hospital Admissions Rate Per 100k,3,HHS Region,0.44
202207,2021-22,Influenza Hospital Admissions,3,HHS Region,137.0
202207,2021-22,Influenza Hospitalization (Avg 7 Day),3,HHS Region,76.14
202207,2021-22,Average patients with influenza in ICU,3,HHS Region,8.86
202207,2021-22,Influenza Hospital Admissions Rate Per 100k,4,HHS Region,0.32
202207,2021-22,Influenza Hospital Admissions,4,HHS Region,214.0
202207,2021-22,Influenza Hospitalization (Avg 7 Day),4,HHS Region,154.14
202207,2021-22,Average patients with influenza in ICU,4,HHS Region,29.14
202207,2021-22,Influenza Hospital Admissions Rate Per 100k,5,HHS Region,0.41
202207,2021-22,Influenza Hospital Admissions,5,HHS Region,215.0
202207,2021-22,Influenza Hospitalization (Avg 7 Day),5,HHS Region,208.29
202207,2021-22,Average patients with influenza in ICU,5,HHS Region,23.29
202207,2021-22,Influenza Hospital Admissions Rate Per 100k,6,HHS Region,0.87
202207,2021-22,Influenza Hospital Admissions,6,HHS Region,370.0
202207,2021-22,Influenza Hospitalization (Avg 7 Day),6,HHS Region,164.57
202207,2021-22,Average patients with influenza in ICU,6,HHS Region,26.71
202207,2021-22,Influenza Hospital Admissions Rate Per 100k,7,HHS Region,1.07
202207,2021-22,Influenza Hospital Admissions,7,HHS Region,151.0
202207,2021-22,Influenza Hospitalization (Avg 7 Day),7,HHS Region,69.29
202207,2021-22,Average patients with influenza in ICU,7,HHS Region,7.14
202207,2021-22,Influenza Hospital Admissions Rate Per 100k,8,HHS Region,0.38
202207,2021-22,Influenza Hospital Admissions,8,HHS Region,46.0
202207,2021-22,Influenza Hospitalization (Avg 7 Day),8,HHS Region,37.14
202207,2021-22,Average patients with influenza in ICU,8,HHS Region,4.14
202140,2021-22,Influenza Hospital Admissions,4,HHS Region,71.0
202149,2021-22,Influenza Hospital Admissions Rate Per 100k,1,HHS Region,0.26
202149,2021-22,Influenza Hospital Admissions,1,HHS Region,39.0
202149,2021-22,Influenza Hospitalization (Avg 7 Day),1,HHS Region,18.57
202149,2021-22,Average patients with influenza in ICU,1,HHS Region,3.71
202149,2021-22,Influenza Hospital Admissions Rate Per 100k,2,HHS Region,0.44
202149,2021-22,Influenza Hospital Admissions,2,HHS Region,139.0
202149,2021-22,Influenza Hospitalization (Avg 7 Day),2,HHS Region,150.71
202149,2021-22,Average patients with influenza in ICU,2,HHS Region,20.86
202149,2021-22,Influenza Hospital Admissions Rate Per 100k,3,HHS Region,0.4
202149,2021-22,Influenza Hospital Admissions,3,HHS Region,124.0
202149,2021-22,Influenza Hospitalization (Avg 7 Day),3,HHS Region,94.43
202149,2021-22,Average patients with influenza in ICU,3,HHS Region,19.86
202149,2021-22,Influenza Hospital Admissions Rate Per 100k,4,HHS Region,0.33
202149,2021-22,Influenza Hospital Admissions,4,HHS Region,222.0
202149,2021-22,Influenza Hospitalization (Avg 7 Day),4,HHS Region,155.43
202149,2021-22,Average patients with influenza in ICU,4,HHS Region,28.57
202149,2021-22,Influenza Hospital Admissions Rate Per 100k,5,HHS Region,0.35
202149,2021-22,Influenza Hospital Admissions,5,HHS Region,183.0
202149,2021-22,Influenza Hospitalization (Avg 7 Day),5,HHS Region,128.86
202149,2021-22,Average patients with influenza in ICU,5,HHS Region,15.57
202149,2021-22,Influenza Hospital Admissions Rate Per 100k,6,HHS Region,0.24
202149,2021-22,Influenza Hospital Admissions,6,HHS Region,103.0
202149,2021-22,Influenza Hospitalization (Avg 7 Day),6,HHS Region,72.14
202149,2021-22,Average patients with influenza in ICU,6,HHS Region,14.14
202149,2021-22,Influenza Hospital Admissions Rate Per 100k,7,HHS Region,0.47
202149,2021-22,Influenza Hospital Admissions,7,HHS Region,66.0
202149,2021-22,Influenza Hospitalization (Avg 7 Day),7,HHS Region,31.71
202149,2021-22,Average patients with influenza in ICU,7,HHS Region,7.14
202149,2021-22,Influenza Hospital Admissions Rate Per 100k,8,HHS Region,0.33
202149,2021-22,Influenza Hospital Admissions,8,HHS Region,40.0
202149,2021-22,Influenza Hospitalization (Avg 7 Day),8,HHS Region,24.29
202149,2021-22,Average patients with influenza in ICU,8,HHS Region,0.86
202149,2021-22,Influenza Hospital Admissions Rate Per 100k,9,HHS Region,0.17
202149,2021-22,Influenza Hospital Admissions,9,HHS Region,85.0
202149,2021-22,Influenza Hospitalization (Avg 7 Day),9,HHS Region,64.71
202149,2021-22,Average patients with influenza in ICU,9,HHS Region,2.86
202149,2021-22,Influenza Hospital Admissions Rate Per 100k,10,HHS Region,0.04
202149,2021-22,Influenza Hospital Admissions,10,HHS Region,6.0
202149,2021-22,Influenza Hospitalization (Avg 7 Day),10,HHS Region,3.86
202149,2021-22,Average patients with influenza in ICU,10,HHS Region,0.71
202150,2021-22,Influenza Hospital Admissions Rate Per 100k,1,HHS Region,0.31
202150,2021-22,Influenza Hospital Admissions,1,HHS Region,46.0
202150,2021-22,Influenza Hospitalization (Avg 7 Day),1,HHS Region,22.86
202150,2021-22,Average patients with influenza in ICU,1,HHS Region,2.86
202150,2021-22,Influenza Hospital Admissions Rate Per 100k,2,HHS Region,0.54
202150,2021-22,Influenza Hospital Admissions,2,HHS Region,171.0
202150,2021-22,Influenza Hospitalization (Avg 7 Day),2,HHS Region,175.86
202150,2021-22,Average patients with influenza in ICU,2,HHS Region,18.43
202150,2021-22,Influenza Hospital Admissions Rate Per 100k,3,HHS Region,0.49
202140,2021-22,Influenza Hospitalization (Avg 7 Day),4,HHS Region,52.43
202140,2021-22,Average patients with influenza in ICU,4,HHS Region,13.57
202140,2021-22,Influenza Hospital Admissions Rate Per 100k,5,HHS Region,0.06
202140,2021-22,Influenza Hospital Admissions,5,HHS Region,32.0
202140,2021-22,Influenza Hospitalization (Avg 7 Day),5,HHS Region,23.0
202140,2021-22,Average patients with influenza in ICU,5,HHS Region,6.71
202140,2021-22,Influenza Hospital Admissions Rate Per 100k,6,HHS Region,0.09
202140,2021-22,Influenza Hospital Admissions,6,HHS Region,39.0
202140,2021-22,Influenza Hospitalization (Avg 7 Day),6,HHS Region,23.29
202140,2021-22,Average patients with influenza in ICU,6,HHS Region,7.86
202140,2021-22,Influenza Hospital Admissions Rate Per 100k,7,HHS Region,0.03
202140,2021-22,Influenza Hospital Admissions,7,HHS Region,4.0
202140,2021-22,Influenza Hospitalization (Avg 7 Day),7,HHS Region,2.43
202140,2021-22,Average patients with influenza in ICU,7,HHS Region,0.43
202140,2021-22,Influenza Hospital Admissions Rate Per 100k,8,HHS Region,0.05
202140,2021-22,Influenza Hospital Admissions,8,HHS Region,6.0
202140,2021-22,Influenza Hospitalization (Avg 7 Day),8,HHS Region,3.0
202140,2021-22,Average patients with influenza in ICU,8,HHS Region,0.14
202140,2021-22,Influenza Hospital Admissions Rate Per 100k,9,HHS Region,0.04
202140,2021-22,Influenza Hospital Admissions,9,HHS Region,22.0
202140,2021-22,Influenza Hospitalization (Avg 7 Day),9,HHS Region,14.43
202140,2021-22,Average patients with influenza in ICU,9,HHS Region,2.0
202140,2021-22,Influenza Hospital Admissions Rate Per 100k,10,HHS Region,0.03
202140,2021-22,Influenza Hospital Admissions,10,HHS Region,4.0
202140,2021-22,Influenza Hospitalization (Avg 7 Day),10,HHS Region,1.14
202140,2021-22,Average patients with influenza in ICU,10,HHS Region,0.0
202141,2021-22,Influenza Hospital Admissions Rate Per 100k,1,HHS Region,0.02
202141,2021-22,Influenza Hospital Admissions,1,HHS Region,3.0
202141,2021-22,Influenza Hospitalization (Avg 7 Day),1,HHS Region,2.29
202141,2021-22,Average patients with influenza in ICU,1,HHS Region,0.57
202141,2021-22,Influenza Hospital Admissions Rate Per 100k,2,HHS Region,0.07
202141,2021-22,Influenza Hospital Admissions,2,HHS Region,21.0
202141,2021-22,Influenza Hospitalization (Avg 7 Day),2,HHS Region,87.14
202141,2021-22,Average patients with influenza in ICU,2,HHS Region,4.71
202141,2021-22,Influenza Hospital Admissions Rate Per 100k,3,HHS Region,0.11
202141,2021-22,Influenza Hospital Admissions,3,HHS Region,34.0
202141,2021-22,Influenza Hospitalization (Avg 7 Day),3,HHS Region,36.71
202141,2021-22,Average patients with influenza in ICU,3,HHS Region,7.57
202141,2021-22,Influenza Hospital Admissions Rate Per 100k,4,HHS Region,0.1
202141,2021-22,Influenza Hospital Admissions,4,HHS Region,66.0
202141,2021-22,Influenza Hospitalization (Avg 7 Day),4,HHS Region,49.71
202141,2021-22,Average patients with influenza in ICU,4,HHS Region,10.43
202141,2021-22,Influenza Hospital Admissions Rate Per 100k,5,HHS Region,0.04
202141,2021-22,Influenza Hospital Admissions,5,HHS Region,22.0
202141,2021-22,Influenza Hospitalization (Avg 7 Day),5,HHS Region,21.14
202141,2021-22,Average patients with influenza in ICU,5,HHS Region,5.57
202141,2021-22,Influenza Hospital Admissions Rate Per 100k,6,HHS Region,0.1
202141,2021-22,Influenza Hospital Admissions,6,HHS Region,42.0
202141,2021-22,Influenza Hospitalization (Avg 7 Day),6,HHS Region,23.71
202141,2021-22,Average patients with influenza in ICU,6,HHS Region,7.86
202141,2021-22,Influenza Hospital Admissions Rate Per 100k,7,HHS Region,0.08
202141,2021-22,Influenza Hospital Admissions,7,HHS Region,11.0
202141,2021-22,Influenza Hospitalization (Avg 7 Day),7,HHS Region,5.14
202141,2021-22,Average patients with influenza in ICU,7,HHS Region,0.0
202141,2021-22,Influenza Hospital Admissions Rate Per 100k,8,HHS Region,0.02
202141,2021-22,Influenza Hospital Admissions,8,HHS Region,2.0
202141,2021-22,Influenza Hospitalization (Avg 7 Day),8,HHS Region,2.29
202219,2021-22,Influenza Hospital Admissions Rate Per 100k,1,HHS Region,2.0
202219,2021-22,Influenza Hospital Admissions,1,HHS Region,297.0
202219,2021-22,Influenza Hospitalization (Avg 7 Day),1,HHS Region,205.71
202219,2021-22,Average patients with influenza in ICU,1,HHS Region,14.43
202219,2021-22,Influenza Hospital Admissions Rate Per 100k,2,HHS Region,0.97
202219,2021-22,Influenza Hospital Admissions,2,HHS Region,307.0
202219,2021-22,Influenza Hospitalization (Avg 7 Day),2,HHS Region,246.71
202219,2021-22,Average patients with influenza in ICU,2,HHS Region,24.0
202219,2021-22,Influenza Hospital Admissions Rate Per 100k,3,HHS Region,0.96
202219,2021-22,Influenza Hospital Admissions,3,HHS Region,296.0
202219,2021-22,Influenza Hospitalization (Avg 7 Day),3,HHS Region,176.14
202219,2021-22,Average patients with influenza in ICU,3,HHS Region,22.43
202219,2021-22,Influenza Hospital Admissions Rate Per 100k,4,HHS Region,0.73
202219,2021-22,Influenza Hospital Admissions,4,HHS Region,488.0
202219,2021-22,Influenza Hospitalization (Avg 7 Day),4,HHS Region,281.71
202219,2021-22,Average patients with influenza in ICU,4,HHS Region,44.86
202219,2021-22,Influenza Hospital Admissions Rate Per 100k,5,HHS Region,0.89
202219,2021-22,Influenza Hospital Admissions,5,HHS Region,470.0
202219,2021-22,Influenza Hospitalization (Avg 7 Day),5,HHS Region,708.71
202219,2021-22,Average patients with influenza in ICU,5,HHS Region,89.29
202219,2021-22,Influenza Hospital Admissions Rate Per 100k,6,HHS Region,0.62
202219,2021-22,Influenza Hospital Admissions,6,HHS Region,263.0
202219,2021-22,Influenza Hospitalization (Avg 7 Day),6,HHS Region,143.29
202219,2021-22,Average patients with influenza in ICU,6,HHS Region,29.86
202219,2021-22,Influenza Hospital Admissions Rate Per 100k,7,HHS Region,0.47
202219,2021-22,Influenza Hospital Admissions,7,HHS Region,66.0
202219,2021-22,Influenza Hospitalization (Avg 7 Day),7,HHS Region,53.57
202219,2021-22,Average patients with influenza in ICU,7,HHS Region,6.43
202219,2021-22,Influenza Hospital Admissions Rate Per 100k,8,HHS Region,1.7
202219,2021-22,Influenza Hospital Admissions,8,HHS Region,208.0
202219,2021-22,Influenza Hospitalization (Avg 7 Day),8,HHS Region,83.71
202219,2021-22,Average patients with influenza in ICU,8,HHS Region,6.71
202219,2021-22,Influenza Hospital Admissions Rate Per 100k,9,HHS Region,1.02
202219,2021-22,Influenza Hospital Admissions,9,HHS Region,521.0
202219,2021-22,Influenza Hospitalization (Avg 7 Day),9,HHS Region,261.86
202219,2021-22,Average patients with influenza in ICU,9,HHS Region,20.14
202219,2021-22,Influenza Hospital Admissions Rate Per 100k,10,HHS Region,0.7
202219,2021-22,Influenza Hospital Admissions,10,HHS Region,101.0
202219,2021-22,Influenza Hospitalization (Avg 7 Day),10,HHS Region,59.86
202219,2021-22,Average patients with influenza in ICU,10,HHS Region,6.0
202220,2021-22,Influenza Hospital Admissions Rate Per 100k,1,HHS Region,1.87
202220,2021-22,Influenza Hospital Admissions,1,HHS Region,277.0
202220,2021-22,Influenza Hospitalization (Avg 7 Day),1,HHS Region,203.57
202220,2021-22,Average patients with influenza in ICU,1,HHS Region,18.86
202220,2021-22,Influenza Hospital Admissions Rate Per 100k,2,HHS Region,0.92
202220,2021-22,Influenza Hospital Admissions,2,HHS Region,290.0
202220,2021-22,Influenza Hospitalization (Avg 7 Day),2,HHS Region,243.0
202220,2021-22,Average patients with influenza in ICU,2,HHS Region,25.0
202220,2021-22,Influenza Hospital Admissions Rate Per 100k,3,HHS Region,0.82
202220,2021-22,Influenza Hospital Admissions,3,HHS Region,252.0
202220,2021-22,Influenza Hospitalization (Avg 7 Day),3,HHS Region,154.57
202220,2021-22,Average patients with influenza in ICU,3,HHS Region,22.43
202220,2021-22,Influenza Hospital Admissions Rate Per 100k,4,HHS Region,0.88
202220,2021-22,Influenza Hospital Admissions,4,HHS Region,588.0
202220,2021-22,Influenza Hospitalization (Avg 7 Day),4,HHS Region,336.43
202220,2021-22,Average patients with influenza in ICU,4,HHS Region,52.43
202229,2021-22,Influenza Hospital Admissions,2,HHS Region,32.0
202229,2021-22,Influenza Hospitalization (Avg 7 Day),2,HHS Region,45.14
202229,2021-22,Average patients with influenza in ICU,2,HHS Region,8.29
202229,2021-22,Influenza Hospital Admissions Rate Per 100k,3,HHS Region,0.21
202229,2021-22,Influenza Hospital Admissions,3,HHS Region,65.0
202229,2021-22,Influenza Hospitalization (Avg 7 Day),3,HHS Region,42.86
202229,2021-22,Average patients with influenza in ICU,3,HHS Region,9.0
202229,2021-22,Influenza Hospital Admissions Rate Per 100k,4,HHS Region,0.29
202229,2021-22,Influenza Hospital Admissions,4,HHS Region,196.0
202229,2021-22,Influenza Hospitalization (Avg 7 Day),4,HHS Region,151.0
202229,2021-22,Average patients with influenza in ICU,4,HHS Region,51.71
202229,2021-22,Influenza Hospital Admissions Rate Per 100k,5,HHS Region,0.06
202229,2021-22,Influenza Hospital Admissions,5,HHS Region,32.0
202229,2021-22,Influenza Hospitalization (Avg 7 Day),5,HHS Region,505.0
202229,2021-22,Average patients with influenza in ICU,5,HHS Region,64.0
202229,2021-22,Influenza Hospital Admissions Rate Per 100k,6,HHS Region,0.27
202229,2021-22,Influenza Hospital Admissions,6,HHS Region,116.0
202229,2021-22,Influenza Hospitalization (Avg 7 Day),6,HHS Region,55.71
202229,2021-22,Average patients with influenza in ICU,6,HHS Region,7.29
202229,2021-22,Influenza Hospital Admissions Rate Per 100k,7,HHS Region,0.13
202229,2021-22,Influenza Hospital Admissions,7,HHS Region,19.0
202229,2021-22,Influenza Hospitalization (Avg 7 Day),7,HHS Region,17.43
202229,2021-22,Average patients with influenza in ICU,7,HHS Region,1.0
202229,2021-22,Influenza Hospital Admissions Rate Per 100k,8,HHS Region,0.14
202229,2021-22,Influenza Hospital Admissions,8,HHS Region,17.0
202229,2021-22,Influenza Hospitalization (Avg 7 Day),8,HHS Region,8.71
202229,2021-22,Average patients with influenza in ICU,8,HHS Region,0.71
202229,2021-22,Influenza Hospital Admissions Rate Per 100k,9,HHS Region,0.15
202229,2021-22,Influenza Hospital Admissions,9,HHS Region,78.0
202229,2021-22,Influenza Hospitalization (Avg 7 Day),9,HHS Region,75.86
202229,2021-22,Average patients with influenza in ICU,9,HHS Region,18.86
202229,2021-22,Influenza Hospital Admissions Rate Per 100k,10,HHS Region,0.17
202229,2021-22,Influenza Hospital Admissions,10,HHS Region,24.0
202229,2021-22,Influenza Hospitalization (Avg 7 Day),10,HHS Region,23.0
202229,2021-22,Average patients with influenza in ICU,10,HHS Region,3.14
202230,2021-22,Influenza Hospital Admissions Rate Per 100k,1,HHS Region,0.05
202230,2021-22,Influenza Hospital Admissions,1,HHS Region,7.0
202230,2021-22,Influenza Hospitalization (Avg 7 Day),1,HHS Region,6.29
202230,2021-22,Average patients with influenza in ICU,1,HHS Region,0.86
202230,2021-22,Influenza Hospital Admissions Rate Per 100k,2,HHS Region,0.13
202230,2021-22,Influenza Hospital Admissions,2,HHS Region,40.0
202230,2021-22,Influenza Hospitalization (Avg 7 Day),2,HHS Region,38.86
202230,2021-22,Average patients with influenza in ICU,2,HHS Region,7.14
202230,2021-22,Influenza Hospital Admissions Rate Per 100k,3,HHS Region,0.18
202230,2021-22,Influenza Hospital Admissions,3,HHS Region,56.0
202230,2021-22,Influenza Hospitalization (Avg 7 Day),3,HHS Region,43.14
202230,2021-22,Average patients with influenza in ICU,3,HHS Region,4.43
202230,2021-22,Influenza Hospital Admissions Rate Per 100k,4,HHS Region,0.26
202230,2021-22,Influenza Hospital Admissions,4,HHS Region,173.0
202230,2021-22,Influenza Hospitalization (Avg 7 Day),4,HHS Region,133.43
202230,2021-22,Average patients with influenza in ICU,4,HHS Region,51.86
202230,2021-22,Influenza Hospital Admissions Rate Per 100k,5,HHS Region,0.07
202230,2021-22,Influenza Hospital Admissions,5,HHS Region,35.0
202230,2021-22,Influenza Hospitalization (Avg 7 Day),5,HHS Region,499.14
202230,2021-22,Average patients with influenza in ICU,5,HHS Region,63.71
202230,2021-22,Influenza Hospital Admissions Rate Per 100k,6,HHS Region,0.17
202230,2021-22,Influenza Hospital Admissions,6,HHS Region,73.0
202230,2021-22,Influenza Hospitalization (Avg 7 Day),6,HHS Region,37.86
202230,2021-22,Average patients with influenza in ICU,6,HHS Region,7.57
202146,2021-22,Average patients with influenza in ICU,3,HHS Region,9.86
202146,2021-22,Influenza Hospital Admissions Rate Per 100k,4,HHS Region,0.16
202146,2021-22,Influenza Hospital Admissions,4,HHS Region,106.0
202146,2021-22,Influenza Hospitalization (Avg 7 Day),4,HHS Region,71.29
202146,2021-22,Average patients with influenza in ICU,4,HHS Region,24.57
202146,2021-22,Influenza Hospital Admissions Rate Per 100k,5,HHS Region,0.08
202146,2021-22,Influenza Hospital Admissions,5,HHS Region,43.0
202146,2021-22,Influenza Hospitalization (Avg 7 Day),5,HHS Region,28.86
202146,2021-22,Average patients with influenza in ICU,5,HHS Region,7.43
202146,2021-22,Influenza Hospital Admissions Rate Per 100k,6,HHS Region,0.1
202146,2021-22,Influenza Hospital Admissions,6,HHS Region,42.0
202146,2021-22,Influenza Hospitalization (Avg 7 Day),6,HHS Region,33.86
202146,2021-22,Average patients with influenza in ICU,6,HHS Region,6.14
202146,2021-22,Influenza Hospital Admissions Rate Per 100k,7,HHS Region,0.06
202146,2021-22,Influenza Hospital Admissions,7,HHS Region,8.0
202146,2021-22,Influenza Hospitalization (Avg 7 Day),7,HHS Region,8.0
202146,2021-22,Average patients with influenza in ICU,7,HHS Region,2.86
202146,2021-22,Influenza Hospital Admissions Rate Per 100k,8,HHS Region,0.07
202146,2021-22,Influenza Hospital Admissions,8,HHS Region,9.0
202146,2021-22,Influenza Hospitalization (Avg 7 Day),8,HHS Region,6.0
202146,2021-22,Average patients with influenza in ICU,8,HHS Region,0.29
202146,2021-22,Influenza Hospital Admissions Rate Per 100k,9,HHS Region,0.06
202146,2021-22,Influenza Hospital Admissions,9,HHS Region,30.0
202146,2021-22,Influenza Hospitalization (Avg 7 Day),9,HHS Region,28.14
202146,2021-22,Average patients with influenza in ICU,9,HHS Region,2.0
202146,2021-22,Influenza Hospital Admissions Rate Per 100k,10,HHS Region,0.03
202146,2021-22,Influenza Hospital Admissions,10,HHS Region,4.0
202146,2021-22,Influenza Hospitalization (Avg 7 Day),10,HHS Region,1.71
202146,2021-22,Average patients with influenza in ICU,10,HHS Region,1.0
202147,2021-22,Influenza Hospital Admissions Rate Per 100k,1,HHS Region,0.05
202147,2021-22,Influenza Hospital Admissions,1,HHS Region,7.0
202147,2021-22,Influenza Hospitalization (Avg 7 Day),1,HHS Region,6.43
202147,2021-22,Average patients with influenza in ICU,1,HHS Region,0.86
202147,2021-22,Influenza Hospital Admissions Rate Per 100k,2,HHS Region,0.24
202147,2021-22,Influenza Hospital Admissions,2,HHS Region,76.0
202147,2021-22,Influenza Hospitalization (Avg 7 Day),2,HHS Region,111.14
202147,2021-22,Average patients with influenza in ICU,2,HHS Region,8.29
202147,2021-22,Influenza Hospital Admissions Rate Per 100k,3,HHS Region,0.17
202147,2021-22,Influenza Hospital Admissions,3,HHS Region,52.0
202147,2021-22,Influenza Hospitalization (Avg 7 Day),3,HHS Region,46.57
202147,2021-22,Average patients with influenza in ICU,3,HHS Region,13.14
202147,2021-22,Influenza Hospital Admissions Rate Per 100k,4,HHS Region,0.2
202147,2021-22,Influenza Hospital Admissions,4,HHS Region,133.0
202147,2021-22,Influenza Hospitalization (Avg 7 Day),4,HHS Region,91.14
202147,2021-22,Average patients with influenza in ICU,4,HHS Region,24.0
202147,2021-22,Influenza Hospital Admissions Rate Per 100k,5,HHS Region,0.14
202147,2021-22,Influenza Hospital Admissions,5,HHS Region,72.0
202147,2021-22,Influenza Hospitalization (Avg 7 Day),5,HHS Region,48.71
202147,2021-22,Average patients with influenza in ICU,5,HHS Region,7.86
202147,2021-22,Influenza Hospital Admissions Rate Per 100k,6,HHS Region,0.08
202147,2021-22,Influenza Hospital Admissions,6,HHS Region,35.0
202147,2021-22,Influenza Hospitalization (Avg 7 Day),6,HHS Region,33.86
202147,2021-22,Average patients with influenza in ICU,6,HHS Region,6.0
202147,2021-22,Influenza Hospital Admissions Rate Per 100k,7,HHS Region,0.11
202147,2021-22,Influenza Hospital Admissions,7,HHS Region,15.0
202147,2021-22,Influenza Hospitalization (Avg 7 Day),7,HHS Region,6.71
202147,2021-22,Average patients with influenza in ICU,7,HHS Region,1.71
202147,2021-22,Influenza Hospital Admissions Rate Per 100k,8,HHS Region,0.08
202147,2021-22,Influenza Hospital Admissions,8,HHS Region,10.0
202203,2021-22,Influenza Hospital Admissions Rate Per 100k,1,HHS Region,0.45
202203,2021-22,Influenza Hospital Admissions,1,HHS Region,67.0
202203,2021-22,Influenza Hospitalization (Avg 7 Day),1,HHS Region,34.71
202203,2021-22,Average patients with influenza in ICU,1,HHS Region,4.14
202203,2021-22,Influenza Hospital Admissions Rate Per 100k,2,HHS Region,0.2
202203,2021-22,Influenza Hospital Admissions,2,HHS Region,62.0
202203,2021-22,Influenza Hospitalization (Avg 7 Day),2,HHS Region,83.29
202203,2021-22,Average patients with influenza in ICU,2,HHS Region,18.86
202203,2021-22,Influenza Hospital Admissions Rate Per 100k,3,HHS Region,0.29
202203,2021-22,Influenza Hospital Admissions,3,HHS Region,91.0
202203,2021-22,Influenza Hospitalization (Avg 7 Day),3,HHS Region,91.86
202203,2021-22,Average patients with influenza in ICU,3,HHS Region,14.43
202203,2021-22,Influenza Hospital Admissions Rate Per 100k,4,HHS Region,0.36
202203,2021-22,Influenza Hospital Admissions,4,HHS Region,239.0
202203,2021-22,Influenza Hospitalization (Avg 7 Day),4,HHS Region,202.43
202203,2021-22,Average patients with influenza in ICU,4,HHS Region,42.43
202203,2021-22,Influenza Hospital Admissions Rate Per 100k,5,HHS Region,0.33
202203,2021-22,Influenza Hospital Admissions,5,HHS Region,174.0
202203,2021-22,Influenza Hospitalization (Avg 7 Day),5,HHS Region,198.86
202203,2021-22,Average patients with influenza in ICU,5,HHS Region,27.14
202203,2021-22,Influenza Hospital Admissions Rate Per 100k,6,HHS Region,0.28
202203,2021-22,Influenza Hospital Admissions,6,HHS Region,118.0
202203,2021-22,Influenza Hospitalization (Avg 7 Day),6,HHS Region,97.57
202203,2021-22,Average patients with influenza in ICU,6,HHS Region,19.0
202203,2021-22,Influenza Hospital Admissions Rate Per 100k,7,HHS Region,0.68
202203,2021-22,Influenza Hospital Admissions,7,HHS Region,96.0
202203,2021-22,Influenza Hospitalization (Avg 7 Day),7,HHS Region,71.57
202203,2021-22,Average patients with influenza in ICU,7,HHS Region,10.43
202203,2021-22,Influenza Hospital Admissions Rate Per 100k,8,HHS Region,0.58
202203,2021-22,Influenza Hospital Admissions,8,HHS Region,71.0
202203,2021-22,Influenza Hospitalization (Avg 7 Day),8,HHS Region,71.86
202203,2021-22,Average patients with influenza in ICU,8,HHS Region,10.29
202203,2021-22,Influenza Hospital Admissions Rate Per 100k,9,HHS Region,0.17
202203,2021-22,Influenza Hospital Admissions,9,HHS Region,86.0
202203,2021-22,Influenza Hospitalization (Avg 7 Day),9,HHS Region,73.14
202203,2021-22,Average patients with influenza in ICU,9,HHS Region,12.0
202203,2021-22,Influenza Hospital Admissions Rate Per 100k,10,HHS Region,0.1
202203,2021-22,Influenza Hospital Admissions,10,HHS Region,15.0
202203,2021-22,Influenza Hospitalization (Avg 7 Day),10,HHS Region,15.86
202203,2021-22,Average patients with influenza in ICU,10,HHS Region,3.43
202204,2021-22,Influenza Hospital Admissions Rate Per 100k,1,HHS Region,0.23
202204,2021-22,Influenza Hospital Admissions,1,HHS Region,34.0
202204,2021-22,Influenza Hospitalization (Avg 7 Day),1,HHS Region,27.57
202204,2021-22,Average patients with influenza in ICU,1,HHS Region,5.43
202204,2021-22,Influenza Hospital Admissions Rate Per 100k,2,HHS Region,0.17
202204,2021-22,Influenza Hospital Admissions,2,HHS Region,53.0
202204,2021-22,Influenza Hospitalization (Avg 7 Day),2,HHS Region,72.43
202204,2021-22,Average patients with influenza in ICU,2,HHS Region,15.57
202204,2021-22,Influenza Hospital Admissions Rate Per 100k,3,HHS Region,0.25
202204,2021-22,Influenza Hospital Admissions,3,HHS Region,78.0
202204,2021-22,Influenza Hospitalization (Avg 7 Day),3,HHS Region,62.71
202204,2021-22,Average patients with influenza in ICU,3,HHS Region,9.43
202204,2021-22,Influenza Hospital Admissions Rate Per 100k,4,HHS Region,0.26
202204,2021-22,Influenza Hospital Admissions,4,HHS Region,176.0
202204,2021-22,Influenza Hospitalization (Avg 7 Day),4,HHS Region,166.57
202204,2021-22,Average patients with influenza in ICU,4,HHS Region,41.86
202210,2021-22,Influenza Hospital Admissions,3,HHS Region,145.0
202210,2021-22,Influenza Hospitalization (Avg 7 Day),3,HHS Region,88.29
202210,2021-22,Average patients with influenza in ICU,3,HHS Region,10.71
202210,2021-22,Influenza Hospital Admissions Rate Per 100k,4,HHS Region,0.39
202210,2021-22,Influenza Hospital Admissions,4,HHS Region,260.0
202210,2021-22,Influenza Hospitalization (Avg 7 Day),4,HHS Region,192.29
202210,2021-22,Average patients with influenza in ICU,4,HHS Region,39.57
202210,2021-22,Influenza Hospital Admissions Rate Per 100k,5,HHS Region,0.73
202210,2021-22,Influenza Hospital Admissions,5,HHS Region,386.0
202210,2021-22,Influenza Hospitalization (Avg 7 Day),5,HHS Region,304.14
202210,2021-22,Average patients with influenza in ICU,5,HHS Region,30.14
202210,2021-22,Influenza Hospital Admissions Rate Per 100k,6,HHS Region,1.45
202210,2021-22,Influenza Hospital Admissions,6,HHS Region,618.0
202210,2021-22,Influenza Hospitalization (Avg 7 Day),6,HHS Region,283.43
202210,2021-22,Average patients with influenza in ICU,6,HHS Region,44.14
202210,2021-22,Influenza Hospital Admissions Rate Per 100k,7,HHS Region,1.43
202210,2021-22,Influenza Hospital Admissions,7,HHS Region,202.0
202210,2021-22,Influenza Hospitalization (Avg 7 Day),7,HHS Region,117.29
202210,2021-22,Average patients with influenza in ICU,7,HHS Region,13.14
202210,2021-22,Influenza Hospital Admissions Rate Per 100k,8,HHS Region,0.73
202210,2021-22,Influenza Hospital Admissions,8,HHS Region,89.0
202210,2021-22,Influenza Hospitalization (Avg 7 Day),8,HHS Region,65.71
202210,2021-22,Average patients with influenza in ICU,8,HHS Region,5.57
202210,2021-22,Influenza Hospital Admissions Rate Per 100k,9,HHS Region,0.27
202210,2021-22,Influenza Hospital Admissions,9,HHS Region,141.0
202210,2021-22,Influenza Hospitalization (Avg 7 Day),9,HHS Region,76.29
202210,2021-22,Average patients with influenza in ICU,9,HHS Region,9.71
202210,2021-22,Influenza Hospital Admissions Rate Per 100k,10,HHS Region,0.24
202210,2021-22,Influenza Hospital Admissions,10,HHS Region,34.0
202210,2021-22,Influenza Hospitalization (Avg 7 Day),10,HHS Region,19.29
202210,2021-22,Average patients with influenza in ICU,10,HHS Region,3.43
202211,2021-22,Influenza Hospital Admissions Rate Per 100k,1,HHS Region,0.44
202211,2021-22,Influenza Hospital Admissions,1,HHS Region,66.0
202211,2021-22,Influenza Hospitalization (Avg 7 Day),1,HHS Region,32.71
202211,2021-22,Average patients with influenza in ICU,1,HHS Region,3.14
202211,2021-22,Influenza Hospital Admissions Rate Per 100k,2,HHS Region,0.47
202211,2021-22,Influenza Hospital Admissions,2,HHS Region,147.0
202211,2021-22,Influenza Hospitalization (Avg 7 Day),2,HHS Region,74.71
202211,2021-22,Average patients with influenza in ICU,2,HHS Region,14.43
202211,2021-22,Influenza Hospital Admissions Rate Per 100k,3,HHS Region,0.65
202211,2021-22,Influenza Hospital Admissions,3,HHS Region,201.0
202211,2021-22,Influenza Hospitalization (Avg 7 Day),3,HHS Region,119.71
202211,2021-22,Average patients with influenza in ICU,3,HHS Region,17.0
202211,2021-22,Influenza Hospital Admissions Rate Per 100k,4,HHS Region,0.34
202211,2021-22,Influenza Hospital Admissions,4,HHS Region,229.0
202211,2021-22,Influenza Hospitalization (Avg 7 Day),4,HHS Region,183.29
202211,2021-22,Average patients with influenza in ICU,4,HHS Region,39.43
202211,2021-22,Influenza Hospital Admissions Rate Per 100k,5,HHS Region,0.91
202211,2021-22,Influenza Hospital Admissions,5,HHS Region,476.0
202211,2021-22,Influenza Hospitalization (Avg 7 Day),5,HHS Region,380.43
202211,2021-22,Average patients with influenza in ICU,5,HHS Region,46.86
202211,2021-22,Influenza Hospital Admissions Rate Per 100k,6,HHS Region,2.04
202211,2021-22,Influenza Hospital Admissions,6,HHS Region,872.0
202211,2021-22,Influenza Hospitalization (Avg 7 Day),6,HHS Region,348.29
202211,2021-22,Average patients with influenza in ICU,6,HHS Region,47.14
202211,2021-22,Influenza Hospital Admissions Rate Per 100k,7,HHS Region,1.63
202211,2021-22,Influenza Hospital Admissions,7,HHS Region,231.0
202211,2021-22,Influenza Hospitalization (Avg 7 Day),7,HHS Region,111.29
202211,2021-22,Average patients with influenza in ICU,7,HHS Region,14.43
