202335,2022-23,Influenza Hospitalization (Avg 7 Day),4,HHS Region,287.0
202335,2022-23,Average patients with influenza in ICU,4,HHS Region,109.29
202335,2022-23,Influenza Hospital Admissions Rate Per 100k,5,HHS Region,0.08
202335,2022-23,Influenza Hospital Admissions,5,HHS Region,41.0
202335,2022-23,Influenza Hospitalization (Avg 7 Day),5,HHS Region,60.71
202335,2022-23,Average patients with influenza in ICU,5,HHS Region,5.43
202335,2022-23,Influenza Hospital Admissions Rate Per 100k,6,HHS Region,0.38
202335,2022-23,Influenza Hospital Admissions,6,HHS Region,164.0
202335,2022-23,Influenza Hospitalization (Avg 7 Day),6,HHS Region,86.86
202335,2022-23,Average patients with influenza in ICU,6,HHS Region,12.71
202335,2022-23,Influenza Hospital Admissions Rate Per 100k,7,HHS Region,0.1
202335,2022-23,Influenza Hospital Admissions,7,HHS Region,14.0
202335,2022-23,Influenza Hospitalization (Avg 7 Day),7,HHS Region,11.57
202335,2022-23,Average patients with influenza in ICU,7,HHS Region,2.57
202335,2022-23,Influenza Hospital Admissions Rate Per 100k,8,HHS Region,0.04
202335,2022-23,Influenza Hospital Admissions,8,HHS Region,5.0
202335,2022-23,Influenza Hospitalization (Avg 7 Day),8,HHS Region,6.0
202335,2022-23,Average patients with influenza in ICU,8,HHS Region,0.29
202335,2022-23,Influenza Hospital Admissions Rate Per 100k,9,HHS Region,0.12
202335,2022-23,Influenza Hospital Admissions,9,HHS Region,63.0
202335,2022-23,Influenza Hospitalization (Avg 7 Day),9,HHS Region,51.86
202335,2022-23,Average patients with influenza in ICU,9,HHS Region,4.29
202335,2022-23,Influenza Hospital Admissions Rate Per 100k,10,HHS Region,0.32
202335,2022-23,Influenza Hospital Admissions,10,HHS Region,46.0
202335,2022-23,Influenza Hospitalization (Avg 7 Day),10,HHS Region,25.29
202335,2022-23,Average patients with influenza in ICU,10,HHS Region,2.14
202336,2022-23,Influenza Hospital Admissions Rate Per 100k,1,HHS Region,0.07
202336,2022-23,Influenza Hospital Admissions,1,HHS Region,11.0
202336,2022-23,Influenza Hospitalization (Avg 7 Day),1,HHS Region,15.57
202336,2022-23,Average patients with influenza in ICU,1,HHS Region,3.0
202336,2022-23,Influenza Hospital Admissions Rate Per 100k,2,HHS Region,0.25
202336,2022-23,Influenza Hospital Admissions,2,HHS Region,79.0
202336,2022-23,Influenza Hospitalization (Avg 7 Day),2,HHS Region,76.71
202336,2022-23,Average patients with influenza in ICU,2,HHS Region,4.29
202336,2022-23,Influenza Hospital Admissions Rate Per 100k,3,HHS Region,0.29
202336,2022-23,Influenza Hospital Admissions,3,HHS Region,91.0
202336,2022-23,Influenza Hospitalization (Avg 7 Day),3,HHS Region,57.29
202336,2022-23,Average patients with influenza in ICU,3,HHS Region,6.43
202336,2022-23,Influenza Hospital Admissions Rate Per 100k,4,HHS Region,0.43
202336,2022-23,Influenza Hospital Admissions,4,HHS Region,285.0
202336,2022-23,Influenza Hospitalization (Avg 7 Day),4,HHS Region,302.57
202336,2022-23,Average patients with influenza in ICU,4,HHS Region,107.29
202336,2022-23,Influenza Hospital Admissions Rate Per 100k,5,HHS Region,0.07
202336,2022-23,Influenza Hospital Admissions,5,HHS Region,37.0
202336,2022-23,Influenza Hospitalization (Avg 7 Day),5,HHS Region,71.43
202336,2022-23,Average patients with influenza in ICU,5,HHS Region,5.86
202336,2022-23,Influenza Hospital Admissions Rate Per 100k,6,HHS Region,0.35
202336,2022-23,Influenza Hospital Admissions,6,HHS Region,149.0
202336,2022-23,Influenza Hospitalization (Avg 7 Day),6,HHS Region,83.14
202336,2022-23,Average patients with influenza in ICU,6,HHS Region,16.0
202336,2022-23,Influenza Hospital Admissions Rate Per 100k,7,HHS Region,0.14
202336,2022-23,Influenza Hospital Admissions,7,HHS Region,20.0
202336,2022-23,Influenza Hospitalization (Avg 7 Day),7,HHS Region,11.57
202336,2022-23,Average patients with influenza in ICU,7,HHS Region,2.71
202330,2022-23,Influenza Hospital Admissions Rate Per 100k,10,HHS Region,0.16
202336,2022-23,Influenza Hospital Admissions Rate Per 100k,8,HHS Region,0.11
202336,2022-23,Influenza Hospital Admissions,8,HHS Region,13.0
202336,2022-23,Influenza Hospitalization (Avg 7 Day),8,HHS Region,9.0
202336,2022-23,Average patients with influenza in ICU,8,HHS Region,0.14
202336,2022-23,Influenza Hospital Admissions Rate Per 100k,9,HHS Region,0.12
202336,2022-23,Influenza Hospital Admissions,9,HHS Region,59.0
202336,2022-23,Influenza Hospitalization (Avg 7 Day),9,HHS Region,61.43
202336,2022-23,Average patients with influenza in ICU,9,HHS Region,3.86
202336,2022-23,Influenza Hospital Admissions Rate Per 100k,10,HHS Region,0.3
202336,2022-23,Influenza Hospital Admissions,10,HHS Region,43.0
202336,2022-23,Influenza Hospitalization (Avg 7 Day),10,HHS Region,30.0
202336,2022-23,Average patients with influenza in ICU,10,HHS Region,3.43
202337,2022-23,Influenza Hospital Admissions Rate Per 100k,1,HHS Region,0.11
202337,2022-23,Influenza Hospital Admissions,1,HHS Region,16.0
202337,2022-23,Influenza Hospitalization (Avg 7 Day),1,HHS Region,18.71
202337,2022-23,Average patients with influenza in ICU,1,HHS Region,3.14
202337,2022-23,Influenza Hospital Admissions Rate Per 100k,2,HHS Region,0.25
202337,2022-23,Influenza Hospital Admissions,2,HHS Region,79.0
202337,2022-23,Influenza Hospitalization (Avg 7 Day),2,HHS Region,78.86
202337,2022-23,Average patients with influenza in ICU,2,HHS Region,2.57
202337,2022-23,Influenza Hospital Admissions Rate Per 100k,3,HHS Region,0.28
202337,2022-23,Influenza Hospital Admissions,3,HHS Region,87.0
202337,2022-23,Influenza Hospitalization (Avg 7 Day),3,HHS Region,60.43
202337,2022-23,Average patients with influenza in ICU,3,HHS Region,10.29
202337,2022-23,Influenza Hospital Admissions Rate Per 100k,4,HHS Region,0.46
202337,2022-23,Influenza Hospital Admissions,4,HHS Region,308.0
202337,2022-23,Influenza Hospitalization (Avg 7 Day),4,HHS Region,315.71
202337,2022-23,Average patients with influenza in ICU,4,HHS Region,106.71
202337,2022-23,Influenza Hospital Admissions Rate Per 100k,5,HHS Region,0.09
202337,2022-23,Influenza Hospital Admissions,5,HHS Region,49.0
202337,2022-23,Influenza Hospitalization (Avg 7 Day),5,HHS Region,63.43
202337,2022-23,Average patients with influenza in ICU,5,HHS Region,6.86
202337,2022-23,Influenza Hospital Admissions Rate Per 100k,6,HHS Region,0.41
202337,2022-23,Influenza Hospital Admissions,6,HHS Region,175.0
202337,2022-23,Influenza Hospitalization (Avg 7 Day),6,HHS Region,98.86
202337,2022-23,Average patients with influenza in ICU,6,HHS Region,15.29
202337,2022-23,Influenza Hospital Admissions Rate Per 100k,7,HHS Region,0.08
202337,2022-23,Influenza Hospital Admissions,7,HHS Region,11.0
202337,2022-23,Influenza Hospitalization (Avg 7 Day),7,HHS Region,10.71
202337,2022-23,Average patients with influenza in ICU,7,HHS Region,3.29
202337,2022-23,Influenza Hospital Admissions Rate Per 100k,8,HHS Region,0.05
202337,2022-23,Influenza Hospital Admissions,8,HHS Region,6.0
202337,2022-23,Influenza Hospitalization (Avg 7 Day),8,HHS Region,8.71
202337,2022-23,Average patients with influenza in ICU,8,HHS Region,0.29
202337,2022-23,Influenza Hospital Admissions Rate Per 100k,9,HHS Region,0.12
202337,2022-23,Influenza Hospital Admissions,9,HHS Region,59.0
202337,2022-23,Influenza Hospitalization (Avg 7 Day),9,HHS Region,61.71
202337,2022-23,Average patients with influenza in ICU,9,HHS Region,5.57
202337,2022-23,Influenza Hospital Admissions Rate Per 100k,10,HHS Region,0.17
202337,2022-23,Influenza Hospital Admissions,10,HHS Region,25.0
202337,2022-23,Influenza Hospitalization (Avg 7 Day),10,HHS Region,24.14
202337,2022-23,Average patients with influenza in ICU,10,HHS Region,1.29
202338,2022-23,Influenza Hospital Admissions Rate Per 100k,1,HHS Region,0.21
202338,2022-23,Influenza Hospital Admissions,1,HHS Region,31.0
202338,2022-23,Influenza Hospitalization (Avg 7 Day),1,HHS Region,20.71
202338,2022-23,Average patients with influenza in ICU,1,HHS Region,4.14
202242,2022-23,Influenza Hospital Admissions,2,HHS Region,127.0
202242,2022-23,Influenza Hospitalization (Avg 7 Day),2,HHS Region,87.14
202242,2022-23,Average patients with influenza in ICU,2,HHS Region,7.43
202242,2022-23,Influenza Hospital Admissions Rate Per 100k,3,HHS Region,0.75
202242,2022-23,Influenza Hospital Admissions,3,HHS Region,232.0
202242,2022-23,Influenza Hospitalization (Avg 7 Day),3,HHS Region,119.71
202242,2022-23,Average patients with influenza in ICU,3,HHS Region,14.43
202242,2022-23,Influenza Hospital Admissions Rate Per 100k,4,HHS Region,1.03
202242,2022-23,Influenza Hospital Admissions,4,HHS Region,690.0
202242,2022-23,Influenza Hospitalization (Avg 7 Day),4,HHS Region,514.14
202242,2022-23,Average patients with influenza in ICU,4,HHS Region,106.0
202242,2022-23,Influenza Hospital Admissions Rate Per 100k,5,HHS Region,0.34
202242,2022-23,Influenza Hospital Admissions,5,HHS Region,177.0
202242,2022-23,Influenza Hospitalization (Avg 7 Day),5,HHS Region,118.86
202242,2022-23,Average patients with influenza in ICU,5,HHS Region,16.71
202242,2022-23,Influenza Hospital Admissions Rate Per 100k,6,HHS Region,1.55
202242,2022-23,Influenza Hospital Admissions,6,HHS Region,663.0
202242,2022-23,Influenza Hospitalization (Avg 7 Day),6,HHS Region,313.29
202242,2022-23,Average patients with influenza in ICU,6,HHS Region,50.86
202242,2022-23,Influenza Hospital Admissions Rate Per 100k,7,HHS Region,0.42
202242,2022-23,Influenza Hospital Admissions,7,HHS Region,60.0
202242,2022-23,Influenza Hospitalization (Avg 7 Day),7,HHS Region,60.86
202242,2022-23,Average patients with influenza in ICU,7,HHS Region,12.0
202242,2022-23,Influenza Hospital Admissions Rate Per 100k,8,HHS Region,0.29
202242,2022-23,Influenza Hospital Admissions,8,HHS Region,36.0
202242,2022-23,Influenza Hospitalization (Avg 7 Day),8,HHS Region,13.86
202242,2022-23,Average patients with influenza in ICU,8,HHS Region,0.29
202242,2022-23,Influenza Hospital Admissions Rate Per 100k,9,HHS Region,0.3
202242,2022-23,Influenza Hospital Admissions,9,HHS Region,155.0
202242,2022-23,Influenza Hospitalization (Avg 7 Day),9,HHS Region,103.57
202242,2022-23,Average patients with influenza in ICU,9,HHS Region,12.86
202242,2022-23,Influenza Hospital Admissions Rate Per 100k,10,HHS Region,0.19
202242,2022-23,Influenza Hospital Admissions,10,HHS Region,28.0
202242,2022-23,Influenza Hospitalization (Avg 7 Day),10,HHS Region,18.0
202242,2022-23,Average patients with influenza in ICU,10,HHS Region,2.0
202243,2022-23,Influenza Hospital Admissions Rate Per 100k,1,HHS Region,0.37
202243,2022-23,Influenza Hospital Admissions,1,HHS Region,55.0
202243,2022-23,Influenza Hospitalization (Avg 7 Day),1,HHS Region,25.86
202243,2022-23,Average patients with influenza in ICU,1,HHS Region,1.86
202243,2022-23,Influenza Hospital Admissions Rate Per 100k,2,HHS Region,0.72
202243,2022-23,Influenza Hospital Admissions,2,HHS Region,226.0
202243,2022-23,Influenza Hospitalization (Avg 7 Day),2,HHS Region,128.57
202243,2022-23,Average patients with influenza in ICU,2,HHS Region,13.14
202243,2022-23,Influenza Hospital Admissions Rate Per 100k,3,HHS Region,1.67
202243,2022-23,Influenza Hospital Admissions,3,HHS Region,516.0
202243,2022-23,Influenza Hospitalization (Avg 7 Day),3,HHS Region,236.57
202243,2022-23,Average patients with influenza in ICU,3,HHS Region,26.0
202243,2022-23,Influenza Hospital Admissions Rate Per 100k,4,HHS Region,2.0
202243,2022-23,Influenza Hospital Admissions,4,HHS Region,1337.0
202243,2022-23,Influenza Hospitalization (Avg 7 Day),4,HHS Region,824.43
202243,2022-23,Average patients with influenza in ICU,4,HHS Region,142.0
202243,2022-23,Influenza Hospital Admissions Rate Per 100k,5,HHS Region,0.79
202243,2022-23,Influenza Hospital Admissions,5,HHS Region,414.0
202243,2022-23,Influenza Hospitalization (Avg 7 Day),5,HHS Region,218.71
202243,2022-23,Average patients with influenza in ICU,5,HHS Region,26.14
202243,2022-23,Influenza Hospital Admissions Rate Per 100k,6,HHS Region,2.46
202243,2022-23,Influenza Hospital Admissions,6,HHS Region,1050.0
202243,2022-23,Influenza Hospitalization (Avg 7 Day),6,HHS Region,446.29
202243,2022-23,Average patients with influenza in ICU,6,HHS Region,72.43
202301,2022-23,Influenza Hospital Admissions,9,HHS Region,1395.0
202301,2022-23,Influenza Hospitalization (Avg 7 Day),9,HHS Region,1384.86
202301,2022-23,Average patients with influenza in ICU,9,HHS Region,214.71
202301,2022-23,Influenza Hospital Admissions Rate Per 100k,10,HHS Region,3.62
202301,2022-23,Influenza Hospital Admissions,10,HHS Region,520.0
202301,2022-23,Influenza Hospitalization (Avg 7 Day),10,HHS Region,507.43
202301,2022-23,Average patients with influenza in ICU,10,HHS Region,66.57
202302,2022-23,Influenza Hospital Admissions Rate Per 100k,1,HHS Region,3.06
202302,2022-23,Influenza Hospital Admissions,1,HHS Region,455.0
202302,2022-23,Influenza Hospitalization (Avg 7 Day),1,HHS Region,582.43
202302,2022-23,Average patients with influenza in ICU,1,HHS Region,70.86
202302,2022-23,Influenza Hospital Admissions Rate Per 100k,2,HHS Region,2.42
202302,2022-23,Influenza Hospital Admissions,2,HHS Region,765.0
202302,2022-23,Influenza Hospitalization (Avg 7 Day),2,HHS Region,845.14
202302,2022-23,Average patients with influenza in ICU,2,HHS Region,129.57
202302,2022-23,Influenza Hospital Admissions Rate Per 100k,3,HHS Region,2.39
202302,2022-23,Influenza Hospital Admissions,3,HHS Region,736.0
202302,2022-23,Influenza Hospitalization (Avg 7 Day),3,HHS Region,753.14
202302,2022-23,Average patients with influenza in ICU,3,HHS Region,122.0
202302,2022-23,Influenza Hospital Admissions Rate Per 100k,4,HHS Region,2.0
202302,2022-23,Influenza Hospital Admissions,4,HHS Region,1338.0
202302,2022-23,Influenza Hospitalization (Avg 7 Day),4,HHS Region,1373.57
202302,2022-23,Average patients with influenza in ICU,4,HHS Region,241.29
202302,2022-23,Influenza Hospital Admissions Rate Per 100k,5,HHS Region,2.05
202302,2022-23,Influenza Hospital Admissions,5,HHS Region,1078.0
202302,2022-23,Influenza Hospitalization (Avg 7 Day),5,HHS Region,1297.43
202302,2022-23,Average patients with influenza in ICU,5,HHS Region,230.0
202302,2022-23,Influenza Hospital Admissions Rate Per 100k,6,HHS Region,2.99
202302,2022-23,Influenza Hospital Admissions,6,HHS Region,1277.0
202302,2022-23,Influenza Hospitalization (Avg 7 Day),6,HHS Region,772.57
202302,2022-23,Average patients with influenza in ICU,6,HHS Region,166.57
202302,2022-23,Influenza Hospital Admissions Rate Per 100k,7,HHS Region,2.87
202302,2022-23,Influenza Hospital Admissions,7,HHS Region,406.0
202302,2022-23,Influenza Hospitalization (Avg 7 Day),7,HHS Region,410.57
202302,2022-23,Average patients with influenza in ICU,7,HHS Region,75.71
202302,2022-23,Influenza Hospital Admissions Rate Per 100k,8,HHS Region,1.98
202302,2022-23,Influenza Hospital Admissions,8,HHS Region,243.0
202302,2022-23,Influenza Hospitalization (Avg 7 Day),8,HHS Region,228.0
202302,2022-23,Average patients with influenza in ICU,8,HHS Region,30.29
202302,2022-23,Influenza Hospital Admissions Rate Per 100k,9,HHS Region,1.17
202302,2022-23,Influenza Hospital Admissions,9,HHS Region,601.0
202302,2022-23,Influenza Hospitalization (Avg 7 Day),9,HHS Region,812.29
202302,2022-23,Average patients with influenza in ICU,9,HHS Region,136.71
202302,2022-23,Influenza Hospital Admissions Rate Per 100k,10,HHS Region,1.8
202302,2022-23,Influenza Hospital Admissions,10,HHS Region,259.0
202302,2022-23,Influenza Hospitalization (Avg 7 Day),10,HHS Region,311.57
202302,2022-23,Average patients with influenza in ICU,10,HHS Region,43.86
202303,2022-23,Influenza Hospital Admissions Rate Per 100k,1,HHS Region,1.65
202303,2022-23,Influenza Hospital Admissions,1,HHS Region,245.0
202303,2022-23,Influenza Hospitalization (Avg 7 Day),1,HHS Region,311.0
202303,2022-23,Average patients with influenza in ICU,1,HHS Region,42.43
202303,2022-23,Influenza Hospital Admissions Rate Per 100k,2,HHS Region,1.42
202303,2022-23,Influenza Hospital Admissions,2,HHS Region,448.0
202303,2022-23,Influenza Hospitalization (Avg 7 Day),2,HHS Region,565.43
202303,2022-23,Average patients with influenza in ICU,2,HHS Region,83.86
202312,2022-23,Influenza Hospital Admissions Rate Per 100k,1,HHS Region,0.32
202312,2022-23,Influenza Hospital Admissions,1,HHS Region,48.0
202312,2022-23,Influenza Hospitalization (Avg 7 Day),1,HHS Region,37.14
202312,2022-23,Average patients with influenza in ICU,1,HHS Region,3.0
202312,2022-23,Influenza Hospital Admissions Rate Per 100k,2,HHS Region,0.43
202312,2022-23,Influenza Hospital Admissions,2,HHS Region,135.0
202312,2022-23,Influenza Hospitalization (Avg 7 Day),2,HHS Region,95.86
202312,2022-23,Average patients with influenza in ICU,2,HHS Region,14.0
202312,2022-23,Influenza Hospital Admissions Rate Per 100k,3,HHS Region,0.8
202312,2022-23,Influenza Hospital Admissions,3,HHS Region,246.0
202312,2022-23,Influenza Hospitalization (Avg 7 Day),3,HHS Region,129.29
202312,2022-23,Average patients with influenza in ICU,3,HHS Region,23.29
202312,2022-23,Influenza Hospital Admissions Rate Per 100k,4,HHS Region,0.52
202312,2022-23,Influenza Hospital Admissions,4,HHS Region,345.0
202312,2022-23,Influenza Hospitalization (Avg 7 Day),4,HHS Region,346.86
202312,2022-23,Average patients with influenza in ICU,4,HHS Region,102.71
202312,2022-23,Influenza Hospital Admissions Rate Per 100k,5,HHS Region,0.22
202312,2022-23,Influenza Hospital Admissions,5,HHS Region,114.0
202312,2022-23,Influenza Hospitalization (Avg 7 Day),5,HHS Region,92.86
202312,2022-23,Average patients with influenza in ICU,5,HHS Region,14.43
202312,2022-23,Influenza Hospital Admissions Rate Per 100k,6,HHS Region,0.46
202312,2022-23,Influenza Hospital Admissions,6,HHS Region,198.0
202312,2022-23,Influenza Hospitalization (Avg 7 Day),6,HHS Region,119.57
202312,2022-23,Average patients with influenza in ICU,6,HHS Region,19.14
202312,2022-23,Influenza Hospital Admissions Rate Per 100k,7,HHS Region,0.38
202312,2022-23,Influenza Hospital Admissions,7,HHS Region,54.0
202312,2022-23,Influenza Hospitalization (Avg 7 Day),7,HHS Region,30.0
202312,2022-23,Average patients with influenza in ICU,7,HHS Region,5.43
202312,2022-23,Influenza Hospital Admissions Rate Per 100k,8,HHS Region,0.21
202312,2022-23,Influenza Hospital Admissions,8,HHS Region,26.0
202312,2022-23,Influenza Hospitalization (Avg 7 Day),8,HHS Region,28.29
202312,2022-23,Average patients with influenza in ICU,8,HHS Region,2.43
202312,2022-23,Influenza Hospital Admissions Rate Per 100k,9,HHS Region,0.16
202312,2022-23,Influenza Hospital Admissions,9,HHS Region,81.0
202312,2022-23,Influenza Hospitalization (Avg 7 Day),9,HHS Region,95.29
202312,2022-23,Average patients with influenza in ICU,9,HHS Region,10.43
202312,2022-23,Influenza Hospital Admissions Rate Per 100k,10,HHS Region,0.24
202312,2022-23,Influenza Hospital Admissions,10,HHS Region,34.0
202312,2022-23,Influenza Hospitalization (Avg 7 Day),10,HHS Region,37.29
202312,2022-23,Average patients with influenza in ICU,10,HHS Region,2.71
202313,2022-23,Influenza Hospital Admissions Rate Per 100k,1,HHS Region,0.26
202313,2022-23,Influenza Hospital Admissions,1,HHS Region,38.0
202313,2022-23,Influenza Hospitalization (Avg 7 Day),1,HHS Region,38.71
202313,2022-23,Average patients with influenza in ICU,1,HHS Region,2.71
202313,2022-23,Influenza Hospital Admissions Rate Per 100k,2,HHS Region,0.48
202313,2022-23,Influenza Hospital Admissions,2,HHS Region,153.0
202313,2022-23,Influenza Hospitalization (Avg 7 Day),2,HHS Region,109.29
202313,2022-23,Average patients with influenza in ICU,2,HHS Region,13.86
202313,2022-23,Influenza Hospital Admissions Rate Per 100k,3,HHS Region,0.59
202313,2022-23,Influenza Hospital Admissions,3,HHS Region,181.0
202313,2022-23,Influenza Hospitalization (Avg 7 Day),3,HHS Region,124.43
202313,2022-23,Average patients with influenza in ICU,3,HHS Region,19.43
202313,2022-23,Influenza Hospital Admissions Rate Per 100k,4,HHS Region,0.54
202313,2022-23,Influenza Hospital Admissions,4,HHS Region,358.0
202313,2022-23,Influenza Hospitalization (Avg 7 Day),4,HHS Region,347.14
202313,2022-23,Average patients with influenza in ICU,4,HHS Region,110.43
202323,2022-23,Influenza Hospital Admissions,7,HHS Region,18.0
202323,2022-23,Influenza Hospitalization (Avg 7 Day),7,HHS Region,15.71
202323,2022-23,Average patients with influenza in ICU,7,HHS Region,1.86
202323,2022-23,Influenza Hospital Admissions Rate Per 100k,8,HHS Region,0.1
202323,2022-23,Influenza Hospital Admissions,8,HHS Region,12.0
202323,2022-23,Influenza Hospitalization (Avg 7 Day),8,HHS Region,10.71
202323,2022-23,Average patients with influenza in ICU,8,HHS Region,1.86
202323,2022-23,Influenza Hospital Admissions Rate Per 100k,9,HHS Region,0.24
202323,2022-23,Influenza Hospital Admissions,9,HHS Region,122.0
202323,2022-23,Influenza Hospitalization (Avg 7 Day),9,HHS Region,70.57
202323,2022-23,Average patients with influenza in ICU,9,HHS Region,8.14
202323,2022-23,Influenza Hospital Admissions Rate Per 100k,10,HHS Region,0.24
202323,2022-23,Influenza Hospital Admissions,10,HHS Region,35.0
202323,2022-23,Influenza Hospitalization (Avg 7 Day),10,HHS Region,23.86
202323,2022-23,Average patients with influenza in ICU,10,HHS Region,1.0
202324,2022-23,Influenza Hospital Admissions Rate Per 100k,1,HHS Region,0.15
202324,2022-23,Influenza Hospital Admissions,1,HHS Region,22.0
202324,2022-23,Influenza Hospitalization (Avg 7 Day),1,HHS Region,17.57
202324,2022-23,Average patients with influenza in ICU,1,HHS Region,1.57
202324,2022-23,Influenza Hospital Admissions Rate Per 100k,2,HHS Region,0.28
202324,2022-23,Influenza Hospital Admissions,2,HHS Region,89.0
202324,2022-23,Influenza Hospitalization (Avg 7 Day),2,HHS Region,75.57
202324,2022-23,Average patients with influenza in ICU,2,HHS Region,6.0
202324,2022-23,Influenza Hospital Admissions Rate Per 100k,3,HHS Region,0.3
202324,2022-23,Influenza Hospital Admissions,3,HHS Region,92.0
202324,2022-23,Influenza Hospitalization (Avg 7 Day),3,HHS Region,66.43
202324,2022-23,Average patients with influenza in ICU,3,HHS Region,10.43
202324,2022-23,Influenza Hospital Admissions Rate Per 100k,4,HHS Region,0.42
202324,2022-23,Influenza Hospital Admissions,4,HHS Region,280.0
202324,2022-23,Influenza Hospitalization (Avg 7 Day),4,HHS Region,305.29
202324,2022-23,Average patients with influenza in ICU,4,HHS Region,99.29
202324,2022-23,Influenza Hospital Admissions Rate Per 100k,5,HHS Region,0.13
202324,2022-23,Influenza Hospital Admissions,5,HHS Region,67.0
202324,2022-23,Influenza Hospitalization (Avg 7 Day),5,HHS Region,74.57
202324,2022-23,Average patients with influenza in ICU,5,HHS Region,7.43
202324,2022-23,Influenza Hospital Admissions Rate Per 100k,6,HHS Region,0.29
202324,2022-23,Influenza Hospital Admissions,6,HHS Region,124.0
202324,2022-23,Influenza Hospitalization (Avg 7 Day),6,HHS Region,70.43
202324,2022-23,Average patients with influenza in ICU,6,HHS Region,13.0
202324,2022-23,Influenza Hospital Admissions Rate Per 100k,7,HHS Region,0.11
202324,2022-23,Influenza Hospital Admissions,7,HHS Region,15.0
202324,2022-23,Influenza Hospitalization (Avg 7 Day),7,HHS Region,14.71
202324,2022-23,Average patients with influenza in ICU,7,HHS Region,2.71
202324,2022-23,Influenza Hospital Admissions Rate Per 100k,8,HHS Region,0.14
202324,2022-23,Influenza Hospital Admissions,8,HHS Region,17.0
202324,2022-23,Influenza Hospitalization (Avg 7 Day),8,HHS Region,15.0
202324,2022-23,Average patients with influenza in ICU,8,HHS Region,2.71
202324,2022-23,Influenza Hospital Admissions Rate Per 100k,9,HHS Region,0.2
202324,2022-23,Influenza Hospital Admissions,9,HHS Region,101.0
202324,2022-23,Influenza Hospitalization (Avg 7 Day),9,HHS Region,75.29
202324,2022-23,Average patients with influenza in ICU,9,HHS Region,11.57
202324,2022-23,Influenza Hospital Admissions Rate Per 100k,10,HHS Region,0.21
202324,2022-23,Influenza Hospital Admissions,10,HHS Region,30.0
202324,2022-23,Influenza Hospitalization (Avg 7 Day),10,HHS Region,22.43
202324,2022-23,Average patients with influenza in ICU,10,HHS Region,0.14
202307,2022-23,Influenza Hospital Admissions Rate Per 100k,7,HHS Region,0.42
202313,2022-23,Influenza Hospital Admissions Rate Per 100k,5,HHS Region,0.25
202325,2022-23,Influenza Hospital Admissions Rate Per 100k,1,HHS Region,0.07
202338,2022-23,Influenza Hospital Admissions Rate Per 100k,2,HHS Region,0.37
202338,2022-23,Influenza Hospital Admissions,2,HHS Region,117.0
202338,2022-23,Influenza Hospitalization (Avg 7 Day),2,HHS Region,93.0
202338,2022-23,Average patients with influenza in ICU,2,HHS Region,2.86
202338,2022-23,Influenza Hospital Admissions Rate Per 100k,3,HHS Region,0.3
202338,2022-23,Influenza Hospital Admissions,3,HHS Region,92.0
202338,2022-23,Influenza Hospitalization (Avg 7 Day),3,HHS Region,60.14
202338,2022-23,Average patients with influenza in ICU,3,HHS Region,12.57
202338,2022-23,Influenza Hospital Admissions Rate Per 100k,4,HHS Region,0.45
202338,2022-23,Influenza Hospital Admissions,4,HHS Region,302.0
202338,2022-23,Influenza Hospitalization (Avg 7 Day),4,HHS Region,299.86
202338,2022-23,Average patients with influenza in ICU,4,HHS Region,104.43
202338,2022-23,Influenza Hospital Admissions Rate Per 100k,5,HHS Region,0.11
202338,2022-23,Influenza Hospital Admissions,5,HHS Region,59.0
202338,2022-23,Influenza Hospitalization (Avg 7 Day),5,HHS Region,72.71
202338,2022-23,Average patients with influenza in ICU,5,HHS Region,8.86
202338,2022-23,Influenza Hospital Admissions Rate Per 100k,6,HHS Region,0.34
202338,2022-23,Influenza Hospital Admissions,6,HHS Region,146.0
202338,2022-23,Influenza Hospitalization (Avg 7 Day),6,HHS Region,87.43
202338,2022-23,Average patients with influenza in ICU,6,HHS Region,10.29
202338,2022-23,Influenza Hospital Admissions Rate Per 100k,7,HHS Region,0.18
202338,2022-23,Influenza Hospital Admissions,7,HHS Region,26.0
202338,2022-23,Influenza Hospitalization (Avg 7 Day),7,HHS Region,12.57
202338,2022-23,Average patients with influenza in ICU,7,HHS Region,2.71
202338,2022-23,Influenza Hospital Admissions Rate Per 100k,8,HHS Region,0.11
202338,2022-23,Influenza Hospital Admissions,8,HHS Region,14.0
202338,2022-23,Influenza Hospitalization (Avg 7 Day),8,HHS Region,11.0
202338,2022-23,Average patients with influenza in ICU,8,HHS Region,0.86
202338,2022-23,Influenza Hospital Admissions Rate Per 100k,9,HHS Region,0.13
202338,2022-23,Influenza Hospital Admissions,9,HHS Region,68.0
202338,2022-23,Influenza Hospitalization (Avg 7 Day),9,HHS Region,69.57
202338,2022-23,Average patients with influenza in ICU,9,HHS Region,5.14
202338,2022-23,Influenza Hospital Admissions Rate Per 100k,10,HHS Region,0.13
202338,2022-23,Influenza Hospital Admissions,10,HHS Region,18.0
202338,2022-23,Influenza Hospitalization (Avg 7 Day),10,HHS Region,20.0
202338,2022-23,Average patients with influenza in ICU,10,HHS Region,1.57
202339,2022-23,Influenza Hospital Admissions Rate Per 100k,1,HHS Region,0.12
202339,2022-23,Influenza Hospital Admissions,1,HHS Region,18.0
202339,2022-23,Influenza Hospitalization (Avg 7 Day),1,HHS Region,21.29
202339,2022-23,Average patients with influenza in ICU,1,HHS Region,3.14
202339,2022-23,Influenza Hospital Admissions Rate Per 100k,2,HHS Region,0.48
202339,2022-23,Influenza Hospital Admissions,2,HHS Region,151.0
202339,2022-23,Influenza Hospitalization (Avg 7 Day),2,HHS Region,103.57
202339,2022-23,Average patients with influenza in ICU,2,HHS Region,7.43
202339,2022-23,Influenza Hospital Admissions Rate Per 100k,3,HHS Region,0.4
202339,2022-23,Influenza Hospital Admissions,3,HHS Region,124.0
202339,2022-23,Influenza Hospitalization (Avg 7 Day),3,HHS Region,68.71
202339,2022-23,Average patients with influenza in ICU,3,HHS Region,12.71
202339,2022-23,Influenza Hospital Admissions Rate Per 100k,4,HHS Region,0.5
202339,2022-23,Influenza Hospital Admissions,4,HHS Region,332.0
202339,2022-23,Influenza Hospitalization (Avg 7 Day),4,HHS Region,322.29
202339,2022-23,Average patients with influenza in ICU,4,HHS Region,98.57
202339,2022-23,Influenza Hospital Admissions Rate Per 100k,5,HHS Region,0.13
202339,2022-23,Influenza Hospital Admissions,5,HHS Region,68.0
202339,2022-23,Influenza Hospitalization (Avg 7 Day),5,HHS Region,72.86
202339,2022-23,Average patients with influenza in ICU,5,HHS Region,10.71
202313,2022-23,Influenza Hospital Admissions,5,HHS Region,131.0
202313,2022-23,Influenza Hospitalization (Avg 7 Day),5,HHS Region,90.29
202313,2022-23,Average patients with influenza in ICU,5,HHS Region,13.29
202313,2022-23,Influenza Hospital Admissions Rate Per 100k,6,HHS Region,0.53
202313,2022-23,Influenza Hospital Admissions,6,HHS Region,226.0
202313,2022-23,Influenza Hospitalization (Avg 7 Day),6,HHS Region,128.29
202313,2022-23,Average patients with influenza in ICU,6,HHS Region,23.57
202313,2022-23,Influenza Hospital Admissions Rate Per 100k,7,HHS Region,0.37
202313,2022-23,Influenza Hospital Admissions,7,HHS Region,52.0
202313,2022-23,Influenza Hospitalization (Avg 7 Day),7,HHS Region,33.43
202313,2022-23,Average patients with influenza in ICU,7,HHS Region,5.57
202313,2022-23,Influenza Hospital Admissions Rate Per 100k,8,HHS Region,0.19
202313,2022-23,Influenza Hospital Admissions,8,HHS Region,23.0
202313,2022-23,Influenza Hospitalization (Avg 7 Day),8,HHS Region,20.29
202313,2022-23,Average patients with influenza in ICU,8,HHS Region,1.43
202313,2022-23,Influenza Hospital Admissions Rate Per 100k,9,HHS Region,0.13
202313,2022-23,Influenza Hospital Admissions,9,HHS Region,66.0
202313,2022-23,Influenza Hospitalization (Avg 7 Day),9,HHS Region,74.71
202313,2022-23,Average patients with influenza in ICU,9,HHS Region,10.14
202313,2022-23,Influenza Hospital Admissions Rate Per 100k,10,HHS Region,0.28
202313,2022-23,Influenza Hospital Admissions,10,HHS Region,40.0
202313,2022-23,Influenza Hospitalization (Avg 7 Day),10,HHS Region,32.71
202313,2022-23,Average patients with influenza in ICU,10,HHS Region,0.71
202314,2022-23,Influenza Hospital Admissions Rate Per 100k,1,HHS Region,0.28
202314,2022-23,Influenza Hospital Admissions,1,HHS Region,42.0
202314,2022-23,Influenza Hospitalization (Avg 7 Day),1,HHS Region,37.29
202314,2022-23,Average patients with influenza in ICU,1,HHS Region,1.29
202314,2022-23,Influenza Hospital Admissions Rate Per 100k,2,HHS Region,0.46
202314,2022-23,Influenza Hospital Admissions,2,HHS Region,145.0
202314,2022-23,Influenza Hospitalization (Avg 7 Day),2,HHS Region,107.71
202314,2022-23,Average patients with influenza in ICU,2,HHS Region,14.0
202314,2022-23,Influenza Hospital Admissions Rate Per 100k,3,HHS Region,0.46
202314,2022-23,Influenza Hospital Admissions,3,HHS Region,142.0
202314,2022-23,Influenza Hospitalization (Avg 7 Day),3,HHS Region,118.43
202314,2022-23,Average patients with influenza in ICU,3,HHS Region,16.0
202314,2022-23,Influenza Hospital Admissions Rate Per 100k,4,HHS Region,0.55
202314,2022-23,Influenza Hospital Admissions,4,HHS Region,371.0
202314,2022-23,Influenza Hospitalization (Avg 7 Day),4,HHS Region,345.71
202314,2022-23,Average patients with influenza in ICU,4,HHS Region,101.57
202314,2022-23,Influenza Hospital Admissions Rate Per 100k,5,HHS Region,0.2
202314,2022-23,Influenza Hospital Admissions,5,HHS Region,103.0
202314,2022-23,Influenza Hospitalization (Avg 7 Day),5,HHS Region,88.29
202314,2022-23,Average patients with influenza in ICU,5,HHS Region,15.0
202314,2022-23,Influenza Hospital Admissions Rate Per 100k,6,HHS Region,0.43
202314,2022-23,Influenza Hospital Admissions,6,HHS Region,183.0
202314,2022-23,Influenza Hospitalization (Avg 7 Day),6,HHS Region,120.0
202314,2022-23,Average patients with influenza in ICU,6,HHS Region,22.43
202314,2022-23,Influenza Hospital Admissions Rate Per 100k,7,HHS Region,0.28
202314,2022-23,Influenza Hospital Admissions,7,HHS Region,39.0
202314,2022-23,Influenza Hospitalization (Avg 7 Day),7,HHS Region,29.57
202314,2022-23,Average patients with influenza in ICU,7,HHS Region,5.0
202314,2022-23,Influenza Hospital Admissions Rate Per 100k,8,HHS Region,0.24
202314,2022-23,Influenza Hospital Admissions,8,HHS Region,30.0
202314,2022-23,Influenza Hospitalization (Avg 7 Day),8,HHS Region,21.57
202314,2022-23,Average patients with influenza in ICU,8,HHS Region,2.14
202314,2022-23,Influenza Hospital Admissions Rate Per 100k,9,HHS Region,0.18
202314,2022-23,Influenza Hospital Admissions,9,HHS Region,92.0
202314,2022-23,Influenza Hospitalization (Avg 7 Day),9,HHS Region,84.86
202314,2022-23,Average patients with influenza in ICU,9,HHS Region,9.0
202325,2022-23,Influenza Hospital Admissions,1,HHS Region,11.0
202325,2022-23,Influenza Hospitalization (Avg 7 Day),1,HHS Region,13.14
202325,2022-23,Average patients with influenza in ICU,1,HHS Region,1.71
202325,2022-23,Influenza Hospital Admissions Rate Per 100k,2,HHS Region,0.33
202325,2022-23,Influenza Hospital Admissions,2,HHS Region,104.0
202325,2022-23,Influenza Hospitalization (Avg 7 Day),2,HHS Region,78.0
202325,2022-23,Average patients with influenza in ICU,2,HHS Region,4.0
202325,2022-23,Influenza Hospital Admissions Rate Per 100k,3,HHS Region,0.27
202325,2022-23,Influenza Hospital Admissions,3,HHS Region,83.0
202325,2022-23,Influenza Hospitalization (Avg 7 Day),3,HHS Region,55.14
202325,2022-23,Average patients with influenza in ICU,3,HHS Region,10.57
202325,2022-23,Influenza Hospital Admissions Rate Per 100k,4,HHS Region,0.43
202325,2022-23,Influenza Hospital Admissions,4,HHS Region,285.0
202325,2022-23,Influenza Hospitalization (Avg 7 Day),4,HHS Region,292.86
202325,2022-23,Average patients with influenza in ICU,4,HHS Region,100.71
202325,2022-23,Influenza Hospital Admissions Rate Per 100k,5,HHS Region,0.09
202325,2022-23,Influenza Hospital Admissions,5,HHS Region,49.0
202325,2022-23,Influenza Hospitalization (Avg 7 Day),5,HHS Region,70.0
202325,2022-23,Average patients with influenza in ICU,5,HHS Region,6.0
202325,2022-23,Influenza Hospital Admissions Rate Per 100k,6,HHS Region,0.33
202325,2022-23,Influenza Hospital Admissions,6,HHS Region,139.0
202325,2022-23,Influenza Hospitalization (Avg 7 Day),6,HHS Region,83.43
202325,2022-23,Average patients with influenza in ICU,6,HHS Region,12.57
202325,2022-23,Influenza Hospital Admissions Rate Per 100k,7,HHS Region,0.11
202325,2022-23,Influenza Hospital Admissions,7,HHS Region,16.0
202325,2022-23,Influenza Hospitalization (Avg 7 Day),7,HHS Region,14.86
202325,2022-23,Average patients with influenza in ICU,7,HHS Region,2.86
202325,2022-23,Influenza Hospital Admissions Rate Per 100k,8,HHS Region,0.07
202325,2022-23,Influenza Hospital Admissions,8,HHS Region,9.0
202325,2022-23,Influenza Hospitalization (Avg 7 Day),8,HHS Region,14.43
202325,2022-23,Average patients with influenza in ICU,8,HHS Region,0.71
202325,2022-23,Influenza Hospital Admissions Rate Per 100k,9,HHS Region,0.18
202325,2022-23,Influenza Hospital Admissions,9,HHS Region,92.0
202325,2022-23,Influenza Hospitalization (Avg 7 Day),9,HHS Region,78.86
202325,2022-23,Average patients with influenza in ICU,9,HHS Region,13.43
202325,2022-23,Influenza Hospital Admissions Rate Per 100k,10,HHS Region,0.16
202325,2022-23,Influenza Hospital Admissions,10,HHS Region,23.0
202325,2022-23,Influenza Hospitalization (Avg 7 Day),10,HHS Region,22.71
202325,2022-23,Average patients with influenza in ICU,10,HHS Region,1.14
202326,2022-23,Influenza Hospital Admissions Rate Per 100k,1,HHS Region,0.12
202326,2022-23,Influenza Hospital Admissions,1,HHS Region,18.0
202326,2022-23,Influenza Hospitalization (Avg 7 Day),1,HHS Region,16.71
202326,2022-23,Average patients with influenza in ICU,1,HHS Region,1.14
202326,2022-23,Influenza Hospital Admissions Rate Per 100k,2,HHS Region,0.27
202326,2022-23,Influenza Hospital Admissions,2,HHS Region,84.0
202326,2022-23,Influenza Hospitalization (Avg 7 Day),2,HHS Region,79.57
202326,2022-23,Average patients with influenza in ICU,2,HHS Region,5.71
202326,2022-23,Influenza Hospital Admissions Rate Per 100k,3,HHS Region,0.29
202326,2022-23,Influenza Hospital Admissions,3,HHS Region,90.0
202326,2022-23,Influenza Hospitalization (Avg 7 Day),3,HHS Region,65.29
202326,2022-23,Average patients with influenza in ICU,3,HHS Region,12.86
202326,2022-23,Influenza Hospital Admissions Rate Per 100k,4,HHS Region,0.43
202326,2022-23,Influenza Hospital Admissions,4,HHS Region,287.0
202326,2022-23,Influenza Hospitalization (Avg 7 Day),4,HHS Region,287.14
202326,2022-23,Average patients with influenza in ICU,4,HHS Region,100.43
202326,2022-23,Influenza Hospital Admissions Rate Per 100k,5,HHS Region,0.08
202326,2022-23,Influenza Hospital Admissions,5,HHS Region,44.0
202326,2022-23,Influenza Hospitalization (Avg 7 Day),5,HHS Region,64.14
202326,2022-23,Average patients with influenza in ICU,5,HHS Region,6.71
202243,2022-23,Influenza Hospital Admissions Rate Per 100k,7,HHS Region,0.68
202303,2022-23,Influenza Hospital Admissions Rate Per 100k,3,HHS Region,1.52
202314,2022-23,Influenza Hospital Admissions Rate Per 100k,10,HHS Region,0.26
202326,2022-23,Influenza Hospital Admissions Rate Per 100k,6,HHS Region,0.29
202339,2022-23,Influenza Hospital Admissions Rate Per 100k,6,HHS Region,0.41
202243,2022-23,Influenza Hospital Admissions,7,HHS Region,96.0
202243,2022-23,Influenza Hospitalization (Avg 7 Day),7,HHS Region,74.86
202243,2022-23,Average patients with influenza in ICU,7,HHS Region,16.86
202243,2022-23,Influenza Hospital Admissions Rate Per 100k,8,HHS Region,0.46
202243,2022-23,Influenza Hospital Admissions,8,HHS Region,57.0
202243,2022-23,Influenza Hospitalization (Avg 7 Day),8,HHS Region,23.14
202243,2022-23,Average patients with influenza in ICU,8,HHS Region,2.57
202243,2022-23,Influenza Hospital Admissions Rate Per 100k,9,HHS Region,0.46
202243,2022-23,Influenza Hospital Admissions,9,HHS Region,238.0
202243,2022-23,Influenza Hospitalization (Avg 7 Day),9,HHS Region,130.43
202243,2022-23,Average patients with influenza in ICU,9,HHS Region,17.57
202243,2022-23,Influenza Hospital Admissions Rate Per 100k,10,HHS Region,0.3
202243,2022-23,Influenza Hospital Admissions,10,HHS Region,43.0
202243,2022-23,Influenza Hospitalization (Avg 7 Day),10,HHS Region,28.71
202243,2022-23,Average patients with influenza in ICU,10,HHS Region,2.86
202244,2022-23,Influenza Hospital Admissions Rate Per 100k,1,HHS Region,0.52
202244,2022-23,Influenza Hospital Admissions,1,HHS Region,77.0
202244,2022-23,Influenza Hospitalization (Avg 7 Day),1,HHS Region,43.14
202244,2022-23,Average patients with influenza in ICU,1,HHS Region,4.86
202244,2022-23,Influenza Hospital Admissions Rate Per 100k,2,HHS Region,1.38
202244,2022-23,Influenza Hospital Admissions,2,HHS Region,436.0
202244,2022-23,Influenza Hospitalization (Avg 7 Day),2,HHS Region,221.0
202244,2022-23,Average patients with influenza in ICU,2,HHS Region,28.0
202244,2022-23,Influenza Hospital Admissions Rate Per 100k,3,HHS Region,2.68
202244,2022-23,Influenza Hospital Admissions,3,HHS Region,827.0
202244,2022-23,Influenza Hospitalization (Avg 7 Day),3,HHS Region,409.57
202244,2022-23,Average patients with influenza in ICU,3,HHS Region,54.14
202244,2022-23,Influenza Hospital Admissions Rate Per 100k,4,HHS Region,2.97
202244,2022-23,Influenza Hospital Admissions,4,HHS Region,1989.0
202244,2022-23,Influenza Hospitalization (Avg 7 Day),4,HHS Region,1283.86
202244,2022-23,Average patients with influenza in ICU,4,HHS Region,196.71
202244,2022-23,Influenza Hospital Admissions Rate Per 100k,5,HHS Region,1.25
202244,2022-23,Influenza Hospital Admissions,5,HHS Region,656.0
202244,2022-23,Influenza Hospitalization (Avg 7 Day),5,HHS Region,325.0
202244,2022-23,Average patients with influenza in ICU,5,HHS Region,39.43
202244,2022-23,Influenza Hospital Admissions Rate Per 100k,6,HHS Region,3.27
202244,2022-23,Influenza Hospital Admissions,6,HHS Region,1396.0
202244,2022-23,Influenza Hospitalization (Avg 7 Day),6,HHS Region,604.43
202244,2022-23,Average patients with influenza in ICU,6,HHS Region,94.86
202244,2022-23,Influenza Hospital Admissions Rate Per 100k,7,HHS Region,1.05
202244,2022-23,Influenza Hospital Admissions,7,HHS Region,149.0
202244,2022-23,Influenza Hospitalization (Avg 7 Day),7,HHS Region,71.43
202244,2022-23,Average patients with influenza in ICU,7,HHS Region,9.57
202244,2022-23,Influenza Hospital Admissions Rate Per 100k,8,HHS Region,0.55
202244,2022-23,Influenza Hospital Admissions,8,HHS Region,68.0
202244,2022-23,Influenza Hospitalization (Avg 7 Day),8,HHS Region,35.43
202244,2022-23,Average patients with influenza in ICU,8,HHS Region,5.43
202244,2022-23,Influenza Hospital Admissions Rate Per 100k,9,HHS Region,0.98
202244,2022-23,Influenza Hospital Admissions,9,HHS Region,505.0
202244,2022-23,Influenza Hospitalization (Avg 7 Day),9,HHS Region,247.71
202244,2022-23,Average patients with influenza in ICU,9,HHS Region,35.29
202244,2022-23,Influenza Hospital Admissions Rate Per 100k,10,HHS Region,0.69
202244,2022-23,Influenza Hospital Admissions,10,HHS Region,99.0
202244,2022-23,Influenza Hospitalization (Avg 7 Day),10,HHS Region,49.86
202244,2022-23,Average patients with influenza in ICU,10,HHS Region,6.86
202303,2022-23,Influenza Hospital Admissions,3,HHS Region,470.0
202303,2022-23,Influenza Hospitalization (Avg 7 Day),3,HHS Region,429.0
202303,2022-23,Average patients with influenza in ICU,3,HHS Region,89.71
202303,2022-23,Influenza Hospital Admissions Rate Per 100k,4,HHS Region,1.51
202303,2022-23,Influenza Hospital Admissions,4,HHS Region,1007.0
202303,2022-23,Influenza Hospitalization (Avg 7 Day),4,HHS Region,960.43
202303,2022-23,Average patients with influenza in ICU,4,HHS Region,180.29
202303,2022-23,Influenza Hospital Admissions Rate Per 100k,5,HHS Region,1.12
202303,2022-23,Influenza Hospital Admissions,5,HHS Region,587.0
202303,2022-23,Influenza Hospitalization (Avg 7 Day),5,HHS Region,702.43
202303,2022-23,Average patients with influenza in ICU,5,HHS Region,120.29
202303,2022-23,Influenza Hospital Admissions Rate Per 100k,6,HHS Region,1.95
202303,2022-23,Influenza Hospital Admissions,6,HHS Region,832.0
202303,2022-23,Influenza Hospitalization (Avg 7 Day),6,HHS Region,525.0
202303,2022-23,Average patients with influenza in ICU,6,HHS Region,104.29
202303,2022-23,Influenza Hospital Admissions Rate Per 100k,7,HHS Region,1.69
202303,2022-23,Influenza Hospital Admissions,7,HHS Region,239.0
202303,2022-23,Influenza Hospitalization (Avg 7 Day),7,HHS Region,257.14
202303,2022-23,Average patients with influenza in ICU,7,HHS Region,42.57
202303,2022-23,Influenza Hospital Admissions Rate Per 100k,8,HHS Region,1.04
202303,2022-23,Influenza Hospital Admissions,8,HHS Region,127.0
202303,2022-23,Influenza Hospitalization (Avg 7 Day),8,HHS Region,128.14
202303,2022-23,Average patients with influenza in ICU,8,HHS Region,25.57
202303,2022-23,Influenza Hospital Admissions Rate Per 100k,9,HHS Region,0.64
202303,2022-23,Influenza Hospital Admissions,9,HHS Region,326.0
202303,2022-23,Influenza Hospitalization (Avg 7 Day),9,HHS Region,470.14
202303,2022-23,Average patients with influenza in ICU,9,HHS Region,88.14
202303,2022-23,Influenza Hospital Admissions Rate Per 100k,10,HHS Region,1.02
202303,2022-23,Influenza Hospital Admissions,10,HHS Region,146.0
202303,2022-23,Influenza Hospitalization (Avg 7 Day),10,HHS Region,175.86
202303,2022-23,Average patients with influenza in ICU,10,HHS Region,24.71
202304,2022-23,Influenza Hospital Admissions Rate Per 100k,1,HHS Region,1.06
202304,2022-23,Influenza Hospital Admissions,1,HHS Region,157.0
202304,2022-23,Influenza Hospitalization (Avg 7 Day),1,HHS Region,183.57
202304,2022-23,Average patients with influenza in ICU,1,HHS Region,22.71
202304,2022-23,Influenza Hospital Admissions Rate Per 100k,2,HHS Region,1.08
202304,2022-23,Influenza Hospital Admissions,2,HHS Region,341.0
202304,2022-23,Influenza Hospitalization (Avg 7 Day),2,HHS Region,377.57
202304,2022-23,Average patients with influenza in ICU,2,HHS Region,52.71
202304,2022-23,Influenza Hospital Admissions Rate Per 100k,3,HHS Region,1.19
202304,2022-23,Influenza Hospital Admissions,3,HHS Region,367.0
202304,2022-23,Influenza Hospitalization (Avg 7 Day),3,HHS Region,287.57
202304,2022-23,Average patients with influenza in ICU,3,HHS Region,61.71
202304,2022-23,Influenza Hospital Admissions Rate Per 100k,4,HHS Region,1.09
202304,2022-23,Influenza Hospital Admissions,4,HHS Region,726.0
202304,2022-23,Influenza Hospitalization (Avg 7 Day),4,HHS Region,754.14
202304,2022-23,Average patients with influenza in ICU,4,HHS Region,159.14
202304,2022-23,Influenza Hospital Admissions Rate Per 100k,5,HHS Region,0.7
202304,2022-23,Influenza Hospital Admissions,5,HHS Region,369.0
202304,2022-23,Influenza Hospitalization (Avg 7 Day),5,HHS Region,402.14
202304,2022-23,Average patients with influenza in ICU,5,HHS Region,58.71
202304,2022-23,Influenza Hospital Admissions Rate Per 100k,6,HHS Region,1.26
202304,2022-23,Influenza Hospital Admissions,6,HHS Region,538.0
202304,2022-23,Influenza Hospitalization (Avg 7 Day),6,HHS Region,341.71
202304,2022-23,Average patients with influenza in ICU,6,HHS Region,65.14
202304,2022-23,Influenza Hospital Admissions Rate Per 100k,7,HHS Region,1.14
202304,2022-23,Influenza Hospital Admissions,7,HHS Region,161.0
202304,2022-23,Influenza Hospitalization (Avg 7 Day),7,HHS Region,153.57
202304,2022-23,Average patients with influenza in ICU,7,HHS Region,31.29
202314,2022-23,Influenza Hospital Admissions,10,HHS Region,37.0
202314,2022-23,Influenza Hospitalization (Avg 7 Day),10,HHS Region,32.0
202314,2022-23,Average patients with influenza in ICU,10,HHS Region,0.86
202315,2022-23,Influenza Hospital Admissions Rate Per 100k,1,HHS Region,0.15
202315,2022-23,Influenza Hospital Admissions,1,HHS Region,23.0
202315,2022-23,Influenza Hospitalization (Avg 7 Day),1,HHS Region,26.86
202315,2022-23,Average patients with influenza in ICU,1,HHS Region,1.0
202315,2022-23,Influenza Hospital Admissions Rate Per 100k,2,HHS Region,0.48
202315,2022-23,Influenza Hospital Admissions,2,HHS Region,151.0
202315,2022-23,Influenza Hospitalization (Avg 7 Day),2,HHS Region,96.86
202315,2022-23,Average patients with influenza in ICU,2,HHS Region,12.0
202315,2022-23,Influenza Hospital Admissions Rate Per 100k,3,HHS Region,0.4
202315,2022-23,Influenza Hospital Admissions,3,HHS Region,123.0
202315,2022-23,Influenza Hospitalization (Avg 7 Day),3,HHS Region,100.86
202315,2022-23,Average patients with influenza in ICU,3,HHS Region,15.57
202315,2022-23,Influenza Hospital Admissions Rate Per 100k,4,HHS Region,0.41
202315,2022-23,Influenza Hospital Admissions,4,HHS Region,275.0
202315,2022-23,Influenza Hospitalization (Avg 7 Day),4,HHS Region,295.29
202315,2022-23,Average patients with influenza in ICU,4,HHS Region,95.43
202315,2022-23,Influenza Hospital Admissions Rate Per 100k,5,HHS Region,0.22
202315,2022-23,Influenza Hospital Admissions,5,HHS Region,116.0
202315,2022-23,Influenza Hospitalization (Avg 7 Day),5,HHS Region,95.86
202315,2022-23,Average patients with influenza in ICU,5,HHS Region,14.0
202315,2022-23,Influenza Hospital Admissions Rate Per 100k,6,HHS Region,0.39
202315,2022-23,Influenza Hospital Admissions,6,HHS Region,167.0
202315,2022-23,Influenza Hospitalization (Avg 7 Day),6,HHS Region,97.14
202315,2022-23,Average patients with influenza in ICU,6,HHS Region,20.14
202315,2022-23,Influenza Hospital Admissions Rate Per 100k,7,HHS Region,0.25
202315,2022-23,Influenza Hospital Admissions,7,HHS Region,36.0
202315,2022-23,Influenza Hospitalization (Avg 7 Day),7,HHS Region,23.0
202315,2022-23,Average patients with influenza in ICU,7,HHS Region,4.86
202315,2022-23,Influenza Hospital Admissions Rate Per 100k,8,HHS Region,0.28
202315,2022-23,Influenza Hospital Admissions,8,HHS Region,34.0
202315,2022-23,Influenza Hospitalization (Avg 7 Day),8,HHS Region,24.57
202315,2022-23,Average patients with influenza in ICU,8,HHS Region,1.29
202315,2022-23,Influenza Hospital Admissions Rate Per 100k,9,HHS Region,0.18
202315,2022-23,Influenza Hospital Admissions,9,HHS Region,90.0
202315,2022-23,Influenza Hospitalization (Avg 7 Day),9,HHS Region,79.43
202315,2022-23,Average patients with influenza in ICU,9,HHS Region,11.71
202315,2022-23,Influenza Hospital Admissions Rate Per 100k,10,HHS Region,0.24
202315,2022-23,Influenza Hospital Admissions,10,HHS Region,34.0
202315,2022-23,Influenza Hospitalization (Avg 7 Day),10,HHS Region,32.43
202315,2022-23,Average patients with influenza in ICU,10,HHS Region,2.14
202316,2022-23,Influenza Hospital Admissions Rate Per 100k,1,HHS Region,0.16
202316,2022-23,Influenza Hospital Admissions,1,HHS Region,24.0
202316,2022-23,Influenza Hospitalization (Avg 7 Day),1,HHS Region,27.86
202316,2022-23,Average patients with influenza in ICU,1,HHS Region,4.0
202316,2022-23,Influenza Hospital Admissions Rate Per 100k,2,HHS Region,0.35
202316,2022-23,Influenza Hospital Admissions,2,HHS Region,110.0
202316,2022-23,Influenza Hospitalization (Avg 7 Day),2,HHS Region,83.57
202316,2022-23,Average patients with influenza in ICU,2,HHS Region,8.14
202316,2022-23,Influenza Hospital Admissions Rate Per 100k,3,HHS Region,0.47
202316,2022-23,Influenza Hospital Admissions,3,HHS Region,144.0
202316,2022-23,Influenza Hospitalization (Avg 7 Day),3,HHS Region,92.71
202316,2022-23,Average patients with influenza in ICU,3,HHS Region,11.29
202326,2022-23,Influenza Hospital Admissions,6,HHS Region,122.0
202326,2022-23,Influenza Hospitalization (Avg 7 Day),6,HHS Region,69.57
202326,2022-23,Average patients with influenza in ICU,6,HHS Region,12.29
202326,2022-23,Influenza Hospital Admissions Rate Per 100k,7,HHS Region,0.09
202326,2022-23,Influenza Hospital Admissions,7,HHS Region,13.0
202326,2022-23,Influenza Hospitalization (Avg 7 Day),7,HHS Region,11.86
202326,2022-23,Average patients with influenza in ICU,7,HHS Region,2.71
202326,2022-23,Influenza Hospital Admissions Rate Per 100k,8,HHS Region,0.11
202326,2022-23,Influenza Hospital Admissions,8,HHS Region,14.0
202326,2022-23,Influenza Hospitalization (Avg 7 Day),8,HHS Region,12.14
202326,2022-23,Average patients with influenza in ICU,8,HHS Region,0.71
202326,2022-23,Influenza Hospital Admissions Rate Per 100k,9,HHS Region,0.18
202326,2022-23,Influenza Hospital Admissions,9,HHS Region,93.0
202326,2022-23,Influenza Hospitalization (Avg 7 Day),9,HHS Region,75.29
202326,2022-23,Average patients with influenza in ICU,9,HHS Region,8.57
202326,2022-23,Influenza Hospital Admissions Rate Per 100k,10,HHS Region,0.22
202326,2022-23,Influenza Hospital Admissions,10,HHS Region,31.0
202326,2022-23,Influenza Hospitalization (Avg 7 Day),10,HHS Region,25.57
202326,2022-23,Average patients with influenza in ICU,10,HHS Region,4.14
202327,2022-23,Influenza Hospital Admissions Rate Per 100k,1,HHS Region,0.06
202327,2022-23,Influenza Hospital Admissions,1,HHS Region,9.0
202327,2022-23,Influenza Hospitalization (Avg 7 Day),1,HHS Region,15.14
202327,2022-23,Average patients with influenza in ICU,1,HHS Region,1.43
202327,2022-23,Influenza Hospital Admissions Rate Per 100k,2,HHS Region,0.23
202327,2022-23,Influenza Hospital Admissions,2,HHS Region,72.0
202327,2022-23,Influenza Hospitalization (Avg 7 Day),2,HHS Region,60.71
202327,2022-23,Average patients with influenza in ICU,2,HHS Region,5.57
202327,2022-23,Influenza Hospital Admissions Rate Per 100k,3,HHS Region,0.29
202327,2022-23,Influenza Hospital Admissions,3,HHS Region,90.0
202327,2022-23,Influenza Hospitalization (Avg 7 Day),3,HHS Region,59.14
202327,2022-23,Average patients with influenza in ICU,3,HHS Region,8.29
202327,2022-23,Influenza Hospital Admissions Rate Per 100k,4,HHS Region,0.35
202327,2022-23,Influenza Hospital Admissions,4,HHS Region,237.0
202327,2022-23,Influenza Hospitalization (Avg 7 Day),4,HHS Region,268.57
202327,2022-23,Average patients with influenza in ICU,4,HHS Region,96.43
202327,2022-23,Influenza Hospital Admissions Rate Per 100k,5,HHS Region,0.06
202327,2022-23,Influenza Hospital Admissions,5,HHS Region,32.0
202327,2022-23,Influenza Hospitalization (Avg 7 Day),5,HHS Region,108.43
202327,2022-23,Average patients with influenza in ICU,5,HHS Region,5.57
202327,2022-23,Influenza Hospital Admissions Rate Per 100k,6,HHS Region,0.25
202327,2022-23,Influenza Hospital Admissions,6,HHS Region,106.0
202327,2022-23,Influenza Hospitalization (Avg 7 Day),6,HHS Region,64.57
202327,2022-23,Average patients with influenza in ICU,6,HHS Region,12.86
202327,2022-23,Influenza Hospital Admissions Rate Per 100k,7,HHS Region,0.05
202327,2022-23,Influenza Hospital Admissions,7,HHS Region,7.0
202327,2022-23,Influenza Hospitalization (Avg 7 Day),7,HHS Region,11.71
202327,2022-23,Average patients with influenza in ICU,7,HHS Region,1.86
202327,2022-23,Influenza Hospital Admissions Rate Per 100k,8,HHS Region,0.08
202327,2022-23,Influenza Hospital Admissions,8,HHS Region,10.0
202327,2022-23,Influenza Hospitalization (Avg 7 Day),8,HHS Region,9.14
202327,2022-23,Average patients with influenza in ICU,8,HHS Region,0.86
202327,2022-23,Influenza Hospital Admissions Rate Per 100k,9,HHS Region,0.14
202327,2022-23,Influenza Hospital Admissions,9,HHS Region,74.0
202327,2022-23,Influenza Hospitalization (Avg 7 Day),9,HHS Region,73.86
202327,2022-23,Average patients with influenza in ICU,9,HHS Region,14.71
202327,2022-23,Influenza Hospital Admissions Rate Per 100k,10,HHS Region,0.17
202327,2022-23,Influenza Hospital Admissions,10,HHS Region,25.0
202327,2022-23,Influenza Hospitalization (Avg 7 Day),10,HHS Region,28.29
202327,2022-23,Average patients with influenza in ICU,10,HHS Region,3.43
202245,2022-23,Influenza Hospital Admissions Rate Per 100k,1,HHS Region,0.7
202304,2022-23,Influenza Hospital Admissions Rate Per 100k,8,HHS Region,0.69
202316,2022-23,Influenza Hospital Admissions Rate Per 100k,4,HHS Region,0.47
202245,2022-23,Influenza Hospital Admissions,1,HHS Region,104.0
202245,2022-23,Influenza Hospitalization (Avg 7 Day),1,HHS Region,75.86
202245,2022-23,Average patients with influenza in ICU,1,HHS Region,9.0
202245,2022-23,Influenza Hospital Admissions Rate Per 100k,2,HHS Region,2.01
202245,2022-23,Influenza Hospital Admissions,2,HHS Region,636.0
202245,2022-23,Influenza Hospitalization (Avg 7 Day),2,HHS Region,344.14
202245,2022-23,Average patients with influenza in ICU,2,HHS Region,39.14
202245,2022-23,Influenza Hospital Admissions Rate Per 100k,3,HHS Region,3.53
202245,2022-23,Influenza Hospital Admissions,3,HHS Region,1090.0
202245,2022-23,Influenza Hospitalization (Avg 7 Day),3,HHS Region,558.57
202245,2022-23,Average patients with influenza in ICU,3,HHS Region,77.57
202245,2022-23,Influenza Hospital Admissions Rate Per 100k,4,HHS Region,3.55
202245,2022-23,Influenza Hospital Admissions,4,HHS Region,2374.0
202245,2022-23,Influenza Hospitalization (Avg 7 Day),4,HHS Region,1658.29
202245,2022-23,Average patients with influenza in ICU,4,HHS Region,245.14
202245,2022-23,Influenza Hospital Admissions Rate Per 100k,5,HHS Region,1.83
202245,2022-23,Influenza Hospital Admissions,5,HHS Region,959.0
202245,2022-23,Influenza Hospitalization (Avg 7 Day),5,HHS Region,527.71
202245,2022-23,Average patients with influenza in ICU,5,HHS Region,65.14
202245,2022-23,Influenza Hospital Admissions Rate Per 100k,6,HHS Region,3.92
202245,2022-23,Influenza Hospital Admissions,6,HHS Region,1673.0
202245,2022-23,Influenza Hospitalization (Avg 7 Day),6,HHS Region,769.86
202245,2022-23,Average patients with influenza in ICU,6,HHS Region,125.29
202245,2022-23,Influenza Hospital Admissions Rate Per 100k,7,HHS Region,1.4
202245,2022-23,Influenza Hospital Admissions,7,HHS Region,198.0
202245,2022-23,Influenza Hospitalization (Avg 7 Day),7,HHS Region,102.86
202245,2022-23,Average patients with influenza in ICU,7,HHS Region,14.86
202245,2022-23,Influenza Hospital Admissions Rate Per 100k,8,HHS Region,0.91
202245,2022-23,Influenza Hospital Admissions,8,HHS Region,112.0
202245,2022-23,Influenza Hospitalization (Avg 7 Day),8,HHS Region,53.14
202245,2022-23,Average patients with influenza in ICU,8,HHS Region,6.71
202245,2022-23,Influenza Hospital Admissions Rate Per 100k,9,HHS Region,1.99
202245,2022-23,Influenza Hospital Admissions,9,HHS Region,1020.0
202245,2022-23,Influenza Hospitalization (Avg 7 Day),9,HHS Region,451.14
202245,2022-23,Average patients with influenza in ICU,9,HHS Region,52.29
202245,2022-23,Influenza Hospital Admissions Rate Per 100k,10,HHS Region,1.14
202245,2022-23,Influenza Hospital Admissions,10,HHS Region,163.0
202245,2022-23,Influenza Hospitalization (Avg 7 Day),10,HHS Region,94.57
202245,2022-23,Average patients with influenza in ICU,10,HHS Region,8.86
202246,2022-23,Influenza Hospital Admissions Rate Per 100k,1,HHS Region,1.37
202246,2022-23,Influenza Hospital Admissions,1,HHS Region,204.0
202246,2022-23,Influenza Hospitalization (Avg 7 Day),1,HHS Region,109.0
202246,2022-23,Average patients with influenza in ICU,1,HHS Region,8.43
202246,2022-23,Influenza Hospital Admissions Rate Per 100k,2,HHS Region,2.72
202246,2022-23,Influenza Hospital Admissions,2,HHS Region,858.0
202246,2022-23,Influenza Hospitalization (Avg 7 Day),2,HHS Region,449.14
202246,2022-23,Average patients with influenza in ICU,2,HHS Region,63.71
202246,2022-23,Influenza Hospital Admissions Rate Per 100k,3,HHS Region,3.63
202246,2022-23,Influenza Hospital Admissions,3,HHS Region,1119.0
202246,2022-23,Influenza Hospitalization (Avg 7 Day),3,HHS Region,658.71
202246,2022-23,Average patients with influenza in ICU,3,HHS Region,95.86
202246,2022-23,Influenza Hospital Admissions Rate Per 100k,4,HHS Region,3.53
202246,2022-23,Influenza Hospital Admissions,4,HHS Region,2363.0
202246,2022-23,Influenza Hospitalization (Avg 7 Day),4,HHS Region,1752.86
202246,2022-23,Average patients with influenza in ICU,4,HHS Region,265.0
202246,2022-23,Influenza Hospital Admissions Rate Per 100k,5,HHS Region,2.74
202246,2022-23,Influenza Hospital Admissions,5,HHS Region,1442.0
202246,2022-23,Influenza Hospitalization (Avg 7 Day),5,HHS Region,762.0
202246,2022-23,Average patients with influenza in ICU,5,HHS Region,105.29
202304,2022-23,Influenza Hospital Admissions,8,HHS Region,85.0
202304,2022-23,Influenza Hospitalization (Avg 7 Day),8,HHS Region,92.71
202304,2022-23,Average patients with influenza in ICU,8,HHS Region,14.14
202304,2022-23,Influenza Hospital Admissions Rate Per 100k,9,HHS Region,0.39
202304,2022-23,Influenza Hospital Admissions,9,HHS Region,200.0
202304,2022-23,Influenza Hospitalization (Avg 7 Day),9,HHS Region,330.57
202304,2022-23,Average patients with influenza in ICU,9,HHS Region,54.0
202304,2022-23,Influenza Hospital Admissions Rate Per 100k,10,HHS Region,0.65
202304,2022-23,Influenza Hospital Admissions,10,HHS Region,94.0
202304,2022-23,Influenza Hospitalization (Avg 7 Day),10,HHS Region,110.71
202304,2022-23,Average patients with influenza in ICU,10,HHS Region,17.29
202305,2022-23,Influenza Hospital Admissions Rate Per 100k,1,HHS Region,0.63
202305,2022-23,Influenza Hospital Admissions,1,HHS Region,94.0
202305,2022-23,Influenza Hospitalization (Avg 7 Day),1,HHS Region,123.0
202305,2022-23,Average patients with influenza in ICU,1,HHS Region,16.57
202305,2022-23,Influenza Hospital Admissions Rate Per 100k,2,HHS Region,0.75
202305,2022-23,Influenza Hospital Admissions,2,HHS Region,237.0
202305,2022-23,Influenza Hospitalization (Avg 7 Day),2,HHS Region,244.57
202305,2022-23,Average patients with influenza in ICU,2,HHS Region,34.14
202305,2022-23,Influenza Hospital Admissions Rate Per 100k,3,HHS Region,1.12
202305,2022-23,Influenza Hospital Admissions,3,HHS Region,346.0
202305,2022-23,Influenza Hospitalization (Avg 7 Day),3,HHS Region,236.86
202305,2022-23,Average patients with influenza in ICU,3,HHS Region,38.14
202305,2022-23,Influenza Hospital Admissions Rate Per 100k,4,HHS Region,0.96
202305,2022-23,Influenza Hospital Admissions,4,HHS Region,644.0
202305,2022-23,Influenza Hospitalization (Avg 7 Day),4,HHS Region,621.71
202305,2022-23,Average patients with influenza in ICU,4,HHS Region,142.57
202305,2022-23,Influenza Hospital Admissions Rate Per 100k,5,HHS Region,0.48
202305,2022-23,Influenza Hospital Admissions,5,HHS Region,253.0
202305,2022-23,Influenza Hospitalization (Avg 7 Day),5,HHS Region,254.14
202305,2022-23,Average patients with influenza in ICU,5,HHS Region,40.29
202305,2022-23,Influenza Hospital Admissions Rate Per 100k,6,HHS Region,0.95
202305,2022-23,Influenza Hospital Admissions,6,HHS Region,407.0
202305,2022-23,Influenza Hospitalization (Avg 7 Day),6,HHS Region,257.43
202305,2022-23,Average patients with influenza in ICU,6,HHS Region,43.43
202305,2022-23,Influenza Hospital Admissions Rate Per 100k,7,HHS Region,0.57
202305,2022-23,Influenza Hospital Admissions,7,HHS Region,81.0
202305,2022-23,Influenza Hospitalization (Avg 7 Day),7,HHS Region,98.43
202305,2022-23,Average patients with influenza in ICU,7,HHS Region,17.71
202305,2022-23,Influenza Hospital Admissions Rate Per 100k,8,HHS Region,0.68
202305,2022-23,Influenza Hospital Admissions,8,HHS Region,83.0
202305,2022-23,Influenza Hospitalization (Avg 7 Day),8,HHS Region,68.29
202305,2022-23,Average patients with influenza in ICU,8,HHS Region,10.43
202305,2022-23,Influenza Hospital Admissions Rate Per 100k,9,HHS Region,0.37
202305,2022-23,Influenza Hospital Admissions,9,HHS Region,189.0
202305,2022-23,Influenza Hospitalization (Avg 7 Day),9,HHS Region,320.29
202305,2022-23,Average patients with influenza in ICU,9,HHS Region,42.43
202305,2022-23,Influenza Hospital Admissions Rate Per 100k,10,HHS Region,0.4
202305,2022-23,Influenza Hospital Admissions,10,HHS Region,58.0
202305,2022-23,Influenza Hospitalization (Avg 7 Day),10,HHS Region,82.86
202305,2022-23,Average patients with influenza in ICU,10,HHS Region,11.57
202306,2022-23,Influenza Hospital Admissions Rate Per 100k,1,HHS Region,0.6
202306,2022-23,Influenza Hospital Admissions,1,HHS Region,89.0
202306,2022-23,Influenza Hospitalization (Avg 7 Day),1,HHS Region,86.29
202306,2022-23,Average patients with influenza in ICU,1,HHS Region,13.86
202316,2022-23,Influenza Hospital Admissions,4,HHS Region,316.0
202316,2022-23,Influenza Hospitalization (Avg 7 Day),4,HHS Region,285.71
202316,2022-23,Average patients with influenza in ICU,4,HHS Region,99.57
202316,2022-23,Influenza Hospital Admissions Rate Per 100k,5,HHS Region,0.14
202316,2022-23,Influenza Hospital Admissions,5,HHS Region,74.0
202316,2022-23,Influenza Hospitalization (Avg 7 Day),5,HHS Region,83.14
202316,2022-23,Average patients with influenza in ICU,5,HHS Region,13.29
202316,2022-23,Influenza Hospital Admissions Rate Per 100k,6,HHS Region,0.36
202316,2022-23,Influenza Hospital Admissions,6,HHS Region,154.0
202316,2022-23,Influenza Hospitalization (Avg 7 Day),6,HHS Region,88.29
202316,2022-23,Average patients with influenza in ICU,6,HHS Region,16.57
202316,2022-23,Influenza Hospital Admissions Rate Per 100k,7,HHS Region,0.2
202316,2022-23,Influenza Hospital Admissions,7,HHS Region,28.0
202316,2022-23,Influenza Hospitalization (Avg 7 Day),7,HHS Region,23.29
202316,2022-23,Average patients with influenza in ICU,7,HHS Region,3.0
202316,2022-23,Influenza Hospital Admissions Rate Per 100k,8,HHS Region,0.22
202316,2022-23,Influenza Hospital Admissions,8,HHS Region,27.0
202316,2022-23,Influenza Hospitalization (Avg 7 Day),8,HHS Region,21.29
202316,2022-23,Average patients with influenza in ICU,8,HHS Region,0.71
202316,2022-23,Influenza Hospital Admissions Rate Per 100k,9,HHS Region,0.15
202316,2022-23,Influenza Hospital Admissions,9,HHS Region,76.0
202316,2022-23,Influenza Hospitalization (Avg 7 Day),9,HHS Region,82.86
202316,2022-23,Average patients with influenza in ICU,9,HHS Region,14.0
202316,2022-23,Influenza Hospital Admissions Rate Per 100k,10,HHS Region,0.15
202316,2022-23,Influenza Hospital Admissions,10,HHS Region,22.0
202316,2022-23,Influenza Hospitalization (Avg 7 Day),10,HHS Region,25.86
202316,2022-23,Average patients with influenza in ICU,10,HHS Region,2.0
202317,2022-23,Influenza Hospital Admissions Rate Per 100k,1,HHS Region,0.15
202317,2022-23,Influenza Hospital Admissions,1,HHS Region,23.0
202317,2022-23,Influenza Hospitalization (Avg 7 Day),1,HHS Region,19.71
202317,2022-23,Average patients with influenza in ICU,1,HHS Region,0.86
202317,2022-23,Influenza Hospital Admissions Rate Per 100k,2,HHS Region,0.27
202317,2022-23,Influenza Hospital Admissions,2,HHS Region,85.0
202317,2022-23,Influenza Hospitalization (Avg 7 Day),2,HHS Region,72.29
202317,2022-23,Average patients with influenza in ICU,2,HHS Region,10.0
202317,2022-23,Influenza Hospital Admissions Rate Per 100k,3,HHS Region,0.41
202317,2022-23,Influenza Hospital Admissions,3,HHS Region,128.0
202317,2022-23,Influenza Hospitalization (Avg 7 Day),3,HHS Region,81.29
202317,2022-23,Average patients with influenza in ICU,3,HHS Region,16.0
202317,2022-23,Influenza Hospital Admissions Rate Per 100k,4,HHS Region,0.4
202317,2022-23,Influenza Hospital Admissions,4,HHS Region,267.0
202317,2022-23,Influenza Hospitalization (Avg 7 Day),4,HHS Region,285.0
202317,2022-23,Average patients with influenza in ICU,4,HHS Region,98.86
202317,2022-23,Influenza Hospital Admissions Rate Per 100k,5,HHS Region,0.14
202317,2022-23,Influenza Hospital Admissions,5,HHS Region,75.0
202317,2022-23,Influenza Hospitalization (Avg 7 Day),5,HHS Region,68.43
202317,2022-23,Average patients with influenza in ICU,5,HHS Region,10.86
202317,2022-23,Influenza Hospital Admissions Rate Per 100k,6,HHS Region,0.38
202317,2022-23,Influenza Hospital Admissions,6,HHS Region,163.0
202317,2022-23,Influenza Hospitalization (Avg 7 Day),6,HHS Region,95.43
202317,2022-23,Average patients with influenza in ICU,6,HHS Region,14.86
202317,2022-23,Influenza Hospital Admissions Rate Per 100k,7,HHS Region,0.31
202317,2022-23,Influenza Hospital Admissions,7,HHS Region,44.0
202317,2022-23,Influenza Hospitalization (Avg 7 Day),7,HHS Region,25.86
202317,2022-23,Average patients with influenza in ICU,7,HHS Region,1.71
202317,2022-23,Influenza Hospital Admissions Rate Per 100k,8,HHS Region,0.15
202317,2022-23,Influenza Hospital Admissions,8,HHS Region,19.0
202317,2022-23,Influenza Hospitalization (Avg 7 Day),8,HHS Region,15.14
202317,2022-23,Average patients with influenza in ICU,8,HHS Region,1.14
202328,2022-23,Influenza Hospital Admissions Rate Per 100k,1,HHS Region,0.07
202328,2022-23,Influenza Hospital Admissions,1,HHS Region,10.0
202328,2022-23,Influenza Hospitalization (Avg 7 Day),1,HHS Region,14.0
202328,2022-23,Average patients with influenza in ICU,1,HHS Region,2.0
202328,2022-23,Influenza Hospital Admissions Rate Per 100k,2,HHS Region,0.18
202328,2022-23,Influenza Hospital Admissions,2,HHS Region,58.0
202328,2022-23,Influenza Hospitalization (Avg 7 Day),2,HHS Region,60.71
202328,2022-23,Average patients with influenza in ICU,2,HHS Region,6.0
202328,2022-23,Influenza Hospital Admissions Rate Per 100k,3,HHS Region,0.26
202328,2022-23,Influenza Hospital Admissions,3,HHS Region,79.0
202328,2022-23,Influenza Hospitalization (Avg 7 Day),3,HHS Region,54.29
202328,2022-23,Average patients with influenza in ICU,3,HHS Region,10.14
202328,2022-23,Influenza Hospital Admissions Rate Per 100k,4,HHS Region,0.36
202328,2022-23,Influenza Hospital Admissions,4,HHS Region,244.0
202328,2022-23,Influenza Hospitalization (Avg 7 Day),4,HHS Region,269.71
202328,2022-23,Average patients with influenza in ICU,4,HHS Region,96.43
202328,2022-23,Influenza Hospital Admissions Rate Per 100k,5,HHS Region,0.07
202328,2022-23,Influenza Hospital Admissions,5,HHS Region,35.0
202328,2022-23,Influenza Hospitalization (Avg 7 Day),5,HHS Region,47.57
202328,2022-23,Average patients with influenza in ICU,5,HHS Region,4.0
202328,2022-23,Influenza Hospital Admissions Rate Per 100k,6,HHS Region,0.28
202328,2022-23,Influenza Hospital Admissions,6,HHS Region,118.0
202328,2022-23,Influenza Hospitalization (Avg 7 Day),6,HHS Region,60.14
202328,2022-23,Average patients with influenza in ICU,6,HHS Region,9.71
202328,2022-23,Influenza Hospital Admissions Rate Per 100k,7,HHS Region,0.11
202328,2022-23,Influenza Hospital Admissions,7,HHS Region,16.0
202328,2022-23,Influenza Hospitalization (Avg 7 Day),7,HHS Region,12.57
202328,2022-23,Average patients with influenza in ICU,7,HHS Region,1.57
202328,2022-23,Influenza Hospital Admissions Rate Per 100k,8,HHS Region,0.11
202328,2022-23,Influenza Hospital Admissions,8,HHS Region,13.0
202328,2022-23,Influenza Hospitalization (Avg 7 Day),8,HHS Region,10.0
202328,2022-23,Average patients with influenza in ICU,8,HHS Region,0.71
202328,2022-23,Influenza Hospital Admissions Rate Per 100k,9,HHS Region,0.19
202328,2022-23,Influenza Hospital Admissions,9,HHS Region,98.0
202328,2022-23,Influenza Hospitalization (Avg 7 Day),9,HHS Region,73.57
202328,2022-23,Average patients with influenza in ICU,9,HHS Region,16.0
202328,2022-23,Influenza Hospital Admissions Rate Per 100k,10,HHS Region,0.2
202328,2022-23,Influenza Hospital Admissions,10,HHS Region,29.0
202328,2022-23,Influenza Hospitalization (Avg 7 Day),10,HHS Region,25.57
202328,2022-23,Average patients with influenza in ICU,10,HHS Region,1.0
202329,2022-23,Influenza Hospital Admissions Rate Per 100k,1,HHS Region,0.09
202329,2022-23,Influenza Hospital Admissions,1,HHS Region,14.0
202329,2022-23,Influenza Hospitalization (Avg 7 Day),1,HHS Region,14.0
202329,2022-23,Average patients with influenza in ICU,1,HHS Region,2.86
202329,2022-23,Influenza Hospital Admissions Rate Per 100k,2,HHS Region,0.22
202329,2022-23,Influenza Hospital Admissions,2,HHS Region,70.0
202329,2022-23,Influenza Hospitalization (Avg 7 Day),2,HHS Region,63.0
202329,2022-23,Average patients with influenza in ICU,2,HHS Region,5.71
202329,2022-23,Influenza Hospital Admissions Rate Per 100k,3,HHS Region,0.21
202329,2022-23,Influenza Hospital Admissions,3,HHS Region,66.0
202329,2022-23,Influenza Hospitalization (Avg 7 Day),3,HHS Region,56.14
202329,2022-23,Average patients with influenza in ICU,3,HHS Region,11.57
202329,2022-23,Influenza Hospital Admissions Rate Per 100k,4,HHS Region,0.3
202329,2022-23,Influenza Hospital Admissions,4,HHS Region,199.0
202329,2022-23,Influenza Hospitalization (Avg 7 Day),4,HHS Region,249.43
202329,2022-23,Average patients with influenza in ICU,4,HHS Region,97.0
202339,2022-23,Influenza Hospital Admissions,6,HHS Region,175.0
202339,2022-23,Influenza Hospitalization (Avg 7 Day),6,HHS Region,101.43
202339,2022-23,Average patients with influenza in ICU,6,HHS Region,13.86
202339,2022-23,Influenza Hospital Admissions Rate Per 100k,7,HHS Region,0.16
202339,2022-23,Influenza Hospital Admissions,7,HHS Region,22.0
202339,2022-23,Influenza Hospitalization (Avg 7 Day),7,HHS Region,15.29
202339,2022-23,Average patients with influenza in ICU,7,HHS Region,1.43
202339,2022-23,Influenza Hospital Admissions Rate Per 100k,8,HHS Region,0.19
202339,2022-23,Influenza Hospital Admissions,8,HHS Region,23.0
202339,2022-23,Influenza Hospitalization (Avg 7 Day),8,HHS Region,15.0
202339,2022-23,Average patients with influenza in ICU,8,HHS Region,1.43
202339,2022-23,Influenza Hospital Admissions Rate Per 100k,9,HHS Region,0.15
202339,2022-23,Influenza Hospital Admissions,9,HHS Region,79.0
202339,2022-23,Influenza Hospitalization (Avg 7 Day),9,HHS Region,71.71
202339,2022-23,Average patients with influenza in ICU,9,HHS Region,8.29
202339,2022-23,Influenza Hospital Admissions Rate Per 100k,10,HHS Region,0.16
202339,2022-23,Influenza Hospital Admissions,10,HHS Region,23.0
202339,2022-23,Influenza Hospitalization (Avg 7 Day),10,HHS Region,16.29
202339,2022-23,Average patients with influenza in ICU,10,HHS Region,2.29
202319,2022-23,Influenza Hospital Admissions Rate Per 100k,3,HHS Region,0.41
202329,2022-23,Influenza Hospital Admissions Rate Per 100k,5,HHS Region,0.06
202246,2022-23,Influenza Hospital Admissions Rate Per 100k,6,HHS Region,4.29
202306,2022-23,Influenza Hospital Admissions Rate Per 100k,2,HHS Region,0.61
202317,2022-23,Influenza Hospital Admissions Rate Per 100k,9,HHS Region,0.14
202246,2022-23,Influenza Hospital Admissions,6,HHS Region,1831.0
202246,2022-23,Influenza Hospitalization (Avg 7 Day),6,HHS Region,881.57
202246,2022-23,Average patients with influenza in ICU,6,HHS Region,139.43
202246,2022-23,Influenza Hospital Admissions Rate Per 100k,7,HHS Region,2.28
202246,2022-23,Influenza Hospital Admissions,7,HHS Region,322.0
202246,2022-23,Influenza Hospitalization (Avg 7 Day),7,HHS Region,172.29
202246,2022-23,Average patients with influenza in ICU,7,HHS Region,29.71
202246,2022-23,Influenza Hospital Admissions Rate Per 100k,8,HHS Region,1.66
202246,2022-23,Influenza Hospital Admissions,8,HHS Region,203.0
202246,2022-23,Influenza Hospitalization (Avg 7 Day),8,HHS Region,104.86
202246,2022-23,Average patients with influenza in ICU,8,HHS Region,15.57
202246,2022-23,Influenza Hospital Admissions Rate Per 100k,9,HHS Region,3.55
202246,2022-23,Influenza Hospital Admissions,9,HHS Region,1820.0
202246,2022-23,Influenza Hospitalization (Avg 7 Day),9,HHS Region,780.0
202246,2022-23,Average patients with influenza in ICU,9,HHS Region,91.86
202246,2022-23,Influenza Hospital Admissions Rate Per 100k,10,HHS Region,3.0
202246,2022-23,Influenza Hospital Admissions,10,HHS Region,431.0
202246,2022-23,Influenza Hospitalization (Avg 7 Day),10,HHS Region,220.14
202246,2022-23,Average patients with influenza in ICU,10,HHS Region,17.43
202247,2022-23,Influenza Hospital Admissions Rate Per 100k,1,HHS Region,2.88
202247,2022-23,Influenza Hospital Admissions,1,HHS Region,427.0
202247,2022-23,Influenza Hospitalization (Avg 7 Day),1,HHS Region,211.14
202247,2022-23,Average patients with influenza in ICU,1,HHS Region,17.57
202247,2022-23,Influenza Hospital Admissions Rate Per 100k,2,HHS Region,4.27
202247,2022-23,Influenza Hospital Admissions,2,HHS Region,1347.0
202247,2022-23,Influenza Hospitalization (Avg 7 Day),2,HHS Region,691.86
202247,2022-23,Average patients with influenza in ICU,2,HHS Region,95.71
202247,2022-23,Influenza Hospital Admissions Rate Per 100k,3,HHS Region,5.5
202247,2022-23,Influenza Hospital Admissions,3,HHS Region,1696.0
202247,2022-23,Influenza Hospitalization (Avg 7 Day),3,HHS Region,904.43
202247,2022-23,Average patients with influenza in ICU,3,HHS Region,135.43
202247,2022-23,Influenza Hospital Admissions Rate Per 100k,4,HHS Region,4.61
202247,2022-23,Influenza Hospital Admissions,4,HHS Region,3082.0
202247,2022-23,Influenza Hospitalization (Avg 7 Day),4,HHS Region,2004.0
202247,2022-23,Average patients with influenza in ICU,4,HHS Region,288.57
202247,2022-23,Influenza Hospital Admissions Rate Per 100k,5,HHS Region,5.2
202247,2022-23,Influenza Hospital Admissions,5,HHS Region,2733.0
202247,2022-23,Influenza Hospitalization (Avg 7 Day),5,HHS Region,1278.0
202247,2022-23,Average patients with influenza in ICU,5,HHS Region,169.71
202247,2022-23,Influenza Hospital Admissions Rate Per 100k,6,HHS Region,6.78
202247,2022-23,Influenza Hospital Admissions,6,HHS Region,2895.0
202247,2022-23,Influenza Hospitalization (Avg 7 Day),6,HHS Region,1187.57
202247,2022-23,Average patients with influenza in ICU,6,HHS Region,192.0
202247,2022-23,Influenza Hospital Admissions Rate Per 100k,7,HHS Region,5.74
202247,2022-23,Influenza Hospital Admissions,7,HHS Region,811.0
202247,2022-23,Influenza Hospitalization (Avg 7 Day),7,HHS Region,396.57
202247,2022-23,Average patients with influenza in ICU,7,HHS Region,59.0
202247,2022-23,Influenza Hospital Admissions Rate Per 100k,8,HHS Region,2.69
202247,2022-23,Influenza Hospital Admissions,8,HHS Region,330.0
202247,2022-23,Influenza Hospitalization (Avg 7 Day),8,HHS Region,188.86
202247,2022-23,Average patients with influenza in ICU,8,HHS Region,20.29
202247,2022-23,Influenza Hospital Admissions Rate Per 100k,9,HHS Region,6.22
202247,2022-23,Influenza Hospital Admissions,9,HHS Region,3191.0
202247,2022-23,Influenza Hospitalization (Avg 7 Day),9,HHS Region,1388.86
202247,2022-23,Average patients with influenza in ICU,9,HHS Region,149.43
202247,2022-23,Influenza Hospital Admissions Rate Per 100k,10,HHS Region,7.58
202247,2022-23,Influenza Hospital Admissions,10,HHS Region,1089.0
202247,2022-23,Influenza Hospitalization (Avg 7 Day),10,HHS Region,485.71
202247,2022-23,Average patients with influenza in ICU,10,HHS Region,47.43
202249,2022-23,Influenza Hospital Admissions Rate Per 100k,5,HHS Region,8.01
202248,2022-23,Influenza Hospital Admissions Rate Per 100k,1,HHS Region,6.78
202248,2022-23,Influenza Hospital Admissions,1,HHS Region,1007.0
202248,2022-23,Influenza Hospitalization (Avg 7 Day),1,HHS Region,568.86
202248,2022-23,Average patients with influenza in ICU,1,HHS Region,45.71
202248,2022-23,Influenza Hospital Admissions Rate Per 100k,2,HHS Region,7.06
202248,2022-23,Influenza Hospital Admissions,2,HHS Region,2229.0
202248,2022-23,Influenza Hospitalization (Avg 7 Day),2,HHS Region,1294.43
202248,2022-23,Average patients with influenza in ICU,2,HHS Region,166.57
202248,2022-23,Influenza Hospital Admissions Rate Per 100k,3,HHS Region,8.78
202248,2022-23,Influenza Hospital Admissions,3,HHS Region,2709.0
202248,2022-23,Influenza Hospitalization (Avg 7 Day),3,HHS Region,1658.86
202248,2022-23,Average patients with influenza in ICU,3,HHS Region,243.0
202248,2022-23,Influenza Hospital Admissions Rate Per 100k,4,HHS Region,6.29
202248,2022-23,Influenza Hospital Admissions,4,HHS Region,4209.0
202248,2022-23,Influenza Hospitalization (Avg 7 Day),4,HHS Region,3021.0
202248,2022-23,Average patients with influenza in ICU,4,HHS Region,449.71
202248,2022-23,Influenza Hospital Admissions Rate Per 100k,5,HHS Region,8.18
202248,2022-23,Influenza Hospital Admissions,5,HHS Region,4296.0
202248,2022-23,Influenza Hospitalization (Avg 7 Day),5,HHS Region,2520.57
202248,2022-23,Average patients with influenza in ICU,5,HHS Region,349.14
202248,2022-23,Influenza Hospital Admissions Rate Per 100k,6,HHS Region,9.46
202248,2022-23,Influenza Hospital Admissions,6,HHS Region,4041.0
202248,2022-23,Influenza Hospitalization (Avg 7 Day),6,HHS Region,1842.57
202248,2022-23,Average patients with influenza in ICU,6,HHS Region,317.43
202248,2022-23,Influenza Hospital Admissions Rate Per 100k,7,HHS Region,10.37
202248,2022-23,Influenza Hospital Admissions,7,HHS Region,1467.0
202248,2022-23,Influenza Hospitalization (Avg 7 Day),7,HHS Region,819.57
202248,2022-23,Average patients with influenza in ICU,7,HHS Region,126.86
202248,2022-23,Influenza Hospital Admissions Rate Per 100k,8,HHS Region,3.61
202248,2022-23,Influenza Hospital Admissions,8,HHS Region,442.0
202248,2022-23,Influenza Hospitalization (Avg 7 Day),8,HHS Region,353.57
202248,2022-23,Average patients with influenza in ICU,8,HHS Region,37.14
202248,2022-23,Influenza Hospital Admissions Rate Per 100k,9,HHS Region,7.78
202248,2022-23,Influenza Hospital Admissions,9,HHS Region,3991.0
202248,2022-23,Influenza Hospitalization (Avg 7 Day),9,HHS Region,2375.57
202248,2022-23,Average patients with influenza in ICU,9,HHS Region,278.43
202248,2022-23,Influenza Hospital Admissions Rate Per 100k,10,HHS Region,10.38
202248,2022-23,Influenza Hospital Admissions,10,HHS Region,1491.0
202248,2022-23,Influenza Hospitalization (Avg 7 Day),10,HHS Region,813.14
202248,2022-23,Average patients with influenza in ICU,10,HHS Region,94.14
202249,2022-23,Influenza Hospital Admissions Rate Per 100k,1,HHS Region,8.25
202249,2022-23,Influenza Hospital Admissions,1,HHS Region,1225.0
202249,2022-23,Influenza Hospitalization (Avg 7 Day),1,HHS Region,828.57
202249,2022-23,Average patients with influenza in ICU,1,HHS Region,77.57
202249,2022-23,Influenza Hospital Admissions Rate Per 100k,2,HHS Region,7.29
202249,2022-23,Influenza Hospital Admissions,2,HHS Region,2301.0
202249,2022-23,Influenza Hospitalization (Avg 7 Day),2,HHS Region,1528.57
202249,2022-23,Average patients with influenza in ICU,2,HHS Region,204.86
202249,2022-23,Influenza Hospital Admissions Rate Per 100k,3,HHS Region,7.08
202249,2022-23,Influenza Hospital Admissions,3,HHS Region,2185.0
202249,2022-23,Influenza Hospitalization (Avg 7 Day),3,HHS Region,1678.14
202249,2022-23,Average patients with influenza in ICU,3,HHS Region,238.14
202249,2022-23,Influenza Hospital Admissions Rate Per 100k,4,HHS Region,4.59
202249,2022-23,Influenza Hospital Admissions,4,HHS Region,3071.0
202249,2022-23,Influenza Hospitalization (Avg 7 Day),4,HHS Region,2679.29
202249,2022-23,Average patients with influenza in ICU,4,HHS Region,419.29
202306,2022-23,Influenza Hospital Admissions,2,HHS Region,194.0
202306,2022-23,Influenza Hospitalization (Avg 7 Day),2,HHS Region,188.29
202306,2022-23,Average patients with influenza in ICU,2,HHS Region,25.14
202306,2022-23,Influenza Hospital Admissions Rate Per 100k,3,HHS Region,0.99
202306,2022-23,Influenza Hospital Admissions,3,HHS Region,306.0
202306,2022-23,Influenza Hospitalization (Avg 7 Day),3,HHS Region,182.86
202306,2022-23,Average patients with influenza in ICU,3,HHS Region,28.43
202306,2022-23,Influenza Hospital Admissions Rate Per 100k,4,HHS Region,0.88
202306,2022-23,Influenza Hospital Admissions,4,HHS Region,591.0
202306,2022-23,Influenza Hospitalization (Avg 7 Day),4,HHS Region,559.43
202306,2022-23,Average patients with influenza in ICU,4,HHS Region,136.29
202306,2022-23,Influenza Hospital Admissions Rate Per 100k,5,HHS Region,0.39
202306,2022-23,Influenza Hospital Admissions,5,HHS Region,207.0
202306,2022-23,Influenza Hospitalization (Avg 7 Day),5,HHS Region,196.57
202306,2022-23,Average patients with influenza in ICU,5,HHS Region,31.0
202306,2022-23,Influenza Hospital Admissions Rate Per 100k,6,HHS Region,0.97
202306,2022-23,Influenza Hospital Admissions,6,HHS Region,415.0
202306,2022-23,Influenza Hospitalization (Avg 7 Day),6,HHS Region,243.14
202306,2022-23,Average patients with influenza in ICU,6,HHS Region,38.57
202306,2022-23,Influenza Hospital Admissions Rate Per 100k,7,HHS Region,0.47
202306,2022-23,Influenza Hospital Admissions,7,HHS Region,67.0
202306,2022-23,Influenza Hospitalization (Avg 7 Day),7,HHS Region,62.43
202306,2022-23,Average patients with influenza in ICU,7,HHS Region,10.14
202306,2022-23,Influenza Hospital Admissions Rate Per 100k,8,HHS Region,0.51
202306,2022-23,Influenza Hospital Admissions,8,HHS Region,63.0
202306,2022-23,Influenza Hospitalization (Avg 7 Day),8,HHS Region,53.29
202306,2022-23,Average patients with influenza in ICU,8,HHS Region,11.43
202306,2022-23,Influenza Hospital Admissions Rate Per 100k,9,HHS Region,0.33
202306,2022-23,Influenza Hospital Admissions,9,HHS Region,171.0
202306,2022-23,Influenza Hospitalization (Avg 7 Day),9,HHS Region,233.57
202306,2022-23,Average patients with influenza in ICU,9,HHS Region,35.43
202306,2022-23,Influenza Hospital Admissions Rate Per 100k,10,HHS Region,0.41
202306,2022-23,Influenza Hospital Admissions,10,HHS Region,59.0
202306,2022-23,Influenza Hospitalization (Avg 7 Day),10,HHS Region,79.43
202306,2022-23,Average patients with influenza in ICU,10,HHS Region,8.0
202307,2022-23,Influenza Hospital Admissions Rate Per 100k,1,HHS Region,0.44
202307,2022-23,Influenza Hospital Admissions,1,HHS Region,65.0
202307,2022-23,Influenza Hospitalization (Avg 7 Day),1,HHS Region,79.0
202307,2022-23,Average patients with influenza in ICU,1,HHS Region,10.71
202307,2022-23,Influenza Hospital Admissions Rate Per 100k,2,HHS Region,0.55
202307,2022-23,Influenza Hospital Admissions,2,HHS Region,175.0
202307,2022-23,Influenza Hospitalization (Avg 7 Day),2,HHS Region,164.57
202307,2022-23,Average patients with influenza in ICU,2,HHS Region,26.0
202307,2022-23,Influenza Hospital Admissions Rate Per 100k,3,HHS Region,0.94
202307,2022-23,Influenza Hospital Admissions,3,HHS Region,289.0
202307,2022-23,Influenza Hospitalization (Avg 7 Day),3,HHS Region,153.71
202307,2022-23,Average patients with influenza in ICU,3,HHS Region,22.29
202307,2022-23,Influenza Hospital Admissions Rate Per 100k,4,HHS Region,0.79
202307,2022-23,Influenza Hospital Admissions,4,HHS Region,527.0
202307,2022-23,Influenza Hospitalization (Avg 7 Day),4,HHS Region,501.71
202307,2022-23,Average patients with influenza in ICU,4,HHS Region,126.14
202307,2022-23,Influenza Hospital Admissions Rate Per 100k,5,HHS Region,0.36
202307,2022-23,Influenza Hospital Admissions,5,HHS Region,189.0
202307,2022-23,Influenza Hospitalization (Avg 7 Day),5,HHS Region,175.71
202307,2022-23,Average patients with influenza in ICU,5,HHS Region,29.86
202307,2022-23,Influenza Hospital Admissions Rate Per 100k,6,HHS Region,0.81
202307,2022-23,Influenza Hospital Admissions,6,HHS Region,345.0
202307,2022-23,Influenza Hospitalization (Avg 7 Day),6,HHS Region,217.29
202307,2022-23,Average patients with influenza in ICU,6,HHS Region,33.71
202317,2022-23,Influenza Hospital Admissions,9,HHS Region,71.0
202317,2022-23,Influenza Hospitalization (Avg 7 Day),9,HHS Region,70.43
202317,2022-23,Average patients with influenza in ICU,9,HHS Region,13.14
202317,2022-23,Influenza Hospital Admissions Rate Per 100k,10,HHS Region,0.18
202317,2022-23,Influenza Hospital Admissions,10,HHS Region,26.0
202317,2022-23,Influenza Hospitalization (Avg 7 Day),10,HHS Region,21.14
202317,2022-23,Average patients with influenza in ICU,10,HHS Region,0.71
202318,2022-23,Influenza Hospital Admissions Rate Per 100k,1,HHS Region,0.15
202318,2022-23,Influenza Hospital Admissions,1,HHS Region,22.0
202318,2022-23,Influenza Hospitalization (Avg 7 Day),1,HHS Region,16.43
202318,2022-23,Average patients with influenza in ICU,1,HHS Region,2.43
202318,2022-23,Influenza Hospital Admissions Rate Per 100k,2,HHS Region,0.36
202318,2022-23,Influenza Hospital Admissions,2,HHS Region,114.0
202318,2022-23,Influenza Hospitalization (Avg 7 Day),2,HHS Region,73.71
202318,2022-23,Average patients with influenza in ICU,2,HHS Region,11.86
202318,2022-23,Influenza Hospital Admissions Rate Per 100k,3,HHS Region,0.38
202318,2022-23,Influenza Hospital Admissions,3,HHS Region,118.0
202318,2022-23,Influenza Hospitalization (Avg 7 Day),3,HHS Region,78.0
202318,2022-23,Average patients with influenza in ICU,3,HHS Region,16.0
202318,2022-23,Influenza Hospital Admissions Rate Per 100k,4,HHS Region,0.37
202318,2022-23,Influenza Hospital Admissions,4,HHS Region,250.0
202318,2022-23,Influenza Hospitalization (Avg 7 Day),4,HHS Region,279.43
202318,2022-23,Average patients with influenza in ICU,4,HHS Region,95.57
202318,2022-23,Influenza Hospital Admissions Rate Per 100k,5,HHS Region,0.2
202318,2022-23,Influenza Hospital Admissions,5,HHS Region,105.0
202318,2022-23,Influenza Hospitalization (Avg 7 Day),5,HHS Region,66.43
202318,2022-23,Average patients with influenza in ICU,5,HHS Region,8.71
202318,2022-23,Influenza Hospital Admissions Rate Per 100k,6,HHS Region,0.33
202318,2022-23,Influenza Hospital Admissions,6,HHS Region,139.0
202318,2022-23,Influenza Hospitalization (Avg 7 Day),6,HHS Region,81.86
202318,2022-23,Average patients with influenza in ICU,6,HHS Region,10.86
202318,2022-23,Influenza Hospital Admissions Rate Per 100k,7,HHS Region,0.25
202318,2022-23,Influenza Hospital Admissions,7,HHS Region,36.0
202318,2022-23,Influenza Hospitalization (Avg 7 Day),7,HHS Region,27.0
202318,2022-23,Average patients with influenza in ICU,7,HHS Region,4.71
202318,2022-23,Influenza Hospital Admissions Rate Per 100k,8,HHS Region,0.22
202318,2022-23,Influenza Hospital Admissions,8,HHS Region,27.0
202318,2022-23,Influenza Hospitalization (Avg 7 Day),8,HHS Region,19.71
202318,2022-23,Average patients with influenza in ICU,8,HHS Region,1.57
202318,2022-23,Influenza Hospital Admissions Rate Per 100k,9,HHS Region,0.12
202318,2022-23,Influenza Hospital Admissions,9,HHS Region,64.0
202318,2022-23,Influenza Hospitalization (Avg 7 Day),9,HHS Region,62.0
202318,2022-23,Average patients with influenza in ICU,9,HHS Region,10.14
202318,2022-23,Influenza Hospital Admissions Rate Per 100k,10,HHS Region,0.15
202318,2022-23,Influenza Hospital Admissions,10,HHS Region,22.0
202318,2022-23,Influenza Hospitalization (Avg 7 Day),10,HHS Region,22.57
202318,2022-23,Average patients with influenza in ICU,10,HHS Region,0.14
202319,2022-23,Influenza Hospital Admissions Rate Per 100k,1,HHS Region,0.16
202319,2022-23,Influenza Hospital Admissions,1,HHS Region,24.0
202319,2022-23,Influenza Hospitalization (Avg 7 Day),1,HHS Region,18.57
202319,2022-23,Average patients with influenza in ICU,1,HHS Region,0.86
202319,2022-23,Influenza Hospital Admissions Rate Per 100k,2,HHS Region,0.36
202319,2022-23,Influenza Hospital Admissions,2,HHS Region,114.0
202319,2022-23,Influenza Hospitalization (Avg 7 Day),2,HHS Region,79.14
202319,2022-23,Average patients with influenza in ICU,2,HHS Region,10.71
202329,2022-23,Influenza Hospital Admissions,5,HHS Region,33.0
202329,2022-23,Influenza Hospitalization (Avg 7 Day),5,HHS Region,36.86
202329,2022-23,Average patients with influenza in ICU,5,HHS Region,5.14
202329,2022-23,Influenza Hospital Admissions Rate Per 100k,6,HHS Region,0.26
202329,2022-23,Influenza Hospital Admissions,6,HHS Region,113.0
202329,2022-23,Influenza Hospitalization (Avg 7 Day),6,HHS Region,95.0
202329,2022-23,Average patients with influenza in ICU,6,HHS Region,12.29
202329,2022-23,Influenza Hospital Admissions Rate Per 100k,7,HHS Region,0.16
202329,2022-23,Influenza Hospital Admissions,7,HHS Region,23.0
202329,2022-23,Influenza Hospitalization (Avg 7 Day),7,HHS Region,11.71
202329,2022-23,Average patients with influenza in ICU,7,HHS Region,1.0
202329,2022-23,Influenza Hospital Admissions Rate Per 100k,8,HHS Region,0.04
202329,2022-23,Influenza Hospital Admissions,8,HHS Region,5.0
202329,2022-23,Influenza Hospitalization (Avg 7 Day),8,HHS Region,9.57
202329,2022-23,Average patients with influenza in ICU,8,HHS Region,0.43
202329,2022-23,Influenza Hospital Admissions Rate Per 100k,9,HHS Region,0.11
202329,2022-23,Influenza Hospital Admissions,9,HHS Region,54.0
202329,2022-23,Influenza Hospitalization (Avg 7 Day),9,HHS Region,64.14
202329,2022-23,Average patients with influenza in ICU,9,HHS Region,10.43
202329,2022-23,Influenza Hospital Admissions Rate Per 100k,10,HHS Region,0.16
202329,2022-23,Influenza Hospital Admissions,10,HHS Region,23.0
202329,2022-23,Influenza Hospitalization (Avg 7 Day),10,HHS Region,20.14
202329,2022-23,Average patients with influenza in ICU,10,HHS Region,1.71
202330,2022-23,Influenza Hospital Admissions Rate Per 100k,1,HHS Region,0.09
202330,2022-23,Influenza Hospital Admissions,1,HHS Region,13.0
202330,2022-23,Influenza Hospitalization (Avg 7 Day),1,HHS Region,12.86
202330,2022-23,Average patients with influenza in ICU,1,HHS Region,3.57
202330,2022-23,Influenza Hospital Admissions Rate Per 100k,2,HHS Region,0.21
202330,2022-23,Influenza Hospital Admissions,2,HHS Region,65.0
202330,2022-23,Influenza Hospitalization (Avg 7 Day),2,HHS Region,52.43
202330,2022-23,Average patients with influenza in ICU,2,HHS Region,3.71
202330,2022-23,Influenza Hospital Admissions Rate Per 100k,3,HHS Region,0.24
202330,2022-23,Influenza Hospital Admissions,3,HHS Region,73.0
202330,2022-23,Influenza Hospitalization (Avg 7 Day),3,HHS Region,51.29
202330,2022-23,Average patients with influenza in ICU,3,HHS Region,10.86
202330,2022-23,Influenza Hospital Admissions Rate Per 100k,4,HHS Region,0.38
202330,2022-23,Influenza Hospital Admissions,4,HHS Region,251.0
202330,2022-23,Influenza Hospitalization (Avg 7 Day),4,HHS Region,242.57
202330,2022-23,Average patients with influenza in ICU,4,HHS Region,97.14
202330,2022-23,Influenza Hospital Admissions Rate Per 100k,5,HHS Region,0.06
202330,2022-23,Influenza Hospital Admissions,5,HHS Region,32.0
202330,2022-23,Influenza Hospitalization (Avg 7 Day),5,HHS Region,47.14
202330,2022-23,Average patients with influenza in ICU,5,HHS Region,5.57
202330,2022-23,Influenza Hospital Admissions Rate Per 100k,6,HHS Region,0.25
202330,2022-23,Influenza Hospital Admissions,6,HHS Region,108.0
202330,2022-23,Influenza Hospitalization (Avg 7 Day),6,HHS Region,104.14
202330,2022-23,Average patients with influenza in ICU,6,HHS Region,11.57
202330,2022-23,Influenza Hospital Admissions Rate Per 100k,7,HHS Region,0.09
202330,2022-23,Influenza Hospital Admissions,7,HHS Region,13.0
202330,2022-23,Influenza Hospitalization (Avg 7 Day),7,HHS Region,11.0
202330,2022-23,Average patients with influenza in ICU,7,HHS Region,2.86
202330,2022-23,Influenza Hospital Admissions Rate Per 100k,8,HHS Region,0.06
202330,2022-23,Influenza Hospital Admissions,8,HHS Region,7.0
202330,2022-23,Influenza Hospitalization (Avg 7 Day),8,HHS Region,4.71
202330,2022-23,Average patients with influenza in ICU,8,HHS Region,0.0
202330,2022-23,Influenza Hospital Admissions Rate Per 100k,9,HHS Region,0.12
202330,2022-23,Influenza Hospital Admissions,9,HHS Region,62.0
202330,2022-23,Influenza Hospitalization (Avg 7 Day),9,HHS Region,56.29
202330,2022-23,Average patients with influenza in ICU,9,HHS Region,10.43
202249,2022-23,Influenza Hospital Admissions,5,HHS Region,4210.0
202307,2022-23,Influenza Hospital Admissions,7,HHS Region,60.0
202319,2022-23,Influenza Hospital Admissions,3,HHS Region,125.0
202330,2022-23,Influenza Hospital Admissions,10,HHS Region,23.0
202249,2022-23,Influenza Hospitalization (Avg 7 Day),5,HHS Region,2783.14
202249,2022-23,Average patients with influenza in ICU,5,HHS Region,421.14
202249,2022-23,Influenza Hospital Admissions Rate Per 100k,6,HHS Region,8.4
202249,2022-23,Influenza Hospital Admissions,6,HHS Region,3590.0
202249,2022-23,Influenza Hospitalization (Avg 7 Day),6,HHS Region,1757.57
202249,2022-23,Average patients with influenza in ICU,6,HHS Region,328.14
202249,2022-23,Influenza Hospital Admissions Rate Per 100k,7,HHS Region,10.17
202249,2022-23,Influenza Hospital Admissions,7,HHS Region,1438.0
202249,2022-23,Influenza Hospitalization (Avg 7 Day),7,HHS Region,921.57
202249,2022-23,Average patients with influenza in ICU,7,HHS Region,153.71
202249,2022-23,Influenza Hospital Admissions Rate Per 100k,8,HHS Region,4.49
202249,2022-23,Influenza Hospital Admissions,8,HHS Region,551.0
202249,2022-23,Influenza Hospitalization (Avg 7 Day),8,HHS Region,408.71
202249,2022-23,Average patients with influenza in ICU,8,HHS Region,39.43
202249,2022-23,Influenza Hospital Admissions Rate Per 100k,9,HHS Region,6.35
202249,2022-23,Influenza Hospital Admissions,9,HHS Region,3258.0
202249,2022-23,Influenza Hospitalization (Avg 7 Day),9,HHS Region,2437.71
202249,2022-23,Average patients with influenza in ICU,9,HHS Region,311.71
202249,2022-23,Influenza Hospital Admissions Rate Per 100k,10,HHS Region,10.86
202249,2022-23,Influenza Hospital Admissions,10,HHS Region,1560.0
202249,2022-23,Influenza Hospitalization (Avg 7 Day),10,HHS Region,902.71
202249,2022-23,Average patients with influenza in ICU,10,HHS Region,102.71
202250,2022-23,Influenza Hospital Admissions Rate Per 100k,1,HHS Region,9.5
202250,2022-23,Influenza Hospital Admissions,1,HHS Region,1411.0
202250,2022-23,Influenza Hospitalization (Avg 7 Day),1,HHS Region,974.71
202250,2022-23,Average patients with influenza in ICU,1,HHS Region,109.0
202250,2022-23,Influenza Hospital Admissions Rate Per 100k,2,HHS Region,7.37
202250,2022-23,Influenza Hospital Admissions,2,HHS Region,2327.0
202250,2022-23,Influenza Hospitalization (Avg 7 Day),2,HHS Region,1559.71
202250,2022-23,Average patients with influenza in ICU,2,HHS Region,224.86
202250,2022-23,Influenza Hospital Admissions Rate Per 100k,3,HHS Region,5.92
202250,2022-23,Influenza Hospital Admissions,3,HHS Region,1827.0
202250,2022-23,Influenza Hospitalization (Avg 7 Day),3,HHS Region,1425.57
202250,2022-23,Average patients with influenza in ICU,3,HHS Region,213.29
202250,2022-23,Influenza Hospital Admissions Rate Per 100k,4,HHS Region,3.61
202250,2022-23,Influenza Hospital Admissions,4,HHS Region,2413.0
202250,2022-23,Influenza Hospitalization (Avg 7 Day),4,HHS Region,2015.43
202250,2022-23,Average patients with influenza in ICU,4,HHS Region,325.57
202250,2022-23,Influenza Hospital Admissions Rate Per 100k,5,HHS Region,7.64
202250,2022-23,Influenza Hospital Admissions,5,HHS Region,4013.0
202250,2022-23,Influenza Hospitalization (Avg 7 Day),5,HHS Region,2861.43
202250,2022-23,Average patients with influenza in ICU,5,HHS Region,450.29
202250,2022-23,Influenza Hospital Admissions Rate Per 100k,6,HHS Region,6.93
202250,2022-23,Influenza Hospital Admissions,6,HHS Region,2959.0
202250,2022-23,Influenza Hospitalization (Avg 7 Day),6,HHS Region,1508.57
202250,2022-23,Average patients with influenza in ICU,6,HHS Region,298.0
202250,2022-23,Influenza Hospital Admissions Rate Per 100k,7,HHS Region,10.25
202250,2022-23,Influenza Hospital Admissions,7,HHS Region,1449.0
202250,2022-23,Influenza Hospitalization (Avg 7 Day),7,HHS Region,1006.43
202250,2022-23,Average patients with influenza in ICU,7,HHS Region,168.43
202250,2022-23,Influenza Hospital Admissions Rate Per 100k,8,HHS Region,4.87
202250,2022-23,Influenza Hospital Admissions,8,HHS Region,597.0
202250,2022-23,Influenza Hospitalization (Avg 7 Day),8,HHS Region,423.0
202250,2022-23,Average patients with influenza in ICU,8,HHS Region,48.57
202250,2022-23,Influenza Hospital Admissions Rate Per 100k,9,HHS Region,4.66
202250,2022-23,Influenza Hospital Admissions,9,HHS Region,2390.0
202250,2022-23,Influenza Hospitalization (Avg 7 Day),9,HHS Region,1957.29
202250,2022-23,Average patients with influenza in ICU,9,HHS Region,282.43
202250,2022-23,Influenza Hospital Admissions Rate Per 100k,10,HHS Region,12.13
202307,2022-23,Influenza Hospitalization (Avg 7 Day),7,HHS Region,63.0
202307,2022-23,Average patients with influenza in ICU,7,HHS Region,10.14
202307,2022-23,Influenza Hospital Admissions Rate Per 100k,8,HHS Region,0.44
202307,2022-23,Influenza Hospital Admissions,8,HHS Region,54.0
202307,2022-23,Influenza Hospitalization (Avg 7 Day),8,HHS Region,43.29
202307,2022-23,Average patients with influenza in ICU,8,HHS Region,4.29
202307,2022-23,Influenza Hospital Admissions Rate Per 100k,9,HHS Region,0.25
202307,2022-23,Influenza Hospital Admissions,9,HHS Region,126.0
202307,2022-23,Influenza Hospitalization (Avg 7 Day),9,HHS Region,162.0
202307,2022-23,Average patients with influenza in ICU,9,HHS Region,25.14
202307,2022-23,Influenza Hospital Admissions Rate Per 100k,10,HHS Region,0.31
202307,2022-23,Influenza Hospital Admissions,10,HHS Region,44.0
202307,2022-23,Influenza Hospitalization (Avg 7 Day),10,HHS Region,56.71
202307,2022-23,Average patients with influenza in ICU,10,HHS Region,4.0
202308,2022-23,Influenza Hospital Admissions Rate Per 100k,1,HHS Region,0.3
202308,2022-23,Influenza Hospital Admissions,1,HHS Region,44.0
202308,2022-23,Influenza Hospitalization (Avg 7 Day),1,HHS Region,56.71
202308,2022-23,Average patients with influenza in ICU,1,HHS Region,7.86
202308,2022-23,Influenza Hospital Admissions Rate Per 100k,2,HHS Region,0.4
202308,2022-23,Influenza Hospital Admissions,2,HHS Region,126.0
202308,2022-23,Influenza Hospitalization (Avg 7 Day),2,HHS Region,152.29
202308,2022-23,Average patients with influenza in ICU,2,HHS Region,18.71
202308,2022-23,Influenza Hospital Admissions Rate Per 100k,3,HHS Region,0.88
202308,2022-23,Influenza Hospital Admissions,3,HHS Region,272.0
202308,2022-23,Influenza Hospitalization (Avg 7 Day),3,HHS Region,143.43
202308,2022-23,Average patients with influenza in ICU,3,HHS Region,24.0
202308,2022-23,Influenza Hospital Admissions Rate Per 100k,4,HHS Region,0.68
202308,2022-23,Influenza Hospital Admissions,4,HHS Region,457.0
202308,2022-23,Influenza Hospitalization (Avg 7 Day),4,HHS Region,451.71
202308,2022-23,Average patients with influenza in ICU,4,HHS Region,127.57
202308,2022-23,Influenza Hospital Admissions Rate Per 100k,5,HHS Region,0.31
202308,2022-23,Influenza Hospital Admissions,5,HHS Region,163.0
202308,2022-23,Influenza Hospitalization (Avg 7 Day),5,HHS Region,155.71
202308,2022-23,Average patients with influenza in ICU,5,HHS Region,22.57
202308,2022-23,Influenza Hospital Admissions Rate Per 100k,6,HHS Region,0.71
202308,2022-23,Influenza Hospital Admissions,6,HHS Region,304.0
202308,2022-23,Influenza Hospitalization (Avg 7 Day),6,HHS Region,187.29
202308,2022-23,Average patients with influenza in ICU,6,HHS Region,27.86
202308,2022-23,Influenza Hospital Admissions Rate Per 100k,7,HHS Region,0.45
202308,2022-23,Influenza Hospital Admissions,7,HHS Region,63.0
202308,2022-23,Influenza Hospitalization (Avg 7 Day),7,HHS Region,52.86
202308,2022-23,Average patients with influenza in ICU,7,HHS Region,8.14
202308,2022-23,Influenza Hospital Admissions Rate Per 100k,8,HHS Region,0.26
202308,2022-23,Influenza Hospital Admissions,8,HHS Region,32.0
202308,2022-23,Influenza Hospitalization (Avg 7 Day),8,HHS Region,36.43
202308,2022-23,Average patients with influenza in ICU,8,HHS Region,5.86
202308,2022-23,Influenza Hospital Admissions Rate Per 100k,9,HHS Region,0.25
202308,2022-23,Influenza Hospital Admissions,9,HHS Region,127.0
202308,2022-23,Influenza Hospitalization (Avg 7 Day),9,HHS Region,150.0
202308,2022-23,Average patients with influenza in ICU,9,HHS Region,20.71
202308,2022-23,Influenza Hospital Admissions Rate Per 100k,10,HHS Region,0.33
202308,2022-23,Influenza Hospital Admissions,10,HHS Region,48.0
202308,2022-23,Influenza Hospitalization (Avg 7 Day),10,HHS Region,54.43
202308,2022-23,Average patients with influenza in ICU,10,HHS Region,4.14
202309,2022-23,Influenza Hospital Admissions Rate Per 100k,1,HHS Region,0.22
202319,2022-23,Influenza Hospitalization (Avg 7 Day),3,HHS Region,69.57
202319,2022-23,Average patients with influenza in ICU,3,HHS Region,8.57
202319,2022-23,Influenza Hospital Admissions Rate Per 100k,4,HHS Region,0.43
202319,2022-23,Influenza Hospital Admissions,4,HHS Region,288.0
202319,2022-23,Influenza Hospitalization (Avg 7 Day),4,HHS Region,287.14
202319,2022-23,Average patients with influenza in ICU,4,HHS Region,92.86
202319,2022-23,Influenza Hospital Admissions Rate Per 100k,5,HHS Region,0.19
202319,2022-23,Influenza Hospital Admissions,5,HHS Region,100.0
202319,2022-23,Influenza Hospitalization (Avg 7 Day),5,HHS Region,82.57
202319,2022-23,Average patients with influenza in ICU,5,HHS Region,10.29
202319,2022-23,Influenza Hospital Admissions Rate Per 100k,6,HHS Region,0.34
202319,2022-23,Influenza Hospital Admissions,6,HHS Region,146.0
202319,2022-23,Influenza Hospitalization (Avg 7 Day),6,HHS Region,82.43
202319,2022-23,Average patients with influenza in ICU,6,HHS Region,10.0
202319,2022-23,Influenza Hospital Admissions Rate Per 100k,7,HHS Region,0.23
202319,2022-23,Influenza Hospital Admissions,7,HHS Region,32.0
202319,2022-23,Influenza Hospitalization (Avg 7 Day),7,HHS Region,26.14
202319,2022-23,Average patients with influenza in ICU,7,HHS Region,2.14
202319,2022-23,Influenza Hospital Admissions Rate Per 100k,8,HHS Region,0.19
202319,2022-23,Influenza Hospital Admissions,8,HHS Region,23.0
202319,2022-23,Influenza Hospitalization (Avg 7 Day),8,HHS Region,23.0
202319,2022-23,Average patients with influenza in ICU,8,HHS Region,0.71
202319,2022-23,Influenza Hospital Admissions Rate Per 100k,9,HHS Region,0.19
202319,2022-23,Influenza Hospital Admissions,9,HHS Region,95.0
202319,2022-23,Influenza Hospitalization (Avg 7 Day),9,HHS Region,60.0
202319,2022-23,Average patients with influenza in ICU,9,HHS Region,10.0
202319,2022-23,Influenza Hospital Admissions Rate Per 100k,10,HHS Region,0.13
202319,2022-23,Influenza Hospital Admissions,10,HHS Region,19.0
202319,2022-23,Influenza Hospitalization (Avg 7 Day),10,HHS Region,20.14
202319,2022-23,Average patients with influenza in ICU,10,HHS Region,0.71
202320,2022-23,Influenza Hospital Admissions Rate Per 100k,1,HHS Region,0.2
202320,2022-23,Influenza Hospital Admissions,1,HHS Region,29.0
202320,2022-23,Influenza Hospitalization (Avg 7 Day),1,HHS Region,16.29
202320,2022-23,Average patients with influenza in ICU,1,HHS Region,0.43
202320,2022-23,Influenza Hospital Admissions Rate Per 100k,2,HHS Region,0.37
202320,2022-23,Influenza Hospital Admissions,2,HHS Region,117.0
202320,2022-23,Influenza Hospitalization (Avg 7 Day),2,HHS Region,73.86
202320,2022-23,Average patients with influenza in ICU,2,HHS Region,6.43
202320,2022-23,Influenza Hospital Admissions Rate Per 100k,3,HHS Region,0.34
202320,2022-23,Influenza Hospital Admissions,3,HHS Region,105.0
202320,2022-23,Influenza Hospitalization (Avg 7 Day),3,HHS Region,66.29
202320,2022-23,Average patients with influenza in ICU,3,HHS Region,6.57
202320,2022-23,Influenza Hospital Admissions Rate Per 100k,4,HHS Region,0.39
202320,2022-23,Influenza Hospital Admissions,4,HHS Region,260.0
202320,2022-23,Influenza Hospitalization (Avg 7 Day),4,HHS Region,277.43
202320,2022-23,Average patients with influenza in ICU,4,HHS Region,91.43
202320,2022-23,Influenza Hospital Admissions Rate Per 100k,5,HHS Region,0.15
202320,2022-23,Influenza Hospital Admissions,5,HHS Region,78.0
202320,2022-23,Influenza Hospitalization (Avg 7 Day),5,HHS Region,75.14
202320,2022-23,Average patients with influenza in ICU,5,HHS Region,11.29
202320,2022-23,Influenza Hospital Admissions Rate Per 100k,6,HHS Region,0.35
202320,2022-23,Influenza Hospital Admissions,6,HHS Region,150.0
202320,2022-23,Influenza Hospitalization (Avg 7 Day),6,HHS Region,81.43
202320,2022-23,Average patients with influenza in ICU,6,HHS Region,12.71
202320,2022-23,Influenza Hospital Admissions Rate Per 100k,7,HHS Region,0.22
202320,2022-23,Influenza Hospital Admissions,7,HHS Region,31.0
202320,2022-23,Influenza Hospitalization (Avg 7 Day),7,HHS Region,25.86
202320,2022-23,Average patients with influenza in ICU,7,HHS Region,3.43
202320,2022-23,Influenza Hospital Admissions Rate Per 100k,8,HHS Region,0.18
202330,2022-23,Influenza Hospitalization (Avg 7 Day),10,HHS Region,16.57
202330,2022-23,Average patients with influenza in ICU,10,HHS Region,0.57
202331,2022-23,Influenza Hospital Admissions Rate Per 100k,1,HHS Region,0.09
202331,2022-23,Influenza Hospital Admissions,1,HHS Region,13.0
202331,2022-23,Influenza Hospitalization (Avg 7 Day),1,HHS Region,12.43
202331,2022-23,Average patients with influenza in ICU,1,HHS Region,5.0
202331,2022-23,Influenza Hospital Admissions Rate Per 100k,2,HHS Region,0.23
202331,2022-23,Influenza Hospital Admissions,2,HHS Region,73.0
202331,2022-23,Influenza Hospitalization (Avg 7 Day),2,HHS Region,49.29
202331,2022-23,Average patients with influenza in ICU,2,HHS Region,7.14
202331,2022-23,Influenza Hospital Admissions Rate Per 100k,3,HHS Region,0.29
202331,2022-23,Influenza Hospital Admissions,3,HHS Region,90.0
202331,2022-23,Influenza Hospitalization (Avg 7 Day),3,HHS Region,47.0
202331,2022-23,Average patients with influenza in ICU,3,HHS Region,8.0
202331,2022-23,Influenza Hospital Admissions Rate Per 100k,4,HHS Region,0.34
202331,2022-23,Influenza Hospital Admissions,4,HHS Region,228.0
202331,2022-23,Influenza Hospitalization (Avg 7 Day),4,HHS Region,252.0
202331,2022-23,Average patients with influenza in ICU,4,HHS Region,94.29
202331,2022-23,Influenza Hospital Admissions Rate Per 100k,5,HHS Region,0.07
202331,2022-23,Influenza Hospital Admissions,5,HHS Region,35.0
202331,2022-23,Influenza Hospitalization (Avg 7 Day),5,HHS Region,58.0
202331,2022-23,Average patients with influenza in ICU,5,HHS Region,5.57
202331,2022-23,Influenza Hospital Admissions Rate Per 100k,6,HHS Region,0.29
202331,2022-23,Influenza Hospital Admissions,6,HHS Region,125.0
202331,2022-23,Influenza Hospitalization (Avg 7 Day),6,HHS Region,102.43
202331,2022-23,Average patients with influenza in ICU,6,HHS Region,10.71
202331,2022-23,Influenza Hospital Admissions Rate Per 100k,7,HHS Region,0.05
202331,2022-23,Influenza Hospital Admissions,7,HHS Region,7.0
202331,2022-23,Influenza Hospitalization (Avg 7 Day),7,HHS Region,10.14
202331,2022-23,Average patients with influenza in ICU,7,HHS Region,3.29
202331,2022-23,Influenza Hospital Admissions Rate Per 100k,8,HHS Region,0.05
202331,2022-23,Influenza Hospital Admissions,8,HHS Region,6.0
202331,2022-23,Influenza Hospitalization (Avg 7 Day),8,HHS Region,3.86
202331,2022-23,Average patients with influenza in ICU,8,HHS Region,0.14
202331,2022-23,Influenza Hospital Admissions Rate Per 100k,9,HHS Region,0.13
202331,2022-23,Influenza Hospital Admissions,9,HHS Region,67.0
202331,2022-23,Influenza Hospitalization (Avg 7 Day),9,HHS Region,59.29
202331,2022-23,Average patients with influenza in ICU,9,HHS Region,9.14
202331,2022-23,Influenza Hospital Admissions Rate Per 100k,10,HHS Region,0.19
202331,2022-23,Influenza Hospital Admissions,10,HHS Region,27.0
202331,2022-23,Influenza Hospitalization (Avg 7 Day),10,HHS Region,20.71
202331,2022-23,Average patients with influenza in ICU,10,HHS Region,0.0
202332,2022-23,Influenza Hospital Admissions Rate Per 100k,1,HHS Region,0.12
202332,2022-23,Influenza Hospital Admissions,1,HHS Region,18.0
202332,2022-23,Influenza Hospitalization (Avg 7 Day),1,HHS Region,10.57
202332,2022-23,Average patients with influenza in ICU,1,HHS Region,3.57
202332,2022-23,Influenza Hospital Admissions Rate Per 100k,2,HHS Region,0.2
202332,2022-23,Influenza Hospital Admissions,2,HHS Region,63.0
202332,2022-23,Influenza Hospitalization (Avg 7 Day),2,HHS Region,52.43
202332,2022-23,Average patients with influenza in ICU,2,HHS Region,6.29
202332,2022-23,Influenza Hospital Admissions Rate Per 100k,3,HHS Region,0.25
202332,2022-23,Influenza Hospital Admissions,3,HHS Region,76.0
202332,2022-23,Influenza Hospitalization (Avg 7 Day),3,HHS Region,44.14
202332,2022-23,Average patients with influenza in ICU,3,HHS Region,4.43
202332,2022-23,Influenza Hospital Admissions Rate Per 100k,4,HHS Region,0.37
202240,2022-23,Influenza Hospital Admissions Rate Per 100k,1,HHS Region,0.07
202240,2022-23,Influenza Hospital Admissions,1,HHS Region,11.0
202240,2022-23,Influenza Hospitalization (Avg 7 Day),1,HHS Region,7.43
202240,2022-23,Average patients with influenza in ICU,1,HHS Region,1.0
202240,2022-23,Influenza Hospital Admissions Rate Per 100k,2,HHS Region,0.3
202240,2022-23,Influenza Hospital Admissions,2,HHS Region,96.0
202240,2022-23,Influenza Hospitalization (Avg 7 Day),2,HHS Region,78.71
202240,2022-23,Average patients with influenza in ICU,2,HHS Region,5.57
202240,2022-23,Influenza Hospital Admissions Rate Per 100k,3,HHS Region,0.42
202240,2022-23,Influenza Hospital Admissions,3,HHS Region,130.0
202240,2022-23,Influenza Hospitalization (Avg 7 Day),3,HHS Region,67.0
202240,2022-23,Average patients with influenza in ICU,3,HHS Region,4.71
202240,2022-23,Influenza Hospital Admissions Rate Per 100k,4,HHS Region,0.59
202240,2022-23,Influenza Hospital Admissions,4,HHS Region,397.0
202240,2022-23,Influenza Hospitalization (Avg 7 Day),4,HHS Region,262.86
202240,2022-23,Average patients with influenza in ICU,4,HHS Region,60.29
202240,2022-23,Influenza Hospital Admissions Rate Per 100k,5,HHS Region,0.19
202240,2022-23,Influenza Hospital Admissions,5,HHS Region,100.0
202240,2022-23,Influenza Hospitalization (Avg 7 Day),5,HHS Region,537.57
202240,2022-23,Average patients with influenza in ICU,5,HHS Region,68.29
202240,2022-23,Influenza Hospital Admissions Rate Per 100k,6,HHS Region,0.75
202240,2022-23,Influenza Hospital Admissions,6,HHS Region,319.0
202240,2022-23,Influenza Hospitalization (Avg 7 Day),6,HHS Region,148.57
202240,2022-23,Average patients with influenza in ICU,6,HHS Region,24.43
202240,2022-23,Influenza Hospital Admissions Rate Per 100k,7,HHS Region,0.28
202240,2022-23,Influenza Hospital Admissions,7,HHS Region,39.0
202240,2022-23,Influenza Hospitalization (Avg 7 Day),7,HHS Region,41.57
202240,2022-23,Average patients with influenza in ICU,7,HHS Region,4.71
202250,2022-23,Influenza Hospital Admissions,10,HHS Region,1742.0
202250,2022-23,Influenza Hospitalization (Avg 7 Day),10,HHS Region,904.14
202250,2022-23,Average patients with influenza in ICU,10,HHS Region,103.57
202251,2022-23,Influenza Hospital Admissions Rate Per 100k,1,HHS Region,9.96
202251,2022-23,Influenza Hospital Admissions,1,HHS Region,1479.0
202251,2022-23,Influenza Hospitalization (Avg 7 Day),1,HHS Region,1142.0
202251,2022-23,Average patients with influenza in ICU,1,HHS Region,119.29
202251,2022-23,Influenza Hospital Admissions Rate Per 100k,2,HHS Region,6.77
202251,2022-23,Influenza Hospital Admissions,2,HHS Region,2137.0
202251,2022-23,Influenza Hospitalization (Avg 7 Day),2,HHS Region,1549.57
202251,2022-23,Average patients with influenza in ICU,2,HHS Region,218.86
202251,2022-23,Influenza Hospital Admissions Rate Per 100k,3,HHS Region,5.57
202251,2022-23,Influenza Hospital Admissions,3,HHS Region,1718.0
202251,2022-23,Influenza Hospitalization (Avg 7 Day),3,HHS Region,1272.29
202251,2022-23,Average patients with influenza in ICU,3,HHS Region,193.0
202251,2022-23,Influenza Hospital Admissions Rate Per 100k,4,HHS Region,3.49
202251,2022-23,Influenza Hospital Admissions,4,HHS Region,2333.0
202251,2022-23,Influenza Hospitalization (Avg 7 Day),4,HHS Region,1703.57
202251,2022-23,Average patients with influenza in ICU,4,HHS Region,277.29
202251,2022-23,Influenza Hospital Admissions Rate Per 100k,5,HHS Region,7.1
202251,2022-23,Influenza Hospital Admissions,5,HHS Region,3732.0
202251,2022-23,Influenza Hospitalization (Avg 7 Day),5,HHS Region,2707.86
202251,2022-23,Average patients with influenza in ICU,5,HHS Region,410.14
202251,2022-23,Influenza Hospital Admissions Rate Per 100k,6,HHS Region,6.15
202251,2022-23,Influenza Hospital Admissions,6,HHS Region,2626.0
202251,2022-23,Influenza Hospitalization (Avg 7 Day),6,HHS Region,1279.71
202251,2022-23,Average patients with influenza in ICU,6,HHS Region,256.86
202251,2022-23,Influenza Hospital Admissions Rate Per 100k,7,HHS Region,8.54
202251,2022-23,Influenza Hospital Admissions,7,HHS Region,1208.0
202251,2022-23,Influenza Hospitalization (Avg 7 Day),7,HHS Region,907.14
202251,2022-23,Average patients with influenza in ICU,7,HHS Region,156.57
202251,2022-23,Influenza Hospital Admissions Rate Per 100k,8,HHS Region,5.43
202251,2022-23,Influenza Hospital Admissions,8,HHS Region,666.0
202251,2022-23,Influenza Hospitalization (Avg 7 Day),8,HHS Region,388.71
202251,2022-23,Average patients with influenza in ICU,8,HHS Region,49.0
202251,2022-23,Influenza Hospital Admissions Rate Per 100k,9,HHS Region,4.7
202251,2022-23,Influenza Hospital Admissions,9,HHS Region,2412.0
202251,2022-23,Influenza Hospitalization (Avg 7 Day),9,HHS Region,1767.57
202251,2022-23,Average patients with influenza in ICU,9,HHS Region,274.57
202251,2022-23,Influenza Hospital Admissions Rate Per 100k,10,HHS Region,7.51
202251,2022-23,Influenza Hospital Admissions,10,HHS Region,1079.0
202251,2022-23,Influenza Hospitalization (Avg 7 Day),10,HHS Region,762.0
202251,2022-23,Average patients with influenza in ICU,10,HHS Region,98.43
202252,2022-23,Influenza Hospital Admissions Rate Per 100k,1,HHS Region,9.9
202252,2022-23,Influenza Hospital Admissions,1,HHS Region,1469.0
202252,2022-23,Influenza Hospitalization (Avg 7 Day),1,HHS Region,1213.86
202252,2022-23,Average patients with influenza in ICU,1,HHS Region,138.57
202252,2022-23,Influenza Hospital Admissions Rate Per 100k,2,HHS Region,5.87
202252,2022-23,Influenza Hospital Admissions,2,HHS Region,1852.0
202252,2022-23,Influenza Hospitalization (Avg 7 Day),2,HHS Region,1509.57
202252,2022-23,Average patients with influenza in ICU,2,HHS Region,206.14
202252,2022-23,Influenza Hospital Admissions Rate Per 100k,3,HHS Region,5.86
202252,2022-23,Influenza Hospital Admissions,3,HHS Region,1808.0
202252,2022-23,Influenza Hospitalization (Avg 7 Day),3,HHS Region,1262.71
202252,2022-23,Average patients with influenza in ICU,3,HHS Region,167.71
202309,2022-23,Influenza Hospital Admissions,1,HHS Region,33.0
202309,2022-23,Influenza Hospitalization (Avg 7 Day),1,HHS Region,39.14
202309,2022-23,Average patients with influenza in ICU,1,HHS Region,4.43
202309,2022-23,Influenza Hospital Admissions Rate Per 100k,2,HHS Region,0.31
202309,2022-23,Influenza Hospital Admissions,2,HHS Region,97.0
202309,2022-23,Influenza Hospitalization (Avg 7 Day),2,HHS Region,130.29
202309,2022-23,Average patients with influenza in ICU,2,HHS Region,17.71
202309,2022-23,Influenza Hospital Admissions Rate Per 100k,3,HHS Region,0.83
202309,2022-23,Influenza Hospital Admissions,3,HHS Region,257.0
202309,2022-23,Influenza Hospitalization (Avg 7 Day),3,HHS Region,133.43
202309,2022-23,Average patients with influenza in ICU,3,HHS Region,24.14
202309,2022-23,Influenza Hospital Admissions Rate Per 100k,4,HHS Region,0.59
202309,2022-23,Influenza Hospital Admissions,4,HHS Region,397.0
202309,2022-23,Influenza Hospitalization (Avg 7 Day),4,HHS Region,395.57
202309,2022-23,Average patients with influenza in ICU,4,HHS Region,103.0
202309,2022-23,Influenza Hospital Admissions Rate Per 100k,5,HHS Region,0.3
202309,2022-23,Influenza Hospital Admissions,5,HHS Region,158.0
202309,2022-23,Influenza Hospitalization (Avg 7 Day),5,HHS Region,132.14
202309,2022-23,Average patients with influenza in ICU,5,HHS Region,19.86
202309,2022-23,Influenza Hospital Admissions Rate Per 100k,6,HHS Region,0.62
202309,2022-23,Influenza Hospital Admissions,6,HHS Region,266.0
202309,2022-23,Influenza Hospitalization (Avg 7 Day),6,HHS Region,175.71
202309,2022-23,Average patients with influenza in ICU,6,HHS Region,26.57
202309,2022-23,Influenza Hospital Admissions Rate Per 100k,7,HHS Region,0.38
202309,2022-23,Influenza Hospital Admissions,7,HHS Region,54.0
202309,2022-23,Influenza Hospitalization (Avg 7 Day),7,HHS Region,39.14
202309,2022-23,Average patients with influenza in ICU,7,HHS Region,4.0
202309,2022-23,Influenza Hospital Admissions Rate Per 100k,8,HHS Region,0.33
202309,2022-23,Influenza Hospital Admissions,8,HHS Region,41.0
202309,2022-23,Influenza Hospitalization (Avg 7 Day),8,HHS Region,35.14
202309,2022-23,Average patients with influenza in ICU,8,HHS Region,3.71
202309,2022-23,Influenza Hospital Admissions Rate Per 100k,9,HHS Region,0.23
202309,2022-23,Influenza Hospital Admissions,9,HHS Region,116.0
202309,2022-23,Influenza Hospitalization (Avg 7 Day),9,HHS Region,127.43
202309,2022-23,Average patients with influenza in ICU,9,HHS Region,17.71
202309,2022-23,Influenza Hospital Admissions Rate Per 100k,10,HHS Region,0.46
202309,2022-23,Influenza Hospital Admissions,10,HHS Region,66.0
202309,2022-23,Influenza Hospitalization (Avg 7 Day),10,HHS Region,57.57
202309,2022-23,Average patients with influenza in ICU,10,HHS Region,6.0
202310,2022-23,Influenza Hospital Admissions Rate Per 100k,1,HHS Region,0.31
202310,2022-23,Influenza Hospital Admissions,1,HHS Region,46.0
202310,2022-23,Influenza Hospitalization (Avg 7 Day),1,HHS Region,35.43
202310,2022-23,Average patients with influenza in ICU,1,HHS Region,5.43
202310,2022-23,Influenza Hospital Admissions Rate Per 100k,2,HHS Region,0.29
202310,2022-23,Influenza Hospital Admissions,2,HHS Region,90.0
202310,2022-23,Influenza Hospitalization (Avg 7 Day),2,HHS Region,100.14
202310,2022-23,Average patients with influenza in ICU,2,HHS Region,11.71
202310,2022-23,Influenza Hospital Admissions Rate Per 100k,3,HHS Region,0.77
202310,2022-23,Influenza Hospital Admissions,3,HHS Region,239.0
202310,2022-23,Influenza Hospitalization (Avg 7 Day),3,HHS Region,128.29
202310,2022-23,Average patients with influenza in ICU,3,HHS Region,23.86
202310,2022-23,Influenza Hospital Admissions Rate Per 100k,4,HHS Region,0.56
202310,2022-23,Influenza Hospital Admissions,4,HHS Region,377.0
202310,2022-23,Influenza Hospitalization (Avg 7 Day),4,HHS Region,369.29
202310,2022-23,Average patients with influenza in ICU,4,HHS Region,110.43
202310,2022-23,Influenza Hospital Admissions Rate Per 100k,5,HHS Region,0.24
202310,2022-23,Influenza Hospital Admissions,5,HHS Region,125.0
202310,2022-23,Influenza Hospitalization (Avg 7 Day),5,HHS Region,113.14
202310,2022-23,Average patients with influenza in ICU,5,HHS Region,14.14
202320,2022-23,Influenza Hospital Admissions,8,HHS Region,22.0
202320,2022-23,Influenza Hospitalization (Avg 7 Day),8,HHS Region,19.71
202320,2022-23,Average patients with influenza in ICU,8,HHS Region,1.0
202320,2022-23,Influenza Hospital Admissions Rate Per 100k,9,HHS Region,0.17
202320,2022-23,Influenza Hospital Admissions,9,HHS Region,85.0
202320,2022-23,Influenza Hospitalization (Avg 7 Day),9,HHS Region,67.86
202320,2022-23,Average patients with influenza in ICU,9,HHS Region,9.57
202320,2022-23,Influenza Hospital Admissions Rate Per 100k,10,HHS Region,0.11
202320,2022-23,Influenza Hospital Admissions,10,HHS Region,16.0
202320,2022-23,Influenza Hospitalization (Avg 7 Day),10,HHS Region,19.14
202320,2022-23,Average patients with influenza in ICU,10,HHS Region,0.57
202321,2022-23,Influenza Hospital Admissions Rate Per 100k,1,HHS Region,0.21
202321,2022-23,Influenza Hospital Admissions,1,HHS Region,31.0
202321,2022-23,Influenza Hospitalization (Avg 7 Day),1,HHS Region,23.71
202321,2022-23,Average patients with influenza in ICU,1,HHS Region,1.71
202321,2022-23,Influenza Hospital Admissions Rate Per 100k,2,HHS Region,0.43
202321,2022-23,Influenza Hospital Admissions,2,HHS Region,137.0
202321,2022-23,Influenza Hospitalization (Avg 7 Day),2,HHS Region,99.86
202321,2022-23,Average patients with influenza in ICU,2,HHS Region,10.0
202321,2022-23,Influenza Hospital Admissions Rate Per 100k,3,HHS Region,0.41
202321,2022-23,Influenza Hospital Admissions,3,HHS Region,128.0
202321,2022-23,Influenza Hospitalization (Avg 7 Day),3,HHS Region,65.0
202321,2022-23,Average patients with influenza in ICU,3,HHS Region,9.0
202321,2022-23,Influenza Hospital Admissions Rate Per 100k,4,HHS Region,0.4
202321,2022-23,Influenza Hospital Admissions,4,HHS Region,269.0
202321,2022-23,Influenza Hospitalization (Avg 7 Day),4,HHS Region,278.29
202321,2022-23,Average patients with influenza in ICU,4,HHS Region,103.0
202321,2022-23,Influenza Hospital Admissions Rate Per 100k,5,HHS Region,0.15
202321,2022-23,Influenza Hospital Admissions,5,HHS Region,81.0
202321,2022-23,Influenza Hospitalization (Avg 7 Day),5,HHS Region,69.86
202321,2022-23,Average patients with influenza in ICU,5,HHS Region,8.43
202321,2022-23,Influenza Hospital Admissions Rate Per 100k,6,HHS Region,0.29
202321,2022-23,Influenza Hospital Admissions,6,HHS Region,126.0
202321,2022-23,Influenza Hospitalization (Avg 7 Day),6,HHS Region,83.14
202321,2022-23,Average patients with influenza in ICU,6,HHS Region,16.29
202321,2022-23,Influenza Hospital Admissions Rate Per 100k,7,HHS Region,0.16
202321,2022-23,Influenza Hospital Admissions,7,HHS Region,22.0
202321,2022-23,Influenza Hospitalization (Avg 7 Day),7,HHS Region,19.71
202321,2022-23,Average patients with influenza in ICU,7,HHS Region,3.43
202321,2022-23,Influenza Hospital Admissions Rate Per 100k,8,HHS Region,0.2
202321,2022-23,Influenza Hospital Admissions,8,HHS Region,24.0
202321,2022-23,Influenza Hospitalization (Avg 7 Day),8,HHS Region,22.14
202321,2022-23,Average patients with influenza in ICU,8,HHS Region,1.57
202321,2022-23,Influenza Hospital Admissions Rate Per 100k,9,HHS Region,0.19
202321,2022-23,Influenza Hospital Admissions,9,HHS Region,95.0
202321,2022-23,Influenza Hospitalization (Avg 7 Day),9,HHS Region,74.29
202321,2022-23,Average patients with influenza in ICU,9,HHS Region,11.43
202321,2022-23,Influenza Hospital Admissions Rate Per 100k,10,HHS Region,0.14
202321,2022-23,Influenza Hospital Admissions,10,HHS Region,20.0
202321,2022-23,Influenza Hospitalization (Avg 7 Day),10,HHS Region,20.29
202321,2022-23,Average patients with influenza in ICU,10,HHS Region,1.29
202322,2022-23,Influenza Hospital Admissions Rate Per 100k,1,HHS Region,0.12
202322,2022-23,Influenza Hospital Admissions,1,HHS Region,18.0
202322,2022-23,Influenza Hospitalization (Avg 7 Day),1,HHS Region,24.57
202322,2022-23,Average patients with influenza in ICU,1,HHS Region,3.57
202332,2022-23,Influenza Hospital Admissions,4,HHS Region,249.0
202332,2022-23,Influenza Hospitalization (Avg 7 Day),4,HHS Region,260.43
202332,2022-23,Average patients with influenza in ICU,4,HHS Region,94.0
202332,2022-23,Influenza Hospital Admissions Rate Per 100k,5,HHS Region,0.09
202332,2022-23,Influenza Hospital Admissions,5,HHS Region,48.0
202332,2022-23,Influenza Hospitalization (Avg 7 Day),5,HHS Region,77.0
202332,2022-23,Average patients with influenza in ICU,5,HHS Region,6.14
202332,2022-23,Influenza Hospital Admissions Rate Per 100k,6,HHS Region,0.35
202332,2022-23,Influenza Hospital Admissions,6,HHS Region,148.0
202332,2022-23,Influenza Hospitalization (Avg 7 Day),6,HHS Region,76.0
202332,2022-23,Average patients with influenza in ICU,6,HHS Region,12.14
202332,2022-23,Influenza Hospital Admissions Rate Per 100k,7,HHS Region,0.08
202332,2022-23,Influenza Hospital Admissions,7,HHS Region,12.0
202332,2022-23,Influenza Hospitalization (Avg 7 Day),7,HHS Region,10.0
202332,2022-23,Average patients with influenza in ICU,7,HHS Region,2.14
202332,2022-23,Influenza Hospital Admissions Rate Per 100k,8,HHS Region,0.04
202332,2022-23,Influenza Hospital Admissions,8,HHS Region,5.0
202332,2022-23,Influenza Hospitalization (Avg 7 Day),8,HHS Region,6.29
202332,2022-23,Average patients with influenza in ICU,8,HHS Region,0.29
202332,2022-23,Influenza Hospital Admissions Rate Per 100k,9,HHS Region,0.11
202332,2022-23,Influenza Hospital Admissions,9,HHS Region,55.0
202332,2022-23,Influenza Hospitalization (Avg 7 Day),9,HHS Region,53.86
202332,2022-23,Average patients with influenza in ICU,9,HHS Region,8.57
202332,2022-23,Influenza Hospital Admissions Rate Per 100k,10,HHS Region,0.17
202332,2022-23,Influenza Hospital Admissions,10,HHS Region,25.0
202332,2022-23,Influenza Hospitalization (Avg 7 Day),10,HHS Region,22.29
202332,2022-23,Average patients with influenza in ICU,10,HHS Region,0.57
202333,2022-23,Influenza Hospital Admissions Rate Per 100k,1,HHS Region,0.08
202333,2022-23,Influenza Hospital Admissions,1,HHS Region,12.0
202333,2022-23,Influenza Hospitalization (Avg 7 Day),1,HHS Region,9.57
202333,2022-23,Average patients with influenza in ICU,1,HHS Region,2.0
202333,2022-23,Influenza Hospital Admissions Rate Per 100k,2,HHS Region,0.17
202333,2022-23,Influenza Hospital Admissions,2,HHS Region,55.0
202333,2022-23,Influenza Hospitalization (Avg 7 Day),2,HHS Region,52.57
202333,2022-23,Average patients with influenza in ICU,2,HHS Region,4.71
202333,2022-23,Influenza Hospital Admissions Rate Per 100k,3,HHS Region,0.29
202333,2022-23,Influenza Hospital Admissions,3,HHS Region,89.0
202333,2022-23,Influenza Hospitalization (Avg 7 Day),3,HHS Region,58.86
202333,2022-23,Average patients with influenza in ICU,3,HHS Region,6.57
202333,2022-23,Influenza Hospital Admissions Rate Per 100k,4,HHS Region,0.42
202333,2022-23,Influenza Hospital Admissions,4,HHS Region,280.0
202333,2022-23,Influenza Hospitalization (Avg 7 Day),4,HHS Region,283.43
202333,2022-23,Average patients with influenza in ICU,4,HHS Region,96.29
202333,2022-23,Influenza Hospital Admissions Rate Per 100k,5,HHS Region,0.07
202333,2022-23,Influenza Hospital Admissions,5,HHS Region,39.0
202333,2022-23,Influenza Hospitalization (Avg 7 Day),5,HHS Region,65.43
202333,2022-23,Average patients with influenza in ICU,5,HHS Region,6.14
202333,2022-23,Influenza Hospital Admissions Rate Per 100k,6,HHS Region,0.38
202333,2022-23,Influenza Hospital Admissions,6,HHS Region,164.0
202333,2022-23,Influenza Hospitalization (Avg 7 Day),6,HHS Region,84.29
202333,2022-23,Average patients with influenza in ICU,6,HHS Region,15.29
202333,2022-23,Influenza Hospital Admissions Rate Per 100k,7,HHS Region,0.11
202333,2022-23,Influenza Hospital Admissions,7,HHS Region,15.0
202333,2022-23,Influenza Hospitalization (Avg 7 Day),7,HHS Region,11.29
202333,2022-23,Average patients with influenza in ICU,7,HHS Region,1.86
202333,2022-23,Influenza Hospital Admissions Rate Per 100k,8,HHS Region,0.02
202333,2022-23,Influenza Hospital Admissions,8,HHS Region,3.0
202333,2022-23,Influenza Hospitalization (Avg 7 Day),8,HHS Region,3.57
202333,2022-23,Average patients with influenza in ICU,8,HHS Region,0.0
202240,2022-23,Influenza Hospital Admissions Rate Per 100k,8,HHS Region,0.11
202252,2022-23,Influenza Hospital Admissions Rate Per 100k,4,HHS Region,3.9
202310,2022-23,Influenza Hospital Admissions Rate Per 100k,6,HHS Region,0.52
202322,2022-23,Influenza Hospital Admissions Rate Per 100k,2,HHS Region,0.41
202333,2022-23,Influenza Hospital Admissions Rate Per 100k,9,HHS Region,0.09
202241,2022-23,Influenza Hospital Admissions Rate Per 100k,3,HHS Region,0.55
202251,2022-23,Average patients with influenza in ICU,4,HHS Region,277.29
202305,2022-23,Average patients with influenza in ICU,1,HHS Region,16.57
202310,2022-23,Influenza Hospital Admissions,10,HHS Region,59.0
202316,2022-23,Average patients with influenza in ICU,7,HHS Region,3.0
202326,2022-23,Influenza Hospitalization (Avg 7 Day),7,HHS Region,11.86
202332,2022-23,Average patients with influenza in ICU,4,HHS Region,94.0
202333,2022-23,Influenza Hospitalization (Avg 7 Day),8,HHS Region,3.57
202335,2022-23,Influenza Hospital Admissions,2,HHS Region,106.0
202336,2022-23,Influenza Hospital Admissions Rate Per 100k,3,HHS Region,0.29
202337,2022-23,Influenza Hospital Admissions Rate Per 100k,8,HHS Region,0.05
202338,2022-23,Influenza Hospital Admissions,10,HHS Region,18.0
202310,2022-23,Influenza Hospitalization (Avg 7 Day),10,HHS Region,53.14
202310,2022-23,Average patients with influenza in ICU,10,HHS Region,5.0
202311,2022-23,Influenza Hospital Admissions Rate Per 100k,1,HHS Region,0.32
202311,2022-23,Influenza Hospital Admissions,1,HHS Region,48.0
202311,2022-23,Influenza Hospitalization (Avg 7 Day),1,HHS Region,41.71
202311,2022-23,Average patients with influenza in ICU,1,HHS Region,6.14
202311,2022-23,Influenza Hospital Admissions Rate Per 100k,2,HHS Region,0.31
202311,2022-23,Influenza Hospital Admissions,2,HHS Region,97.0
202311,2022-23,Influenza Hospitalization (Avg 7 Day),2,HHS Region,105.0
202311,2022-23,Average patients with influenza in ICU,2,HHS Region,13.57
202311,2022-23,Influenza Hospital Admissions Rate Per 100k,3,HHS Region,0.79
202311,2022-23,Influenza Hospital Admissions,3,HHS Region,243.0
202311,2022-23,Influenza Hospitalization (Avg 7 Day),3,HHS Region,133.57
202311,2022-23,Average patients with influenza in ICU,3,HHS Region,19.14
202311,2022-23,Influenza Hospital Admissions Rate Per 100k,4,HHS Region,0.62
202311,2022-23,Influenza Hospital Admissions,4,HHS Region,416.0
202311,2022-23,Influenza Hospitalization (Avg 7 Day),4,HHS Region,364.0
202311,2022-23,Average patients with influenza in ICU,4,HHS Region,104.29
202311,2022-23,Influenza Hospital Admissions Rate Per 100k,5,HHS Region,0.24
202311,2022-23,Influenza Hospital Admissions,5,HHS Region,126.0
202311,2022-23,Influenza Hospitalization (Avg 7 Day),5,HHS Region,100.57
202311,2022-23,Average patients with influenza in ICU,5,HHS Region,14.29
202311,2022-23,Influenza Hospital Admissions Rate Per 100k,6,HHS Region,0.52
202311,2022-23,Influenza Hospital Admissions,6,HHS Region,221.0
202311,2022-23,Influenza Hospitalization (Avg 7 Day),6,HHS Region,125.14
202311,2022-23,Average patients with influenza in ICU,6,HHS Region,20.29
202311,2022-23,Influenza Hospital Admissions Rate Per 100k,7,HHS Region,0.35
202311,2022-23,Influenza Hospital Admissions,7,HHS Region,49.0
202311,2022-23,Influenza Hospitalization (Avg 7 Day),7,HHS Region,33.57
202311,2022-23,Average patients with influenza in ICU,7,HHS Region,5.14
202311,2022-23,Influenza Hospital Admissions Rate Per 100k,8,HHS Region,0.36
202311,2022-23,Influenza Hospital Admissions,8,HHS Region,44.0
202311,2022-23,Influenza Hospitalization (Avg 7 Day),8,HHS Region,37.0
202311,2022-23,Average patients with influenza in ICU,8,HHS Region,2.86
202311,2022-23,Influenza Hospital Admissions Rate Per 100k,9,HHS Region,0.25
202311,2022-23,Influenza Hospital Admissions,9,HHS Region,127.0
202311,2022-23,Influenza Hospitalization (Avg 7 Day),9,HHS Region,109.43
202311,2022-23,Average patients with influenza in ICU,9,HHS Region,11.43
202311,2022-23,Influenza Hospital Admissions Rate Per 100k,10,HHS Region,0.3
202311,2022-23,Influenza Hospital Admissions,10,HHS Region,43.0
202311,2022-23,Influenza Hospitalization (Avg 7 Day),10,HHS Region,39.43
202311,2022-23,Average patients with influenza in ICU,10,HHS Region,3.86
202312,2022-23,Influenza Hospital Admissions Rate Per 100k,1,HHS Region,0.32
202312,2022-23,Influenza Hospital Admissions,1,HHS Region,48.0
202312,2022-23,Influenza Hospitalization (Avg 7 Day),1,HHS Region,37.14
202312,2022-23,Average patients with influenza in ICU,1,HHS Region,3.0
202312,2022-23,Influenza Hospital Admissions Rate Per 100k,2,HHS Region,0.43
202312,2022-23,Influenza Hospital Admissions,2,HHS Region,135.0
202312,2022-23,Influenza Hospitalization (Avg 7 Day),2,HHS Region,95.86
202312,2022-23,Average patients with influenza in ICU,2,HHS Region,14.0
202312,2022-23,Influenza Hospital Admissions Rate Per 100k,3,HHS Region,0.8
202312,2022-23,Influenza Hospital Admissions,3,HHS Region,246.0
202312,2022-23,Influenza Hospitalization (Avg 7 Day),3,HHS Region,129.29
202312,2022-23,Average patients with influenza in ICU,3,HHS Region,23.29
202312,2022-23,Influenza Hospital Admissions Rate Per 100k,4,HHS Region,0.52
202316,2022-23,Influenza Hospital Admissions Rate Per 100k,8,HHS Region,0.22
202316,2022-23,Influenza Hospital Admissions,8,HHS Region,27.0
202316,2022-23,Influenza Hospitalization (Avg 7 Day),8,HHS Region,21.29
202316,2022-23,Average patients with influenza in ICU,8,HHS Region,0.71
202316,2022-23,Influenza Hospital Admissions Rate Per 100k,9,HHS Region,0.15
202316,2022-23,Influenza Hospital Admissions,9,HHS Region,76.0
202316,2022-23,Influenza Hospitalization (Avg 7 Day),9,HHS Region,82.86
202316,2022-23,Average patients with influenza in ICU,9,HHS Region,14.0
202316,2022-23,Influenza Hospital Admissions Rate Per 100k,10,HHS Region,0.15
202316,2022-23,Influenza Hospital Admissions,10,HHS Region,22.0
202316,2022-23,Influenza Hospitalization (Avg 7 Day),10,HHS Region,25.86
202316,2022-23,Average patients with influenza in ICU,10,HHS Region,2.0
202317,2022-23,Influenza Hospital Admissions Rate Per 100k,1,HHS Region,0.15
202317,2022-23,Influenza Hospital Admissions,1,HHS Region,23.0
202317,2022-23,Influenza Hospitalization (Avg 7 Day),1,HHS Region,19.71
202317,2022-23,Average patients with influenza in ICU,1,HHS Region,0.86
202317,2022-23,Influenza Hospital Admissions Rate Per 100k,2,HHS Region,0.27
202317,2022-23,Influenza Hospital Admissions,2,HHS Region,85.0
202317,2022-23,Influenza Hospitalization (Avg 7 Day),2,HHS Region,72.29
202317,2022-23,Average patients with influenza in ICU,2,HHS Region,10.0
202317,2022-23,Influenza Hospital Admissions Rate Per 100k,3,HHS Region,0.41
202317,2022-23,Influenza Hospital Admissions,3,HHS Region,128.0
202317,2022-23,Influenza Hospitalization (Avg 7 Day),3,HHS Region,81.29
202317,2022-23,Average patients with influenza in ICU,3,HHS Region,16.0
202317,2022-23,Influenza Hospital Admissions Rate Per 100k,4,HHS Region,0.4
202317,2022-23,Influenza Hospital Admissions,4,HHS Region,267.0
202317,2022-23,Influenza Hospitalization (Avg 7 Day),4,HHS Region,285.0
202317,2022-23,Average patients with influenza in ICU,4,HHS Region,98.86
202317,2022-23,Influenza Hospital Admissions Rate Per 100k,5,HHS Region,0.14
202317,2022-23,Influenza Hospital Admissions,5,HHS Region,75.0
202317,2022-23,Influenza Hospitalization (Avg 7 Day),5,HHS Region,68.43
202317,2022-23,Average patients with influenza in ICU,5,HHS Region,10.86
202317,2022-23,Influenza Hospital Admissions Rate Per 100k,6,HHS Region,0.38
202317,2022-23,Influenza Hospital Admissions,6,HHS Region,163.0
202317,2022-23,Influenza Hospitalization (Avg 7 Day),6,HHS Region,95.43
202317,2022-23,Average patients with influenza in ICU,6,HHS Region,14.86
202317,2022-23,Influenza Hospital Admissions Rate Per 100k,7,HHS Region,0.31
202317,2022-23,Influenza Hospital Admissions,7,HHS Region,44.0
202317,2022-23,Influenza Hospitalization (Avg 7 Day),7,HHS Region,25.86
202317,2022-23,Average patients with influenza in ICU,7,HHS Region,1.71
202317,2022-23,Influenza Hospital Admissions Rate Per 100k,8,HHS Region,0.15
202317,2022-23,Influenza Hospital Admissions,8,HHS Region,19.0
202317,2022-23,Influenza Hospitalization (Avg 7 Day),8,HHS Region,15.14
202317,2022-23,Average patients with influenza in ICU,8,HHS Region,1.14
202317,2022-23,Influenza Hospital Admissions Rate Per 100k,9,HHS Region,0.14
202317,2022-23,Influenza Hospital Admissions,9,HHS Region,71.0
202317,2022-23,Influenza Hospitalization (Avg 7 Day),9,HHS Region,70.43
202317,2022-23,Average patients with influenza in ICU,9,HHS Region,13.14
202317,2022-23,Influenza Hospital Admissions Rate Per 100k,10,HHS Region,0.18
202317,2022-23,Influenza Hospital Admissions,10,HHS Region,26.0
202317,2022-23,Influenza Hospitalization (Avg 7 Day),10,HHS Region,21.14
202317,2022-23,Average patients with influenza in ICU,10,HHS Region,0.71
202318,2022-23,Influenza Hospital Admissions Rate Per 100k,1,HHS Region,0.15
202318,2022-23,Influenza Hospital Admissions,1,HHS Region,22.0
202318,2022-23,Influenza Hospitalization (Avg 7 Day),1,HHS Region,16.43
202321,2022-23,Influenza Hospital Admissions Rate Per 100k,1,HHS Region,0.21
202321,2022-23,Influenza Hospital Admissions,1,HHS Region,31.0
202321,2022-23,Influenza Hospitalization (Avg 7 Day),1,HHS Region,23.71
202321,2022-23,Average patients with influenza in ICU,1,HHS Region,1.71
202321,2022-23,Influenza Hospital Admissions Rate Per 100k,2,HHS Region,0.43
202321,2022-23,Influenza Hospital Admissions,2,HHS Region,137.0
202321,2022-23,Influenza Hospitalization (Avg 7 Day),2,HHS Region,99.86
202321,2022-23,Average patients with influenza in ICU,2,HHS Region,10.0
202321,2022-23,Influenza Hospital Admissions Rate Per 100k,3,HHS Region,0.41
202321,2022-23,Influenza Hospital Admissions,3,HHS Region,128.0
202321,2022-23,Influenza Hospitalization (Avg 7 Day),3,HHS Region,65.0
202321,2022-23,Average patients with influenza in ICU,3,HHS Region,9.0
202321,2022-23,Influenza Hospital Admissions Rate Per 100k,4,HHS Region,0.4
202321,2022-23,Influenza Hospital Admissions,4,HHS Region,269.0
202321,2022-23,Influenza Hospitalization (Avg 7 Day),4,HHS Region,278.29
202321,2022-23,Average patients with influenza in ICU,4,HHS Region,103.0
202321,2022-23,Influenza Hospital Admissions Rate Per 100k,5,HHS Region,0.15
202321,2022-23,Influenza Hospital Admissions,5,HHS Region,81.0
202321,2022-23,Influenza Hospitalization (Avg 7 Day),5,HHS Region,69.86
202321,2022-23,Average patients with influenza in ICU,5,HHS Region,8.43
202321,2022-23,Influenza Hospital Admissions Rate Per 100k,6,HHS Region,0.29
202321,2022-23,Influenza Hospital Admissions,6,HHS Region,126.0
202321,2022-23,Influenza Hospitalization (Avg 7 Day),6,HHS Region,83.14
202321,2022-23,Average patients with influenza in ICU,6,HHS Region,16.29
202321,2022-23,Influenza Hospital Admissions Rate Per 100k,7,HHS Region,0.16
202321,2022-23,Influenza Hospital Admissions,7,HHS Region,22.0
202321,2022-23,Influenza Hospitalization (Avg 7 Day),7,HHS Region,19.71
202321,2022-23,Average patients with influenza in ICU,7,HHS Region,3.43
202321,2022-23,Influenza Hospital Admissions Rate Per 100k,8,HHS Region,0.2
202321,2022-23,Influenza Hospital Admissions,8,HHS Region,24.0
202321,2022-23,Influenza Hospitalization (Avg 7 Day),8,HHS Region,22.14
202321,2022-23,Average patients with influenza in ICU,8,HHS Region,1.57
202321,2022-23,Influenza Hospital Admissions Rate Per 100k,9,HHS Region,0.19
202321,2022-23,Influenza Hospital Admissions,9,HHS Region,95.0
202321,2022-23,Influenza Hospitalization (Avg 7 Day),9,HHS Region,74.29
202321,2022-23,Average patients with influenza in ICU,9,HHS Region,11.43
202321,2022-23,Influenza Hospital Admissions Rate Per 100k,10,HHS Region,0.14
202321,2022-23,Influenza Hospital Admissions,10,HHS Region,20.0
202321,2022-23,Influenza Hospitalization (Avg 7 Day),10,HHS Region,20.29
202321,2022-23,Average patients with influenza in ICU,10,HHS Region,1.29
202322,2022-23,Influenza Hospital Admissions Rate Per 100k,1,HHS Region,0.12
202322,2022-23,Influenza Hospital Admissions,1,HHS Region,18.0
202322,2022-23,Influenza Hospitalization (Avg 7 Day),1,HHS Region,24.57
202322,2022-23,Average patients with influenza in ICU,1,HHS Region,3.57
202322,2022-23,Influenza Hospital Admissions Rate Per 100k,2,HHS Region,0.41
202322,2022-23,Influenza Hospital Admissions,2,HHS Region,128.0
202322,2022-23,Influenza Hospitalization (Avg 7 Day),2,HHS Region,101.0
202322,2022-23,Average patients with influenza in ICU,2,HHS Region,10.57
202322,2022-23,Influenza Hospital Admissions Rate Per 100k,3,HHS Region,0.39
202322,2022-23,Influenza Hospital Admissions,3,HHS Region,121.0
202322,2022-23,Influenza Hospitalization (Avg 7 Day),3,HHS Region,78.57
202322,2022-23,Average patients with influenza in ICU,3,HHS Region,10.43
202322,2022-23,Influenza Hospital Admissions Rate Per 100k,4,HHS Region,0.44
202322,2022-23,Influenza Hospital Admissions,4,HHS Region,294.0
202322,2022-23,Influenza Hospitalization (Avg 7 Day),4,HHS Region,307.0
202322,2022-23,Average patients with influenza in ICU,4,HHS Region,102.14
202322,2022-23,Influenza Hospital Admissions Rate Per 100k,5,HHS Region,0.13
202322,2022-23,Influenza Hospital Admissions,5,HHS Region,69.0
202326,2022-23,Average patients with influenza in ICU,7,HHS Region,2.71
202326,2022-23,Influenza Hospital Admissions Rate Per 100k,8,HHS Region,0.11
202326,2022-23,Influenza Hospital Admissions,8,HHS Region,14.0
202326,2022-23,Influenza Hospitalization (Avg 7 Day),8,HHS Region,12.14
202326,2022-23,Average patients with influenza in ICU,8,HHS Region,0.71
202326,2022-23,Influenza Hospital Admissions Rate Per 100k,9,HHS Region,0.18
202326,2022-23,Influenza Hospital Admissions,9,HHS Region,93.0
202326,2022-23,Influenza Hospitalization (Avg 7 Day),9,HHS Region,75.29
202326,2022-23,Average patients with influenza in ICU,9,HHS Region,8.57
202326,2022-23,Influenza Hospital Admissions Rate Per 100k,10,HHS Region,0.22
202326,2022-23,Influenza Hospital Admissions,10,HHS Region,31.0
202326,2022-23,Influenza Hospitalization (Avg 7 Day),10,HHS Region,25.57
202326,2022-23,Average patients with influenza in ICU,10,HHS Region,4.14
202327,2022-23,Influenza Hospital Admissions Rate Per 100k,1,HHS Region,0.06
202327,2022-23,Influenza Hospital Admissions,1,HHS Region,9.0
202327,2022-23,Influenza Hospitalization (Avg 7 Day),1,HHS Region,15.14
202327,2022-23,Average patients with influenza in ICU,1,HHS Region,1.43
202327,2022-23,Influenza Hospital Admissions Rate Per 100k,2,HHS Region,0.23
202327,2022-23,Influenza Hospital Admissions,2,HHS Region,72.0
202327,2022-23,Influenza Hospitalization (Avg 7 Day),2,HHS Region,60.71
202327,2022-23,Average patients with influenza in ICU,2,HHS Region,5.57
202327,2022-23,Influenza Hospital Admissions Rate Per 100k,3,HHS Region,0.29
202327,2022-23,Influenza Hospital Admissions,3,HHS Region,90.0
202327,2022-23,Influenza Hospitalization (Avg 7 Day),3,HHS Region,59.14
202327,2022-23,Average patients with influenza in ICU,3,HHS Region,8.29
202327,2022-23,Influenza Hospital Admissions Rate Per 100k,4,HHS Region,0.35
202327,2022-23,Influenza Hospital Admissions,4,HHS Region,237.0
202327,2022-23,Influenza Hospitalization (Avg 7 Day),4,HHS Region,268.57
202327,2022-23,Average patients with influenza in ICU,4,HHS Region,96.43
202327,2022-23,Influenza Hospital Admissions Rate Per 100k,5,HHS Region,0.06
202327,2022-23,Influenza Hospital Admissions,5,HHS Region,32.0
202327,2022-23,Influenza Hospitalization (Avg 7 Day),5,HHS Region,108.43
202327,2022-23,Average patients with influenza in ICU,5,HHS Region,5.57
202327,2022-23,Influenza Hospital Admissions Rate Per 100k,6,HHS Region,0.25
202327,2022-23,Influenza Hospital Admissions,6,HHS Region,106.0
202327,2022-23,Influenza Hospitalization (Avg 7 Day),6,HHS Region,64.57
202327,2022-23,Average patients with influenza in ICU,6,HHS Region,12.86
202327,2022-23,Influenza Hospital Admissions Rate Per 100k,7,HHS Region,0.05
202327,2022-23,Influenza Hospital Admissions,7,HHS Region,7.0
202327,2022-23,Influenza Hospitalization (Avg 7 Day),7,HHS Region,11.71
202327,2022-23,Average patients with influenza in ICU,7,HHS Region,1.86
202327,2022-23,Influenza Hospital Admissions Rate Per 100k,8,HHS Region,0.08
202327,2022-23,Influenza Hospital Admissions,8,HHS Region,10.0
202327,2022-23,Influenza Hospitalization (Avg 7 Day),8,HHS Region,9.14
202327,2022-23,Average patients with influenza in ICU,8,HHS Region,0.86
202327,2022-23,Influenza Hospital Admissions Rate Per 100k,9,HHS Region,0.14
202327,2022-23,Influenza Hospital Admissions,9,HHS Region,74.0
202327,2022-23,Influenza Hospitalization (Avg 7 Day),9,HHS Region,73.86
202327,2022-23,Average patients with influenza in ICU,9,HHS Region,14.71
202327,2022-23,Influenza Hospital Admissions Rate Per 100k,10,HHS Region,0.17
202327,2022-23,Influenza Hospital Admissions,10,HHS Region,25.0
202327,2022-23,Influenza Hospitalization (Avg 7 Day),10,HHS Region,28.29
202327,2022-23,Average patients with influenza in ICU,10,HHS Region,3.43
202328,2022-23,Influenza Hospital Admissions Rate Per 100k,1,HHS Region,0.07
202328,2022-23,Influenza Hospital Admissions,1,HHS Region,10.0
202330,2022-23,Average patients with influenza in ICU,9,HHS Region,10.43
202330,2022-23,Influenza Hospital Admissions Rate Per 100k,10,HHS Region,0.16
202330,2022-23,Influenza Hospital Admissions,10,HHS Region,23.0
202330,2022-23,Influenza Hospitalization (Avg 7 Day),10,HHS Region,16.57
202330,2022-23,Average patients with influenza in ICU,10,HHS Region,0.57
202338,2022-23,Influenza Hospitalization (Avg 7 Day),10,HHS Region,20.0
202338,2022-23,Average patients with influenza in ICU,10,HHS Region,1.57
202339,2022-23,Influenza Hospital Admissions Rate Per 100k,1,HHS Region,0.12
202339,2022-23,Influenza Hospital Admissions,1,HHS Region,18.0
202339,2022-23,Influenza Hospitalization (Avg 7 Day),1,HHS Region,21.29
202339,2022-23,Average patients with influenza in ICU,1,HHS Region,3.14
202339,2022-23,Influenza Hospital Admissions Rate Per 100k,2,HHS Region,0.48
202339,2022-23,Influenza Hospital Admissions,2,HHS Region,151.0
202339,2022-23,Influenza Hospitalization (Avg 7 Day),2,HHS Region,103.57
202339,2022-23,Average patients with influenza in ICU,2,HHS Region,7.43
202339,2022-23,Influenza Hospital Admissions Rate Per 100k,3,HHS Region,0.4
202339,2022-23,Influenza Hospital Admissions,3,HHS Region,124.0
202339,2022-23,Influenza Hospitalization (Avg 7 Day),3,HHS Region,68.71
202339,2022-23,Average patients with influenza in ICU,3,HHS Region,12.71
202339,2022-23,Influenza Hospital Admissions Rate Per 100k,4,HHS Region,0.5
202339,2022-23,Influenza Hospital Admissions,4,HHS Region,332.0
202339,2022-23,Influenza Hospitalization (Avg 7 Day),4,HHS Region,322.29
202339,2022-23,Average patients with influenza in ICU,4,HHS Region,98.57
202339,2022-23,Influenza Hospital Admissions Rate Per 100k,5,HHS Region,0.13
202339,2022-23,Influenza Hospital Admissions,5,HHS Region,68.0
202339,2022-23,Influenza Hospitalization (Avg 7 Day),5,HHS Region,72.86
202339,2022-23,Average patients with influenza in ICU,5,HHS Region,10.71
202339,2022-23,Influenza Hospital Admissions Rate Per 100k,6,HHS Region,0.41
202339,2022-23,Influenza Hospital Admissions,6,HHS Region,175.0
202339,2022-23,Influenza Hospitalization (Avg 7 Day),6,HHS Region,101.43
202339,2022-23,Average patients with influenza in ICU,6,HHS Region,13.86
202339,2022-23,Influenza Hospital Admissions Rate Per 100k,7,HHS Region,0.16
202339,2022-23,Influenza Hospital Admissions,7,HHS Region,22.0
202339,2022-23,Influenza Hospitalization (Avg 7 Day),7,HHS Region,15.29
202339,2022-23,Average patients with influenza in ICU,7,HHS Region,1.43
202339,2022-23,Influenza Hospital Admissions Rate Per 100k,8,HHS Region,0.19
202339,2022-23,Influenza Hospital Admissions,8,HHS Region,23.0
202339,2022-23,Influenza Hospitalization (Avg 7 Day),8,HHS Region,15.0
202339,2022-23,Average patients with influenza in ICU,8,HHS Region,1.43
202339,2022-23,Influenza Hospital Admissions Rate Per 100k,9,HHS Region,0.15
202339,2022-23,Influenza Hospital Admissions,9,HHS Region,79.0
202339,2022-23,Influenza Hospitalization (Avg 7 Day),9,HHS Region,71.71
202339,2022-23,Average patients with influenza in ICU,9,HHS Region,8.29
202339,2022-23,Influenza Hospital Admissions Rate Per 100k,10,HHS Region,0.16
202339,2022-23,Influenza Hospital Admissions,10,HHS Region,23.0
202339,2022-23,Influenza Hospitalization (Avg 7 Day),10,HHS Region,16.29
202339,2022-23,Average patients with influenza in ICU,10,HHS Region,2.29
202241,2022-23,Influenza Hospital Admissions,3,HHS Region,170.0
202241,2022-23,Influenza Hospitalization (Avg 7 Day),3,HHS Region,84.0
202241,2022-23,Average patients with influenza in ICU,3,HHS Region,8.43
202241,2022-23,Influenza Hospital Admissions Rate Per 100k,4,HHS Region,0.77
202241,2022-23,Influenza Hospital Admissions,4,HHS Region,516.0
202241,2022-23,Influenza Hospitalization (Avg 7 Day),4,HHS Region,387.86
202241,2022-23,Average patients with influenza in ICU,4,HHS Region,84.14
202241,2022-23,Influenza Hospital Admissions Rate Per 100k,5,HHS Region,0.26
202241,2022-23,Influenza Hospital Admissions,5,HHS Region,134.0
202241,2022-23,Influenza Hospitalization (Avg 7 Day),5,HHS Region,363.0
202241,2022-23,Average patients with influenza in ICU,5,HHS Region,47.57
202241,2022-23,Influenza Hospital Admissions Rate Per 100k,6,HHS Region,1.06
202241,2022-23,Influenza Hospital Admissions,6,HHS Region,452.0
202241,2022-23,Influenza Hospitalization (Avg 7 Day),6,HHS Region,227.43
202241,2022-23,Average patients with influenza in ICU,6,HHS Region,45.57
202241,2022-23,Influenza Hospital Admissions Rate Per 100k,7,HHS Region,0.23
202241,2022-23,Influenza Hospital Admissions,7,HHS Region,32.0
202241,2022-23,Influenza Hospitalization (Avg 7 Day),7,HHS Region,46.86
202241,2022-23,Average patients with influenza in ICU,7,HHS Region,6.43
202241,2022-23,Influenza Hospital Admissions Rate Per 100k,8,HHS Region,0.15
202241,2022-23,Influenza Hospital Admissions,8,HHS Region,19.0
202241,2022-23,Influenza Hospitalization (Avg 7 Day),8,HHS Region,10.43
202241,2022-23,Average patients with influenza in ICU,8,HHS Region,0.43
202241,2022-23,Influenza Hospital Admissions Rate Per 100k,9,HHS Region,0.22
202241,2022-23,Influenza Hospital Admissions,9,HHS Region,114.0
202241,2022-23,Influenza Hospitalization (Avg 7 Day),9,HHS Region,81.86
202241,2022-23,Average patients with influenza in ICU,9,HHS Region,10.43
202241,2022-23,Influenza Hospital Admissions Rate Per 100k,10,HHS Region,0.15
202241,2022-23,Influenza Hospital Admissions,10,HHS Region,21.0
202241,2022-23,Influenza Hospitalization (Avg 7 Day),10,HHS Region,14.86
202241,2022-23,Average patients with influenza in ICU,10,HHS Region,1.14
202242,2022-23,Influenza Hospital Admissions Rate Per 100k,1,HHS Region,0.15
202242,2022-23,Influenza Hospital Admissions,1,HHS Region,23.0
202242,2022-23,Influenza Hospitalization (Avg 7 Day),1,HHS Region,17.29
202242,2022-23,Average patients with influenza in ICU,1,HHS Region,3.14
202242,2022-23,Influenza Hospital Admissions Rate Per 100k,2,HHS Region,0.4
202242,2022-23,Influenza Hospital Admissions,2,HHS Region,127.0
202242,2022-23,Influenza Hospitalization (Avg 7 Day),2,HHS Region,87.14
202242,2022-23,Average patients with influenza in ICU,2,HHS Region,7.43
202242,2022-23,Influenza Hospital Admissions Rate Per 100k,3,HHS Region,0.75
202242,2022-23,Influenza Hospital Admissions,3,HHS Region,232.0
202242,2022-23,Influenza Hospitalization (Avg 7 Day),3,HHS Region,119.71
202242,2022-23,Average patients with influenza in ICU,3,HHS Region,14.43
202242,2022-23,Influenza Hospital Admissions Rate Per 100k,4,HHS Region,1.03
202242,2022-23,Influenza Hospital Admissions,4,HHS Region,690.0
202242,2022-23,Influenza Hospitalization (Avg 7 Day),4,HHS Region,514.14
202242,2022-23,Average patients with influenza in ICU,4,HHS Region,106.0
202242,2022-23,Influenza Hospital Admissions Rate Per 100k,5,HHS Region,0.34
202242,2022-23,Influenza Hospital Admissions,5,HHS Region,177.0
202242,2022-23,Influenza Hospitalization (Avg 7 Day),5,HHS Region,118.86
202242,2022-23,Average patients with influenza in ICU,5,HHS Region,16.71
202242,2022-23,Influenza Hospital Admissions Rate Per 100k,6,HHS Region,1.55
202242,2022-23,Influenza Hospital Admissions,6,HHS Region,663.0
202242,2022-23,Influenza Hospitalization (Avg 7 Day),6,HHS Region,313.29
202242,2022-23,Average patients with influenza in ICU,6,HHS Region,50.86
202242,2022-23,Influenza Hospital Admissions Rate Per 100k,7,HHS Region,0.42
202242,2022-23,Influenza Hospital Admissions,7,HHS Region,60.0
202242,2022-23,Influenza Hospitalization (Avg 7 Day),7,HHS Region,60.86
202242,2022-23,Average patients with influenza in ICU,7,HHS Region,12.0
202247,2022-23,Influenza Hospital Admissions Rate Per 100k,1,HHS Region,2.88
202247,2022-23,Influenza Hospital Admissions,1,HHS Region,427.0
202247,2022-23,Influenza Hospitalization (Avg 7 Day),1,HHS Region,211.14
202247,2022-23,Average patients with influenza in ICU,1,HHS Region,17.57
202247,2022-23,Influenza Hospital Admissions Rate Per 100k,2,HHS Region,4.27
202247,2022-23,Influenza Hospital Admissions,2,HHS Region,1347.0
202247,2022-23,Influenza Hospitalization (Avg 7 Day),2,HHS Region,691.86
202247,2022-23,Average patients with influenza in ICU,2,HHS Region,95.71
202247,2022-23,Influenza Hospital Admissions Rate Per 100k,3,HHS Region,5.5
202247,2022-23,Influenza Hospital Admissions,3,HHS Region,1696.0
202247,2022-23,Influenza Hospitalization (Avg 7 Day),3,HHS Region,904.43
202247,2022-23,Average patients with influenza in ICU,3,HHS Region,135.43
202247,2022-23,Influenza Hospital Admissions Rate Per 100k,4,HHS Region,4.61
202247,2022-23,Influenza Hospital Admissions,4,HHS Region,3082.0
202247,2022-23,Influenza Hospitalization (Avg 7 Day),4,HHS Region,2004.0
202247,2022-23,Average patients with influenza in ICU,4,HHS Region,288.57
202247,2022-23,Influenza Hospital Admissions Rate Per 100k,5,HHS Region,5.2
202247,2022-23,Influenza Hospital Admissions,5,HHS Region,2733.0
202247,2022-23,Influenza Hospitalization (Avg 7 Day),5,HHS Region,1278.0
202247,2022-23,Average patients with influenza in ICU,5,HHS Region,169.71
202247,2022-23,Influenza Hospital Admissions Rate Per 100k,6,HHS Region,6.78
202247,2022-23,Influenza Hospital Admissions,6,HHS Region,2895.0
202247,2022-23,Influenza Hospitalization (Avg 7 Day),6,HHS Region,1187.57
202247,2022-23,Average patients with influenza in ICU,6,HHS Region,192.0
202247,2022-23,Influenza Hospital Admissions Rate Per 100k,7,HHS Region,5.74
202247,2022-23,Influenza Hospital Admissions,7,HHS Region,811.0
202247,2022-23,Influenza Hospitalization (Avg 7 Day),7,HHS Region,396.57
202247,2022-23,Average patients with influenza in ICU,7,HHS Region,59.0
202247,2022-23,Influenza Hospital Admissions Rate Per 100k,8,HHS Region,2.69
202247,2022-23,Influenza Hospital Admissions,8,HHS Region,330.0
202247,2022-23,Influenza Hospitalization (Avg 7 Day),8,HHS Region,188.86
202247,2022-23,Average patients with influenza in ICU,8,HHS Region,20.29
202247,2022-23,Influenza Hospital Admissions Rate Per 100k,9,HHS Region,6.22
202247,2022-23,Influenza Hospital Admissions,9,HHS Region,3191.0
202247,2022-23,Influenza Hospitalization (Avg 7 Day),9,HHS Region,1388.86
202247,2022-23,Average patients with influenza in ICU,9,HHS Region,149.43
202247,2022-23,Influenza Hospital Admissions Rate Per 100k,10,HHS Region,7.58
202247,2022-23,Influenza Hospital Admissions,10,HHS Region,1089.0
202247,2022-23,Influenza Hospitalization (Avg 7 Day),10,HHS Region,485.71
202247,2022-23,Average patients with influenza in ICU,10,HHS Region,47.43
202248,2022-23,Influenza Hospital Admissions Rate Per 100k,1,HHS Region,6.78
202248,2022-23,Influenza Hospital Admissions,1,HHS Region,1007.0
202248,2022-23,Influenza Hospitalization (Avg 7 Day),1,HHS Region,568.86
202248,2022-23,Average patients with influenza in ICU,1,HHS Region,45.71
202248,2022-23,Influenza Hospital Admissions Rate Per 100k,2,HHS Region,7.06
202248,2022-23,Influenza Hospital Admissions,2,HHS Region,2229.0
202248,2022-23,Influenza Hospitalization (Avg 7 Day),2,HHS Region,1294.43
202248,2022-23,Average patients with influenza in ICU,2,HHS Region,166.57
202248,2022-23,Influenza Hospital Admissions Rate Per 100k,3,HHS Region,8.78
202248,2022-23,Influenza Hospital Admissions,3,HHS Region,2709.0
202248,2022-23,Influenza Hospitalization (Avg 7 Day),3,HHS Region,1658.86
202248,2022-23,Average patients with influenza in ICU,3,HHS Region,243.0
202248,2022-23,Influenza Hospital Admissions Rate Per 100k,4,HHS Region,6.29
202248,2022-23,Influenza Hospital Admissions,4,HHS Region,4209.0
202248,2022-23,Influenza Hospitalization (Avg 7 Day),4,HHS Region,3021.0
202248,2022-23,Average patients with influenza in ICU,4,HHS Region,449.71
202248,2022-23,Influenza Hospital Admissions Rate Per 100k,5,HHS Region,8.18
202251,2022-23,Influenza Hospital Admissions Rate Per 100k,5,HHS Region,7.1
202251,2022-23,Influenza Hospital Admissions,5,HHS Region,3732.0
202251,2022-23,Influenza Hospitalization (Avg 7 Day),5,HHS Region,2707.86
202251,2022-23,Average patients with influenza in ICU,5,HHS Region,410.14
202251,2022-23,Influenza Hospital Admissions Rate Per 100k,6,HHS Region,6.15
202251,2022-23,Influenza Hospital Admissions,6,HHS Region,2626.0
202251,2022-23,Influenza Hospitalization (Avg 7 Day),6,HHS Region,1279.71
202251,2022-23,Average patients with influenza in ICU,6,HHS Region,256.86
202251,2022-23,Influenza Hospital Admissions Rate Per 100k,7,HHS Region,8.54
202251,2022-23,Influenza Hospital Admissions,7,HHS Region,1208.0
202251,2022-23,Influenza Hospitalization (Avg 7 Day),7,HHS Region,907.14
202251,2022-23,Average patients with influenza in ICU,7,HHS Region,156.57
202251,2022-23,Influenza Hospital Admissions Rate Per 100k,8,HHS Region,5.43
202251,2022-23,Influenza Hospital Admissions,8,HHS Region,666.0
202251,2022-23,Influenza Hospitalization (Avg 7 Day),8,HHS Region,388.71
202251,2022-23,Average patients with influenza in ICU,8,HHS Region,49.0
202251,2022-23,Influenza Hospital Admissions Rate Per 100k,9,HHS Region,4.7
202251,2022-23,Influenza Hospital Admissions,9,HHS Region,2412.0
202251,2022-23,Influenza Hospitalization (Avg 7 Day),9,HHS Region,1767.57
202251,2022-23,Average patients with influenza in ICU,9,HHS Region,274.57
202251,2022-23,Influenza Hospital Admissions Rate Per 100k,10,HHS Region,7.51
202251,2022-23,Influenza Hospital Admissions,10,HHS Region,1079.0
202251,2022-23,Influenza Hospitalization (Avg 7 Day),10,HHS Region,762.0
202251,2022-23,Average patients with influenza in ICU,10,HHS Region,98.43
202252,2022-23,Influenza Hospital Admissions Rate Per 100k,1,HHS Region,9.9
202252,2022-23,Influenza Hospital Admissions,1,HHS Region,1469.0
202252,2022-23,Influenza Hospitalization (Avg 7 Day),1,HHS Region,1213.86
202252,2022-23,Average patients with influenza in ICU,1,HHS Region,138.57
202252,2022-23,Influenza Hospital Admissions Rate Per 100k,2,HHS Region,5.87
202252,2022-23,Influenza Hospital Admissions,2,HHS Region,1852.0
202252,2022-23,Influenza Hospitalization (Avg 7 Day),2,HHS Region,1509.57
202252,2022-23,Average patients with influenza in ICU,2,HHS Region,206.14
202252,2022-23,Influenza Hospital Admissions Rate Per 100k,3,HHS Region,5.86
202252,2022-23,Influenza Hospital Admissions,3,HHS Region,1808.0
202252,2022-23,Influenza Hospitalization (Avg 7 Day),3,HHS Region,1262.71
202252,2022-23,Average patients with influenza in ICU,3,HHS Region,167.71
202252,2022-23,Influenza Hospital Admissions Rate Per 100k,4,HHS Region,3.9
202252,2022-23,Influenza Hospital Admissions,4,HHS Region,2610.0
202252,2022-23,Influenza Hospitalization (Avg 7 Day),4,HHS Region,1851.29
202252,2022-23,Average patients with influenza in ICU,4,HHS Region,325.43
202252,2022-23,Influenza Hospital Admissions Rate Per 100k,5,HHS Region,6.9
202252,2022-23,Influenza Hospital Admissions,5,HHS Region,3625.0
202252,2022-23,Influenza Hospitalization (Avg 7 Day),5,HHS Region,2605.71
202252,2022-23,Average patients with influenza in ICU,5,HHS Region,416.14
202252,2022-23,Influenza Hospital Admissions Rate Per 100k,6,HHS Region,6.35
202252,2022-23,Influenza Hospital Admissions,6,HHS Region,2714.0
202252,2022-23,Influenza Hospitalization (Avg 7 Day),6,HHS Region,1218.57
202252,2022-23,Average patients with influenza in ICU,6,HHS Region,233.71
202252,2022-23,Influenza Hospital Admissions Rate Per 100k,7,HHS Region,9.09
202252,2022-23,Influenza Hospital Admissions,7,HHS Region,1285.0
202252,2022-23,Influenza Hospitalization (Avg 7 Day),7,HHS Region,911.14
202252,2022-23,Average patients with influenza in ICU,7,HHS Region,153.86
202252,2022-23,Influenza Hospital Admissions Rate Per 100k,8,HHS Region,5.56
202252,2022-23,Influenza Hospital Admissions,8,HHS Region,681.0
202252,2022-23,Influenza Hospitalization (Avg 7 Day),8,HHS Region,430.0
202252,2022-23,Average patients with influenza in ICU,8,HHS Region,61.43
202252,2022-23,Influenza Hospital Admissions Rate Per 100k,9,HHS Region,4.34
202252,2022-23,Influenza Hospital Admissions,9,HHS Region,2224.0
202252,2022-23,Influenza Hospitalization (Avg 7 Day),9,HHS Region,1676.57
202305,2022-23,Influenza Hospital Admissions Rate Per 100k,2,HHS Region,0.75
202305,2022-23,Influenza Hospital Admissions,2,HHS Region,237.0
202305,2022-23,Influenza Hospitalization (Avg 7 Day),2,HHS Region,244.57
202305,2022-23,Average patients with influenza in ICU,2,HHS Region,34.14
202305,2022-23,Influenza Hospital Admissions Rate Per 100k,3,HHS Region,1.12
202305,2022-23,Influenza Hospital Admissions,3,HHS Region,346.0
202305,2022-23,Influenza Hospitalization (Avg 7 Day),3,HHS Region,236.86
202305,2022-23,Average patients with influenza in ICU,3,HHS Region,38.14
202305,2022-23,Influenza Hospital Admissions Rate Per 100k,4,HHS Region,0.96
202305,2022-23,Influenza Hospital Admissions,4,HHS Region,644.0
202305,2022-23,Influenza Hospitalization (Avg 7 Day),4,HHS Region,621.71
202305,2022-23,Average patients with influenza in ICU,4,HHS Region,142.57
202305,2022-23,Influenza Hospital Admissions Rate Per 100k,5,HHS Region,0.48
202305,2022-23,Influenza Hospital Admissions,5,HHS Region,253.0
202305,2022-23,Influenza Hospitalization (Avg 7 Day),5,HHS Region,254.14
202305,2022-23,Average patients with influenza in ICU,5,HHS Region,40.29
202305,2022-23,Influenza Hospital Admissions Rate Per 100k,6,HHS Region,0.95
202305,2022-23,Influenza Hospital Admissions,6,HHS Region,407.0
202305,2022-23,Influenza Hospitalization (Avg 7 Day),6,HHS Region,257.43
202305,2022-23,Average patients with influenza in ICU,6,HHS Region,43.43
202305,2022-23,Influenza Hospital Admissions Rate Per 100k,7,HHS Region,0.57
202305,2022-23,Influenza Hospital Admissions,7,HHS Region,81.0
202305,2022-23,Influenza Hospitalization (Avg 7 Day),7,HHS Region,98.43
202305,2022-23,Average patients with influenza in ICU,7,HHS Region,17.71
202305,2022-23,Influenza Hospital Admissions Rate Per 100k,8,HHS Region,0.68
202305,2022-23,Influenza Hospital Admissions,8,HHS Region,83.0
202305,2022-23,Influenza Hospitalization (Avg 7 Day),8,HHS Region,68.29
202305,2022-23,Average patients with influenza in ICU,8,HHS Region,10.43
202305,2022-23,Influenza Hospital Admissions Rate Per 100k,9,HHS Region,0.37
202305,2022-23,Influenza Hospital Admissions,9,HHS Region,189.0
202305,2022-23,Influenza Hospitalization (Avg 7 Day),9,HHS Region,320.29
202305,2022-23,Average patients with influenza in ICU,9,HHS Region,42.43
202305,2022-23,Influenza Hospital Admissions Rate Per 100k,10,HHS Region,0.4
202305,2022-23,Influenza Hospital Admissions,10,HHS Region,58.0
202305,2022-23,Influenza Hospitalization (Avg 7 Day),10,HHS Region,82.86
202305,2022-23,Average patients with influenza in ICU,10,HHS Region,11.57
202306,2022-23,Influenza Hospital Admissions Rate Per 100k,1,HHS Region,0.6
202306,2022-23,Influenza Hospital Admissions,1,HHS Region,89.0
202306,2022-23,Influenza Hospitalization (Avg 7 Day),1,HHS Region,86.29
202306,2022-23,Average patients with influenza in ICU,1,HHS Region,13.86
202306,2022-23,Influenza Hospital Admissions Rate Per 100k,2,HHS Region,0.61
202306,2022-23,Influenza Hospital Admissions,2,HHS Region,194.0
202306,2022-23,Influenza Hospitalization (Avg 7 Day),2,HHS Region,188.29
202306,2022-23,Average patients with influenza in ICU,2,HHS Region,25.14
202306,2022-23,Influenza Hospital Admissions Rate Per 100k,3,HHS Region,0.99
202306,2022-23,Influenza Hospital Admissions,3,HHS Region,306.0
202306,2022-23,Influenza Hospitalization (Avg 7 Day),3,HHS Region,182.86
202306,2022-23,Average patients with influenza in ICU,3,HHS Region,28.43
202306,2022-23,Influenza Hospital Admissions Rate Per 100k,4,HHS Region,0.88
202306,2022-23,Influenza Hospital Admissions,4,HHS Region,591.0
202306,2022-23,Influenza Hospitalization (Avg 7 Day),4,HHS Region,559.43
202306,2022-23,Average patients with influenza in ICU,4,HHS Region,136.29
202306,2022-23,Influenza Hospital Admissions Rate Per 100k,5,HHS Region,0.39
202306,2022-23,Influenza Hospital Admissions,5,HHS Region,207.0
202306,2022-23,Influenza Hospitalization (Avg 7 Day),5,HHS Region,196.57
202306,2022-23,Average patients with influenza in ICU,5,HHS Region,31.0
202306,2022-23,Influenza Hospital Admissions Rate Per 100k,6,HHS Region,0.97
202306,2022-23,Influenza Hospital Admissions,6,HHS Region,415.0
202306,2022-23,Influenza Hospitalization (Avg 7 Day),6,HHS Region,243.14
202310,2022-23,Influenza Hospital Admissions Rate Per 100k,9,HHS Region,0.18
202310,2022-23,Influenza Hospital Admissions,9,HHS Region,94.0
202310,2022-23,Influenza Hospitalization (Avg 7 Day),9,HHS Region,118.14
202310,2022-23,Average patients with influenza in ICU,9,HHS Region,16.14
202310,2022-23,Influenza Hospital Admissions Rate Per 100k,10,HHS Region,0.41
202312,2022-23,Influenza Hospital Admissions,4,HHS Region,345.0
202318,2022-23,Average patients with influenza in ICU,1,HHS Region,2.43
202322,2022-23,Influenza Hospitalization (Avg 7 Day),5,HHS Region,77.0
202328,2022-23,Influenza Hospitalization (Avg 7 Day),1,HHS Region,14.0
202338,2022-23,Influenza Hospital Admissions Rate Per 100k,9,HHS Region,0.13
202338,2022-23,Influenza Hospital Admissions,9,HHS Region,68.0
202338,2022-23,Influenza Hospitalization (Avg 7 Day),9,HHS Region,69.57
202338,2022-23,Average patients with influenza in ICU,9,HHS Region,5.14
202338,2022-23,Influenza Hospital Admissions Rate Per 100k,10,HHS Region,0.13
202312,2022-23,Influenza Hospitalization (Avg 7 Day),4,HHS Region,346.86
202312,2022-23,Average patients with influenza in ICU,4,HHS Region,102.71
202312,2022-23,Influenza Hospital Admissions Rate Per 100k,5,HHS Region,0.22
202312,2022-23,Influenza Hospital Admissions,5,HHS Region,114.0
202312,2022-23,Influenza Hospitalization (Avg 7 Day),5,HHS Region,92.86
202312,2022-23,Average patients with influenza in ICU,5,HHS Region,14.43
202312,2022-23,Influenza Hospital Admissions Rate Per 100k,6,HHS Region,0.46
202312,2022-23,Influenza Hospital Admissions,6,HHS Region,198.0
202312,2022-23,Influenza Hospitalization (Avg 7 Day),6,HHS Region,119.57
202312,2022-23,Average patients with influenza in ICU,6,HHS Region,19.14
202312,2022-23,Influenza Hospital Admissions Rate Per 100k,7,HHS Region,0.38
202312,2022-23,Influenza Hospital Admissions,7,HHS Region,54.0
202312,2022-23,Influenza Hospitalization (Avg 7 Day),7,HHS Region,30.0
202312,2022-23,Average patients with influenza in ICU,7,HHS Region,5.43
202312,2022-23,Influenza Hospital Admissions Rate Per 100k,8,HHS Region,0.21
202312,2022-23,Influenza Hospital Admissions,8,HHS Region,26.0
202312,2022-23,Influenza Hospitalization (Avg 7 Day),8,HHS Region,28.29
202312,2022-23,Average patients with influenza in ICU,8,HHS Region,2.43
202312,2022-23,Influenza Hospital Admissions Rate Per 100k,9,HHS Region,0.16
202312,2022-23,Influenza Hospital Admissions,9,HHS Region,81.0
202312,2022-23,Influenza Hospitalization (Avg 7 Day),9,HHS Region,95.29
202312,2022-23,Average patients with influenza in ICU,9,HHS Region,10.43
202312,2022-23,Influenza Hospital Admissions Rate Per 100k,10,HHS Region,0.24
202312,2022-23,Influenza Hospital Admissions,10,HHS Region,34.0
202312,2022-23,Influenza Hospitalization (Avg 7 Day),10,HHS Region,37.29
202312,2022-23,Average patients with influenza in ICU,10,HHS Region,2.71
202313,2022-23,Influenza Hospital Admissions Rate Per 100k,1,HHS Region,0.26
202313,2022-23,Influenza Hospital Admissions,1,HHS Region,38.0
202313,2022-23,Influenza Hospitalization (Avg 7 Day),1,HHS Region,38.71
202313,2022-23,Average patients with influenza in ICU,1,HHS Region,2.71
202313,2022-23,Influenza Hospital Admissions Rate Per 100k,2,HHS Region,0.48
202313,2022-23,Influenza Hospital Admissions,2,HHS Region,153.0
202313,2022-23,Influenza Hospitalization (Avg 7 Day),2,HHS Region,109.29
202313,2022-23,Average patients with influenza in ICU,2,HHS Region,13.86
202313,2022-23,Influenza Hospital Admissions Rate Per 100k,3,HHS Region,0.59
202313,2022-23,Influenza Hospital Admissions,3,HHS Region,181.0
202313,2022-23,Influenza Hospitalization (Avg 7 Day),3,HHS Region,124.43
202313,2022-23,Average patients with influenza in ICU,3,HHS Region,19.43
202313,2022-23,Influenza Hospital Admissions Rate Per 100k,4,HHS Region,0.54
202313,2022-23,Influenza Hospital Admissions,4,HHS Region,358.0
202313,2022-23,Influenza Hospitalization (Avg 7 Day),4,HHS Region,347.14
202313,2022-23,Average patients with influenza in ICU,4,HHS Region,110.43
202313,2022-23,Influenza Hospital Admissions Rate Per 100k,5,HHS Region,0.25
202313,2022-23,Influenza Hospital Admissions,5,HHS Region,131.0
202313,2022-23,Influenza Hospitalization (Avg 7 Day),5,HHS Region,90.29
202313,2022-23,Average patients with influenza in ICU,5,HHS Region,13.29
202313,2022-23,Influenza Hospital Admissions Rate Per 100k,6,HHS Region,0.53
202313,2022-23,Influenza Hospital Admissions,6,HHS Region,226.0
202313,2022-23,Influenza Hospitalization (Avg 7 Day),6,HHS Region,128.29
202313,2022-23,Average patients with influenza in ICU,6,HHS Region,23.57
202313,2022-23,Influenza Hospital Admissions Rate Per 100k,7,HHS Region,0.37
202313,2022-23,Influenza Hospital Admissions,7,HHS Region,52.0
202313,2022-23,Influenza Hospitalization (Avg 7 Day),7,HHS Region,33.43
202313,2022-23,Average patients with influenza in ICU,7,HHS Region,5.57
202313,2022-23,Influenza Hospital Admissions Rate Per 100k,8,HHS Region,0.19
202313,2022-23,Influenza Hospital Admissions,8,HHS Region,23.0
202313,2022-23,Influenza Hospitalization (Avg 7 Day),8,HHS Region,20.29
202313,2022-23,Average patients with influenza in ICU,8,HHS Region,1.43
202313,2022-23,Influenza Hospital Admissions Rate Per 100k,9,HHS Region,0.13
202316,2022-23,Influenza Hospitalization (Avg 7 Day),6,HHS Region,88.29
202316,2022-23,Average patients with influenza in ICU,6,HHS Region,16.57
202316,2022-23,Influenza Hospital Admissions Rate Per 100k,7,HHS Region,0.2
202316,2022-23,Influenza Hospital Admissions,7,HHS Region,28.0
202316,2022-23,Influenza Hospitalization (Avg 7 Day),7,HHS Region,23.29
202336,2022-23,Influenza Hospital Admissions,3,HHS Region,91.0
202336,2022-23,Influenza Hospitalization (Avg 7 Day),3,HHS Region,57.29
202336,2022-23,Average patients with influenza in ICU,3,HHS Region,6.43
202336,2022-23,Influenza Hospital Admissions Rate Per 100k,4,HHS Region,0.43
202336,2022-23,Influenza Hospital Admissions,4,HHS Region,285.0
202336,2022-23,Influenza Hospitalization (Avg 7 Day),4,HHS Region,302.57
202336,2022-23,Average patients with influenza in ICU,4,HHS Region,107.29
202336,2022-23,Influenza Hospital Admissions Rate Per 100k,5,HHS Region,0.07
202336,2022-23,Influenza Hospital Admissions,5,HHS Region,37.0
202336,2022-23,Influenza Hospitalization (Avg 7 Day),5,HHS Region,71.43
202336,2022-23,Average patients with influenza in ICU,5,HHS Region,5.86
202336,2022-23,Influenza Hospital Admissions Rate Per 100k,6,HHS Region,0.35
202336,2022-23,Influenza Hospital Admissions,6,HHS Region,149.0
202336,2022-23,Influenza Hospitalization (Avg 7 Day),6,HHS Region,83.14
202336,2022-23,Average patients with influenza in ICU,6,HHS Region,16.0
202336,2022-23,Influenza Hospital Admissions Rate Per 100k,7,HHS Region,0.14
202336,2022-23,Influenza Hospital Admissions,7,HHS Region,20.0
202336,2022-23,Influenza Hospitalization (Avg 7 Day),7,HHS Region,11.57
202336,2022-23,Average patients with influenza in ICU,7,HHS Region,2.71
202336,2022-23,Influenza Hospital Admissions Rate Per 100k,8,HHS Region,0.11
202336,2022-23,Influenza Hospital Admissions,8,HHS Region,13.0
202336,2022-23,Influenza Hospitalization (Avg 7 Day),8,HHS Region,9.0
202336,2022-23,Average patients with influenza in ICU,8,HHS Region,0.14
202336,2022-23,Influenza Hospital Admissions Rate Per 100k,9,HHS Region,0.12
202336,2022-23,Influenza Hospital Admissions,9,HHS Region,59.0
202336,2022-23,Influenza Hospitalization (Avg 7 Day),9,HHS Region,61.43
202336,2022-23,Average patients with influenza in ICU,9,HHS Region,3.86
202336,2022-23,Influenza Hospital Admissions Rate Per 100k,10,HHS Region,0.3
202336,2022-23,Influenza Hospital Admissions,10,HHS Region,43.0
202336,2022-23,Influenza Hospitalization (Avg 7 Day),10,HHS Region,30.0
202336,2022-23,Average patients with influenza in ICU,10,HHS Region,3.43
202337,2022-23,Influenza Hospital Admissions Rate Per 100k,1,HHS Region,0.11
202337,2022-23,Influenza Hospital Admissions,1,HHS Region,16.0
202337,2022-23,Influenza Hospitalization (Avg 7 Day),1,HHS Region,18.71
202337,2022-23,Average patients with influenza in ICU,1,HHS Region,3.14
202337,2022-23,Influenza Hospital Admissions Rate Per 100k,2,HHS Region,0.25
202337,2022-23,Influenza Hospital Admissions,2,HHS Region,79.0
202337,2022-23,Influenza Hospitalization (Avg 7 Day),2,HHS Region,78.86
202337,2022-23,Average patients with influenza in ICU,2,HHS Region,2.57
202337,2022-23,Influenza Hospital Admissions Rate Per 100k,3,HHS Region,0.28
202337,2022-23,Influenza Hospital Admissions,3,HHS Region,87.0
202337,2022-23,Influenza Hospitalization (Avg 7 Day),3,HHS Region,60.43
202337,2022-23,Average patients with influenza in ICU,3,HHS Region,10.29
202337,2022-23,Influenza Hospital Admissions Rate Per 100k,4,HHS Region,0.46
202337,2022-23,Influenza Hospital Admissions,4,HHS Region,308.0
202337,2022-23,Influenza Hospitalization (Avg 7 Day),4,HHS Region,315.71
202337,2022-23,Average patients with influenza in ICU,4,HHS Region,106.71
202337,2022-23,Influenza Hospital Admissions Rate Per 100k,5,HHS Region,0.09
202337,2022-23,Influenza Hospital Admissions,5,HHS Region,49.0
202337,2022-23,Influenza Hospitalization (Avg 7 Day),5,HHS Region,63.43
202337,2022-23,Average patients with influenza in ICU,5,HHS Region,6.86
202337,2022-23,Influenza Hospital Admissions Rate Per 100k,6,HHS Region,0.41
202337,2022-23,Influenza Hospital Admissions,6,HHS Region,175.0
202337,2022-23,Influenza Hospitalization (Avg 7 Day),6,HHS Region,98.86
202318,2022-23,Influenza Hospital Admissions Rate Per 100k,2,HHS Region,0.36
202318,2022-23,Influenza Hospital Admissions,2,HHS Region,114.0
202318,2022-23,Influenza Hospitalization (Avg 7 Day),2,HHS Region,73.71
202318,2022-23,Average patients with influenza in ICU,2,HHS Region,11.86
202318,2022-23,Influenza Hospital Admissions Rate Per 100k,3,HHS Region,0.38
202318,2022-23,Influenza Hospital Admissions,3,HHS Region,118.0
202318,2022-23,Influenza Hospitalization (Avg 7 Day),3,HHS Region,78.0
202318,2022-23,Average patients with influenza in ICU,3,HHS Region,16.0
202318,2022-23,Influenza Hospital Admissions Rate Per 100k,4,HHS Region,0.37
202318,2022-23,Influenza Hospital Admissions,4,HHS Region,250.0
202318,2022-23,Influenza Hospitalization (Avg 7 Day),4,HHS Region,279.43
202318,2022-23,Average patients with influenza in ICU,4,HHS Region,95.57
202318,2022-23,Influenza Hospital Admissions Rate Per 100k,5,HHS Region,0.2
202318,2022-23,Influenza Hospital Admissions,5,HHS Region,105.0
202318,2022-23,Influenza Hospitalization (Avg 7 Day),5,HHS Region,66.43
202318,2022-23,Average patients with influenza in ICU,5,HHS Region,8.71
202318,2022-23,Influenza Hospital Admissions Rate Per 100k,6,HHS Region,0.33
202318,2022-23,Influenza Hospital Admissions,6,HHS Region,139.0
202318,2022-23,Influenza Hospitalization (Avg 7 Day),6,HHS Region,81.86
202318,2022-23,Average patients with influenza in ICU,6,HHS Region,10.86
202318,2022-23,Influenza Hospital Admissions Rate Per 100k,7,HHS Region,0.25
202318,2022-23,Influenza Hospital Admissions,7,HHS Region,36.0
202318,2022-23,Influenza Hospitalization (Avg 7 Day),7,HHS Region,27.0
202318,2022-23,Average patients with influenza in ICU,7,HHS Region,4.71
202318,2022-23,Influenza Hospital Admissions Rate Per 100k,8,HHS Region,0.22
202318,2022-23,Influenza Hospital Admissions,8,HHS Region,27.0
202318,2022-23,Influenza Hospitalization (Avg 7 Day),8,HHS Region,19.71
202318,2022-23,Average patients with influenza in ICU,8,HHS Region,1.57
202318,2022-23,Influenza Hospital Admissions Rate Per 100k,9,HHS Region,0.12
202318,2022-23,Influenza Hospital Admissions,9,HHS Region,64.0
202318,2022-23,Influenza Hospitalization (Avg 7 Day),9,HHS Region,62.0
202318,2022-23,Average patients with influenza in ICU,9,HHS Region,10.14
202318,2022-23,Influenza Hospital Admissions Rate Per 100k,10,HHS Region,0.15
202318,2022-23,Influenza Hospital Admissions,10,HHS Region,22.0
202318,2022-23,Influenza Hospitalization (Avg 7 Day),10,HHS Region,22.57
202318,2022-23,Average patients with influenza in ICU,10,HHS Region,0.14
202319,2022-23,Influenza Hospital Admissions Rate Per 100k,1,HHS Region,0.16
202319,2022-23,Influenza Hospital Admissions,1,HHS Region,24.0
202319,2022-23,Influenza Hospitalization (Avg 7 Day),1,HHS Region,18.57
202319,2022-23,Average patients with influenza in ICU,1,HHS Region,0.86
202319,2022-23,Influenza Hospital Admissions Rate Per 100k,2,HHS Region,0.36
202319,2022-23,Influenza Hospital Admissions,2,HHS Region,114.0
202319,2022-23,Influenza Hospitalization (Avg 7 Day),2,HHS Region,79.14
202319,2022-23,Average patients with influenza in ICU,2,HHS Region,10.71
202319,2022-23,Influenza Hospital Admissions Rate Per 100k,3,HHS Region,0.41
202319,2022-23,Influenza Hospital Admissions,3,HHS Region,125.0
202319,2022-23,Influenza Hospitalization (Avg 7 Day),3,HHS Region,69.57
202319,2022-23,Average patients with influenza in ICU,3,HHS Region,8.57
202319,2022-23,Influenza Hospital Admissions Rate Per 100k,4,HHS Region,0.43
202319,2022-23,Influenza Hospital Admissions,4,HHS Region,288.0
202319,2022-23,Influenza Hospitalization (Avg 7 Day),4,HHS Region,287.14
202319,2022-23,Average patients with influenza in ICU,4,HHS Region,92.86
202319,2022-23,Influenza Hospital Admissions Rate Per 100k,5,HHS Region,0.19
202319,2022-23,Influenza Hospital Admissions,5,HHS Region,100.0
202319,2022-23,Influenza Hospitalization (Avg 7 Day),5,HHS Region,82.57
202319,2022-23,Average patients with influenza in ICU,5,HHS Region,10.29
202319,2022-23,Influenza Hospital Admissions Rate Per 100k,6,HHS Region,0.34
202319,2022-23,Influenza Hospital Admissions,6,HHS Region,146.0
202319,2022-23,Influenza Hospitalization (Avg 7 Day),6,HHS Region,82.43
202322,2022-23,Average patients with influenza in ICU,5,HHS Region,8.86
202322,2022-23,Influenza Hospital Admissions Rate Per 100k,6,HHS Region,0.27
202322,2022-23,Influenza Hospital Admissions,6,HHS Region,116.0
202322,2022-23,Influenza Hospitalization (Avg 7 Day),6,HHS Region,92.0
202322,2022-23,Average patients with influenza in ICU,6,HHS Region,14.0
202322,2022-23,Influenza Hospital Admissions Rate Per 100k,7,HHS Region,0.11
202322,2022-23,Influenza Hospital Admissions,7,HHS Region,15.0
202322,2022-23,Influenza Hospitalization (Avg 7 Day),7,HHS Region,12.86
202322,2022-23,Average patients with influenza in ICU,7,HHS Region,2.14
202322,2022-23,Influenza Hospital Admissions Rate Per 100k,8,HHS Region,0.1
202322,2022-23,Influenza Hospital Admissions,8,HHS Region,12.0
202322,2022-23,Influenza Hospitalization (Avg 7 Day),8,HHS Region,15.71
202322,2022-23,Average patients with influenza in ICU,8,HHS Region,2.14
202322,2022-23,Influenza Hospital Admissions Rate Per 100k,9,HHS Region,0.24
202322,2022-23,Influenza Hospital Admissions,9,HHS Region,122.0
202322,2022-23,Influenza Hospitalization (Avg 7 Day),9,HHS Region,74.29
202322,2022-23,Average patients with influenza in ICU,9,HHS Region,9.14
202322,2022-23,Influenza Hospital Admissions Rate Per 100k,10,HHS Region,0.17
202322,2022-23,Influenza Hospital Admissions,10,HHS Region,25.0
202322,2022-23,Influenza Hospitalization (Avg 7 Day),10,HHS Region,22.57
202322,2022-23,Average patients with influenza in ICU,10,HHS Region,0.71
202323,2022-23,Influenza Hospital Admissions Rate Per 100k,1,HHS Region,0.13
202323,2022-23,Influenza Hospital Admissions,1,HHS Region,19.0
202323,2022-23,Influenza Hospitalization (Avg 7 Day),1,HHS Region,21.43
202323,2022-23,Average patients with influenza in ICU,1,HHS Region,2.86
202323,2022-23,Influenza Hospital Admissions Rate Per 100k,2,HHS Region,0.35
202323,2022-23,Influenza Hospital Admissions,2,HHS Region,110.0
202323,2022-23,Influenza Hospitalization (Avg 7 Day),2,HHS Region,89.14
202323,2022-23,Average patients with influenza in ICU,2,HHS Region,7.86
202323,2022-23,Influenza Hospital Admissions Rate Per 100k,3,HHS Region,0.33
202323,2022-23,Influenza Hospital Admissions,3,HHS Region,101.0
202323,2022-23,Influenza Hospitalization (Avg 7 Day),3,HHS Region,69.71
202323,2022-23,Average patients with influenza in ICU,3,HHS Region,6.29
202323,2022-23,Influenza Hospital Admissions Rate Per 100k,4,HHS Region,0.47
202323,2022-23,Influenza Hospital Admissions,4,HHS Region,316.0
202323,2022-23,Influenza Hospitalization (Avg 7 Day),4,HHS Region,330.14
202323,2022-23,Average patients with influenza in ICU,4,HHS Region,102.0
202323,2022-23,Influenza Hospital Admissions Rate Per 100k,5,HHS Region,0.14
202323,2022-23,Influenza Hospital Admissions,5,HHS Region,75.0
202323,2022-23,Influenza Hospitalization (Avg 7 Day),5,HHS Region,86.14
202323,2022-23,Average patients with influenza in ICU,5,HHS Region,9.86
202323,2022-23,Influenza Hospital Admissions Rate Per 100k,6,HHS Region,0.23
202323,2022-23,Influenza Hospital Admissions,6,HHS Region,100.0
202323,2022-23,Influenza Hospitalization (Avg 7 Day),6,HHS Region,75.71
202323,2022-23,Average patients with influenza in ICU,6,HHS Region,10.14
202323,2022-23,Influenza Hospital Admissions Rate Per 100k,7,HHS Region,0.13
202323,2022-23,Influenza Hospital Admissions,7,HHS Region,18.0
202323,2022-23,Influenza Hospitalization (Avg 7 Day),7,HHS Region,15.71
202323,2022-23,Average patients with influenza in ICU,7,HHS Region,1.86
202323,2022-23,Influenza Hospital Admissions Rate Per 100k,8,HHS Region,0.1
202323,2022-23,Influenza Hospital Admissions,8,HHS Region,12.0
202323,2022-23,Influenza Hospitalization (Avg 7 Day),8,HHS Region,10.71
202323,2022-23,Average patients with influenza in ICU,8,HHS Region,1.86
202323,2022-23,Influenza Hospital Admissions Rate Per 100k,9,HHS Region,0.24
202323,2022-23,Influenza Hospital Admissions,9,HHS Region,122.0
202323,2022-23,Influenza Hospitalization (Avg 7 Day),9,HHS Region,70.57
202323,2022-23,Average patients with influenza in ICU,9,HHS Region,8.14
202323,2022-23,Influenza Hospital Admissions Rate Per 100k,10,HHS Region,0.24
202323,2022-23,Influenza Hospital Admissions,10,HHS Region,35.0
202320,2022-23,Influenza Hospital Admissions,10,HHS Region,16.0
202320,2022-23,Influenza Hospitalization (Avg 7 Day),10,HHS Region,19.14
202320,2022-23,Average patients with influenza in ICU,10,HHS Region,0.57
202323,2022-23,Influenza Hospitalization (Avg 7 Day),10,HHS Region,23.86
202336,2022-23,Average patients with influenza in ICU,1,HHS Region,3.0
202336,2022-23,Influenza Hospital Admissions Rate Per 100k,2,HHS Region,0.25
202336,2022-23,Influenza Hospital Admissions,2,HHS Region,79.0
202336,2022-23,Influenza Hospitalization (Avg 7 Day),2,HHS Region,76.71
202336,2022-23,Average patients with influenza in ICU,2,HHS Region,4.29
202337,2022-23,Average patients with influenza in ICU,6,HHS Region,15.29
202337,2022-23,Influenza Hospital Admissions Rate Per 100k,7,HHS Region,0.08
202337,2022-23,Influenza Hospital Admissions,7,HHS Region,11.0
202337,2022-23,Influenza Hospitalization (Avg 7 Day),7,HHS Region,10.71
202337,2022-23,Average patients with influenza in ICU,7,HHS Region,3.29
202337,2022-23,Influenza Hospital Admissions,8,HHS Region,6.0
202337,2022-23,Influenza Hospitalization (Avg 7 Day),8,HHS Region,8.71
202337,2022-23,Average patients with influenza in ICU,8,HHS Region,0.29
202337,2022-23,Influenza Hospital Admissions Rate Per 100k,9,HHS Region,0.12
202337,2022-23,Influenza Hospital Admissions,9,HHS Region,59.0
202337,2022-23,Influenza Hospitalization (Avg 7 Day),9,HHS Region,61.71
202337,2022-23,Average patients with influenza in ICU,9,HHS Region,5.57
202337,2022-23,Influenza Hospital Admissions Rate Per 100k,10,HHS Region,0.17
202337,2022-23,Influenza Hospital Admissions,10,HHS Region,25.0
202337,2022-23,Influenza Hospitalization (Avg 7 Day),10,HHS Region,24.14
202337,2022-23,Average patients with influenza in ICU,10,HHS Region,1.29
202338,2022-23,Influenza Hospital Admissions Rate Per 100k,1,HHS Region,0.21
202338,2022-23,Influenza Hospital Admissions,1,HHS Region,31.0
202338,2022-23,Influenza Hospitalization (Avg 7 Day),1,HHS Region,20.71
202338,2022-23,Average patients with influenza in ICU,1,HHS Region,4.14
202338,2022-23,Influenza Hospital Admissions Rate Per 100k,2,HHS Region,0.37
202338,2022-23,Influenza Hospital Admissions,2,HHS Region,117.0
202338,2022-23,Influenza Hospitalization (Avg 7 Day),2,HHS Region,93.0
202338,2022-23,Average patients with influenza in ICU,2,HHS Region,2.86
202338,2022-23,Influenza Hospital Admissions Rate Per 100k,3,HHS Region,0.3
202338,2022-23,Influenza Hospital Admissions,3,HHS Region,92.0
202338,2022-23,Influenza Hospitalization (Avg 7 Day),3,HHS Region,60.14
202338,2022-23,Average patients with influenza in ICU,3,HHS Region,12.57
202338,2022-23,Influenza Hospital Admissions Rate Per 100k,4,HHS Region,0.45
202338,2022-23,Influenza Hospital Admissions,4,HHS Region,302.0
202338,2022-23,Influenza Hospitalization (Avg 7 Day),4,HHS Region,299.86
202338,2022-23,Average patients with influenza in ICU,4,HHS Region,104.43
202338,2022-23,Influenza Hospital Admissions Rate Per 100k,5,HHS Region,0.11
202338,2022-23,Influenza Hospital Admissions,5,HHS Region,59.0
202338,2022-23,Influenza Hospitalization (Avg 7 Day),5,HHS Region,72.71
202338,2022-23,Average patients with influenza in ICU,5,HHS Region,8.86
202338,2022-23,Influenza Hospital Admissions Rate Per 100k,6,HHS Region,0.34
202338,2022-23,Influenza Hospital Admissions,6,HHS Region,146.0
202338,2022-23,Influenza Hospitalization (Avg 7 Day),6,HHS Region,87.43
202338,2022-23,Average patients with influenza in ICU,6,HHS Region,10.29
202338,2022-23,Influenza Hospital Admissions Rate Per 100k,7,HHS Region,0.18
202338,2022-23,Influenza Hospital Admissions,7,HHS Region,26.0
202338,2022-23,Influenza Hospitalization (Avg 7 Day),7,HHS Region,12.57
202338,2022-23,Average patients with influenza in ICU,7,HHS Region,2.71
202338,2022-23,Influenza Hospital Admissions Rate Per 100k,8,HHS Region,0.11
202338,2022-23,Influenza Hospital Admissions,8,HHS Region,14.0
202338,2022-23,Influenza Hospitalization (Avg 7 Day),8,HHS Region,11.0
202338,2022-23,Average patients with influenza in ICU,8,HHS Region,0.86
202323,2022-23,Average patients with influenza in ICU,10,HHS Region,1.0
202324,2022-23,Influenza Hospital Admissions Rate Per 100k,1,HHS Region,0.15
202324,2022-23,Influenza Hospital Admissions,1,HHS Region,22.0
202324,2022-23,Influenza Hospitalization (Avg 7 Day),1,HHS Region,17.57
202324,2022-23,Average patients with influenza in ICU,1,HHS Region,1.57
202324,2022-23,Influenza Hospital Admissions Rate Per 100k,2,HHS Region,0.28
202324,2022-23,Influenza Hospital Admissions,2,HHS Region,89.0
202324,2022-23,Influenza Hospitalization (Avg 7 Day),2,HHS Region,75.57
202324,2022-23,Average patients with influenza in ICU,2,HHS Region,6.0
202324,2022-23,Influenza Hospital Admissions Rate Per 100k,3,HHS Region,0.3
202324,2022-23,Influenza Hospital Admissions,3,HHS Region,92.0
202324,2022-23,Influenza Hospitalization (Avg 7 Day),3,HHS Region,66.43
202324,2022-23,Average patients with influenza in ICU,3,HHS Region,10.43
202324,2022-23,Influenza Hospital Admissions Rate Per 100k,4,HHS Region,0.42
202324,2022-23,Influenza Hospital Admissions,4,HHS Region,280.0
202324,2022-23,Influenza Hospitalization (Avg 7 Day),4,HHS Region,305.29
202324,2022-23,Average patients with influenza in ICU,4,HHS Region,99.29
202324,2022-23,Influenza Hospital Admissions Rate Per 100k,5,HHS Region,0.13
202324,2022-23,Influenza Hospital Admissions,5,HHS Region,67.0
202324,2022-23,Influenza Hospitalization (Avg 7 Day),5,HHS Region,74.57
202324,2022-23,Average patients with influenza in ICU,5,HHS Region,7.43
202324,2022-23,Influenza Hospital Admissions Rate Per 100k,6,HHS Region,0.29
202324,2022-23,Influenza Hospital Admissions,6,HHS Region,124.0
202324,2022-23,Influenza Hospitalization (Avg 7 Day),6,HHS Region,70.43
202324,2022-23,Average patients with influenza in ICU,6,HHS Region,13.0
202324,2022-23,Influenza Hospital Admissions Rate Per 100k,7,HHS Region,0.11
202324,2022-23,Influenza Hospital Admissions,7,HHS Region,15.0
202324,2022-23,Influenza Hospitalization (Avg 7 Day),7,HHS Region,14.71
202324,2022-23,Average patients with influenza in ICU,7,HHS Region,2.71
202324,2022-23,Influenza Hospital Admissions Rate Per 100k,8,HHS Region,0.14
202324,2022-23,Influenza Hospital Admissions,8,HHS Region,17.0
202324,2022-23,Influenza Hospitalization (Avg 7 Day),8,HHS Region,15.0
202324,2022-23,Average patients with influenza in ICU,8,HHS Region,2.71
202324,2022-23,Influenza Hospital Admissions Rate Per 100k,9,HHS Region,0.2
202324,2022-23,Influenza Hospital Admissions,9,HHS Region,101.0
202324,2022-23,Influenza Hospitalization (Avg 7 Day),9,HHS Region,75.29
202324,2022-23,Average patients with influenza in ICU,9,HHS Region,11.57
202324,2022-23,Influenza Hospital Admissions Rate Per 100k,10,HHS Region,0.21
202324,2022-23,Influenza Hospital Admissions,10,HHS Region,30.0
202324,2022-23,Influenza Hospitalization (Avg 7 Day),10,HHS Region,22.43
202324,2022-23,Average patients with influenza in ICU,10,HHS Region,0.14
202325,2022-23,Influenza Hospital Admissions Rate Per 100k,1,HHS Region,0.07
202325,2022-23,Influenza Hospital Admissions,1,HHS Region,11.0
202325,2022-23,Influenza Hospitalization (Avg 7 Day),1,HHS Region,13.14
202325,2022-23,Average patients with influenza in ICU,1,HHS Region,1.71
202325,2022-23,Influenza Hospital Admissions Rate Per 100k,2,HHS Region,0.33
202325,2022-23,Influenza Hospital Admissions,2,HHS Region,104.0
202325,2022-23,Influenza Hospitalization (Avg 7 Day),2,HHS Region,78.0
202325,2022-23,Average patients with influenza in ICU,2,HHS Region,4.0
202325,2022-23,Influenza Hospital Admissions Rate Per 100k,3,HHS Region,0.27
202325,2022-23,Influenza Hospital Admissions,3,HHS Region,83.0
202325,2022-23,Influenza Hospitalization (Avg 7 Day),3,HHS Region,55.14
202325,2022-23,Average patients with influenza in ICU,3,HHS Region,10.57
202325,2022-23,Influenza Hospital Admissions Rate Per 100k,4,HHS Region,0.43
202325,2022-23,Influenza Hospital Admissions,4,HHS Region,285.0
202328,2022-23,Average patients with influenza in ICU,1,HHS Region,2.0
202328,2022-23,Influenza Hospital Admissions Rate Per 100k,2,HHS Region,0.18
202328,2022-23,Influenza Hospital Admissions,2,HHS Region,58.0
202328,2022-23,Influenza Hospitalization (Avg 7 Day),2,HHS Region,60.71
202328,2022-23,Average patients with influenza in ICU,2,HHS Region,6.0
202328,2022-23,Influenza Hospital Admissions Rate Per 100k,3,HHS Region,0.26
202328,2022-23,Influenza Hospital Admissions,3,HHS Region,79.0
202328,2022-23,Influenza Hospitalization (Avg 7 Day),3,HHS Region,54.29
202328,2022-23,Average patients with influenza in ICU,3,HHS Region,10.14
202328,2022-23,Influenza Hospital Admissions Rate Per 100k,4,HHS Region,0.36
202328,2022-23,Influenza Hospital Admissions,4,HHS Region,244.0
202328,2022-23,Influenza Hospitalization (Avg 7 Day),4,HHS Region,269.71
202328,2022-23,Average patients with influenza in ICU,4,HHS Region,96.43
202328,2022-23,Influenza Hospital Admissions Rate Per 100k,5,HHS Region,0.07
202328,2022-23,Influenza Hospital Admissions,5,HHS Region,35.0
202328,2022-23,Influenza Hospitalization (Avg 7 Day),5,HHS Region,47.57
202328,2022-23,Average patients with influenza in ICU,5,HHS Region,4.0
202328,2022-23,Influenza Hospital Admissions Rate Per 100k,6,HHS Region,0.28
202328,2022-23,Influenza Hospital Admissions,6,HHS Region,118.0
202328,2022-23,Influenza Hospitalization (Avg 7 Day),6,HHS Region,60.14
202328,2022-23,Average patients with influenza in ICU,6,HHS Region,9.71
202328,2022-23,Influenza Hospital Admissions Rate Per 100k,7,HHS Region,0.11
202328,2022-23,Influenza Hospital Admissions,7,HHS Region,16.0
202328,2022-23,Influenza Hospitalization (Avg 7 Day),7,HHS Region,12.57
202328,2022-23,Average patients with influenza in ICU,7,HHS Region,1.57
202328,2022-23,Influenza Hospital Admissions Rate Per 100k,8,HHS Region,0.11
202328,2022-23,Influenza Hospital Admissions,8,HHS Region,13.0
202328,2022-23,Influenza Hospitalization (Avg 7 Day),8,HHS Region,10.0
202328,2022-23,Average patients with influenza in ICU,8,HHS Region,0.71
202328,2022-23,Influenza Hospital Admissions Rate Per 100k,9,HHS Region,0.19
202328,2022-23,Influenza Hospital Admissions,9,HHS Region,98.0
202328,2022-23,Influenza Hospitalization (Avg 7 Day),9,HHS Region,73.57
202328,2022-23,Average patients with influenza in ICU,9,HHS Region,16.0
202328,2022-23,Influenza Hospital Admissions Rate Per 100k,10,HHS Region,0.2
202328,2022-23,Influenza Hospital Admissions,10,HHS Region,29.0
202328,2022-23,Influenza Hospitalization (Avg 7 Day),10,HHS Region,25.57
202328,2022-23,Average patients with influenza in ICU,10,HHS Region,1.0
202329,2022-23,Influenza Hospital Admissions Rate Per 100k,1,HHS Region,0.09
202329,2022-23,Influenza Hospital Admissions,1,HHS Region,14.0
202329,2022-23,Influenza Hospitalization (Avg 7 Day),1,HHS Region,14.0
202329,2022-23,Average patients with influenza in ICU,1,HHS Region,2.86
202329,2022-23,Influenza Hospital Admissions Rate Per 100k,2,HHS Region,0.22
202329,2022-23,Influenza Hospital Admissions,2,HHS Region,70.0
202329,2022-23,Influenza Hospitalization (Avg 7 Day),2,HHS Region,63.0
202329,2022-23,Average patients with influenza in ICU,2,HHS Region,5.71
202329,2022-23,Influenza Hospital Admissions Rate Per 100k,3,HHS Region,0.21
202329,2022-23,Influenza Hospital Admissions,3,HHS Region,66.0
202329,2022-23,Influenza Hospitalization (Avg 7 Day),3,HHS Region,56.14
202329,2022-23,Average patients with influenza in ICU,3,HHS Region,11.57
202329,2022-23,Influenza Hospital Admissions Rate Per 100k,4,HHS Region,0.3
202329,2022-23,Influenza Hospital Admissions,4,HHS Region,199.0
202329,2022-23,Influenza Hospitalization (Avg 7 Day),4,HHS Region,249.43
202329,2022-23,Average patients with influenza in ICU,4,HHS Region,97.0
202329,2022-23,Influenza Hospital Admissions Rate Per 100k,5,HHS Region,0.06
202329,2022-23,Influenza Hospital Admissions,5,HHS Region,33.0
202329,2022-23,Influenza Hospitalization (Avg 7 Day),5,HHS Region,36.86
202329,2022-23,Average patients with influenza in ICU,5,HHS Region,5.14
202329,2022-23,Influenza Hospital Admissions Rate Per 100k,6,HHS Region,0.26
202329,2022-23,Influenza Hospital Admissions,6,HHS Region,113.0
202326,2022-23,Influenza Hospital Admissions,6,HHS Region,122.0
202326,2022-23,Influenza Hospitalization (Avg 7 Day),6,HHS Region,69.57
202326,2022-23,Average patients with influenza in ICU,6,HHS Region,12.29
202326,2022-23,Influenza Hospital Admissions Rate Per 100k,7,HHS Region,0.09
202326,2022-23,Influenza Hospital Admissions,7,HHS Region,13.0
202329,2022-23,Influenza Hospitalization (Avg 7 Day),6,HHS Region,95.0
202333,2022-23,Average patients with influenza in ICU,8,HHS Region,0.0
202333,2022-23,Influenza Hospital Admissions Rate Per 100k,9,HHS Region,0.09
202333,2022-23,Influenza Hospital Admissions,9,HHS Region,47.0
202333,2022-23,Influenza Hospitalization (Avg 7 Day),9,HHS Region,54.71
202333,2022-23,Average patients with influenza in ICU,9,HHS Region,9.0
202333,2022-23,Influenza Hospital Admissions Rate Per 100k,10,HHS Region,0.22
202333,2022-23,Influenza Hospital Admissions,10,HHS Region,32.0
202333,2022-23,Influenza Hospitalization (Avg 7 Day),10,HHS Region,23.71
202333,2022-23,Average patients with influenza in ICU,10,HHS Region,0.29
202334,2022-23,Influenza Hospital Admissions Rate Per 100k,1,HHS Region,0.11
202334,2022-23,Influenza Hospital Admissions,1,HHS Region,16.0
202334,2022-23,Influenza Hospitalization (Avg 7 Day),1,HHS Region,9.71
202334,2022-23,Average patients with influenza in ICU,1,HHS Region,1.57
202334,2022-23,Influenza Hospital Admissions Rate Per 100k,2,HHS Region,0.27
202334,2022-23,Influenza Hospital Admissions,2,HHS Region,86.0
202334,2022-23,Influenza Hospitalization (Avg 7 Day),2,HHS Region,60.29
202334,2022-23,Average patients with influenza in ICU,2,HHS Region,3.14
202334,2022-23,Influenza Hospital Admissions Rate Per 100k,3,HHS Region,0.26
202334,2022-23,Influenza Hospital Admissions,3,HHS Region,79.0
202334,2022-23,Influenza Hospitalization (Avg 7 Day),3,HHS Region,63.29
202334,2022-23,Average patients with influenza in ICU,3,HHS Region,9.0
202334,2022-23,Influenza Hospital Admissions Rate Per 100k,4,HHS Region,0.44
202334,2022-23,Influenza Hospital Admissions,4,HHS Region,296.0
202334,2022-23,Influenza Hospitalization (Avg 7 Day),4,HHS Region,295.43
202334,2022-23,Average patients with influenza in ICU,4,HHS Region,96.86
202334,2022-23,Influenza Hospital Admissions Rate Per 100k,5,HHS Region,0.1
202334,2022-23,Influenza Hospital Admissions,5,HHS Region,53.0
202334,2022-23,Influenza Hospitalization (Avg 7 Day),5,HHS Region,78.43
202334,2022-23,Average patients with influenza in ICU,5,HHS Region,10.0
202334,2022-23,Influenza Hospital Admissions Rate Per 100k,6,HHS Region,0.32
202334,2022-23,Influenza Hospital Admissions,6,HHS Region,136.0
202334,2022-23,Influenza Hospitalization (Avg 7 Day),6,HHS Region,85.14
202334,2022-23,Average patients with influenza in ICU,6,HHS Region,14.14
202334,2022-23,Influenza Hospital Admissions Rate Per 100k,7,HHS Region,0.1
202334,2022-23,Influenza Hospital Admissions,7,HHS Region,14.0
202334,2022-23,Influenza Hospitalization (Avg 7 Day),7,HHS Region,12.71
202334,2022-23,Average patients with influenza in ICU,7,HHS Region,3.0
202334,2022-23,Influenza Hospital Admissions Rate Per 100k,8,HHS Region,0.05
202334,2022-23,Influenza Hospital Admissions,8,HHS Region,6.0
202334,2022-23,Influenza Hospitalization (Avg 7 Day),8,HHS Region,6.86
202334,2022-23,Average patients with influenza in ICU,8,HHS Region,0.14
202334,2022-23,Influenza Hospital Admissions Rate Per 100k,9,HHS Region,0.11
202334,2022-23,Influenza Hospital Admissions,9,HHS Region,58.0
202334,2022-23,Influenza Hospitalization (Avg 7 Day),9,HHS Region,44.86
202334,2022-23,Average patients with influenza in ICU,9,HHS Region,5.0
202334,2022-23,Influenza Hospital Admissions Rate Per 100k,10,HHS Region,0.17
202334,2022-23,Influenza Hospital Admissions,10,HHS Region,24.0
202334,2022-23,Influenza Hospitalization (Avg 7 Day),10,HHS Region,17.71
202334,2022-23,Average patients with influenza in ICU,10,HHS Region,1.0
202241,2022-23,Average patients with influenza in ICU,1,HHS Region,1.86
202241,2022-23,Influenza Hospital Admissions Rate Per 100k,2,HHS Region,0.41
202241,2022-23,Influenza Hospital Admissions,2,HHS Region,128.0
202241,2022-23,Influenza Hospitalization (Avg 7 Day),2,HHS Region,82.57
202241,2022-23,Average patients with influenza in ICU,2,HHS Region,7.0
202242,2022-23,Influenza Hospital Admissions Rate Per 100k,8,HHS Region,0.29
202248,2022-23,Influenza Hospital Admissions,5,HHS Region,4296.0
202252,2022-23,Average patients with influenza in ICU,9,HHS Region,265.71
202306,2022-23,Average patients with influenza in ICU,6,HHS Region,38.57
202313,2022-23,Influenza Hospital Admissions,9,HHS Region,66.0
202319,2022-23,Average patients with influenza in ICU,6,HHS Region,10.0
202325,2022-23,Influenza Hospitalization (Avg 7 Day),4,HHS Region,292.86
202333,2022-23,Influenza Hospital Admissions,7,HHS Region,15.0
202333,2022-23,Influenza Hospitalization (Avg 7 Day),7,HHS Region,11.29
202333,2022-23,Average patients with influenza in ICU,7,HHS Region,1.86
202333,2022-23,Influenza Hospital Admissions Rate Per 100k,8,HHS Region,0.02
202333,2022-23,Influenza Hospital Admissions,8,HHS Region,3.0
202335,2022-23,Influenza Hospital Admissions Rate Per 100k,1,HHS Region,0.18
202335,2022-23,Influenza Hospital Admissions,1,HHS Region,27.0
202335,2022-23,Influenza Hospitalization (Avg 7 Day),1,HHS Region,19.71
202335,2022-23,Average patients with influenza in ICU,1,HHS Region,3.57
202335,2022-23,Influenza Hospital Admissions Rate Per 100k,2,HHS Region,0.34
202335,2022-23,Influenza Hospitalization (Avg 7 Day),2,HHS Region,79.86
202335,2022-23,Average patients with influenza in ICU,2,HHS Region,7.29
202335,2022-23,Influenza Hospital Admissions Rate Per 100k,3,HHS Region,0.25
202335,2022-23,Influenza Hospital Admissions,3,HHS Region,77.0
202335,2022-23,Influenza Hospitalization (Avg 7 Day),3,HHS Region,61.14
202335,2022-23,Average patients with influenza in ICU,3,HHS Region,9.86
202335,2022-23,Influenza Hospital Admissions Rate Per 100k,4,HHS Region,0.48
202335,2022-23,Influenza Hospital Admissions,4,HHS Region,321.0
202335,2022-23,Influenza Hospitalization (Avg 7 Day),4,HHS Region,287.0
202335,2022-23,Average patients with influenza in ICU,4,HHS Region,109.29
202335,2022-23,Influenza Hospital Admissions Rate Per 100k,5,HHS Region,0.08
202335,2022-23,Influenza Hospital Admissions,5,HHS Region,41.0
202335,2022-23,Influenza Hospitalization (Avg 7 Day),5,HHS Region,60.71
202335,2022-23,Average patients with influenza in ICU,5,HHS Region,5.43
202335,2022-23,Influenza Hospital Admissions Rate Per 100k,6,HHS Region,0.38
202335,2022-23,Influenza Hospital Admissions,6,HHS Region,164.0
202335,2022-23,Influenza Hospitalization (Avg 7 Day),6,HHS Region,86.86
202335,2022-23,Average patients with influenza in ICU,6,HHS Region,12.71
202335,2022-23,Influenza Hospital Admissions Rate Per 100k,7,HHS Region,0.1
202335,2022-23,Influenza Hospital Admissions,7,HHS Region,14.0
202335,2022-23,Influenza Hospitalization (Avg 7 Day),7,HHS Region,11.57
202335,2022-23,Average patients with influenza in ICU,7,HHS Region,2.57
202335,2022-23,Influenza Hospital Admissions Rate Per 100k,8,HHS Region,0.04
202335,2022-23,Influenza Hospital Admissions,8,HHS Region,5.0
202335,2022-23,Influenza Hospitalization (Avg 7 Day),8,HHS Region,6.0
202335,2022-23,Average patients with influenza in ICU,8,HHS Region,0.29
202335,2022-23,Influenza Hospital Admissions Rate Per 100k,9,HHS Region,0.12
202335,2022-23,Influenza Hospital Admissions,9,HHS Region,63.0
202335,2022-23,Influenza Hospitalization (Avg 7 Day),9,HHS Region,51.86
202335,2022-23,Average patients with influenza in ICU,9,HHS Region,4.29
202335,2022-23,Influenza Hospital Admissions Rate Per 100k,10,HHS Region,0.32
202335,2022-23,Influenza Hospital Admissions,10,HHS Region,46.0
202335,2022-23,Influenza Hospitalization (Avg 7 Day),10,HHS Region,25.29
202335,2022-23,Average patients with influenza in ICU,10,HHS Region,2.14
202336,2022-23,Influenza Hospital Admissions Rate Per 100k,1,HHS Region,0.07
202336,2022-23,Influenza Hospital Admissions,1,HHS Region,11.0
202336,2022-23,Influenza Hospitalization (Avg 7 Day),1,HHS Region,15.57
202242,2022-23,Influenza Hospital Admissions,8,HHS Region,36.0
202242,2022-23,Influenza Hospitalization (Avg 7 Day),8,HHS Region,13.86
202242,2022-23,Average patients with influenza in ICU,8,HHS Region,0.29
202242,2022-23,Influenza Hospital Admissions Rate Per 100k,9,HHS Region,0.3
202242,2022-23,Influenza Hospital Admissions,9,HHS Region,155.0
202242,2022-23,Influenza Hospitalization (Avg 7 Day),9,HHS Region,103.57
202242,2022-23,Average patients with influenza in ICU,9,HHS Region,12.86
202242,2022-23,Influenza Hospital Admissions Rate Per 100k,10,HHS Region,0.19
202242,2022-23,Influenza Hospital Admissions,10,HHS Region,28.0
202242,2022-23,Influenza Hospitalization (Avg 7 Day),10,HHS Region,18.0
202242,2022-23,Average patients with influenza in ICU,10,HHS Region,2.0
202243,2022-23,Influenza Hospital Admissions Rate Per 100k,1,HHS Region,0.37
202243,2022-23,Influenza Hospital Admissions,1,HHS Region,55.0
202243,2022-23,Influenza Hospitalization (Avg 7 Day),1,HHS Region,25.86
202243,2022-23,Average patients with influenza in ICU,1,HHS Region,1.86
202243,2022-23,Influenza Hospital Admissions Rate Per 100k,2,HHS Region,0.72
202243,2022-23,Influenza Hospital Admissions,2,HHS Region,226.0
202243,2022-23,Influenza Hospitalization (Avg 7 Day),2,HHS Region,128.57
202243,2022-23,Average patients with influenza in ICU,2,HHS Region,13.14
202243,2022-23,Influenza Hospital Admissions Rate Per 100k,3,HHS Region,1.67
202243,2022-23,Influenza Hospital Admissions,3,HHS Region,516.0
202243,2022-23,Influenza Hospitalization (Avg 7 Day),3,HHS Region,236.57
202243,2022-23,Average patients with influenza in ICU,3,HHS Region,26.0
202243,2022-23,Influenza Hospital Admissions Rate Per 100k,4,HHS Region,2.0
202243,2022-23,Influenza Hospital Admissions,4,HHS Region,1337.0
202243,2022-23,Influenza Hospitalization (Avg 7 Day),4,HHS Region,824.43
202243,2022-23,Average patients with influenza in ICU,4,HHS Region,142.0
202243,2022-23,Influenza Hospital Admissions Rate Per 100k,5,HHS Region,0.79
202243,2022-23,Influenza Hospital Admissions,5,HHS Region,414.0
202243,2022-23,Influenza Hospitalization (Avg 7 Day),5,HHS Region,218.71
202243,2022-23,Average patients with influenza in ICU,5,HHS Region,26.14
202243,2022-23,Influenza Hospital Admissions Rate Per 100k,6,HHS Region,2.46
202243,2022-23,Influenza Hospital Admissions,6,HHS Region,1050.0
202243,2022-23,Influenza Hospitalization (Avg 7 Day),6,HHS Region,446.29
202243,2022-23,Average patients with influenza in ICU,6,HHS Region,72.43
202243,2022-23,Influenza Hospital Admissions Rate Per 100k,7,HHS Region,0.68
202243,2022-23,Influenza Hospital Admissions,7,HHS Region,96.0
202243,2022-23,Influenza Hospitalization (Avg 7 Day),7,HHS Region,74.86
202243,2022-23,Average patients with influenza in ICU,7,HHS Region,16.86
202243,2022-23,Influenza Hospital Admissions Rate Per 100k,8,HHS Region,0.46
202243,2022-23,Influenza Hospital Admissions,8,HHS Region,57.0
202243,2022-23,Influenza Hospitalization (Avg 7 Day),8,HHS Region,23.14
202243,2022-23,Average patients with influenza in ICU,8,HHS Region,2.57
202243,2022-23,Influenza Hospital Admissions Rate Per 100k,9,HHS Region,0.46
202243,2022-23,Influenza Hospital Admissions,9,HHS Region,238.0
202243,2022-23,Influenza Hospitalization (Avg 7 Day),9,HHS Region,130.43
202243,2022-23,Average patients with influenza in ICU,9,HHS Region,17.57
202243,2022-23,Influenza Hospital Admissions Rate Per 100k,10,HHS Region,0.3
202243,2022-23,Influenza Hospital Admissions,10,HHS Region,43.0
202243,2022-23,Influenza Hospitalization (Avg 7 Day),10,HHS Region,28.71
202243,2022-23,Average patients with influenza in ICU,10,HHS Region,2.86
202244,2022-23,Influenza Hospital Admissions Rate Per 100k,1,HHS Region,0.52
202244,2022-23,Influenza Hospital Admissions,1,HHS Region,77.0
202244,2022-23,Influenza Hospitalization (Avg 7 Day),1,HHS Region,43.14
202244,2022-23,Average patients with influenza in ICU,1,HHS Region,4.86
202246,2022-23,Influenza Hospital Admissions Rate Per 100k,10,HHS Region,3.0
202246,2022-23,Influenza Hospital Admissions,10,HHS Region,431.0
202246,2022-23,Influenza Hospitalization (Avg 7 Day),10,HHS Region,220.14
202246,2022-23,Average patients with influenza in ICU,10,HHS Region,17.43
202332,2022-23,Influenza Hospitalization (Avg 7 Day),3,HHS Region,44.14
202332,2022-23,Average patients with influenza in ICU,3,HHS Region,4.43
202332,2022-23,Influenza Hospital Admissions Rate Per 100k,4,HHS Region,0.37
202332,2022-23,Influenza Hospital Admissions,4,HHS Region,249.0
202332,2022-23,Influenza Hospitalization (Avg 7 Day),4,HHS Region,260.43
202332,2022-23,Influenza Hospital Admissions Rate Per 100k,5,HHS Region,0.09
202332,2022-23,Influenza Hospital Admissions,5,HHS Region,48.0
202332,2022-23,Influenza Hospitalization (Avg 7 Day),5,HHS Region,77.0
202332,2022-23,Average patients with influenza in ICU,5,HHS Region,6.14
202332,2022-23,Influenza Hospital Admissions Rate Per 100k,6,HHS Region,0.35
202332,2022-23,Influenza Hospital Admissions,6,HHS Region,148.0
202332,2022-23,Influenza Hospitalization (Avg 7 Day),6,HHS Region,76.0
202332,2022-23,Average patients with influenza in ICU,6,HHS Region,12.14
202332,2022-23,Influenza Hospital Admissions Rate Per 100k,7,HHS Region,0.08
202332,2022-23,Influenza Hospital Admissions,7,HHS Region,12.0
202332,2022-23,Influenza Hospitalization (Avg 7 Day),7,HHS Region,10.0
202332,2022-23,Average patients with influenza in ICU,7,HHS Region,2.14
202332,2022-23,Influenza Hospital Admissions Rate Per 100k,8,HHS Region,0.04
202332,2022-23,Influenza Hospital Admissions,8,HHS Region,5.0
202332,2022-23,Influenza Hospitalization (Avg 7 Day),8,HHS Region,6.29
202332,2022-23,Average patients with influenza in ICU,8,HHS Region,0.29
202332,2022-23,Influenza Hospital Admissions Rate Per 100k,9,HHS Region,0.11
202332,2022-23,Influenza Hospital Admissions,9,HHS Region,55.0
202332,2022-23,Influenza Hospitalization (Avg 7 Day),9,HHS Region,53.86
202332,2022-23,Average patients with influenza in ICU,9,HHS Region,8.57
202332,2022-23,Influenza Hospital Admissions Rate Per 100k,10,HHS Region,0.17
202332,2022-23,Influenza Hospital Admissions,10,HHS Region,25.0
202332,2022-23,Influenza Hospitalization (Avg 7 Day),10,HHS Region,22.29
202332,2022-23,Average patients with influenza in ICU,10,HHS Region,0.57
202333,2022-23,Influenza Hospital Admissions Rate Per 100k,1,HHS Region,0.08
202333,2022-23,Influenza Hospital Admissions,1,HHS Region,12.0
202333,2022-23,Influenza Hospitalization (Avg 7 Day),1,HHS Region,9.57
202333,2022-23,Average patients with influenza in ICU,1,HHS Region,2.0
202333,2022-23,Influenza Hospital Admissions Rate Per 100k,2,HHS Region,0.17
202333,2022-23,Influenza Hospital Admissions,2,HHS Region,55.0
202333,2022-23,Influenza Hospitalization (Avg 7 Day),2,HHS Region,52.57
202333,2022-23,Average patients with influenza in ICU,2,HHS Region,4.71
202333,2022-23,Influenza Hospital Admissions Rate Per 100k,3,HHS Region,0.29
202333,2022-23,Influenza Hospital Admissions,3,HHS Region,89.0
202333,2022-23,Influenza Hospitalization (Avg 7 Day),3,HHS Region,58.86
202333,2022-23,Average patients with influenza in ICU,3,HHS Region,6.57
202333,2022-23,Influenza Hospital Admissions Rate Per 100k,4,HHS Region,0.42
202333,2022-23,Influenza Hospital Admissions,4,HHS Region,280.0
202333,2022-23,Influenza Hospitalization (Avg 7 Day),4,HHS Region,283.43
202333,2022-23,Average patients with influenza in ICU,4,HHS Region,96.29
202333,2022-23,Influenza Hospital Admissions Rate Per 100k,5,HHS Region,0.07
202333,2022-23,Influenza Hospital Admissions,5,HHS Region,39.0
202333,2022-23,Influenza Hospitalization (Avg 7 Day),5,HHS Region,65.43
202333,2022-23,Average patients with influenza in ICU,5,HHS Region,6.14
202333,2022-23,Influenza Hospital Admissions Rate Per 100k,6,HHS Region,0.38
202333,2022-23,Influenza Hospital Admissions,6,HHS Region,164.0
202333,2022-23,Influenza Hospitalization (Avg 7 Day),6,HHS Region,84.29
202333,2022-23,Average patients with influenza in ICU,6,HHS Region,15.29
202333,2022-23,Influenza Hospital Admissions Rate Per 100k,7,HHS Region,0.11
202248,2022-23,Influenza Hospitalization (Avg 7 Day),5,HHS Region,2520.57
202248,2022-23,Average patients with influenza in ICU,5,HHS Region,349.14
202248,2022-23,Influenza Hospital Admissions Rate Per 100k,6,HHS Region,9.46
202248,2022-23,Influenza Hospital Admissions,6,HHS Region,4041.0
202248,2022-23,Influenza Hospitalization (Avg 7 Day),6,HHS Region,1842.57
202248,2022-23,Average patients with influenza in ICU,6,HHS Region,317.43
202248,2022-23,Influenza Hospital Admissions Rate Per 100k,7,HHS Region,10.37
202248,2022-23,Influenza Hospital Admissions,7,HHS Region,1467.0
202248,2022-23,Influenza Hospitalization (Avg 7 Day),7,HHS Region,819.57
202248,2022-23,Average patients with influenza in ICU,7,HHS Region,126.86
202248,2022-23,Influenza Hospital Admissions Rate Per 100k,8,HHS Region,3.61
202248,2022-23,Influenza Hospital Admissions,8,HHS Region,442.0
202248,2022-23,Influenza Hospitalization (Avg 7 Day),8,HHS Region,353.57
202248,2022-23,Average patients with influenza in ICU,8,HHS Region,37.14
202248,2022-23,Influenza Hospital Admissions Rate Per 100k,9,HHS Region,7.78
202248,2022-23,Influenza Hospital Admissions,9,HHS Region,3991.0
202248,2022-23,Influenza Hospitalization (Avg 7 Day),9,HHS Region,2375.57
202248,2022-23,Average patients with influenza in ICU,9,HHS Region,278.43
202248,2022-23,Influenza Hospital Admissions Rate Per 100k,10,HHS Region,10.38
202248,2022-23,Influenza Hospital Admissions,10,HHS Region,1491.0
202248,2022-23,Influenza Hospitalization (Avg 7 Day),10,HHS Region,813.14
202248,2022-23,Average patients with influenza in ICU,10,HHS Region,94.14
202249,2022-23,Influenza Hospital Admissions Rate Per 100k,1,HHS Region,8.25
202249,2022-23,Influenza Hospital Admissions,1,HHS Region,1225.0
202249,2022-23,Influenza Hospitalization (Avg 7 Day),1,HHS Region,828.57
202249,2022-23,Average patients with influenza in ICU,1,HHS Region,77.57
202249,2022-23,Influenza Hospital Admissions Rate Per 100k,2,HHS Region,7.29
202249,2022-23,Influenza Hospital Admissions,2,HHS Region,2301.0
202249,2022-23,Influenza Hospitalization (Avg 7 Day),2,HHS Region,1528.57
202249,2022-23,Average patients with influenza in ICU,2,HHS Region,204.86
202249,2022-23,Influenza Hospital Admissions Rate Per 100k,3,HHS Region,7.08
202249,2022-23,Influenza Hospital Admissions,3,HHS Region,2185.0
202249,2022-23,Influenza Hospitalization (Avg 7 Day),3,HHS Region,1678.14
202249,2022-23,Average patients with influenza in ICU,3,HHS Region,238.14
202249,2022-23,Influenza Hospital Admissions Rate Per 100k,4,HHS Region,4.59
202249,2022-23,Influenza Hospital Admissions,4,HHS Region,3071.0
202249,2022-23,Influenza Hospitalization (Avg 7 Day),4,HHS Region,2679.29
202249,2022-23,Average patients with influenza in ICU,4,HHS Region,419.29
202249,2022-23,Influenza Hospital Admissions Rate Per 100k,5,HHS Region,8.01
202249,2022-23,Influenza Hospital Admissions,5,HHS Region,4210.0
202249,2022-23,Influenza Hospitalization (Avg 7 Day),5,HHS Region,2783.14
202249,2022-23,Average patients with influenza in ICU,5,HHS Region,421.14
202249,2022-23,Influenza Hospital Admissions Rate Per 100k,6,HHS Region,8.4
202249,2022-23,Influenza Hospital Admissions,6,HHS Region,3590.0
202249,2022-23,Influenza Hospitalization (Avg 7 Day),6,HHS Region,1757.57
202249,2022-23,Average patients with influenza in ICU,6,HHS Region,328.14
202249,2022-23,Influenza Hospital Admissions Rate Per 100k,7,HHS Region,10.17
202249,2022-23,Influenza Hospital Admissions,7,HHS Region,1438.0
202249,2022-23,Influenza Hospitalization (Avg 7 Day),7,HHS Region,921.57
202249,2022-23,Average patients with influenza in ICU,7,HHS Region,153.71
202249,2022-23,Influenza Hospital Admissions Rate Per 100k,8,HHS Region,4.49
202249,2022-23,Influenza Hospital Admissions,8,HHS Region,551.0
202249,2022-23,Influenza Hospitalization (Avg 7 Day),8,HHS Region,408.71
202249,2022-23,Average patients with influenza in ICU,8,HHS Region,39.43
202249,2022-23,Influenza Hospital Admissions Rate Per 100k,9,HHS Region,6.35
202249,2022-23,Influenza Hospital Admissions,9,HHS Region,3258.0
202249,2022-23,Influenza Hospitalization (Avg 7 Day),9,HHS Region,2437.71
202249,2022-23,Average patients with influenza in ICU,9,HHS Region,311.71
202249,2022-23,Influenza Hospital Admissions Rate Per 100k,10,HHS Region,10.86
202252,2022-23,Influenza Hospital Admissions Rate Per 100k,10,HHS Region,6.96
202252,2022-23,Influenza Hospital Admissions,10,HHS Region,999.0
202252,2022-23,Influenza Hospitalization (Avg 7 Day),10,HHS Region,705.0
202252,2022-23,Average patients with influenza in ICU,10,HHS Region,92.43
202301,2022-23,Influenza Hospital Admissions Rate Per 100k,1,HHS Region,6.6
202301,2022-23,Influenza Hospital Admissions,1,HHS Region,980.0
202301,2022-23,Influenza Hospitalization (Avg 7 Day),1,HHS Region,1049.71
202301,2022-23,Average patients with influenza in ICU,1,HHS Region,123.14
202301,2022-23,Influenza Hospital Admissions Rate Per 100k,2,HHS Region,4.27
202301,2022-23,Influenza Hospital Admissions,2,HHS Region,1347.0
202301,2022-23,Influenza Hospitalization (Avg 7 Day),2,HHS Region,1310.29
202301,2022-23,Average patients with influenza in ICU,2,HHS Region,182.29
202301,2022-23,Influenza Hospital Admissions Rate Per 100k,3,HHS Region,4.56
202301,2022-23,Influenza Hospital Admissions,3,HHS Region,1406.0
202301,2022-23,Influenza Hospitalization (Avg 7 Day),3,HHS Region,1208.71
202301,2022-23,Average patients with influenza in ICU,3,HHS Region,169.29
202301,2022-23,Influenza Hospital Admissions Rate Per 100k,4,HHS Region,3.55
202301,2022-23,Influenza Hospital Admissions,4,HHS Region,2372.0
202301,2022-23,Influenza Hospitalization (Avg 7 Day),4,HHS Region,1979.29
202301,2022-23,Average patients with influenza in ICU,4,HHS Region,319.0
202301,2022-23,Influenza Hospital Admissions Rate Per 100k,5,HHS Region,4.58
202301,2022-23,Influenza Hospital Admissions,5,HHS Region,2409.0
202301,2022-23,Influenza Hospitalization (Avg 7 Day),5,HHS Region,2282.43
202301,2022-23,Average patients with influenza in ICU,5,HHS Region,391.43
202301,2022-23,Influenza Hospital Admissions Rate Per 100k,6,HHS Region,5.26
202301,2022-23,Influenza Hospital Admissions,6,HHS Region,2247.0
202301,2022-23,Influenza Hospitalization (Avg 7 Day),6,HHS Region,1151.71
202301,2022-23,Average patients with influenza in ICU,6,HHS Region,240.86
202301,2022-23,Influenza Hospital Admissions Rate Per 100k,7,HHS Region,5.97
202301,2022-23,Influenza Hospital Admissions,7,HHS Region,844.0
202301,2022-23,Influenza Hospitalization (Avg 7 Day),7,HHS Region,718.86
202301,2022-23,Average patients with influenza in ICU,7,HHS Region,118.86
202301,2022-23,Influenza Hospital Admissions Rate Per 100k,8,HHS Region,3.7
202301,2022-23,Influenza Hospital Admissions,8,HHS Region,453.0
202301,2022-23,Influenza Hospitalization (Avg 7 Day),8,HHS Region,370.29
202301,2022-23,Average patients with influenza in ICU,8,HHS Region,53.86
202301,2022-23,Influenza Hospital Admissions Rate Per 100k,9,HHS Region,2.72
202301,2022-23,Influenza Hospital Admissions,9,HHS Region,1395.0
202301,2022-23,Influenza Hospitalization (Avg 7 Day),9,HHS Region,1384.86
202301,2022-23,Average patients with influenza in ICU,9,HHS Region,214.71
202301,2022-23,Influenza Hospital Admissions Rate Per 100k,10,HHS Region,3.62
202301,2022-23,Influenza Hospital Admissions,10,HHS Region,520.0
202301,2022-23,Influenza Hospitalization (Avg 7 Day),10,HHS Region,507.43
202301,2022-23,Average patients with influenza in ICU,10,HHS Region,66.57
202302,2022-23,Influenza Hospital Admissions Rate Per 100k,1,HHS Region,3.06
202302,2022-23,Influenza Hospital Admissions,1,HHS Region,455.0
202302,2022-23,Influenza Hospitalization (Avg 7 Day),1,HHS Region,582.43
202302,2022-23,Average patients with influenza in ICU,1,HHS Region,70.86
202302,2022-23,Influenza Hospital Admissions Rate Per 100k,2,HHS Region,2.42
202302,2022-23,Influenza Hospital Admissions,2,HHS Region,765.0
202302,2022-23,Influenza Hospitalization (Avg 7 Day),2,HHS Region,845.14
202302,2022-23,Average patients with influenza in ICU,2,HHS Region,129.57
202302,2022-23,Influenza Hospital Admissions Rate Per 100k,3,HHS Region,2.39
202302,2022-23,Influenza Hospital Admissions,3,HHS Region,736.0
202302,2022-23,Influenza Hospitalization (Avg 7 Day),3,HHS Region,753.14
202251,2022-23,Influenza Hospitalization (Avg 7 Day),3,HHS Region,1272.29
202251,2022-23,Average patients with influenza in ICU,3,HHS Region,193.0
202251,2022-23,Influenza Hospital Admissions Rate Per 100k,4,HHS Region,3.49
202251,2022-23,Influenza Hospital Admissions,4,HHS Region,2333.0
202251,2022-23,Influenza Hospitalization (Avg 7 Day),4,HHS Region,1703.57
202302,2022-23,Average patients with influenza in ICU,3,HHS Region,122.0
202331,2022-23,Influenza Hospital Admissions Rate Per 100k,1,HHS Region,0.09
202331,2022-23,Influenza Hospital Admissions,1,HHS Region,13.0
202331,2022-23,Influenza Hospitalization (Avg 7 Day),1,HHS Region,12.43
202331,2022-23,Average patients with influenza in ICU,1,HHS Region,5.0
202331,2022-23,Influenza Hospital Admissions Rate Per 100k,2,HHS Region,0.23
202331,2022-23,Influenza Hospital Admissions,2,HHS Region,73.0
202331,2022-23,Influenza Hospitalization (Avg 7 Day),2,HHS Region,49.29
202331,2022-23,Average patients with influenza in ICU,2,HHS Region,7.14
202331,2022-23,Influenza Hospital Admissions Rate Per 100k,3,HHS Region,0.29
202331,2022-23,Influenza Hospital Admissions,3,HHS Region,90.0
202331,2022-23,Influenza Hospitalization (Avg 7 Day),3,HHS Region,47.0
202331,2022-23,Average patients with influenza in ICU,3,HHS Region,8.0
202331,2022-23,Influenza Hospital Admissions Rate Per 100k,4,HHS Region,0.34
202331,2022-23,Influenza Hospital Admissions,4,HHS Region,228.0
202331,2022-23,Influenza Hospitalization (Avg 7 Day),4,HHS Region,252.0
202331,2022-23,Average patients with influenza in ICU,4,HHS Region,94.29
202331,2022-23,Influenza Hospital Admissions Rate Per 100k,5,HHS Region,0.07
202331,2022-23,Influenza Hospital Admissions,5,HHS Region,35.0
202331,2022-23,Influenza Hospitalization (Avg 7 Day),5,HHS Region,58.0
202331,2022-23,Average patients with influenza in ICU,5,HHS Region,5.57
202331,2022-23,Influenza Hospital Admissions Rate Per 100k,6,HHS Region,0.29
202331,2022-23,Influenza Hospital Admissions,6,HHS Region,125.0
202331,2022-23,Influenza Hospitalization (Avg 7 Day),6,HHS Region,102.43
202331,2022-23,Average patients with influenza in ICU,6,HHS Region,10.71
202331,2022-23,Influenza Hospital Admissions Rate Per 100k,7,HHS Region,0.05
202331,2022-23,Influenza Hospital Admissions,7,HHS Region,7.0
202331,2022-23,Influenza Hospitalization (Avg 7 Day),7,HHS Region,10.14
202331,2022-23,Average patients with influenza in ICU,7,HHS Region,3.29
202331,2022-23,Influenza Hospital Admissions Rate Per 100k,8,HHS Region,0.05
202331,2022-23,Influenza Hospital Admissions,8,HHS Region,6.0
202331,2022-23,Influenza Hospitalization (Avg 7 Day),8,HHS Region,3.86
202331,2022-23,Average patients with influenza in ICU,8,HHS Region,0.14
202331,2022-23,Influenza Hospital Admissions Rate Per 100k,9,HHS Region,0.13
202331,2022-23,Influenza Hospital Admissions,9,HHS Region,67.0
202331,2022-23,Influenza Hospitalization (Avg 7 Day),9,HHS Region,59.29
202331,2022-23,Average patients with influenza in ICU,9,HHS Region,9.14
202331,2022-23,Influenza Hospital Admissions Rate Per 100k,10,HHS Region,0.19
202331,2022-23,Influenza Hospital Admissions,10,HHS Region,27.0
202331,2022-23,Influenza Hospitalization (Avg 7 Day),10,HHS Region,20.71
202331,2022-23,Average patients with influenza in ICU,10,HHS Region,0.0
202332,2022-23,Influenza Hospital Admissions Rate Per 100k,1,HHS Region,0.12
202332,2022-23,Influenza Hospital Admissions,1,HHS Region,18.0
202332,2022-23,Influenza Hospitalization (Avg 7 Day),1,HHS Region,10.57
202332,2022-23,Average patients with influenza in ICU,1,HHS Region,3.57
202332,2022-23,Influenza Hospital Admissions Rate Per 100k,2,HHS Region,0.2
202332,2022-23,Influenza Hospital Admissions,2,HHS Region,63.0
202332,2022-23,Influenza Hospitalization (Avg 7 Day),2,HHS Region,52.43
202332,2022-23,Average patients with influenza in ICU,2,HHS Region,6.29
202332,2022-23,Influenza Hospital Admissions Rate Per 100k,3,HHS Region,0.25
202332,2022-23,Influenza Hospital Admissions,3,HHS Region,76.0
202302,2022-23,Influenza Hospital Admissions Rate Per 100k,4,HHS Region,2.0
202302,2022-23,Influenza Hospital Admissions,4,HHS Region,1338.0
202302,2022-23,Influenza Hospitalization (Avg 7 Day),4,HHS Region,1373.57
202302,2022-23,Average patients with influenza in ICU,4,HHS Region,241.29
202302,2022-23,Influenza Hospital Admissions Rate Per 100k,5,HHS Region,2.05
202302,2022-23,Influenza Hospital Admissions,5,HHS Region,1078.0
202302,2022-23,Influenza Hospitalization (Avg 7 Day),5,HHS Region,1297.43
202302,2022-23,Average patients with influenza in ICU,5,HHS Region,230.0
202302,2022-23,Influenza Hospital Admissions Rate Per 100k,6,HHS Region,2.99
202302,2022-23,Influenza Hospital Admissions,6,HHS Region,1277.0
202302,2022-23,Influenza Hospitalization (Avg 7 Day),6,HHS Region,772.57
202302,2022-23,Average patients with influenza in ICU,6,HHS Region,166.57
202302,2022-23,Influenza Hospital Admissions Rate Per 100k,7,HHS Region,2.87
202302,2022-23,Influenza Hospital Admissions,7,HHS Region,406.0
202302,2022-23,Influenza Hospitalization (Avg 7 Day),7,HHS Region,410.57
202302,2022-23,Average patients with influenza in ICU,7,HHS Region,75.71
202302,2022-23,Influenza Hospital Admissions Rate Per 100k,8,HHS Region,1.98
202302,2022-23,Influenza Hospital Admissions,8,HHS Region,243.0
202302,2022-23,Influenza Hospitalization (Avg 7 Day),8,HHS Region,228.0
202302,2022-23,Average patients with influenza in ICU,8,HHS Region,30.29
202302,2022-23,Influenza Hospital Admissions Rate Per 100k,9,HHS Region,1.17
202302,2022-23,Influenza Hospital Admissions,9,HHS Region,601.0
202302,2022-23,Influenza Hospitalization (Avg 7 Day),9,HHS Region,812.29
202302,2022-23,Average patients with influenza in ICU,9,HHS Region,136.71
202302,2022-23,Influenza Hospital Admissions Rate Per 100k,10,HHS Region,1.8
202302,2022-23,Influenza Hospital Admissions,10,HHS Region,259.0
202302,2022-23,Influenza Hospitalization (Avg 7 Day),10,HHS Region,311.57
202302,2022-23,Average patients with influenza in ICU,10,HHS Region,43.86
202303,2022-23,Influenza Hospital Admissions Rate Per 100k,1,HHS Region,1.65
202303,2022-23,Influenza Hospital Admissions,1,HHS Region,245.0
202303,2022-23,Influenza Hospitalization (Avg 7 Day),1,HHS Region,311.0
202303,2022-23,Average patients with influenza in ICU,1,HHS Region,42.43
202303,2022-23,Influenza Hospital Admissions Rate Per 100k,2,HHS Region,1.42
202303,2022-23,Influenza Hospital Admissions,2,HHS Region,448.0
202303,2022-23,Influenza Hospitalization (Avg 7 Day),2,HHS Region,565.43
202303,2022-23,Average patients with influenza in ICU,2,HHS Region,83.86
202303,2022-23,Influenza Hospital Admissions Rate Per 100k,3,HHS Region,1.52
202303,2022-23,Influenza Hospital Admissions,3,HHS Region,470.0
202303,2022-23,Influenza Hospitalization (Avg 7 Day),3,HHS Region,429.0
202303,2022-23,Average patients with influenza in ICU,3,HHS Region,89.71
202303,2022-23,Influenza Hospital Admissions Rate Per 100k,4,HHS Region,1.51
202303,2022-23,Influenza Hospital Admissions,4,HHS Region,1007.0
202303,2022-23,Influenza Hospitalization (Avg 7 Day),4,HHS Region,960.43
202303,2022-23,Average patients with influenza in ICU,4,HHS Region,180.29
202303,2022-23,Influenza Hospital Admissions Rate Per 100k,5,HHS Region,1.12
202303,2022-23,Influenza Hospital Admissions,5,HHS Region,587.0
202303,2022-23,Influenza Hospitalization (Avg 7 Day),5,HHS Region,702.43
202303,2022-23,Average patients with influenza in ICU,5,HHS Region,120.29
202303,2022-23,Influenza Hospital Admissions Rate Per 100k,6,HHS Region,1.95
202303,2022-23,Influenza Hospital Admissions,6,HHS Region,832.0
202303,2022-23,Influenza Hospitalization (Avg 7 Day),6,HHS Region,525.0
202303,2022-23,Average patients with influenza in ICU,6,HHS Region,104.29
202303,2022-23,Influenza Hospital Admissions Rate Per 100k,7,HHS Region,1.69
202303,2022-23,Influenza Hospital Admissions,7,HHS Region,239.0
202303,2022-23,Influenza Hospitalization (Avg 7 Day),7,HHS Region,257.14
202303,2022-23,Average patients with influenza in ICU,7,HHS Region,42.57
202303,2022-23,Influenza Hospital Admissions Rate Per 100k,8,HHS Region,1.04
202303,2022-23,Influenza Hospital Admissions,8,HHS Region,127.0
202303,2022-23,Influenza Hospitalization (Avg 7 Day),8,HHS Region,128.14
202306,2022-23,Influenza Hospital Admissions Rate Per 100k,7,HHS Region,0.47
202306,2022-23,Influenza Hospital Admissions,7,HHS Region,67.0
202306,2022-23,Influenza Hospitalization (Avg 7 Day),7,HHS Region,62.43
202306,2022-23,Average patients with influenza in ICU,7,HHS Region,10.14
202306,2022-23,Influenza Hospital Admissions Rate Per 100k,8,HHS Region,0.51
202306,2022-23,Influenza Hospital Admissions,8,HHS Region,63.0
202306,2022-23,Influenza Hospitalization (Avg 7 Day),8,HHS Region,53.29
202306,2022-23,Average patients with influenza in ICU,8,HHS Region,11.43
202306,2022-23,Influenza Hospital Admissions Rate Per 100k,9,HHS Region,0.33
202306,2022-23,Influenza Hospital Admissions,9,HHS Region,171.0
202306,2022-23,Influenza Hospitalization (Avg 7 Day),9,HHS Region,233.57
202306,2022-23,Average patients with influenza in ICU,9,HHS Region,35.43
202306,2022-23,Influenza Hospital Admissions Rate Per 100k,10,HHS Region,0.41
202306,2022-23,Influenza Hospital Admissions,10,HHS Region,59.0
202306,2022-23,Influenza Hospitalization (Avg 7 Day),10,HHS Region,79.43
202306,2022-23,Average patients with influenza in ICU,10,HHS Region,8.0
202307,2022-23,Influenza Hospital Admissions Rate Per 100k,1,HHS Region,0.44
202307,2022-23,Influenza Hospital Admissions,1,HHS Region,65.0
202307,2022-23,Influenza Hospitalization (Avg 7 Day),1,HHS Region,79.0
202307,2022-23,Average patients with influenza in ICU,1,HHS Region,10.71
202307,2022-23,Influenza Hospital Admissions Rate Per 100k,2,HHS Region,0.55
202307,2022-23,Influenza Hospital Admissions,2,HHS Region,175.0
202307,2022-23,Influenza Hospitalization (Avg 7 Day),2,HHS Region,164.57
202307,2022-23,Average patients with influenza in ICU,2,HHS Region,26.0
202307,2022-23,Influenza Hospital Admissions Rate Per 100k,3,HHS Region,0.94
202307,2022-23,Influenza Hospital Admissions,3,HHS Region,289.0
202307,2022-23,Influenza Hospitalization (Avg 7 Day),3,HHS Region,153.71
202307,2022-23,Average patients with influenza in ICU,3,HHS Region,22.29
202307,2022-23,Influenza Hospital Admissions Rate Per 100k,4,HHS Region,0.79
202307,2022-23,Influenza Hospital Admissions,4,HHS Region,527.0
202307,2022-23,Influenza Hospitalization (Avg 7 Day),4,HHS Region,501.71
202307,2022-23,Average patients with influenza in ICU,4,HHS Region,126.14
202307,2022-23,Influenza Hospital Admissions Rate Per 100k,5,HHS Region,0.36
202307,2022-23,Influenza Hospital Admissions,5,HHS Region,189.0
202307,2022-23,Influenza Hospitalization (Avg 7 Day),5,HHS Region,175.71
202307,2022-23,Average patients with influenza in ICU,5,HHS Region,29.86
202307,2022-23,Influenza Hospital Admissions Rate Per 100k,6,HHS Region,0.81
202307,2022-23,Influenza Hospital Admissions,6,HHS Region,345.0
202307,2022-23,Influenza Hospitalization (Avg 7 Day),6,HHS Region,217.29
202307,2022-23,Average patients with influenza in ICU,6,HHS Region,33.71
202307,2022-23,Influenza Hospital Admissions Rate Per 100k,7,HHS Region,0.42
202307,2022-23,Influenza Hospital Admissions,7,HHS Region,60.0
202307,2022-23,Influenza Hospitalization (Avg 7 Day),7,HHS Region,63.0
202307,2022-23,Average patients with influenza in ICU,7,HHS Region,10.14
202307,2022-23,Influenza Hospital Admissions Rate Per 100k,8,HHS Region,0.44
202307,2022-23,Influenza Hospital Admissions,8,HHS Region,54.0
202307,2022-23,Influenza Hospitalization (Avg 7 Day),8,HHS Region,43.29
202307,2022-23,Average patients with influenza in ICU,8,HHS Region,4.29
202307,2022-23,Influenza Hospital Admissions Rate Per 100k,9,HHS Region,0.25
202307,2022-23,Influenza Hospital Admissions,9,HHS Region,126.0
202307,2022-23,Influenza Hospitalization (Avg 7 Day),9,HHS Region,162.0
202307,2022-23,Average patients with influenza in ICU,9,HHS Region,25.14
202307,2022-23,Influenza Hospital Admissions Rate Per 100k,10,HHS Region,0.31
202307,2022-23,Influenza Hospital Admissions,10,HHS Region,44.0
202307,2022-23,Influenza Hospitalization (Avg 7 Day),10,HHS Region,56.71
202307,2022-23,Average patients with influenza in ICU,10,HHS Region,4.0
202313,2022-23,Influenza Hospitalization (Avg 7 Day),9,HHS Region,74.71
202313,2022-23,Average patients with influenza in ICU,9,HHS Region,10.14
202313,2022-23,Influenza Hospital Admissions Rate Per 100k,10,HHS Region,0.28
202313,2022-23,Influenza Hospital Admissions,10,HHS Region,40.0
202313,2022-23,Influenza Hospitalization (Avg 7 Day),10,HHS Region,32.71
202313,2022-23,Average patients with influenza in ICU,10,HHS Region,0.71
202314,2022-23,Influenza Hospital Admissions Rate Per 100k,1,HHS Region,0.28
202314,2022-23,Influenza Hospital Admissions,1,HHS Region,42.0
202314,2022-23,Influenza Hospitalization (Avg 7 Day),1,HHS Region,37.29
202314,2022-23,Average patients with influenza in ICU,1,HHS Region,1.29
202314,2022-23,Influenza Hospital Admissions Rate Per 100k,2,HHS Region,0.46
202314,2022-23,Influenza Hospital Admissions,2,HHS Region,145.0
202314,2022-23,Influenza Hospitalization (Avg 7 Day),2,HHS Region,107.71
202314,2022-23,Average patients with influenza in ICU,2,HHS Region,14.0
202314,2022-23,Influenza Hospital Admissions Rate Per 100k,3,HHS Region,0.46
202314,2022-23,Influenza Hospital Admissions,3,HHS Region,142.0
202314,2022-23,Influenza Hospitalization (Avg 7 Day),3,HHS Region,118.43
202314,2022-23,Average patients with influenza in ICU,3,HHS Region,16.0
202314,2022-23,Influenza Hospital Admissions Rate Per 100k,4,HHS Region,0.55
202314,2022-23,Influenza Hospital Admissions,4,HHS Region,371.0
202314,2022-23,Influenza Hospitalization (Avg 7 Day),4,HHS Region,345.71
202314,2022-23,Average patients with influenza in ICU,4,HHS Region,101.57
202314,2022-23,Influenza Hospital Admissions Rate Per 100k,5,HHS Region,0.2
202314,2022-23,Influenza Hospital Admissions,5,HHS Region,103.0
202314,2022-23,Influenza Hospitalization (Avg 7 Day),5,HHS Region,88.29
202314,2022-23,Average patients with influenza in ICU,5,HHS Region,15.0
202314,2022-23,Influenza Hospital Admissions Rate Per 100k,6,HHS Region,0.43
202314,2022-23,Influenza Hospital Admissions,6,HHS Region,183.0
202314,2022-23,Influenza Hospitalization (Avg 7 Day),6,HHS Region,120.0
202314,2022-23,Average patients with influenza in ICU,6,HHS Region,22.43
202314,2022-23,Influenza Hospital Admissions Rate Per 100k,7,HHS Region,0.28
202314,2022-23,Influenza Hospital Admissions,7,HHS Region,39.0
202314,2022-23,Influenza Hospitalization (Avg 7 Day),7,HHS Region,29.57
202314,2022-23,Average patients with influenza in ICU,7,HHS Region,5.0
202314,2022-23,Influenza Hospital Admissions Rate Per 100k,8,HHS Region,0.24
202314,2022-23,Influenza Hospital Admissions,8,HHS Region,30.0
202314,2022-23,Influenza Hospitalization (Avg 7 Day),8,HHS Region,21.57
202314,2022-23,Average patients with influenza in ICU,8,HHS Region,2.14
202314,2022-23,Influenza Hospital Admissions Rate Per 100k,9,HHS Region,0.18
202314,2022-23,Influenza Hospital Admissions,9,HHS Region,92.0
202314,2022-23,Influenza Hospitalization (Avg 7 Day),9,HHS Region,84.86
202314,2022-23,Average patients with influenza in ICU,9,HHS Region,9.0
202314,2022-23,Influenza Hospital Admissions Rate Per 100k,10,HHS Region,0.26
202314,2022-23,Influenza Hospital Admissions,10,HHS Region,37.0
202314,2022-23,Influenza Hospitalization (Avg 7 Day),10,HHS Region,32.0
202314,2022-23,Average patients with influenza in ICU,10,HHS Region,0.86
202315,2022-23,Influenza Hospital Admissions Rate Per 100k,1,HHS Region,0.15
202315,2022-23,Influenza Hospital Admissions,1,HHS Region,23.0
202315,2022-23,Influenza Hospitalization (Avg 7 Day),1,HHS Region,26.86
202315,2022-23,Average patients with influenza in ICU,1,HHS Region,1.0
202315,2022-23,Influenza Hospital Admissions Rate Per 100k,2,HHS Region,0.48
202315,2022-23,Influenza Hospital Admissions,2,HHS Region,151.0
202315,2022-23,Influenza Hospitalization (Avg 7 Day),2,HHS Region,96.86
202315,2022-23,Average patients with influenza in ICU,2,HHS Region,12.0
202315,2022-23,Influenza Hospital Admissions Rate Per 100k,3,HHS Region,0.4
202305,2022-23,Influenza Hospital Admissions Rate Per 100k,1,HHS Region,0.63
202305,2022-23,Influenza Hospital Admissions,1,HHS Region,94.0
202305,2022-23,Influenza Hospitalization (Avg 7 Day),1,HHS Region,123.0
202315,2022-23,Influenza Hospital Admissions,3,HHS Region,123.0
202329,2022-23,Average patients with influenza in ICU,6,HHS Region,12.29
202329,2022-23,Influenza Hospital Admissions Rate Per 100k,7,HHS Region,0.16
202329,2022-23,Influenza Hospital Admissions,7,HHS Region,23.0
202329,2022-23,Influenza Hospitalization (Avg 7 Day),7,HHS Region,11.71
202329,2022-23,Average patients with influenza in ICU,7,HHS Region,1.0
202329,2022-23,Influenza Hospital Admissions Rate Per 100k,8,HHS Region,0.04
202329,2022-23,Influenza Hospital Admissions,8,HHS Region,5.0
202329,2022-23,Influenza Hospitalization (Avg 7 Day),8,HHS Region,9.57
202329,2022-23,Average patients with influenza in ICU,8,HHS Region,0.43
202329,2022-23,Influenza Hospital Admissions Rate Per 100k,9,HHS Region,0.11
202329,2022-23,Influenza Hospital Admissions,9,HHS Region,54.0
202329,2022-23,Influenza Hospitalization (Avg 7 Day),9,HHS Region,64.14
202329,2022-23,Average patients with influenza in ICU,9,HHS Region,10.43
202329,2022-23,Influenza Hospital Admissions Rate Per 100k,10,HHS Region,0.16
202329,2022-23,Influenza Hospital Admissions,10,HHS Region,23.0
202329,2022-23,Influenza Hospitalization (Avg 7 Day),10,HHS Region,20.14
202329,2022-23,Average patients with influenza in ICU,10,HHS Region,1.71
202330,2022-23,Influenza Hospital Admissions Rate Per 100k,1,HHS Region,0.09
202330,2022-23,Influenza Hospital Admissions,1,HHS Region,13.0
202330,2022-23,Influenza Hospitalization (Avg 7 Day),1,HHS Region,12.86
202330,2022-23,Average patients with influenza in ICU,1,HHS Region,3.57
202330,2022-23,Influenza Hospital Admissions Rate Per 100k,2,HHS Region,0.21
202330,2022-23,Influenza Hospital Admissions,2,HHS Region,65.0
202330,2022-23,Influenza Hospitalization (Avg 7 Day),2,HHS Region,52.43
202330,2022-23,Average patients with influenza in ICU,2,HHS Region,3.71
202330,2022-23,Influenza Hospital Admissions Rate Per 100k,3,HHS Region,0.24
202330,2022-23,Influenza Hospital Admissions,3,HHS Region,73.0
202330,2022-23,Influenza Hospitalization (Avg 7 Day),3,HHS Region,51.29
202330,2022-23,Average patients with influenza in ICU,3,HHS Region,10.86
202330,2022-23,Influenza Hospital Admissions Rate Per 100k,4,HHS Region,0.38
202330,2022-23,Influenza Hospital Admissions,4,HHS Region,251.0
202330,2022-23,Influenza Hospitalization (Avg 7 Day),4,HHS Region,242.57
202330,2022-23,Average patients with influenza in ICU,4,HHS Region,97.14
202330,2022-23,Influenza Hospital Admissions Rate Per 100k,5,HHS Region,0.06
202330,2022-23,Influenza Hospital Admissions,5,HHS Region,32.0
202330,2022-23,Influenza Hospitalization (Avg 7 Day),5,HHS Region,47.14
202330,2022-23,Average patients with influenza in ICU,5,HHS Region,5.57
202330,2022-23,Influenza Hospital Admissions Rate Per 100k,6,HHS Region,0.25
202330,2022-23,Influenza Hospital Admissions,6,HHS Region,108.0
202330,2022-23,Influenza Hospitalization (Avg 7 Day),6,HHS Region,104.14
202330,2022-23,Average patients with influenza in ICU,6,HHS Region,11.57
202330,2022-23,Influenza Hospital Admissions Rate Per 100k,7,HHS Region,0.09
202330,2022-23,Influenza Hospital Admissions,7,HHS Region,13.0
202330,2022-23,Influenza Hospitalization (Avg 7 Day),7,HHS Region,11.0
202330,2022-23,Average patients with influenza in ICU,7,HHS Region,2.86
202330,2022-23,Influenza Hospital Admissions Rate Per 100k,8,HHS Region,0.06
202330,2022-23,Influenza Hospital Admissions,8,HHS Region,7.0
202330,2022-23,Influenza Hospitalization (Avg 7 Day),8,HHS Region,4.71
202330,2022-23,Average patients with influenza in ICU,8,HHS Region,0.0
202330,2022-23,Influenza Hospital Admissions Rate Per 100k,9,HHS Region,0.12
202330,2022-23,Influenza Hospital Admissions,9,HHS Region,62.0
202330,2022-23,Influenza Hospitalization (Avg 7 Day),9,HHS Region,56.29
202308,2022-23,Influenza Hospital Admissions Rate Per 100k,1,HHS Region,0.3
202308,2022-23,Influenza Hospital Admissions,1,HHS Region,44.0
202308,2022-23,Influenza Hospitalization (Avg 7 Day),1,HHS Region,56.71
202308,2022-23,Average patients with influenza in ICU,1,HHS Region,7.86
202308,2022-23,Influenza Hospital Admissions Rate Per 100k,2,HHS Region,0.4
202308,2022-23,Influenza Hospital Admissions,2,HHS Region,126.0
202308,2022-23,Influenza Hospitalization (Avg 7 Day),2,HHS Region,152.29
202308,2022-23,Average patients with influenza in ICU,2,HHS Region,18.71
202308,2022-23,Influenza Hospital Admissions Rate Per 100k,3,HHS Region,0.88
202308,2022-23,Influenza Hospital Admissions,3,HHS Region,272.0
202308,2022-23,Influenza Hospitalization (Avg 7 Day),3,HHS Region,143.43
202308,2022-23,Average patients with influenza in ICU,3,HHS Region,24.0
202308,2022-23,Influenza Hospital Admissions Rate Per 100k,4,HHS Region,0.68
202308,2022-23,Influenza Hospital Admissions,4,HHS Region,457.0
202308,2022-23,Influenza Hospitalization (Avg 7 Day),4,HHS Region,451.71
202308,2022-23,Average patients with influenza in ICU,4,HHS Region,127.57
202308,2022-23,Influenza Hospital Admissions Rate Per 100k,5,HHS Region,0.31
202308,2022-23,Influenza Hospital Admissions,5,HHS Region,163.0
202308,2022-23,Influenza Hospitalization (Avg 7 Day),5,HHS Region,155.71
202308,2022-23,Average patients with influenza in ICU,5,HHS Region,22.57
202308,2022-23,Influenza Hospital Admissions Rate Per 100k,6,HHS Region,0.71
202308,2022-23,Influenza Hospital Admissions,6,HHS Region,304.0
202308,2022-23,Influenza Hospitalization (Avg 7 Day),6,HHS Region,187.29
202308,2022-23,Average patients with influenza in ICU,6,HHS Region,27.86
202308,2022-23,Influenza Hospital Admissions Rate Per 100k,7,HHS Region,0.45
202308,2022-23,Influenza Hospital Admissions,7,HHS Region,63.0
202308,2022-23,Influenza Hospitalization (Avg 7 Day),7,HHS Region,52.86
202308,2022-23,Average patients with influenza in ICU,7,HHS Region,8.14
202308,2022-23,Influenza Hospital Admissions Rate Per 100k,8,HHS Region,0.26
202308,2022-23,Influenza Hospital Admissions,8,HHS Region,32.0
202308,2022-23,Influenza Hospitalization (Avg 7 Day),8,HHS Region,36.43
202308,2022-23,Average patients with influenza in ICU,8,HHS Region,5.86
202308,2022-23,Influenza Hospital Admissions Rate Per 100k,9,HHS Region,0.25
202308,2022-23,Influenza Hospital Admissions,9,HHS Region,127.0
202308,2022-23,Influenza Hospitalization (Avg 7 Day),9,HHS Region,150.0
202308,2022-23,Average patients with influenza in ICU,9,HHS Region,20.71
202308,2022-23,Influenza Hospital Admissions Rate Per 100k,10,HHS Region,0.33
202308,2022-23,Influenza Hospital Admissions,10,HHS Region,48.0
202308,2022-23,Influenza Hospitalization (Avg 7 Day),10,HHS Region,54.43
202308,2022-23,Average patients with influenza in ICU,10,HHS Region,4.14
202309,2022-23,Influenza Hospital Admissions Rate Per 100k,1,HHS Region,0.22
202309,2022-23,Influenza Hospital Admissions,1,HHS Region,33.0
202309,2022-23,Influenza Hospitalization (Avg 7 Day),1,HHS Region,39.14
202309,2022-23,Average patients with influenza in ICU,1,HHS Region,4.43
202309,2022-23,Influenza Hospital Admissions Rate Per 100k,2,HHS Region,0.31
202309,2022-23,Influenza Hospital Admissions,2,HHS Region,97.0
202309,2022-23,Influenza Hospitalization (Avg 7 Day),2,HHS Region,130.29
202309,2022-23,Average patients with influenza in ICU,2,HHS Region,17.71
202309,2022-23,Influenza Hospital Admissions Rate Per 100k,3,HHS Region,0.83
202309,2022-23,Influenza Hospital Admissions,3,HHS Region,257.0
202309,2022-23,Influenza Hospitalization (Avg 7 Day),3,HHS Region,133.43
202309,2022-23,Average patients with influenza in ICU,3,HHS Region,24.14
202309,2022-23,Influenza Hospital Admissions Rate Per 100k,4,HHS Region,0.59
202309,2022-23,Influenza Hospital Admissions,4,HHS Region,397.0
202309,2022-23,Influenza Hospitalization (Avg 7 Day),4,HHS Region,395.57
202309,2022-23,Average patients with influenza in ICU,4,HHS Region,103.0
202309,2022-23,Influenza Hospital Admissions Rate Per 100k,5,HHS Region,0.3
202309,2022-23,Influenza Hospital Admissions,5,HHS Region,158.0
202309,2022-23,Influenza Hospitalization (Avg 7 Day),5,HHS Region,132.14
202244,2022-23,Influenza Hospital Admissions Rate Per 100k,2,HHS Region,1.38
202249,2022-23,Influenza Hospital Admissions,10,HHS Region,1560.0
202303,2022-23,Average patients with influenza in ICU,8,HHS Region,25.57
202309,2022-23,Average patients with influenza in ICU,5,HHS Region,19.86
202325,2022-23,Average patients with influenza in ICU,4,HHS Region,100.71
202325,2022-23,Influenza Hospital Admissions Rate Per 100k,5,HHS Region,0.09
202325,2022-23,Influenza Hospital Admissions,5,HHS Region,49.0
202325,2022-23,Influenza Hospitalization (Avg 7 Day),5,HHS Region,70.0
202325,2022-23,Average patients with influenza in ICU,5,HHS Region,6.0
202325,2022-23,Influenza Hospital Admissions Rate Per 100k,6,HHS Region,0.33
202325,2022-23,Influenza Hospital Admissions,6,HHS Region,139.0
202325,2022-23,Influenza Hospitalization (Avg 7 Day),6,HHS Region,83.43
202325,2022-23,Average patients with influenza in ICU,6,HHS Region,12.57
202325,2022-23,Influenza Hospital Admissions Rate Per 100k,7,HHS Region,0.11
202325,2022-23,Influenza Hospital Admissions,7,HHS Region,16.0
202325,2022-23,Influenza Hospitalization (Avg 7 Day),7,HHS Region,14.86
202325,2022-23,Average patients with influenza in ICU,7,HHS Region,2.86
202325,2022-23,Influenza Hospital Admissions Rate Per 100k,8,HHS Region,0.07
202325,2022-23,Influenza Hospital Admissions,8,HHS Region,9.0
202325,2022-23,Influenza Hospitalization (Avg 7 Day),8,HHS Region,14.43
202325,2022-23,Average patients with influenza in ICU,8,HHS Region,0.71
202325,2022-23,Influenza Hospital Admissions Rate Per 100k,9,HHS Region,0.18
202325,2022-23,Influenza Hospital Admissions,9,HHS Region,92.0
202325,2022-23,Influenza Hospitalization (Avg 7 Day),9,HHS Region,78.86
202325,2022-23,Average patients with influenza in ICU,9,HHS Region,13.43
202325,2022-23,Influenza Hospital Admissions Rate Per 100k,10,HHS Region,0.16
202325,2022-23,Influenza Hospital Admissions,10,HHS Region,23.0
202325,2022-23,Influenza Hospitalization (Avg 7 Day),10,HHS Region,22.71
202325,2022-23,Average patients with influenza in ICU,10,HHS Region,1.14
202326,2022-23,Influenza Hospital Admissions Rate Per 100k,1,HHS Region,0.12
202326,2022-23,Influenza Hospital Admissions,1,HHS Region,18.0
202326,2022-23,Influenza Hospitalization (Avg 7 Day),1,HHS Region,16.71
202326,2022-23,Average patients with influenza in ICU,1,HHS Region,1.14
202326,2022-23,Influenza Hospital Admissions Rate Per 100k,2,HHS Region,0.27
202326,2022-23,Influenza Hospital Admissions,2,HHS Region,84.0
202326,2022-23,Influenza Hospitalization (Avg 7 Day),2,HHS Region,79.57
202326,2022-23,Average patients with influenza in ICU,2,HHS Region,5.71
202326,2022-23,Influenza Hospital Admissions Rate Per 100k,3,HHS Region,0.29
202326,2022-23,Influenza Hospital Admissions,3,HHS Region,90.0
202326,2022-23,Influenza Hospitalization (Avg 7 Day),3,HHS Region,65.29
202326,2022-23,Average patients with influenza in ICU,3,HHS Region,12.86
202326,2022-23,Influenza Hospital Admissions Rate Per 100k,4,HHS Region,0.43
202326,2022-23,Influenza Hospital Admissions,4,HHS Region,287.0
202326,2022-23,Influenza Hospitalization (Avg 7 Day),4,HHS Region,287.14
202326,2022-23,Average patients with influenza in ICU,4,HHS Region,100.43
202326,2022-23,Influenza Hospital Admissions Rate Per 100k,5,HHS Region,0.08
202326,2022-23,Influenza Hospital Admissions,5,HHS Region,44.0
202326,2022-23,Influenza Hospitalization (Avg 7 Day),5,HHS Region,64.14
202326,2022-23,Average patients with influenza in ICU,5,HHS Region,6.71
202326,2022-23,Influenza Hospital Admissions Rate Per 100k,6,HHS Region,0.29
202319,2022-23,Influenza Hospital Admissions Rate Per 100k,7,HHS Region,0.23
202319,2022-23,Influenza Hospital Admissions,7,HHS Region,32.0
202319,2022-23,Influenza Hospitalization (Avg 7 Day),7,HHS Region,26.14
202319,2022-23,Average patients with influenza in ICU,7,HHS Region,2.14
202319,2022-23,Influenza Hospital Admissions Rate Per 100k,8,HHS Region,0.19
202319,2022-23,Influenza Hospital Admissions,8,HHS Region,23.0
202319,2022-23,Influenza Hospitalization (Avg 7 Day),8,HHS Region,23.0
202319,2022-23,Average patients with influenza in ICU,8,HHS Region,0.71
202319,2022-23,Influenza Hospital Admissions Rate Per 100k,9,HHS Region,0.19
202319,2022-23,Influenza Hospital Admissions,9,HHS Region,95.0
202319,2022-23,Influenza Hospitalization (Avg 7 Day),9,HHS Region,60.0
202319,2022-23,Average patients with influenza in ICU,9,HHS Region,10.0
202319,2022-23,Influenza Hospital Admissions Rate Per 100k,10,HHS Region,0.13
202319,2022-23,Influenza Hospital Admissions,10,HHS Region,19.0
202319,2022-23,Influenza Hospitalization (Avg 7 Day),10,HHS Region,20.14
202319,2022-23,Average patients with influenza in ICU,10,HHS Region,0.71
202320,2022-23,Influenza Hospital Admissions Rate Per 100k,1,HHS Region,0.2
202320,2022-23,Influenza Hospital Admissions,1,HHS Region,29.0
202320,2022-23,Influenza Hospitalization (Avg 7 Day),1,HHS Region,16.29
202320,2022-23,Average patients with influenza in ICU,1,HHS Region,0.43
202320,2022-23,Influenza Hospital Admissions Rate Per 100k,2,HHS Region,0.37
202320,2022-23,Influenza Hospital Admissions,2,HHS Region,117.0
202320,2022-23,Influenza Hospitalization (Avg 7 Day),2,HHS Region,73.86
202320,2022-23,Average patients with influenza in ICU,2,HHS Region,6.43
202320,2022-23,Influenza Hospital Admissions Rate Per 100k,3,HHS Region,0.34
202320,2022-23,Influenza Hospital Admissions,3,HHS Region,105.0
202320,2022-23,Influenza Hospitalization (Avg 7 Day),3,HHS Region,66.29
202320,2022-23,Average patients with influenza in ICU,3,HHS Region,6.57
202320,2022-23,Influenza Hospital Admissions Rate Per 100k,4,HHS Region,0.39
202320,2022-23,Influenza Hospital Admissions,4,HHS Region,260.0
202320,2022-23,Influenza Hospitalization (Avg 7 Day),4,HHS Region,277.43
202320,2022-23,Average patients with influenza in ICU,4,HHS Region,91.43
202320,2022-23,Influenza Hospital Admissions Rate Per 100k,5,HHS Region,0.15
202320,2022-23,Influenza Hospital Admissions,5,HHS Region,78.0
202320,2022-23,Influenza Hospitalization (Avg 7 Day),5,HHS Region,75.14
202320,2022-23,Average patients with influenza in ICU,5,HHS Region,11.29
202320,2022-23,Influenza Hospital Admissions Rate Per 100k,6,HHS Region,0.35
202320,2022-23,Influenza Hospital Admissions,6,HHS Region,150.0
202320,2022-23,Influenza Hospitalization (Avg 7 Day),6,HHS Region,81.43
202320,2022-23,Average patients with influenza in ICU,6,HHS Region,12.71
202320,2022-23,Influenza Hospital Admissions Rate Per 100k,7,HHS Region,0.22
202320,2022-23,Influenza Hospital Admissions,7,HHS Region,31.0
202320,2022-23,Influenza Hospitalization (Avg 7 Day),7,HHS Region,25.86
202320,2022-23,Average patients with influenza in ICU,7,HHS Region,3.43
202320,2022-23,Influenza Hospital Admissions Rate Per 100k,8,HHS Region,0.18
202320,2022-23,Influenza Hospital Admissions,8,HHS Region,22.0
202320,2022-23,Influenza Hospitalization (Avg 7 Day),8,HHS Region,19.71
202320,2022-23,Average patients with influenza in ICU,8,HHS Region,1.0
202320,2022-23,Influenza Hospital Admissions Rate Per 100k,9,HHS Region,0.17
202320,2022-23,Influenza Hospital Admissions,9,HHS Region,85.0
202320,2022-23,Influenza Hospitalization (Avg 7 Day),9,HHS Region,67.86
202320,2022-23,Average patients with influenza in ICU,9,HHS Region,9.57
202320,2022-23,Influenza Hospital Admissions Rate Per 100k,10,HHS Region,0.11
202315,2022-23,Influenza Hospitalization (Avg 7 Day),3,HHS Region,100.86
202315,2022-23,Average patients with influenza in ICU,3,HHS Region,15.57
202315,2022-23,Influenza Hospital Admissions Rate Per 100k,4,HHS Region,0.41
202315,2022-23,Influenza Hospital Admissions,4,HHS Region,275.0
202315,2022-23,Influenza Hospitalization (Avg 7 Day),4,HHS Region,295.29
202315,2022-23,Average patients with influenza in ICU,4,HHS Region,95.43
202315,2022-23,Influenza Hospital Admissions Rate Per 100k,5,HHS Region,0.22
202315,2022-23,Influenza Hospital Admissions,5,HHS Region,116.0
202315,2022-23,Influenza Hospitalization (Avg 7 Day),5,HHS Region,95.86
202315,2022-23,Average patients with influenza in ICU,5,HHS Region,14.0
202315,2022-23,Influenza Hospital Admissions Rate Per 100k,6,HHS Region,0.39
202315,2022-23,Influenza Hospital Admissions,6,HHS Region,167.0
202315,2022-23,Influenza Hospitalization (Avg 7 Day),6,HHS Region,97.14
202315,2022-23,Average patients with influenza in ICU,6,HHS Region,20.14
202315,2022-23,Influenza Hospital Admissions Rate Per 100k,7,HHS Region,0.25
202315,2022-23,Influenza Hospital Admissions,7,HHS Region,36.0
202315,2022-23,Influenza Hospitalization (Avg 7 Day),7,HHS Region,23.0
202315,2022-23,Average patients with influenza in ICU,7,HHS Region,4.86
202315,2022-23,Influenza Hospital Admissions Rate Per 100k,8,HHS Region,0.28
202315,2022-23,Influenza Hospital Admissions,8,HHS Region,34.0
202315,2022-23,Influenza Hospitalization (Avg 7 Day),8,HHS Region,24.57
202315,2022-23,Average patients with influenza in ICU,8,HHS Region,1.29
202315,2022-23,Influenza Hospital Admissions Rate Per 100k,9,HHS Region,0.18
202315,2022-23,Influenza Hospital Admissions,9,HHS Region,90.0
202315,2022-23,Influenza Hospitalization (Avg 7 Day),9,HHS Region,79.43
202315,2022-23,Average patients with influenza in ICU,9,HHS Region,11.71
202315,2022-23,Influenza Hospital Admissions Rate Per 100k,10,HHS Region,0.24
202315,2022-23,Influenza Hospital Admissions,10,HHS Region,34.0
202315,2022-23,Influenza Hospitalization (Avg 7 Day),10,HHS Region,32.43
202315,2022-23,Average patients with influenza in ICU,10,HHS Region,2.14
202316,2022-23,Influenza Hospital Admissions Rate Per 100k,1,HHS Region,0.16
202316,2022-23,Influenza Hospital Admissions,1,HHS Region,24.0
202316,2022-23,Influenza Hospitalization (Avg 7 Day),1,HHS Region,27.86
202316,2022-23,Average patients with influenza in ICU,1,HHS Region,4.0
202316,2022-23,Influenza Hospital Admissions Rate Per 100k,2,HHS Region,0.35
202316,2022-23,Influenza Hospital Admissions,2,HHS Region,110.0
202316,2022-23,Influenza Hospitalization (Avg 7 Day),2,HHS Region,83.57
202316,2022-23,Average patients with influenza in ICU,2,HHS Region,8.14
202316,2022-23,Influenza Hospital Admissions Rate Per 100k,3,HHS Region,0.47
202316,2022-23,Influenza Hospital Admissions,3,HHS Region,144.0
202316,2022-23,Influenza Hospitalization (Avg 7 Day),3,HHS Region,92.71
202316,2022-23,Average patients with influenza in ICU,3,HHS Region,11.29
202316,2022-23,Influenza Hospital Admissions Rate Per 100k,4,HHS Region,0.47
202316,2022-23,Influenza Hospital Admissions,4,HHS Region,316.0
202316,2022-23,Influenza Hospitalization (Avg 7 Day),4,HHS Region,285.71
202316,2022-23,Average patients with influenza in ICU,4,HHS Region,99.57
202316,2022-23,Influenza Hospital Admissions Rate Per 100k,5,HHS Region,0.14
202316,2022-23,Influenza Hospital Admissions,5,HHS Region,74.0
202316,2022-23,Influenza Hospitalization (Avg 7 Day),5,HHS Region,83.14
202316,2022-23,Average patients with influenza in ICU,5,HHS Region,13.29
202316,2022-23,Influenza Hospital Admissions Rate Per 100k,6,HHS Region,0.36
202316,2022-23,Influenza Hospital Admissions,6,HHS Region,154.0
202244,2022-23,Influenza Hospital Admissions,2,HHS Region,436.0
202244,2022-23,Influenza Hospitalization (Avg 7 Day),2,HHS Region,221.0
202244,2022-23,Average patients with influenza in ICU,2,HHS Region,28.0
202244,2022-23,Influenza Hospital Admissions Rate Per 100k,3,HHS Region,2.68
202244,2022-23,Influenza Hospital Admissions,3,HHS Region,827.0
202244,2022-23,Influenza Hospitalization (Avg 7 Day),3,HHS Region,409.57
202244,2022-23,Average patients with influenza in ICU,3,HHS Region,54.14
202244,2022-23,Influenza Hospital Admissions Rate Per 100k,4,HHS Region,2.97
202244,2022-23,Influenza Hospital Admissions,4,HHS Region,1989.0
202244,2022-23,Influenza Hospitalization (Avg 7 Day),4,HHS Region,1283.86
202244,2022-23,Average patients with influenza in ICU,4,HHS Region,196.71
202244,2022-23,Influenza Hospital Admissions Rate Per 100k,5,HHS Region,1.25
202244,2022-23,Influenza Hospital Admissions,5,HHS Region,656.0
202244,2022-23,Influenza Hospitalization (Avg 7 Day),5,HHS Region,325.0
202244,2022-23,Average patients with influenza in ICU,5,HHS Region,39.43
202244,2022-23,Influenza Hospital Admissions Rate Per 100k,6,HHS Region,3.27
202244,2022-23,Influenza Hospital Admissions,6,HHS Region,1396.0
202244,2022-23,Influenza Hospitalization (Avg 7 Day),6,HHS Region,604.43
202244,2022-23,Average patients with influenza in ICU,6,HHS Region,94.86
202244,2022-23,Influenza Hospital Admissions Rate Per 100k,7,HHS Region,1.05
202244,2022-23,Influenza Hospital Admissions,7,HHS Region,149.0
202244,2022-23,Influenza Hospitalization (Avg 7 Day),7,HHS Region,71.43
202244,2022-23,Average patients with influenza in ICU,7,HHS Region,9.57
202244,2022-23,Influenza Hospital Admissions Rate Per 100k,8,HHS Region,0.55
202244,2022-23,Influenza Hospital Admissions,8,HHS Region,68.0
202244,2022-23,Influenza Hospitalization (Avg 7 Day),8,HHS Region,35.43
202244,2022-23,Average patients with influenza in ICU,8,HHS Region,5.43
202244,2022-23,Influenza Hospital Admissions Rate Per 100k,9,HHS Region,0.98
202244,2022-23,Influenza Hospital Admissions,9,HHS Region,505.0
202244,2022-23,Influenza Hospitalization (Avg 7 Day),9,HHS Region,247.71
202244,2022-23,Average patients with influenza in ICU,9,HHS Region,35.29
202244,2022-23,Influenza Hospital Admissions Rate Per 100k,10,HHS Region,0.69
202244,2022-23,Influenza Hospital Admissions,10,HHS Region,99.0
202244,2022-23,Influenza Hospitalization (Avg 7 Day),10,HHS Region,49.86
202244,2022-23,Average patients with influenza in ICU,10,HHS Region,6.86
202245,2022-23,Influenza Hospital Admissions Rate Per 100k,1,HHS Region,0.7
202245,2022-23,Influenza Hospital Admissions,1,HHS Region,104.0
202245,2022-23,Influenza Hospitalization (Avg 7 Day),1,HHS Region,75.86
202245,2022-23,Average patients with influenza in ICU,1,HHS Region,9.0
202245,2022-23,Influenza Hospital Admissions Rate Per 100k,2,HHS Region,2.01
202245,2022-23,Influenza Hospital Admissions,2,HHS Region,636.0
202245,2022-23,Influenza Hospitalization (Avg 7 Day),2,HHS Region,344.14
202245,2022-23,Average patients with influenza in ICU,2,HHS Region,39.14
202245,2022-23,Influenza Hospital Admissions Rate Per 100k,3,HHS Region,3.53
202245,2022-23,Influenza Hospital Admissions,3,HHS Region,1090.0
202245,2022-23,Influenza Hospitalization (Avg 7 Day),3,HHS Region,558.57
202245,2022-23,Average patients with influenza in ICU,3,HHS Region,77.57
202245,2022-23,Influenza Hospital Admissions Rate Per 100k,4,HHS Region,3.55
202245,2022-23,Influenza Hospital Admissions,4,HHS Region,2374.0
202245,2022-23,Influenza Hospitalization (Avg 7 Day),4,HHS Region,1658.29
202245,2022-23,Average patients with influenza in ICU,4,HHS Region,245.14
202245,2022-23,Influenza Hospital Admissions Rate Per 100k,5,HHS Region,1.83
202245,2022-23,Influenza Hospital Admissions,5,HHS Region,959.0
202245,2022-23,Influenza Hospitalization (Avg 7 Day),5,HHS Region,527.71
202245,2022-23,Average patients with influenza in ICU,5,HHS Region,65.14
202245,2022-23,Influenza Hospital Admissions Rate Per 100k,6,HHS Region,3.92
202245,2022-23,Influenza Hospital Admissions,6,HHS Region,1673.0
202245,2022-23,Influenza Hospitalization (Avg 7 Day),6,HHS Region,769.86
202245,2022-23,Average patients with influenza in ICU,6,HHS Region,125.29
202245,2022-23,Influenza Hospital Admissions Rate Per 100k,7,HHS Region,1.4
202309,2022-23,Influenza Hospital Admissions Rate Per 100k,6,HHS Region,0.62
202309,2022-23,Influenza Hospital Admissions,6,HHS Region,266.0
202309,2022-23,Influenza Hospitalization (Avg 7 Day),6,HHS Region,175.71
202309,2022-23,Average patients with influenza in ICU,6,HHS Region,26.57
202309,2022-23,Influenza Hospital Admissions Rate Per 100k,7,HHS Region,0.38
202309,2022-23,Influenza Hospital Admissions,7,HHS Region,54.0
202309,2022-23,Influenza Hospitalization (Avg 7 Day),7,HHS Region,39.14
202309,2022-23,Average patients with influenza in ICU,7,HHS Region,4.0
202309,2022-23,Influenza Hospital Admissions Rate Per 100k,8,HHS Region,0.33
202309,2022-23,Influenza Hospital Admissions,8,HHS Region,41.0
202309,2022-23,Influenza Hospitalization (Avg 7 Day),8,HHS Region,35.14
202309,2022-23,Average patients with influenza in ICU,8,HHS Region,3.71
202309,2022-23,Influenza Hospital Admissions Rate Per 100k,9,HHS Region,0.23
202309,2022-23,Influenza Hospital Admissions,9,HHS Region,116.0
202309,2022-23,Influenza Hospitalization (Avg 7 Day),9,HHS Region,127.43
202309,2022-23,Average patients with influenza in ICU,9,HHS Region,17.71
202309,2022-23,Influenza Hospital Admissions Rate Per 100k,10,HHS Region,0.46
202309,2022-23,Influenza Hospital Admissions,10,HHS Region,66.0
202309,2022-23,Influenza Hospitalization (Avg 7 Day),10,HHS Region,57.57
202309,2022-23,Average patients with influenza in ICU,10,HHS Region,6.0
202310,2022-23,Influenza Hospital Admissions Rate Per 100k,1,HHS Region,0.31
202310,2022-23,Influenza Hospital Admissions,1,HHS Region,46.0
202310,2022-23,Influenza Hospitalization (Avg 7 Day),1,HHS Region,35.43
202310,2022-23,Average patients with influenza in ICU,1,HHS Region,5.43
202310,2022-23,Influenza Hospital Admissions Rate Per 100k,2,HHS Region,0.29
202310,2022-23,Influenza Hospital Admissions,2,HHS Region,90.0
202310,2022-23,Influenza Hospitalization (Avg 7 Day),2,HHS Region,100.14
202310,2022-23,Average patients with influenza in ICU,2,HHS Region,11.71
202310,2022-23,Influenza Hospital Admissions Rate Per 100k,3,HHS Region,0.77
202310,2022-23,Influenza Hospital Admissions,3,HHS Region,239.0
202310,2022-23,Influenza Hospitalization (Avg 7 Day),3,HHS Region,128.29
202310,2022-23,Average patients with influenza in ICU,3,HHS Region,23.86
202310,2022-23,Influenza Hospital Admissions Rate Per 100k,4,HHS Region,0.56
202310,2022-23,Influenza Hospital Admissions,4,HHS Region,377.0
202310,2022-23,Influenza Hospitalization (Avg 7 Day),4,HHS Region,369.29
202310,2022-23,Average patients with influenza in ICU,4,HHS Region,110.43
202310,2022-23,Influenza Hospital Admissions Rate Per 100k,5,HHS Region,0.24
202310,2022-23,Influenza Hospital Admissions,5,HHS Region,125.0
202310,2022-23,Influenza Hospitalization (Avg 7 Day),5,HHS Region,113.14
202310,2022-23,Average patients with influenza in ICU,5,HHS Region,14.14
202310,2022-23,Influenza Hospital Admissions Rate Per 100k,6,HHS Region,0.52
202310,2022-23,Influenza Hospital Admissions,6,HHS Region,224.0
202310,2022-23,Influenza Hospitalization (Avg 7 Day),6,HHS Region,151.0
202310,2022-23,Average patients with influenza in ICU,6,HHS Region,25.43
202310,2022-23,Influenza Hospital Admissions Rate Per 100k,7,HHS Region,0.46
202310,2022-23,Influenza Hospital Admissions,7,HHS Region,65.0
202310,2022-23,Influenza Hospitalization (Avg 7 Day),7,HHS Region,36.29
202310,2022-23,Average patients with influenza in ICU,7,HHS Region,2.57
202310,2022-23,Influenza Hospital Admissions Rate Per 100k,8,HHS Region,0.33
202310,2022-23,Influenza Hospital Admissions,8,HHS Region,41.0
202310,2022-23,Influenza Hospitalization (Avg 7 Day),8,HHS Region,34.43
202310,2022-23,Average patients with influenza in ICU,8,HHS Region,3.29
202303,2022-23,Influenza Hospital Admissions Rate Per 100k,9,HHS Region,0.64
202303,2022-23,Influenza Hospital Admissions,9,HHS Region,326.0
202303,2022-23,Influenza Hospitalization (Avg 7 Day),9,HHS Region,470.14
202303,2022-23,Average patients with influenza in ICU,9,HHS Region,88.14
202303,2022-23,Influenza Hospital Admissions Rate Per 100k,10,HHS Region,1.02
202303,2022-23,Influenza Hospital Admissions,10,HHS Region,146.0
202303,2022-23,Influenza Hospitalization (Avg 7 Day),10,HHS Region,175.86
202303,2022-23,Average patients with influenza in ICU,10,HHS Region,24.71
202304,2022-23,Influenza Hospital Admissions Rate Per 100k,1,HHS Region,1.06
202304,2022-23,Influenza Hospital Admissions,1,HHS Region,157.0
202304,2022-23,Influenza Hospitalization (Avg 7 Day),1,HHS Region,183.57
202304,2022-23,Average patients with influenza in ICU,1,HHS Region,22.71
202304,2022-23,Influenza Hospital Admissions Rate Per 100k,2,HHS Region,1.08
202304,2022-23,Influenza Hospital Admissions,2,HHS Region,341.0
202304,2022-23,Influenza Hospitalization (Avg 7 Day),2,HHS Region,377.57
202304,2022-23,Average patients with influenza in ICU,2,HHS Region,52.71
202304,2022-23,Influenza Hospital Admissions Rate Per 100k,3,HHS Region,1.19
202304,2022-23,Influenza Hospital Admissions,3,HHS Region,367.0
202304,2022-23,Influenza Hospitalization (Avg 7 Day),3,HHS Region,287.57
202304,2022-23,Average patients with influenza in ICU,3,HHS Region,61.71
202304,2022-23,Influenza Hospital Admissions Rate Per 100k,4,HHS Region,1.09
202304,2022-23,Influenza Hospital Admissions,4,HHS Region,726.0
202304,2022-23,Influenza Hospitalization (Avg 7 Day),4,HHS Region,754.14
202304,2022-23,Average patients with influenza in ICU,4,HHS Region,159.14
202304,2022-23,Influenza Hospital Admissions Rate Per 100k,5,HHS Region,0.7
202304,2022-23,Influenza Hospital Admissions,5,HHS Region,369.0
202304,2022-23,Influenza Hospitalization (Avg 7 Day),5,HHS Region,402.14
202304,2022-23,Average patients with influenza in ICU,5,HHS Region,58.71
202304,2022-23,Influenza Hospital Admissions Rate Per 100k,6,HHS Region,1.26
202304,2022-23,Influenza Hospital Admissions,6,HHS Region,538.0
202304,2022-23,Influenza Hospitalization (Avg 7 Day),6,HHS Region,341.71
202304,2022-23,Average patients with influenza in ICU,6,HHS Region,65.14
202304,2022-23,Influenza Hospital Admissions Rate Per 100k,7,HHS Region,1.14
202304,2022-23,Influenza Hospital Admissions,7,HHS Region,161.0
202304,2022-23,Influenza Hospitalization (Avg 7 Day),7,HHS Region,153.57
202304,2022-23,Average patients with influenza in ICU,7,HHS Region,31.29
202304,2022-23,Influenza Hospital Admissions Rate Per 100k,8,HHS Region,0.69
202304,2022-23,Influenza Hospital Admissions,8,HHS Region,85.0
202304,2022-23,Influenza Hospitalization (Avg 7 Day),8,HHS Region,92.71
202304,2022-23,Average patients with influenza in ICU,8,HHS Region,14.14
202304,2022-23,Influenza Hospital Admissions Rate Per 100k,9,HHS Region,0.39
202304,2022-23,Influenza Hospital Admissions,9,HHS Region,200.0
202304,2022-23,Influenza Hospitalization (Avg 7 Day),9,HHS Region,330.57
202304,2022-23,Average patients with influenza in ICU,9,HHS Region,54.0
202304,2022-23,Influenza Hospital Admissions Rate Per 100k,10,HHS Region,0.65
202304,2022-23,Influenza Hospital Admissions,10,HHS Region,94.0
202304,2022-23,Influenza Hospitalization (Avg 7 Day),10,HHS Region,110.71
202304,2022-23,Average patients with influenza in ICU,10,HHS Region,17.29
202249,2022-23,Influenza Hospitalization (Avg 7 Day),10,HHS Region,902.71
202249,2022-23,Average patients with influenza in ICU,10,HHS Region,102.71
202250,2022-23,Influenza Hospital Admissions Rate Per 100k,1,HHS Region,9.5
202250,2022-23,Influenza Hospital Admissions,1,HHS Region,1411.0
202250,2022-23,Influenza Hospitalization (Avg 7 Day),1,HHS Region,974.71
202250,2022-23,Average patients with influenza in ICU,1,HHS Region,109.0
202250,2022-23,Influenza Hospital Admissions Rate Per 100k,2,HHS Region,7.37
202250,2022-23,Influenza Hospital Admissions,2,HHS Region,2327.0
202250,2022-23,Influenza Hospitalization (Avg 7 Day),2,HHS Region,1559.71
202250,2022-23,Average patients with influenza in ICU,2,HHS Region,224.86
202250,2022-23,Influenza Hospital Admissions Rate Per 100k,3,HHS Region,5.92
202250,2022-23,Influenza Hospital Admissions,3,HHS Region,1827.0
202250,2022-23,Influenza Hospitalization (Avg 7 Day),3,HHS Region,1425.57
202250,2022-23,Average patients with influenza in ICU,3,HHS Region,213.29
202250,2022-23,Influenza Hospital Admissions Rate Per 100k,4,HHS Region,3.61
202250,2022-23,Influenza Hospital Admissions,4,HHS Region,2413.0
202250,2022-23,Influenza Hospitalization (Avg 7 Day),4,HHS Region,2015.43
202250,2022-23,Average patients with influenza in ICU,4,HHS Region,325.57
202250,2022-23,Influenza Hospital Admissions Rate Per 100k,5,HHS Region,7.64
202250,2022-23,Influenza Hospital Admissions,5,HHS Region,4013.0
202250,2022-23,Influenza Hospitalization (Avg 7 Day),5,HHS Region,2861.43
202250,2022-23,Average patients with influenza in ICU,5,HHS Region,450.29
202250,2022-23,Influenza Hospital Admissions Rate Per 100k,6,HHS Region,6.93
202250,2022-23,Influenza Hospital Admissions,6,HHS Region,2959.0
202250,2022-23,Influenza Hospitalization (Avg 7 Day),6,HHS Region,1508.57
202250,2022-23,Average patients with influenza in ICU,6,HHS Region,298.0
202250,2022-23,Influenza Hospital Admissions Rate Per 100k,7,HHS Region,10.25
202250,2022-23,Influenza Hospital Admissions,7,HHS Region,1449.0
202250,2022-23,Influenza Hospitalization (Avg 7 Day),7,HHS Region,1006.43
202250,2022-23,Average patients with influenza in ICU,7,HHS Region,168.43
202250,2022-23,Influenza Hospital Admissions Rate Per 100k,8,HHS Region,4.87
202250,2022-23,Influenza Hospital Admissions,8,HHS Region,597.0
202250,2022-23,Influenza Hospitalization (Avg 7 Day),8,HHS Region,423.0
202250,2022-23,Average patients with influenza in ICU,8,HHS Region,48.57
202250,2022-23,Influenza Hospital Admissions Rate Per 100k,9,HHS Region,4.66
202250,2022-23,Influenza Hospital Admissions,9,HHS Region,2390.0
202250,2022-23,Influenza Hospitalization (Avg 7 Day),9,HHS Region,1957.29
202250,2022-23,Average patients with influenza in ICU,9,HHS Region,282.43
202250,2022-23,Influenza Hospital Admissions Rate Per 100k,10,HHS Region,12.13
202250,2022-23,Influenza Hospital Admissions,10,HHS Region,1742.0
202250,2022-23,Influenza Hospitalization (Avg 7 Day),10,HHS Region,904.14
202250,2022-23,Average patients with influenza in ICU,10,HHS Region,103.57
202251,2022-23,Influenza Hospital Admissions Rate Per 100k,1,HHS Region,9.96
202251,2022-23,Influenza Hospital Admissions,1,HHS Region,1479.0
202251,2022-23,Influenza Hospitalization (Avg 7 Day),1,HHS Region,1142.0
202251,2022-23,Average patients with influenza in ICU,1,HHS Region,119.29
202251,2022-23,Influenza Hospital Admissions Rate Per 100k,2,HHS Region,6.77
202251,2022-23,Influenza Hospital Admissions,2,HHS Region,2137.0
202251,2022-23,Influenza Hospitalization (Avg 7 Day),2,HHS Region,1549.57
202251,2022-23,Average patients with influenza in ICU,2,HHS Region,218.86
202251,2022-23,Influenza Hospital Admissions Rate Per 100k,3,HHS Region,5.57
202251,2022-23,Influenza Hospital Admissions,3,HHS Region,1718.0
202245,2022-23,Influenza Hospital Admissions,7,HHS Region,198.0
202245,2022-23,Influenza Hospitalization (Avg 7 Day),7,HHS Region,102.86
202245,2022-23,Average patients with influenza in ICU,7,HHS Region,14.86
202245,2022-23,Influenza Hospital Admissions Rate Per 100k,8,HHS Region,0.91
202245,2022-23,Influenza Hospital Admissions,8,HHS Region,112.0
202245,2022-23,Influenza Hospitalization (Avg 7 Day),8,HHS Region,53.14
202245,2022-23,Average patients with influenza in ICU,8,HHS Region,6.71
202245,2022-23,Influenza Hospital Admissions Rate Per 100k,9,HHS Region,1.99
202245,2022-23,Influenza Hospital Admissions,9,HHS Region,1020.0
202245,2022-23,Influenza Hospitalization (Avg 7 Day),9,HHS Region,451.14
202245,2022-23,Average patients with influenza in ICU,9,HHS Region,52.29
202245,2022-23,Influenza Hospital Admissions Rate Per 100k,10,HHS Region,1.14
202245,2022-23,Influenza Hospital Admissions,10,HHS Region,163.0
202245,2022-23,Influenza Hospitalization (Avg 7 Day),10,HHS Region,94.57
202245,2022-23,Average patients with influenza in ICU,10,HHS Region,8.86
202246,2022-23,Influenza Hospital Admissions Rate Per 100k,1,HHS Region,1.37
202246,2022-23,Influenza Hospital Admissions,1,HHS Region,204.0
202246,2022-23,Influenza Hospitalization (Avg 7 Day),1,HHS Region,109.0
202246,2022-23,Average patients with influenza in ICU,1,HHS Region,8.43
202246,2022-23,Influenza Hospital Admissions Rate Per 100k,2,HHS Region,2.72
202246,2022-23,Influenza Hospital Admissions,2,HHS Region,858.0
202246,2022-23,Influenza Hospitalization (Avg 7 Day),2,HHS Region,449.14
202246,2022-23,Average patients with influenza in ICU,2,HHS Region,63.71
202246,2022-23,Influenza Hospital Admissions Rate Per 100k,3,HHS Region,3.63
202246,2022-23,Influenza Hospital Admissions,3,HHS Region,1119.0
202246,2022-23,Influenza Hospitalization (Avg 7 Day),3,HHS Region,658.71
202246,2022-23,Average patients with influenza in ICU,3,HHS Region,95.86
202246,2022-23,Influenza Hospital Admissions Rate Per 100k,4,HHS Region,3.53
202246,2022-23,Influenza Hospital Admissions,4,HHS Region,2363.0
202246,2022-23,Influenza Hospitalization (Avg 7 Day),4,HHS Region,1752.86
202246,2022-23,Average patients with influenza in ICU,4,HHS Region,265.0
202246,2022-23,Influenza Hospital Admissions Rate Per 100k,5,HHS Region,2.74
202246,2022-23,Influenza Hospital Admissions,5,HHS Region,1442.0
202246,2022-23,Influenza Hospitalization (Avg 7 Day),5,HHS Region,762.0
202246,2022-23,Average patients with influenza in ICU,5,HHS Region,105.29
202246,2022-23,Influenza Hospital Admissions Rate Per 100k,6,HHS Region,4.29
202246,2022-23,Influenza Hospital Admissions,6,HHS Region,1831.0
202246,2022-23,Influenza Hospitalization (Avg 7 Day),6,HHS Region,881.57
202246,2022-23,Average patients with influenza in ICU,6,HHS Region,139.43
202246,2022-23,Influenza Hospital Admissions Rate Per 100k,7,HHS Region,2.28
202246,2022-23,Influenza Hospital Admissions,7,HHS Region,322.0
202246,2022-23,Influenza Hospitalization (Avg 7 Day),7,HHS Region,172.29
202246,2022-23,Average patients with influenza in ICU,7,HHS Region,29.71
202246,2022-23,Influenza Hospital Admissions Rate Per 100k,8,HHS Region,1.66
202246,2022-23,Influenza Hospital Admissions,8,HHS Region,203.0
202246,2022-23,Influenza Hospitalization (Avg 7 Day),8,HHS Region,104.86
202246,2022-23,Average patients with influenza in ICU,8,HHS Region,15.57
202246,2022-23,Influenza Hospital Admissions Rate Per 100k,9,HHS Region,3.55
202246,2022-23,Influenza Hospital Admissions,9,HHS Region,1820.0
202246,2022-23,Influenza Hospitalization (Avg 7 Day),9,HHS Region,780.0
202246,2022-23,Average patients with influenza in ICU,9,HHS Region,91.86
202240,2022-23,Influenza Hospital Admissions Rate Per 100k,1,HHS Region,0.07
202240,2022-23,Influenza Hospital Admissions,1,HHS Region,11.0
202240,2022-23,Influenza Hospitalization (Avg 7 Day),1,HHS Region,7.43
202240,2022-23,Average patients with influenza in ICU,1,HHS Region,1.0
202240,2022-23,Influenza Hospital Admissions Rate Per 100k,2,HHS Region,0.3
202240,2022-23,Influenza Hospital Admissions,2,HHS Region,96.0
202240,2022-23,Influenza Hospitalization (Avg 7 Day),2,HHS Region,78.71
202240,2022-23,Average patients with influenza in ICU,2,HHS Region,5.57
202240,2022-23,Influenza Hospital Admissions Rate Per 100k,3,HHS Region,0.42
202240,2022-23,Influenza Hospital Admissions,3,HHS Region,130.0
202240,2022-23,Influenza Hospitalization (Avg 7 Day),3,HHS Region,67.0
202240,2022-23,Average patients with influenza in ICU,3,HHS Region,4.71
202240,2022-23,Influenza Hospital Admissions Rate Per 100k,4,HHS Region,0.59
202240,2022-23,Influenza Hospital Admissions,4,HHS Region,397.0
202240,2022-23,Influenza Hospitalization (Avg 7 Day),4,HHS Region,262.86
202240,2022-23,Average patients with influenza in ICU,4,HHS Region,60.29
202240,2022-23,Influenza Hospital Admissions Rate Per 100k,5,HHS Region,0.19
202240,2022-23,Influenza Hospital Admissions,5,HHS Region,100.0
202240,2022-23,Influenza Hospitalization (Avg 7 Day),5,HHS Region,537.57
202240,2022-23,Average patients with influenza in ICU,5,HHS Region,68.29
202240,2022-23,Influenza Hospital Admissions Rate Per 100k,6,HHS Region,0.75
202240,2022-23,Influenza Hospital Admissions,6,HHS Region,319.0
202240,2022-23,Influenza Hospitalization (Avg 7 Day),6,HHS Region,148.57
202240,2022-23,Average patients with influenza in ICU,6,HHS Region,24.43
202240,2022-23,Influenza Hospital Admissions Rate Per 100k,7,HHS Region,0.28
202240,2022-23,Influenza Hospital Admissions,7,HHS Region,39.0
202240,2022-23,Influenza Hospitalization (Avg 7 Day),7,HHS Region,41.57
202240,2022-23,Average patients with influenza in ICU,7,HHS Region,4.71
202240,2022-23,Influenza Hospital Admissions Rate Per 100k,8,HHS Region,0.11
202240,2022-23,Influenza Hospital Admissions,8,HHS Region,13.0
202240,2022-23,Influenza Hospitalization (Avg 7 Day),8,HHS Region,7.57
202240,2022-23,Average patients with influenza in ICU,8,HHS Region,0.14
202240,2022-23,Influenza Hospital Admissions Rate Per 100k,9,HHS Region,0.27
202240,2022-23,Influenza Hospital Admissions,9,HHS Region,140.0
202240,2022-23,Influenza Hospitalization (Avg 7 Day),9,HHS Region,67.0
202240,2022-23,Average patients with influenza in ICU,9,HHS Region,7.86
202240,2022-23,Influenza Hospital Admissions Rate Per 100k,10,HHS Region,0.11
202240,2022-23,Influenza Hospital Admissions,10,HHS Region,16.0
202240,2022-23,Influenza Hospitalization (Avg 7 Day),10,HHS Region,12.86
202240,2022-23,Average patients with influenza in ICU,10,HHS Region,0.57
202241,2022-23,Influenza Hospital Admissions Rate Per 100k,1,HHS Region,0.09
202241,2022-23,Influenza Hospital Admissions,1,HHS Region,13.0
202241,2022-23,Influenza Hospitalization (Avg 7 Day),1,HHS Region,12.29
202240,2022-23,Influenza Hospital Admissions,8,HHS Region,13.0
202240,2022-23,Influenza Hospitalization (Avg 7 Day),8,HHS Region,7.57
202240,2022-23,Average patients with influenza in ICU,8,HHS Region,0.14
202240,2022-23,Influenza Hospital Admissions Rate Per 100k,9,HHS Region,0.27
202240,2022-23,Influenza Hospital Admissions,9,HHS Region,140.0
202240,2022-23,Influenza Hospitalization (Avg 7 Day),9,HHS Region,67.0
202240,2022-23,Average patients with influenza in ICU,9,HHS Region,7.86
202240,2022-23,Influenza Hospital Admissions Rate Per 100k,10,HHS Region,0.11
202240,2022-23,Influenza Hospital Admissions,10,HHS Region,16.0
202240,2022-23,Influenza Hospitalization (Avg 7 Day),10,HHS Region,12.86
202240,2022-23,Average patients with influenza in ICU,10,HHS Region,0.57
202241,2022-23,Influenza Hospital Admissions Rate Per 100k,1,HHS Region,0.09
202241,2022-23,Influenza Hospital Admissions,1,HHS Region,13.0
202241,2022-23,Influenza Hospitalization (Avg 7 Day),1,HHS Region,12.29
202241,2022-23,Average patients with influenza in ICU,1,HHS Region,1.86
202241,2022-23,Influenza Hospital Admissions Rate Per 100k,2,HHS Region,0.41
202241,2022-23,Influenza Hospital Admissions,2,HHS Region,128.0
202241,2022-23,Influenza Hospitalization (Avg 7 Day),2,HHS Region,82.57
202241,2022-23,Average patients with influenza in ICU,2,HHS Region,7.0
202241,2022-23,Influenza Hospital Admissions Rate Per 100k,3,HHS Region,0.55
202241,2022-23,Influenza Hospital Admissions,3,HHS Region,170.0
202241,2022-23,Influenza Hospitalization (Avg 7 Day),3,HHS Region,84.0
202241,2022-23,Average patients with influenza in ICU,3,HHS Region,8.43
202241,2022-23,Influenza Hospital Admissions Rate Per 100k,4,HHS Region,0.77
202241,2022-23,Influenza Hospital Admissions,4,HHS Region,516.0
202241,2022-23,Influenza Hospitalization (Avg 7 Day),4,HHS Region,387.86
202241,2022-23,Average patients with influenza in ICU,4,HHS Region,84.14
202241,2022-23,Influenza Hospital Admissions Rate Per 100k,5,HHS Region,0.26
202241,2022-23,Influenza Hospital Admissions,5,HHS Region,134.0
202241,2022-23,Influenza Hospitalization (Avg 7 Day),5,HHS Region,363.0
202241,2022-23,Average patients with influenza in ICU,5,HHS Region,47.57
202241,2022-23,Influenza Hospital Admissions Rate Per 100k,6,HHS Region,1.06
202241,2022-23,Influenza Hospital Admissions,6,HHS Region,452.0
202241,2022-23,Influenza Hospitalization (Avg 7 Day),6,HHS Region,227.43
202241,2022-23,Average patients with influenza in ICU,6,HHS Region,45.57
202241,2022-23,Influenza Hospital Admissions Rate Per 100k,7,HHS Region,0.23
202241,2022-23,Influenza Hospital Admissions,7,HHS Region,32.0
202241,2022-23,Influenza Hospitalization (Avg 7 Day),7,HHS Region,46.86
202241,2022-23,Average patients with influenza in ICU,7,HHS Region,6.43
202241,2022-23,Influenza Hospital Admissions Rate Per 100k,8,HHS Region,0.15
202241,2022-23,Influenza Hospital Admissions,8,HHS Region,19.0
202241,2022-23,Influenza Hospitalization (Avg 7 Day),8,HHS Region,10.43
202241,2022-23,Average patients with influenza in ICU,8,HHS Region,0.43
202241,2022-23,Influenza Hospital Admissions Rate Per 100k,9,HHS Region,0.22
202241,2022-23,Influenza Hospital Admissions,9,HHS Region,114.0
202241,2022-23,Influenza Hospitalization (Avg 7 Day),9,HHS Region,81.86
202241,2022-23,Average patients with influenza in ICU,9,HHS Region,10.43
202241,2022-23,Influenza Hospital Admissions Rate Per 100k,10,HHS Region,0.15
202241,2022-23,Influenza Hospital Admissions,10,HHS Region,21.0
202241,2022-23,Influenza Hospitalization (Avg 7 Day),10,HHS Region,14.86
202241,2022-23,Average patients with influenza in ICU,10,HHS Region,1.14
202242,2022-23,Influenza Hospital Admissions Rate Per 100k,1,HHS Region,0.15
202242,2022-23,Influenza Hospital Admissions,1,HHS Region,23.0
202242,2022-23,Influenza Hospitalization (Avg 7 Day),1,HHS Region,17.29
202242,2022-23,Average patients with influenza in ICU,1,HHS Region,3.14
202252,2022-23,Influenza Hospital Admissions,4,HHS Region,2610.0
202252,2022-23,Influenza Hospitalization (Avg 7 Day),4,HHS Region,1851.29
202252,2022-23,Average patients with influenza in ICU,4,HHS Region,325.43
202252,2022-23,Influenza Hospital Admissions Rate Per 100k,5,HHS Region,6.9
202252,2022-23,Influenza Hospital Admissions,5,HHS Region,3625.0
202252,2022-23,Influenza Hospitalization (Avg 7 Day),5,HHS Region,2605.71
202252,2022-23,Average patients with influenza in ICU,5,HHS Region,416.14
202252,2022-23,Influenza Hospital Admissions Rate Per 100k,6,HHS Region,6.35
202252,2022-23,Influenza Hospital Admissions,6,HHS Region,2714.0
202252,2022-23,Influenza Hospitalization (Avg 7 Day),6,HHS Region,1218.57
202252,2022-23,Average patients with influenza in ICU,6,HHS Region,233.71
202252,2022-23,Influenza Hospital Admissions Rate Per 100k,7,HHS Region,9.09
202252,2022-23,Influenza Hospital Admissions,7,HHS Region,1285.0
202252,2022-23,Influenza Hospitalization (Avg 7 Day),7,HHS Region,911.14
202252,2022-23,Average patients with influenza in ICU,7,HHS Region,153.86
202252,2022-23,Influenza Hospital Admissions Rate Per 100k,8,HHS Region,5.56
202252,2022-23,Influenza Hospital Admissions,8,HHS Region,681.0
202252,2022-23,Influenza Hospitalization (Avg 7 Day),8,HHS Region,430.0
202252,2022-23,Average patients with influenza in ICU,8,HHS Region,61.43
202252,2022-23,Influenza Hospital Admissions Rate Per 100k,9,HHS Region,4.34
202252,2022-23,Influenza Hospital Admissions,9,HHS Region,2224.0
202252,2022-23,Influenza Hospitalization (Avg 7 Day),9,HHS Region,1676.57
202252,2022-23,Average patients with influenza in ICU,9,HHS Region,265.71
202252,2022-23,Influenza Hospital Admissions Rate Per 100k,10,HHS Region,6.96
202252,2022-23,Influenza Hospital Admissions,10,HHS Region,999.0
202252,2022-23,Influenza Hospitalization (Avg 7 Day),10,HHS Region,705.0
202252,2022-23,Average patients with influenza in ICU,10,HHS Region,92.43
202301,2022-23,Influenza Hospital Admissions Rate Per 100k,1,HHS Region,6.6
202301,2022-23,Influenza Hospital Admissions,1,HHS Region,980.0
202301,2022-23,Influenza Hospitalization (Avg 7 Day),1,HHS Region,1049.71
202301,2022-23,Average patients with influenza in ICU,1,HHS Region,123.14
202301,2022-23,Influenza Hospital Admissions Rate Per 100k,2,HHS Region,4.27
202301,2022-23,Influenza Hospital Admissions,2,HHS Region,1347.0
202301,2022-23,Influenza Hospitalization (Avg 7 Day),2,HHS Region,1310.29
202301,2022-23,Average patients with influenza in ICU,2,HHS Region,182.29
202301,2022-23,Influenza Hospital Admissions Rate Per 100k,3,HHS Region,4.56
202301,2022-23,Influenza Hospital Admissions,3,HHS Region,1406.0
202301,2022-23,Influenza Hospitalization (Avg 7 Day),3,HHS Region,1208.71
202301,2022-23,Average patients with influenza in ICU,3,HHS Region,169.29
202301,2022-23,Influenza Hospital Admissions Rate Per 100k,4,HHS Region,3.55
202301,2022-23,Influenza Hospital Admissions,4,HHS Region,2372.0
202301,2022-23,Influenza Hospitalization (Avg 7 Day),4,HHS Region,1979.29
202301,2022-23,Average patients with influenza in ICU,4,HHS Region,319.0
202301,2022-23,Influenza Hospital Admissions Rate Per 100k,5,HHS Region,4.58
202301,2022-23,Influenza Hospital Admissions,5,HHS Region,2409.0
202301,2022-23,Influenza Hospitalization (Avg 7 Day),5,HHS Region,2282.43
202301,2022-23,Average patients with influenza in ICU,5,HHS Region,391.43
202301,2022-23,Influenza Hospital Admissions Rate Per 100k,6,HHS Region,5.26
202301,2022-23,Influenza Hospital Admissions,6,HHS Region,2247.0
202301,2022-23,Influenza Hospitalization (Avg 7 Day),6,HHS Region,1151.71
202301,2022-23,Average patients with influenza in ICU,6,HHS Region,240.86
202301,2022-23,Influenza Hospital Admissions Rate Per 100k,7,HHS Region,5.97
202301,2022-23,Influenza Hospital Admissions,7,HHS Region,844.0
202301,2022-23,Influenza Hospitalization (Avg 7 Day),7,HHS Region,718.86
202301,2022-23,Average patients with influenza in ICU,7,HHS Region,118.86
202301,2022-23,Influenza Hospital Admissions Rate Per 100k,8,HHS Region,3.7
202301,2022-23,Influenza Hospital Admissions,8,HHS Region,453.0
202301,2022-23,Influenza Hospitalization (Avg 7 Day),8,HHS Region,370.29
202301,2022-23,Average patients with influenza in ICU,8,HHS Region,53.86
202310,2022-23,Influenza Hospital Admissions,6,HHS Region,224.0
202310,2022-23,Influenza Hospitalization (Avg 7 Day),6,HHS Region,151.0
202310,2022-23,Average patients with influenza in ICU,6,HHS Region,25.43
202310,2022-23,Influenza Hospital Admissions Rate Per 100k,7,HHS Region,0.46
202310,2022-23,Influenza Hospital Admissions,7,HHS Region,65.0
202310,2022-23,Influenza Hospitalization (Avg 7 Day),7,HHS Region,36.29
202310,2022-23,Average patients with influenza in ICU,7,HHS Region,2.57
202310,2022-23,Influenza Hospital Admissions Rate Per 100k,8,HHS Region,0.33
202310,2022-23,Influenza Hospital Admissions,8,HHS Region,41.0
202310,2022-23,Influenza Hospitalization (Avg 7 Day),8,HHS Region,34.43
202310,2022-23,Average patients with influenza in ICU,8,HHS Region,3.29
202310,2022-23,Influenza Hospital Admissions Rate Per 100k,9,HHS Region,0.18
202310,2022-23,Influenza Hospital Admissions,9,HHS Region,94.0
202310,2022-23,Influenza Hospitalization (Avg 7 Day),9,HHS Region,118.14
202310,2022-23,Average patients with influenza in ICU,9,HHS Region,16.14
202310,2022-23,Influenza Hospital Admissions Rate Per 100k,10,HHS Region,0.41
202310,2022-23,Influenza Hospital Admissions,10,HHS Region,59.0
202310,2022-23,Influenza Hospitalization (Avg 7 Day),10,HHS Region,53.14
202310,2022-23,Average patients with influenza in ICU,10,HHS Region,5.0
202311,2022-23,Influenza Hospital Admissions Rate Per 100k,1,HHS Region,0.32
202311,2022-23,Influenza Hospital Admissions,1,HHS Region,48.0
202311,2022-23,Influenza Hospitalization (Avg 7 Day),1,HHS Region,41.71
202311,2022-23,Average patients with influenza in ICU,1,HHS Region,6.14
202311,2022-23,Influenza Hospital Admissions Rate Per 100k,2,HHS Region,0.31
202311,2022-23,Influenza Hospital Admissions,2,HHS Region,97.0
202311,2022-23,Influenza Hospitalization (Avg 7 Day),2,HHS Region,105.0
202311,2022-23,Average patients with influenza in ICU,2,HHS Region,13.57
202311,2022-23,Influenza Hospital Admissions Rate Per 100k,3,HHS Region,0.79
202311,2022-23,Influenza Hospital Admissions,3,HHS Region,243.0
202311,2022-23,Influenza Hospitalization (Avg 7 Day),3,HHS Region,133.57
202311,2022-23,Average patients with influenza in ICU,3,HHS Region,19.14
202311,2022-23,Influenza Hospital Admissions Rate Per 100k,4,HHS Region,0.62
202311,2022-23,Influenza Hospital Admissions,4,HHS Region,416.0
202311,2022-23,Influenza Hospitalization (Avg 7 Day),4,HHS Region,364.0
202311,2022-23,Average patients with influenza in ICU,4,HHS Region,104.29
202311,2022-23,Influenza Hospital Admissions Rate Per 100k,5,HHS Region,0.24
202311,2022-23,Influenza Hospital Admissions,5,HHS Region,126.0
202311,2022-23,Influenza Hospitalization (Avg 7 Day),5,HHS Region,100.57
202311,2022-23,Average patients with influenza in ICU,5,HHS Region,14.29
202311,2022-23,Influenza Hospital Admissions Rate Per 100k,6,HHS Region,0.52
202311,2022-23,Influenza Hospital Admissions,6,HHS Region,221.0
202311,2022-23,Influenza Hospitalization (Avg 7 Day),6,HHS Region,125.14
202311,2022-23,Average patients with influenza in ICU,6,HHS Region,20.29
202311,2022-23,Influenza Hospital Admissions Rate Per 100k,7,HHS Region,0.35
202311,2022-23,Influenza Hospital Admissions,7,HHS Region,49.0
202311,2022-23,Influenza Hospitalization (Avg 7 Day),7,HHS Region,33.57
202311,2022-23,Average patients with influenza in ICU,7,HHS Region,5.14
202311,2022-23,Influenza Hospital Admissions Rate Per 100k,8,HHS Region,0.36
202311,2022-23,Influenza Hospital Admissions,8,HHS Region,44.0
202311,2022-23,Influenza Hospitalization (Avg 7 Day),8,HHS Region,37.0
202311,2022-23,Average patients with influenza in ICU,8,HHS Region,2.86
202311,2022-23,Influenza Hospital Admissions Rate Per 100k,9,HHS Region,0.25
202311,2022-23,Influenza Hospital Admissions,9,HHS Region,127.0
202311,2022-23,Influenza Hospitalization (Avg 7 Day),9,HHS Region,109.43
202311,2022-23,Average patients with influenza in ICU,9,HHS Region,11.43
202311,2022-23,Influenza Hospital Admissions Rate Per 100k,10,HHS Region,0.3
202311,2022-23,Influenza Hospital Admissions,10,HHS Region,43.0
202311,2022-23,Influenza Hospitalization (Avg 7 Day),10,HHS Region,39.43
202311,2022-23,Average patients with influenza in ICU,10,HHS Region,3.86
202322,2022-23,Influenza Hospital Admissions,2,HHS Region,128.0
202322,2022-23,Influenza Hospitalization (Avg 7 Day),2,HHS Region,101.0
202322,2022-23,Average patients with influenza in ICU,2,HHS Region,10.57
202322,2022-23,Influenza Hospital Admissions Rate Per 100k,3,HHS Region,0.39
202322,2022-23,Influenza Hospital Admissions,3,HHS Region,121.0
202322,2022-23,Influenza Hospitalization (Avg 7 Day),3,HHS Region,78.57
202322,2022-23,Average patients with influenza in ICU,3,HHS Region,10.43
202322,2022-23,Influenza Hospital Admissions Rate Per 100k,4,HHS Region,0.44
202322,2022-23,Influenza Hospital Admissions,4,HHS Region,294.0
202322,2022-23,Influenza Hospitalization (Avg 7 Day),4,HHS Region,307.0
202322,2022-23,Average patients with influenza in ICU,4,HHS Region,102.14
202322,2022-23,Influenza Hospital Admissions Rate Per 100k,5,HHS Region,0.13
202322,2022-23,Influenza Hospital Admissions,5,HHS Region,69.0
202322,2022-23,Influenza Hospitalization (Avg 7 Day),5,HHS Region,77.0
202322,2022-23,Average patients with influenza in ICU,5,HHS Region,8.86
202322,2022-23,Influenza Hospital Admissions Rate Per 100k,6,HHS Region,0.27
202322,2022-23,Influenza Hospital Admissions,6,HHS Region,116.0
202322,2022-23,Influenza Hospitalization (Avg 7 Day),6,HHS Region,92.0
202322,2022-23,Average patients with influenza in ICU,6,HHS Region,14.0
202322,2022-23,Influenza Hospital Admissions Rate Per 100k,7,HHS Region,0.11
202322,2022-23,Influenza Hospital Admissions,7,HHS Region,15.0
202322,2022-23,Influenza Hospitalization (Avg 7 Day),7,HHS Region,12.86
202322,2022-23,Average patients with influenza in ICU,7,HHS Region,2.14
202322,2022-23,Influenza Hospital Admissions Rate Per 100k,8,HHS Region,0.1
202322,2022-23,Influenza Hospital Admissions,8,HHS Region,12.0
202322,2022-23,Influenza Hospitalization (Avg 7 Day),8,HHS Region,15.71
202322,2022-23,Average patients with influenza in ICU,8,HHS Region,2.14
202322,2022-23,Influenza Hospital Admissions Rate Per 100k,9,HHS Region,0.24
202322,2022-23,Influenza Hospital Admissions,9,HHS Region,122.0
202322,2022-23,Influenza Hospitalization (Avg 7 Day),9,HHS Region,74.29
202322,2022-23,Average patients with influenza in ICU,9,HHS Region,9.14
202322,2022-23,Influenza Hospital Admissions Rate Per 100k,10,HHS Region,0.17
202322,2022-23,Influenza Hospital Admissions,10,HHS Region,25.0
202322,2022-23,Influenza Hospitalization (Avg 7 Day),10,HHS Region,22.57
202322,2022-23,Average patients with influenza in ICU,10,HHS Region,0.71
202323,2022-23,Influenza Hospital Admissions Rate Per 100k,1,HHS Region,0.13
202323,2022-23,Influenza Hospital Admissions,1,HHS Region,19.0
202323,2022-23,Influenza Hospitalization (Avg 7 Day),1,HHS Region,21.43
202323,2022-23,Average patients with influenza in ICU,1,HHS Region,2.86
202323,2022-23,Influenza Hospital Admissions Rate Per 100k,2,HHS Region,0.35
202323,2022-23,Influenza Hospital Admissions,2,HHS Region,110.0
202323,2022-23,Influenza Hospitalization (Avg 7 Day),2,HHS Region,89.14
202323,2022-23,Average patients with influenza in ICU,2,HHS Region,7.86
202323,2022-23,Influenza Hospital Admissions Rate Per 100k,3,HHS Region,0.33
202323,2022-23,Influenza Hospital Admissions,3,HHS Region,101.0
202323,2022-23,Influenza Hospitalization (Avg 7 Day),3,HHS Region,69.71
202323,2022-23,Average patients with influenza in ICU,3,HHS Region,6.29
202323,2022-23,Influenza Hospital Admissions Rate Per 100k,4,HHS Region,0.47
202323,2022-23,Influenza Hospital Admissions,4,HHS Region,316.0
202323,2022-23,Influenza Hospitalization (Avg 7 Day),4,HHS Region,330.14
202323,2022-23,Average patients with influenza in ICU,4,HHS Region,102.0
202323,2022-23,Influenza Hospital Admissions Rate Per 100k,5,HHS Region,0.14
202323,2022-23,Influenza Hospital Admissions,5,HHS Region,75.0
202323,2022-23,Influenza Hospitalization (Avg 7 Day),5,HHS Region,86.14
202323,2022-23,Average patients with influenza in ICU,5,HHS Region,9.86
202323,2022-23,Influenza Hospital Admissions Rate Per 100k,6,HHS Region,0.23
202323,2022-23,Influenza Hospital Admissions,6,HHS Region,100.0
202323,2022-23,Influenza Hospitalization (Avg 7 Day),6,HHS Region,75.71
202323,2022-23,Average patients with influenza in ICU,6,HHS Region,10.14
202333,2022-23,Influenza Hospital Admissions,9,HHS Region,47.0
202333,2022-23,Influenza Hospitalization (Avg 7 Day),9,HHS Region,54.71
202333,2022-23,Average patients with influenza in ICU,9,HHS Region,9.0
202333,2022-23,Influenza Hospital Admissions Rate Per 100k,10,HHS Region,0.22
202333,2022-23,Influenza Hospital Admissions,10,HHS Region,32.0
202333,2022-23,Influenza Hospitalization (Avg 7 Day),10,HHS Region,23.71
202333,2022-23,Average patients with influenza in ICU,10,HHS Region,0.29
202334,2022-23,Influenza Hospital Admissions Rate Per 100k,1,HHS Region,0.11
202334,2022-23,Influenza Hospital Admissions,1,HHS Region,16.0
202334,2022-23,Influenza Hospitalization (Avg 7 Day),1,HHS Region,9.71
202334,2022-23,Average patients with influenza in ICU,1,HHS Region,1.57
202334,2022-23,Influenza Hospital Admissions Rate Per 100k,2,HHS Region,0.27
202334,2022-23,Influenza Hospital Admissions,2,HHS Region,86.0
202334,2022-23,Influenza Hospitalization (Avg 7 Day),2,HHS Region,60.29
202334,2022-23,Average patients with influenza in ICU,2,HHS Region,3.14
202334,2022-23,Influenza Hospital Admissions Rate Per 100k,3,HHS Region,0.26
202334,2022-23,Influenza Hospital Admissions,3,HHS Region,79.0
202334,2022-23,Influenza Hospitalization (Avg 7 Day),3,HHS Region,63.29
202334,2022-23,Average patients with influenza in ICU,3,HHS Region,9.0
202334,2022-23,Influenza Hospital Admissions Rate Per 100k,4,HHS Region,0.44
202334,2022-23,Influenza Hospital Admissions,4,HHS Region,296.0
202334,2022-23,Influenza Hospitalization (Avg 7 Day),4,HHS Region,295.43
202334,2022-23,Average patients with influenza in ICU,4,HHS Region,96.86
202334,2022-23,Influenza Hospital Admissions Rate Per 100k,5,HHS Region,0.1
202334,2022-23,Influenza Hospital Admissions,5,HHS Region,53.0
202334,2022-23,Influenza Hospitalization (Avg 7 Day),5,HHS Region,78.43
202334,2022-23,Average patients with influenza in ICU,5,HHS Region,10.0
202334,2022-23,Influenza Hospital Admissions Rate Per 100k,6,HHS Region,0.32
202334,2022-23,Influenza Hospital Admissions,6,HHS Region,136.0
202334,2022-23,Influenza Hospitalization (Avg 7 Day),6,HHS Region,85.14
202334,2022-23,Average patients with influenza in ICU,6,HHS Region,14.14
202334,2022-23,Influenza Hospital Admissions Rate Per 100k,7,HHS Region,0.1
202334,2022-23,Influenza Hospital Admissions,7,HHS Region,14.0
202334,2022-23,Influenza Hospitalization (Avg 7 Day),7,HHS Region,12.71
202334,2022-23,Average patients with influenza in ICU,7,HHS Region,3.0
202334,2022-23,Influenza Hospital Admissions Rate Per 100k,8,HHS Region,0.05
202334,2022-23,Influenza Hospital Admissions,8,HHS Region,6.0
202334,2022-23,Influenza Hospitalization (Avg 7 Day),8,HHS Region,6.86
202334,2022-23,Average patients with influenza in ICU,8,HHS Region,0.14
202334,2022-23,Influenza Hospital Admissions Rate Per 100k,9,HHS Region,0.11
202334,2022-23,Influenza Hospital Admissions,9,HHS Region,58.0
202334,2022-23,Influenza Hospitalization (Avg 7 Day),9,HHS Region,44.86
202334,2022-23,Average patients with influenza in ICU,9,HHS Region,5.0
202334,2022-23,Influenza Hospital Admissions Rate Per 100k,10,HHS Region,0.17
202334,2022-23,Influenza Hospital Admissions,10,HHS Region,24.0
202334,2022-23,Influenza Hospitalization (Avg 7 Day),10,HHS Region,17.71
202334,2022-23,Average patients with influenza in ICU,10,HHS Region,1.0
202335,2022-23,Influenza Hospital Admissions Rate Per 100k,1,HHS Region,0.18
202335,2022-23,Influenza Hospital Admissions,1,HHS Region,27.0
202335,2022-23,Influenza Hospitalization (Avg 7 Day),1,HHS Region,19.71
202335,2022-23,Average patients with influenza in ICU,1,HHS Region,3.57
202335,2022-23,Influenza Hospital Admissions Rate Per 100k,2,HHS Region,0.34
202335,2022-23,Influenza Hospital Admissions,2,HHS Region,106.0
202335,2022-23,Influenza Hospitalization (Avg 7 Day),2,HHS Region,79.86
202335,2022-23,Average patients with influenza in ICU,2,HHS Region,7.29
