202045,2020-21,Influenza Hospitalization (Avg 7 Day),10,HHS Region,1.86
202045,2020-21,Average patients with influenza in ICU,10,HHS Region,0.43
202046,2020-21,Influenza Hospital Admissions Rate Per 100k,1,HHS Region,0.03
202046,2020-21,Influenza Hospital Admissions,1,HHS Region,5.0
202046,2020-21,Influenza Hospitalization (Avg 7 Day),1,HHS Region,3.29
202046,2020-21,Average patients with influenza in ICU,1,HHS Region,0.71
202046,2020-21,Influenza Hospital Admissions Rate Per 100k,2,HHS Region,0.07
202046,2020-21,Influenza Hospital Admissions,2,HHS Region,23.0
202046,2020-21,Influenza Hospitalization (Avg 7 Day),2,HHS Region,25.29
202046,2020-21,Average patients with influenza in ICU,2,HHS Region,5.86
202046,2020-21,Influenza Hospital Admissions Rate Per 100k,3,HHS Region,0.1
202046,2020-21,Influenza Hospital Admissions,3,HHS Region,30.0
202046,2020-21,Influenza Hospitalization (Avg 7 Day),3,HHS Region,16.86
202046,2020-21,Average patients with influenza in ICU,3,HHS Region,4.86
202046,2020-21,Influenza Hospital Admissions Rate Per 100k,4,HHS Region,0.22
202046,2020-21,Influenza Hospital Admissions,4,HHS Region,147.0
202046,2020-21,Influenza Hospitalization (Avg 7 Day),4,HHS Region,92.14
202046,2020-21,Average patients with influenza in ICU,4,HHS Region,25.0
202046,2020-21,Influenza Hospital Admissions Rate Per 100k,5,HHS Region,0.11
202046,2020-21,Influenza Hospital Admissions,5,HHS Region,60.0
202046,2020-21,Influenza Hospitalization (Avg 7 Day),5,HHS Region,36.29
202046,2020-21,Average patients with influenza in ICU,5,HHS Region,6.14
202046,2020-21,Influenza Hospital Admissions Rate Per 100k,6,HHS Region,0.42
202046,2020-21,Influenza Hospital Admissions,6,HHS Region,181.0
202046,2020-21,Influenza Hospitalization (Avg 7 Day),6,HHS Region,126.43
202046,2020-21,Average patients with influenza in ICU,6,HHS Region,16.71
202046,2020-21,Influenza Hospital Admissions Rate Per 100k,7,HHS Region,0.22
202046,2020-21,Influenza Hospital Admissions,7,HHS Region,31.0
202046,2020-21,Influenza Hospitalization (Avg 7 Day),7,HHS Region,14.86
202046,2020-21,Average patients with influenza in ICU,7,HHS Region,6.43
202046,2020-21,Influenza Hospital Admissions Rate Per 100k,8,HHS Region,0.11
202040,2020-21,Influenza Hospital Admissions Rate Per 100k,1,HHS Region,0.0
202040,2020-21,Influenza Hospital Admissions,1,HHS Region,0.0
202040,2020-21,Influenza Hospitalization (Avg 7 Day),1,HHS Region,0.0
202040,2020-21,Average patients with influenza in ICU,1,HHS Region,0.0
202040,2020-21,Influenza Hospital Admissions Rate Per 100k,2,HHS Region,0.0
202040,2020-21,Influenza Hospital Admissions,2,HHS Region,0.0
202040,2020-21,Influenza Hospitalization (Avg 7 Day),2,HHS Region,0.0
202040,2020-21,Average patients with influenza in ICU,2,HHS Region,0.0
202040,2020-21,Influenza Hospital Admissions Rate Per 100k,3,HHS Region,0.0
202040,2020-21,Influenza Hospital Admissions,3,HHS Region,0.0
202040,2020-21,Influenza Hospitalization (Avg 7 Day),3,HHS Region,0.0
202040,2020-21,Average patients with influenza in ICU,3,HHS Region,0.0
202040,2020-21,Influenza Hospital Admissions Rate Per 100k,4,HHS Region,0.0
202040,2020-21,Influenza Hospital Admissions,4,HHS Region,0.0
202040,2020-21,Influenza Hospitalization (Avg 7 Day),4,HHS Region,0.0
202040,2020-21,Average patients with influenza in ICU,4,HHS Region,0.0
202040,2020-21,Influenza Hospital Admissions Rate Per 100k,5,HHS Region,0.0
202040,2020-21,Influenza Hospital Admissions,5,HHS Region,0.0
202040,2020-21,Influenza Hospitalization (Avg 7 Day),5,HHS Region,0.0
202040,2020-21,Average patients with influenza in ICU,5,HHS Region,0.0
202040,2020-21,Influenza Hospital Admissions Rate Per 100k,6,HHS Region,0.0
202040,2020-21,Influenza Hospital Admissions,6,HHS Region,0.0
202040,2020-21,Influenza Hospitalization (Avg 7 Day),6,HHS Region,0.0
202040,2020-21,Average patients with influenza in ICU,6,HHS Region,0.0
202040,2020-21,Influenza Hospital Admissions Rate Per 100k,7,HHS Region,0.0
202040,2020-21,Influenza Hospital Admissions,7,HHS Region,0.0
202040,2020-21,Influenza Hospitalization (Avg 7 Day),7,HHS Region,0.0
202040,2020-21,Average patients with influenza in ICU,7,HHS Region,0.0
202040,2020-21,Influenza Hospital Admissions Rate Per 100k,8,HHS Region,0.0
202040,2020-21,Influenza Hospital Admissions,8,HHS Region,0.0
202040,2020-21,Influenza Hospitalization (Avg 7 Day),8,HHS Region,0.0
202040,2020-21,Average patients with influenza in ICU,8,HHS Region,0.0
202040,2020-21,Influenza Hospital Admissions Rate Per 100k,9,HHS Region,0.0
202040,2020-21,Influenza Hospital Admissions,9,HHS Region,0.0
202040,2020-21,Influenza Hospitalization (Avg 7 Day),9,HHS Region,0.0
202040,2020-21,Average patients with influenza in ICU,9,HHS Region,0.0
202040,2020-21,Influenza Hospital Admissions Rate Per 100k,10,HHS Region,0.0
202040,2020-21,Influenza Hospital Admissions,10,HHS Region,0.0
202040,2020-21,Influenza Hospitalization (Avg 7 Day),10,HHS Region,0.0
202040,2020-21,Average patients with influenza in ICU,10,HHS Region,0.0
202041,2020-21,Influenza Hospital Admissions Rate Per 100k,1,HHS Region,0.0
202041,2020-21,Influenza Hospital Admissions,1,HHS Region,0.0
202041,2020-21,Influenza Hospitalization (Avg 7 Day),1,HHS Region,0.0
202041,2020-21,Average patients with influenza in ICU,1,HHS Region,0.0
202041,2020-21,Influenza Hospital Admissions Rate Per 100k,2,HHS Region,0.0
202041,2020-21,Influenza Hospital Admissions,2,HHS Region,0.0
202041,2020-21,Influenza Hospitalization (Avg 7 Day),2,HHS Region,0.0
202041,2020-21,Average patients with influenza in ICU,2,HHS Region,0.0
202041,2020-21,Influenza Hospital Admissions Rate Per 100k,3,HHS Region,0.0
202041,2020-21,Influenza Hospital Admissions,3,HHS Region,0.0
202041,2020-21,Influenza Hospitalization (Avg 7 Day),3,HHS Region,0.0
202041,2020-21,Average patients with influenza in ICU,3,HHS Region,0.0
202041,2020-21,Influenza Hospital Admissions Rate Per 100k,4,HHS Region,0.0
202041,2020-21,Influenza Hospital Admissions,4,HHS Region,0.0
202041,2020-21,Influenza Hospitalization (Avg 7 Day),4,HHS Region,0.0
202041,2020-21,Average patients with influenza in ICU,4,HHS Region,0.0
202139,2020-21,Influenza Hospital Admissions,1,HHS Region,1.0
202139,2020-21,Influenza Hospitalization (Avg 7 Day),1,HHS Region,2.0
202139,2020-21,Average patients with influenza in ICU,1,HHS Region,0.0
202139,2020-21,Influenza Hospital Admissions Rate Per 100k,2,HHS Region,0.12
202139,2020-21,Influenza Hospital Admissions,2,HHS Region,38.0
202139,2020-21,Influenza Hospitalization (Avg 7 Day),2,HHS Region,78.43
202139,2020-21,Average patients with influenza in ICU,2,HHS Region,4.57
202139,2020-21,Influenza Hospital Admissions Rate Per 100k,3,HHS Region,0.09
202139,2020-21,Influenza Hospital Admissions,3,HHS Region,29.0
202139,2020-21,Influenza Hospitalization (Avg 7 Day),3,HHS Region,33.71
202139,2020-21,Average patients with influenza in ICU,3,HHS Region,11.29
202139,2020-21,Influenza Hospital Admissions Rate Per 100k,4,HHS Region,0.09
202139,2020-21,Influenza Hospital Admissions,4,HHS Region,62.0
202139,2020-21,Influenza Hospitalization (Avg 7 Day),4,HHS Region,49.14
202139,2020-21,Average patients with influenza in ICU,4,HHS Region,13.43
202139,2020-21,Influenza Hospital Admissions Rate Per 100k,5,HHS Region,0.06
202139,2020-21,Influenza Hospital Admissions,5,HHS Region,34.0
202139,2020-21,Influenza Hospitalization (Avg 7 Day),5,HHS Region,25.57
202139,2020-21,Average patients with influenza in ICU,5,HHS Region,8.43
202139,2020-21,Influenza Hospital Admissions Rate Per 100k,6,HHS Region,0.07
202139,2020-21,Influenza Hospital Admissions,6,HHS Region,28.0
202139,2020-21,Influenza Hospitalization (Avg 7 Day),6,HHS Region,20.57
202139,2020-21,Average patients with influenza in ICU,6,HHS Region,8.0
202139,2020-21,Influenza Hospital Admissions Rate Per 100k,7,HHS Region,0.07
202139,2020-21,Influenza Hospital Admissions,7,HHS Region,10.0
202139,2020-21,Influenza Hospitalization (Avg 7 Day),7,HHS Region,4.86
202139,2020-21,Average patients with influenza in ICU,7,HHS Region,1.43
202139,2020-21,Influenza Hospital Admissions Rate Per 100k,8,HHS Region,0.02
202139,2020-21,Influenza Hospital Admissions,8,HHS Region,2.0
202139,2020-21,Influenza Hospitalization (Avg 7 Day),8,HHS Region,1.57
202139,2020-21,Average patients with influenza in ICU,8,HHS Region,0.0
202139,2020-21,Influenza Hospital Admissions Rate Per 100k,9,HHS Region,0.03
202139,2020-21,Influenza Hospital Admissions,9,HHS Region,13.0
202139,2020-21,Influenza Hospitalization (Avg 7 Day),9,HHS Region,14.71
202139,2020-21,Average patients with influenza in ICU,9,HHS Region,0.86
202139,2020-21,Influenza Hospital Admissions Rate Per 100k,10,HHS Region,0.03
202139,2020-21,Influenza Hospital Admissions,10,HHS Region,5.0
202139,2020-21,Influenza Hospitalization (Avg 7 Day),10,HHS Region,1.14
202139,2020-21,Average patients with influenza in ICU,10,HHS Region,0.0
202040,2020-21,Influenza Hospital Admissions Rate Per 100k,1,HHS Region,0.0
202040,2020-21,Influenza Hospital Admissions,1,HHS Region,0.0
202040,2020-21,Influenza Hospitalization (Avg 7 Day),1,HHS Region,0.0
202040,2020-21,Average patients with influenza in ICU,1,HHS Region,0.0
202040,2020-21,Influenza Hospital Admissions Rate Per 100k,2,HHS Region,0.0
202040,2020-21,Influenza Hospital Admissions,2,HHS Region,0.0
202040,2020-21,Influenza Hospitalization (Avg 7 Day),2,HHS Region,0.0
202040,2020-21,Average patients with influenza in ICU,2,HHS Region,0.0
202040,2020-21,Influenza Hospital Admissions Rate Per 100k,3,HHS Region,0.0
202040,2020-21,Influenza Hospital Admissions,3,HHS Region,0.0
202040,2020-21,Influenza Hospitalization (Avg 7 Day),3,HHS Region,0.0
202040,2020-21,Average patients with influenza in ICU,3,HHS Region,0.0
202040,2020-21,Influenza Hospital Admissions Rate Per 100k,4,HHS Region,0.0
202040,2020-21,Influenza Hospital Admissions,4,HHS Region,0.0
202040,2020-21,Influenza Hospitalization (Avg 7 Day),4,HHS Region,0.0
202040,2020-21,Average patients with influenza in ICU,4,HHS Region,0.0
202040,2020-21,Influenza Hospital Admissions Rate Per 100k,5,HHS Region,0.0
202040,2020-21,Influenza Hospital Admissions,5,HHS Region,0.0
202040,2020-21,Influenza Hospitalization (Avg 7 Day),5,HHS Region,0.0
202040,2020-21,Average patients with influenza in ICU,5,HHS Region,0.0
202040,2020-21,Influenza Hospital Admissions Rate Per 100k,6,HHS Region,0.0
202040,2020-21,Influenza Hospital Admissions,6,HHS Region,0.0
202040,2020-21,Influenza Hospitalization (Avg 7 Day),6,HHS Region,0.0
202040,2020-21,Average patients with influenza in ICU,6,HHS Region,0.0
202040,2020-21,Influenza Hospital Admissions Rate Per 100k,7,HHS Region,0.0
202040,2020-21,Influenza Hospital Admissions,7,HHS Region,0.0
202040,2020-21,Influenza Hospitalization (Avg 7 Day),7,HHS Region,0.0
202040,2020-21,Average patients with influenza in ICU,7,HHS Region,0.0
202040,2020-21,Influenza Hospital Admissions Rate Per 100k,8,HHS Region,0.0
202040,2020-21,Influenza Hospital Admissions,8,HHS Region,0.0
202040,2020-21,Influenza Hospitalization (Avg 7 Day),8,HHS Region,0.0
202040,2020-21,Average patients with influenza in ICU,8,HHS Region,0.0
202040,2020-21,Influenza Hospital Admissions Rate Per 100k,9,HHS Region,0.0
202040,2020-21,Influenza Hospital Admissions,9,HHS Region,0.0
202040,2020-21,Influenza Hospitalization (Avg 7 Day),9,HHS Region,0.0
202040,2020-21,Average patients with influenza in ICU,9,HHS Region,0.0
202040,2020-21,Influenza Hospital Admissions Rate Per 100k,10,HHS Region,0.0
202040,2020-21,Influenza Hospital Admissions,10,HHS Region,0.0
202040,2020-21,Influenza Hospitalization (Avg 7 Day),10,HHS Region,0.0
202040,2020-21,Average patients with influenza in ICU,10,HHS Region,0.0
202041,2020-21,Influenza Hospital Admissions Rate Per 100k,1,HHS Region,0.0
202041,2020-21,Influenza Hospital Admissions,1,HHS Region,0.0
202041,2020-21,Influenza Hospitalization (Avg 7 Day),1,HHS Region,0.0
202041,2020-21,Average patients with influenza in ICU,1,HHS Region,0.0
202041,2020-21,Influenza Hospital Admissions Rate Per 100k,2,HHS Region,0.0
202041,2020-21,Influenza Hospital Admissions,2,HHS Region,0.0
202041,2020-21,Influenza Hospitalization (Avg 7 Day),2,HHS Region,0.0
202041,2020-21,Average patients with influenza in ICU,2,HHS Region,0.0
202041,2020-21,Influenza Hospital Admissions Rate Per 100k,3,HHS Region,0.0
202041,2020-21,Influenza Hospital Admissions,3,HHS Region,0.0
202041,2020-21,Influenza Hospitalization (Avg 7 Day),3,HHS Region,0.0
202041,2020-21,Average patients with influenza in ICU,3,HHS Region,0.0
202041,2020-21,Influenza Hospital Admissions Rate Per 100k,4,HHS Region,0.0
202041,2020-21,Influenza Hospital Admissions,4,HHS Region,0.0
202041,2020-21,Influenza Hospitalization (Avg 7 Day),4,HHS Region,0.0
202041,2020-21,Average patients with influenza in ICU,4,HHS Region,0.0
202048,2020-21,Average patients with influenza in ICU,7,HHS Region,4.0
202048,2020-21,Influenza Hospital Admissions Rate Per 100k,8,HHS Region,0.03
202048,2020-21,Influenza Hospital Admissions,8,HHS Region,4.0
202048,2020-21,Influenza Hospitalization (Avg 7 Day),8,HHS Region,3.43
202048,2020-21,Average patients with influenza in ICU,8,HHS Region,0.29
202048,2020-21,Influenza Hospital Admissions Rate Per 100k,9,HHS Region,0.19
202048,2020-21,Influenza Hospital Admissions,9,HHS Region,96.0
202048,2020-21,Influenza Hospitalization (Avg 7 Day),9,HHS Region,112.86
202048,2020-21,Average patients with influenza in ICU,9,HHS Region,17.43
202048,2020-21,Influenza Hospital Admissions Rate Per 100k,10,HHS Region,0.03
202048,2020-21,Influenza Hospital Admissions,10,HHS Region,5.0
202048,2020-21,Influenza Hospitalization (Avg 7 Day),10,HHS Region,9.86
202048,2020-21,Average patients with influenza in ICU,10,HHS Region,3.29
202049,2020-21,Influenza Hospital Admissions Rate Per 100k,1,HHS Region,0.03
202049,2020-21,Influenza Hospital Admissions,1,HHS Region,5.0
202049,2020-21,Influenza Hospitalization (Avg 7 Day),1,HHS Region,5.14
202049,2020-21,Average patients with influenza in ICU,1,HHS Region,1.14
202049,2020-21,Influenza Hospital Admissions Rate Per 100k,2,HHS Region,0.14
202049,2020-21,Influenza Hospital Admissions,2,HHS Region,45.0
202049,2020-21,Influenza Hospitalization (Avg 7 Day),2,HHS Region,38.14
202049,2020-21,Average patients with influenza in ICU,2,HHS Region,6.0
202049,2020-21,Influenza Hospital Admissions Rate Per 100k,3,HHS Region,0.17
202049,2020-21,Influenza Hospital Admissions,3,HHS Region,51.0
202049,2020-21,Influenza Hospitalization (Avg 7 Day),3,HHS Region,36.71
202049,2020-21,Average patients with influenza in ICU,3,HHS Region,12.0
202049,2020-21,Influenza Hospital Admissions Rate Per 100k,4,HHS Region,0.17
202049,2020-21,Influenza Hospital Admissions,4,HHS Region,115.0
202049,2020-21,Influenza Hospitalization (Avg 7 Day),4,HHS Region,125.0
202049,2020-21,Average patients with influenza in ICU,4,HHS Region,26.86
202049,2020-21,Influenza Hospital Admissions Rate Per 100k,5,HHS Region,0.05
202049,2020-21,Influenza Hospital Admissions,5,HHS Region,25.0
202049,2020-21,Influenza Hospitalization (Avg 7 Day),5,HHS Region,30.29
202049,2020-21,Average patients with influenza in ICU,5,HHS Region,5.71
202049,2020-21,Influenza Hospital Admissions Rate Per 100k,6,HHS Region,0.53
202049,2020-21,Influenza Hospital Admissions,6,HHS Region,226.0
202049,2020-21,Influenza Hospitalization (Avg 7 Day),6,HHS Region,189.71
202049,2020-21,Average patients with influenza in ICU,6,HHS Region,17.43
202049,2020-21,Influenza Hospital Admissions Rate Per 100k,7,HHS Region,0.17
202049,2020-21,Influenza Hospital Admissions,7,HHS Region,24.0
202049,2020-21,Influenza Hospitalization (Avg 7 Day),7,HHS Region,18.0
202049,2020-21,Average patients with influenza in ICU,7,HHS Region,5.29
202049,2020-21,Influenza Hospital Admissions Rate Per 100k,8,HHS Region,0.04
202049,2020-21,Influenza Hospital Admissions,8,HHS Region,5.0
202049,2020-21,Influenza Hospitalization (Avg 7 Day),8,HHS Region,4.43
202049,2020-21,Average patients with influenza in ICU,8,HHS Region,0.0
202049,2020-21,Influenza Hospital Admissions Rate Per 100k,9,HHS Region,0.14
202049,2020-21,Influenza Hospital Admissions,9,HHS Region,73.0
202049,2020-21,Influenza Hospitalization (Avg 7 Day),9,HHS Region,143.29
202049,2020-21,Average patients with influenza in ICU,9,HHS Region,17.43
202049,2020-21,Influenza Hospital Admissions Rate Per 100k,10,HHS Region,0.03
202049,2020-21,Influenza Hospital Admissions,10,HHS Region,4.0
202049,2020-21,Influenza Hospitalization (Avg 7 Day),10,HHS Region,27.14
202049,2020-21,Average patients with influenza in ICU,10,HHS Region,4.43
202050,2020-21,Influenza Hospital Admissions Rate Per 100k,1,HHS Region,0.01
202050,2020-21,Influenza Hospital Admissions,1,HHS Region,1.0
202104,2020-21,Influenza Hospital Admissions,4,HHS Region,170.0
202104,2020-21,Influenza Hospitalization (Avg 7 Day),4,HHS Region,131.14
202104,2020-21,Average patients with influenza in ICU,4,HHS Region,31.14
202104,2020-21,Influenza Hospital Admissions Rate Per 100k,5,HHS Region,0.06
202104,2020-21,Influenza Hospital Admissions,5,HHS Region,33.0
202104,2020-21,Influenza Hospitalization (Avg 7 Day),5,HHS Region,27.86
202104,2020-21,Average patients with influenza in ICU,5,HHS Region,5.29
202104,2020-21,Influenza Hospital Admissions Rate Per 100k,6,HHS Region,0.26
202104,2020-21,Influenza Hospital Admissions,6,HHS Region,113.0
202104,2020-21,Influenza Hospitalization (Avg 7 Day),6,HHS Region,79.29
202104,2020-21,Average patients with influenza in ICU,6,HHS Region,20.86
202104,2020-21,Influenza Hospital Admissions Rate Per 100k,7,HHS Region,0.08
202104,2020-21,Influenza Hospital Admissions,7,HHS Region,11.0
202104,2020-21,Influenza Hospitalization (Avg 7 Day),7,HHS Region,7.57
202104,2020-21,Average patients with influenza in ICU,7,HHS Region,1.0
202104,2020-21,Influenza Hospital Admissions Rate Per 100k,8,HHS Region,0.05
202104,2020-21,Influenza Hospital Admissions,8,HHS Region,6.0
202104,2020-21,Influenza Hospitalization (Avg 7 Day),8,HHS Region,3.57
202104,2020-21,Average patients with influenza in ICU,8,HHS Region,0.14
202104,2020-21,Influenza Hospital Admissions Rate Per 100k,9,HHS Region,0.06
202104,2020-21,Influenza Hospital Admissions,9,HHS Region,29.0
202104,2020-21,Influenza Hospitalization (Avg 7 Day),9,HHS Region,77.57
202104,2020-21,Average patients with influenza in ICU,9,HHS Region,15.14
202104,2020-21,Influenza Hospital Admissions Rate Per 100k,10,HHS Region,0.0
202104,2020-21,Influenza Hospital Admissions,10,HHS Region,0.0
202104,2020-21,Influenza Hospitalization (Avg 7 Day),10,HHS Region,1.0
202104,2020-21,Average patients with influenza in ICU,10,HHS Region,0.0
202105,2020-21,Influenza Hospital Admissions Rate Per 100k,1,HHS Region,0.03
202105,2020-21,Influenza Hospital Admissions,1,HHS Region,4.0
202105,2020-21,Influenza Hospitalization (Avg 7 Day),1,HHS Region,4.43
202105,2020-21,Average patients with influenza in ICU,1,HHS Region,0.43
202105,2020-21,Influenza Hospital Admissions Rate Per 100k,2,HHS Region,0.14
202105,2020-21,Influenza Hospital Admissions,2,HHS Region,45.0
202105,2020-21,Influenza Hospitalization (Avg 7 Day),2,HHS Region,46.29
202105,2020-21,Average patients with influenza in ICU,2,HHS Region,6.14
202105,2020-21,Influenza Hospital Admissions Rate Per 100k,3,HHS Region,0.12
202105,2020-21,Influenza Hospital Admissions,3,HHS Region,37.0
202105,2020-21,Influenza Hospitalization (Avg 7 Day),3,HHS Region,44.43
202105,2020-21,Average patients with influenza in ICU,3,HHS Region,8.29
202105,2020-21,Influenza Hospital Admissions Rate Per 100k,4,HHS Region,0.22
202105,2020-21,Influenza Hospital Admissions,4,HHS Region,149.0
202105,2020-21,Influenza Hospitalization (Avg 7 Day),4,HHS Region,120.0
202105,2020-21,Average patients with influenza in ICU,4,HHS Region,26.0
202105,2020-21,Influenza Hospital Admissions Rate Per 100k,5,HHS Region,0.06
202105,2020-21,Influenza Hospital Admissions,5,HHS Region,31.0
202105,2020-21,Influenza Hospitalization (Avg 7 Day),5,HHS Region,17.43
202105,2020-21,Average patients with influenza in ICU,5,HHS Region,2.14
202105,2020-21,Influenza Hospital Admissions Rate Per 100k,6,HHS Region,0.31
202105,2020-21,Influenza Hospital Admissions,6,HHS Region,132.0
202105,2020-21,Influenza Hospitalization (Avg 7 Day),6,HHS Region,67.71
202105,2020-21,Average patients with influenza in ICU,6,HHS Region,15.43
202105,2020-21,Influenza Hospital Admissions Rate Per 100k,7,HHS Region,0.06
202105,2020-21,Influenza Hospital Admissions,7,HHS Region,9.0
202105,2020-21,Influenza Hospitalization (Avg 7 Day),7,HHS Region,6.57
202105,2020-21,Average patients with influenza in ICU,7,HHS Region,0.43
202105,2020-21,Influenza Hospital Admissions Rate Per 100k,8,HHS Region,0.02
202105,2020-21,Influenza Hospital Admissions,8,HHS Region,2.0
202105,2020-21,Influenza Hospitalization (Avg 7 Day),8,HHS Region,2.71
202105,2020-21,Average patients with influenza in ICU,8,HHS Region,0.0
202113,2020-21,Influenza Hospital Admissions Rate Per 100k,1,HHS Region,0.03
202113,2020-21,Influenza Hospital Admissions,1,HHS Region,4.0
202113,2020-21,Influenza Hospitalization (Avg 7 Day),1,HHS Region,2.57
202113,2020-21,Average patients with influenza in ICU,1,HHS Region,0.14
202113,2020-21,Influenza Hospital Admissions Rate Per 100k,2,HHS Region,0.12
202113,2020-21,Influenza Hospital Admissions,2,HHS Region,39.0
202113,2020-21,Influenza Hospitalization (Avg 7 Day),2,HHS Region,61.14
202113,2020-21,Average patients with influenza in ICU,2,HHS Region,3.71
202113,2020-21,Influenza Hospital Admissions Rate Per 100k,3,HHS Region,0.09
202113,2020-21,Influenza Hospital Admissions,3,HHS Region,27.0
202113,2020-21,Influenza Hospitalization (Avg 7 Day),3,HHS Region,30.43
202113,2020-21,Average patients with influenza in ICU,3,HHS Region,7.71
202113,2020-21,Influenza Hospital Admissions Rate Per 100k,4,HHS Region,0.17
202113,2020-21,Influenza Hospital Admissions,4,HHS Region,111.0
202113,2020-21,Influenza Hospitalization (Avg 7 Day),4,HHS Region,94.43
202113,2020-21,Average patients with influenza in ICU,4,HHS Region,23.71
202113,2020-21,Influenza Hospital Admissions Rate Per 100k,5,HHS Region,0.14
202113,2020-21,Influenza Hospital Admissions,5,HHS Region,71.0
202113,2020-21,Influenza Hospitalization (Avg 7 Day),5,HHS Region,14.57
202113,2020-21,Average patients with influenza in ICU,5,HHS Region,2.86
202113,2020-21,Influenza Hospital Admissions Rate Per 100k,6,HHS Region,0.14
202113,2020-21,Influenza Hospital Admissions,6,HHS Region,61.0
202113,2020-21,Influenza Hospitalization (Avg 7 Day),6,HHS Region,46.57
202113,2020-21,Average patients with influenza in ICU,6,HHS Region,13.0
202113,2020-21,Influenza Hospital Admissions Rate Per 100k,7,HHS Region,0.07
202113,2020-21,Influenza Hospital Admissions,7,HHS Region,10.0
202113,2020-21,Influenza Hospitalization (Avg 7 Day),7,HHS Region,5.43
202113,2020-21,Average patients with influenza in ICU,7,HHS Region,0.29
202113,2020-21,Influenza Hospital Admissions Rate Per 100k,8,HHS Region,0.0
202113,2020-21,Influenza Hospital Admissions,8,HHS Region,0.0
202113,2020-21,Influenza Hospitalization (Avg 7 Day),8,HHS Region,0.29
202113,2020-21,Average patients with influenza in ICU,8,HHS Region,0.0
202113,2020-21,Influenza Hospital Admissions Rate Per 100k,9,HHS Region,0.03
202113,2020-21,Influenza Hospital Admissions,9,HHS Region,13.0
202113,2020-21,Influenza Hospitalization (Avg 7 Day),9,HHS Region,22.43
202113,2020-21,Average patients with influenza in ICU,9,HHS Region,2.0
202113,2020-21,Influenza Hospital Admissions Rate Per 100k,10,HHS Region,0.01
202113,2020-21,Influenza Hospital Admissions,10,HHS Region,1.0
202113,2020-21,Influenza Hospitalization (Avg 7 Day),10,HHS Region,0.71
202113,2020-21,Average patients with influenza in ICU,10,HHS Region,0.0
202114,2020-21,Influenza Hospital Admissions Rate Per 100k,1,HHS Region,0.03
202114,2020-21,Influenza Hospital Admissions,1,HHS Region,5.0
202114,2020-21,Influenza Hospitalization (Avg 7 Day),1,HHS Region,2.71
202114,2020-21,Average patients with influenza in ICU,1,HHS Region,0.29
202114,2020-21,Influenza Hospital Admissions Rate Per 100k,2,HHS Region,0.17
202114,2020-21,Influenza Hospital Admissions,2,HHS Region,53.0
202114,2020-21,Influenza Hospitalization (Avg 7 Day),2,HHS Region,68.71
202114,2020-21,Average patients with influenza in ICU,2,HHS Region,5.14
202114,2020-21,Influenza Hospital Admissions Rate Per 100k,3,HHS Region,0.11
202114,2020-21,Influenza Hospital Admissions,3,HHS Region,34.0
202114,2020-21,Influenza Hospitalization (Avg 7 Day),3,HHS Region,27.57
202114,2020-21,Average patients with influenza in ICU,3,HHS Region,7.86
202114,2020-21,Influenza Hospital Admissions Rate Per 100k,4,HHS Region,0.13
202114,2020-21,Influenza Hospital Admissions,4,HHS Region,86.0
202114,2020-21,Influenza Hospitalization (Avg 7 Day),4,HHS Region,65.0
202114,2020-21,Average patients with influenza in ICU,4,HHS Region,13.14
202114,2020-21,Influenza Hospital Admissions Rate Per 100k,5,HHS Region,0.05
202114,2020-21,Influenza Hospital Admissions,5,HHS Region,24.0
202121,2020-21,Influenza Hospital Admissions,8,HHS Region,4.0
202121,2020-21,Influenza Hospitalization (Avg 7 Day),8,HHS Region,2.71
202121,2020-21,Average patients with influenza in ICU,8,HHS Region,0.43
202121,2020-21,Influenza Hospital Admissions Rate Per 100k,9,HHS Region,0.02
202121,2020-21,Influenza Hospital Admissions,9,HHS Region,12.0
202121,2020-21,Influenza Hospitalization (Avg 7 Day),9,HHS Region,18.14
202121,2020-21,Average patients with influenza in ICU,9,HHS Region,0.14
202121,2020-21,Influenza Hospital Admissions Rate Per 100k,10,HHS Region,0.01
202121,2020-21,Influenza Hospital Admissions,10,HHS Region,2.0
202121,2020-21,Influenza Hospitalization (Avg 7 Day),10,HHS Region,0.71
202121,2020-21,Average patients with influenza in ICU,10,HHS Region,0.57
202122,2020-21,Influenza Hospital Admissions Rate Per 100k,1,HHS Region,0.0
202122,2020-21,Influenza Hospital Admissions,1,HHS Region,0.0
202122,2020-21,Influenza Hospitalization (Avg 7 Day),1,HHS Region,3.71
202122,2020-21,Average patients with influenza in ICU,1,HHS Region,1.0
202122,2020-21,Influenza Hospital Admissions Rate Per 100k,2,HHS Region,0.08
202122,2020-21,Influenza Hospital Admissions,2,HHS Region,24.0
202122,2020-21,Influenza Hospitalization (Avg 7 Day),2,HHS Region,70.29
202122,2020-21,Average patients with influenza in ICU,2,HHS Region,3.29
202122,2020-21,Influenza Hospital Admissions Rate Per 100k,3,HHS Region,0.08
202122,2020-21,Influenza Hospital Admissions,3,HHS Region,25.0
202122,2020-21,Influenza Hospitalization (Avg 7 Day),3,HHS Region,16.29
202122,2020-21,Average patients with influenza in ICU,3,HHS Region,1.57
202122,2020-21,Influenza Hospital Admissions Rate Per 100k,4,HHS Region,0.13
202122,2020-21,Influenza Hospital Admissions,4,HHS Region,84.0
202122,2020-21,Influenza Hospitalization (Avg 7 Day),4,HHS Region,58.14
202122,2020-21,Average patients with influenza in ICU,4,HHS Region,13.43
202122,2020-21,Influenza Hospital Admissions Rate Per 100k,5,HHS Region,0.02
202122,2020-21,Influenza Hospital Admissions,5,HHS Region,10.0
202122,2020-21,Influenza Hospitalization (Avg 7 Day),5,HHS Region,9.0
202122,2020-21,Average patients with influenza in ICU,5,HHS Region,1.71
202122,2020-21,Influenza Hospital Admissions Rate Per 100k,6,HHS Region,0.14
202122,2020-21,Influenza Hospital Admissions,6,HHS Region,59.0
202122,2020-21,Influenza Hospitalization (Avg 7 Day),6,HHS Region,30.43
202122,2020-21,Average patients with influenza in ICU,6,HHS Region,11.29
202122,2020-21,Influenza Hospital Admissions Rate Per 100k,7,HHS Region,0.0
202122,2020-21,Influenza Hospital Admissions,7,HHS Region,0.0
202122,2020-21,Influenza Hospitalization (Avg 7 Day),7,HHS Region,1.86
202122,2020-21,Average patients with influenza in ICU,7,HHS Region,0.43
202122,2020-21,Influenza Hospital Admissions Rate Per 100k,8,HHS Region,0.0
202122,2020-21,Influenza Hospital Admissions,8,HHS Region,0.0
202122,2020-21,Influenza Hospitalization (Avg 7 Day),8,HHS Region,1.86
202122,2020-21,Average patients with influenza in ICU,8,HHS Region,0.57
202122,2020-21,Influenza Hospital Admissions Rate Per 100k,9,HHS Region,0.01
202122,2020-21,Influenza Hospital Admissions,9,HHS Region,7.0
202122,2020-21,Influenza Hospitalization (Avg 7 Day),9,HHS Region,17.71
202122,2020-21,Average patients with influenza in ICU,9,HHS Region,0.43
202122,2020-21,Influenza Hospital Admissions Rate Per 100k,10,HHS Region,0.0
202122,2020-21,Influenza Hospital Admissions,10,HHS Region,0.0
202122,2020-21,Influenza Hospitalization (Avg 7 Day),10,HHS Region,0.29
202122,2020-21,Average patients with influenza in ICU,10,HHS Region,0.29
202123,2020-21,Influenza Hospital Admissions Rate Per 100k,1,HHS Region,0.0
202123,2020-21,Influenza Hospital Admissions,1,HHS Region,0.0
202123,2020-21,Influenza Hospitalization (Avg 7 Day),1,HHS Region,3.29
202123,2020-21,Average patients with influenza in ICU,1,HHS Region,1.0
202130,2020-21,Average patients with influenza in ICU,4,HHS Region,10.43
202130,2020-21,Influenza Hospital Admissions Rate Per 100k,5,HHS Region,0.07
202130,2020-21,Influenza Hospital Admissions,5,HHS Region,37.0
202130,2020-21,Influenza Hospitalization (Avg 7 Day),5,HHS Region,26.43
202130,2020-21,Average patients with influenza in ICU,5,HHS Region,4.43
202130,2020-21,Influenza Hospital Admissions Rate Per 100k,6,HHS Region,0.15
202130,2020-21,Influenza Hospital Admissions,6,HHS Region,66.0
202130,2020-21,Influenza Hospitalization (Avg 7 Day),6,HHS Region,31.0
202130,2020-21,Average patients with influenza in ICU,6,HHS Region,7.14
202130,2020-21,Influenza Hospital Admissions Rate Per 100k,7,HHS Region,0.01
202130,2020-21,Influenza Hospital Admissions,7,HHS Region,2.0
202130,2020-21,Influenza Hospitalization (Avg 7 Day),7,HHS Region,2.57
202130,2020-21,Average patients with influenza in ICU,7,HHS Region,0.14
202130,2020-21,Influenza Hospital Admissions Rate Per 100k,8,HHS Region,0.02
202130,2020-21,Influenza Hospital Admissions,8,HHS Region,3.0
202130,2020-21,Influenza Hospitalization (Avg 7 Day),8,HHS Region,6.57
202130,2020-21,Average patients with influenza in ICU,8,HHS Region,0.0
202130,2020-21,Influenza Hospital Admissions Rate Per 100k,9,HHS Region,0.01
202130,2020-21,Influenza Hospital Admissions,9,HHS Region,7.0
202130,2020-21,Influenza Hospitalization (Avg 7 Day),9,HHS Region,12.29
202130,2020-21,Average patients with influenza in ICU,9,HHS Region,1.29
202130,2020-21,Influenza Hospital Admissions Rate Per 100k,10,HHS Region,0.0
202130,2020-21,Influenza Hospital Admissions,10,HHS Region,0.0
202130,2020-21,Influenza Hospitalization (Avg 7 Day),10,HHS Region,0.0
202130,2020-21,Average patients with influenza in ICU,10,HHS Region,0.0
202131,2020-21,Influenza Hospital Admissions Rate Per 100k,1,HHS Region,0.0
202131,2020-21,Influenza Hospital Admissions,1,HHS Region,0.0
202131,2020-21,Influenza Hospitalization (Avg 7 Day),1,HHS Region,1.0
202131,2020-21,Average patients with influenza in ICU,1,HHS Region,0.0
202131,2020-21,Influenza Hospital Admissions Rate Per 100k,2,HHS Region,0.1
202131,2020-21,Influenza Hospital Admissions,2,HHS Region,32.0
202131,2020-21,Influenza Hospitalization (Avg 7 Day),2,HHS Region,82.0
202131,2020-21,Average patients with influenza in ICU,2,HHS Region,4.0
202131,2020-21,Influenza Hospital Admissions Rate Per 100k,3,HHS Region,0.11
202131,2020-21,Influenza Hospital Admissions,3,HHS Region,33.0
202131,2020-21,Influenza Hospitalization (Avg 7 Day),3,HHS Region,28.43
202131,2020-21,Average patients with influenza in ICU,3,HHS Region,5.0
202131,2020-21,Influenza Hospital Admissions Rate Per 100k,4,HHS Region,0.12
202131,2020-21,Influenza Hospital Admissions,4,HHS Region,79.0
202131,2020-21,Influenza Hospitalization (Avg 7 Day),4,HHS Region,71.0
202131,2020-21,Average patients with influenza in ICU,4,HHS Region,16.86
202131,2020-21,Influenza Hospital Admissions Rate Per 100k,5,HHS Region,0.13
202131,2020-21,Influenza Hospital Admissions,5,HHS Region,67.0
202131,2020-21,Influenza Hospitalization (Avg 7 Day),5,HHS Region,97.86
202131,2020-21,Average patients with influenza in ICU,5,HHS Region,16.86
202131,2020-21,Influenza Hospital Admissions Rate Per 100k,6,HHS Region,0.17
202131,2020-21,Influenza Hospital Admissions,6,HHS Region,71.0
202131,2020-21,Influenza Hospitalization (Avg 7 Day),6,HHS Region,40.0
202131,2020-21,Average patients with influenza in ICU,6,HHS Region,7.86
202131,2020-21,Influenza Hospital Admissions Rate Per 100k,7,HHS Region,0.03
202131,2020-21,Influenza Hospital Admissions,7,HHS Region,4.0
202131,2020-21,Influenza Hospitalization (Avg 7 Day),7,HHS Region,1.43
202131,2020-21,Average patients with influenza in ICU,7,HHS Region,0.43
202131,2020-21,Influenza Hospital Admissions Rate Per 100k,8,HHS Region,0.04
202131,2020-21,Influenza Hospital Admissions,8,HHS Region,5.0
202131,2020-21,Influenza Hospitalization (Avg 7 Day),8,HHS Region,5.0
202131,2020-21,Average patients with influenza in ICU,8,HHS Region,0.57
202131,2020-21,Influenza Hospital Admissions Rate Per 100k,9,HHS Region,0.03
202131,2020-21,Influenza Hospital Admissions,9,HHS Region,16.0
202041,2020-21,Influenza Hospital Admissions Rate Per 100k,5,HHS Region,0.0
202050,2020-21,Influenza Hospitalization (Avg 7 Day),1,HHS Region,3.57
202105,2020-21,Influenza Hospital Admissions Rate Per 100k,9,HHS Region,0.05
202114,2020-21,Influenza Hospitalization (Avg 7 Day),5,HHS Region,15.43
202123,2020-21,Influenza Hospital Admissions Rate Per 100k,2,HHS Region,0.06
202131,2020-21,Influenza Hospitalization (Avg 7 Day),9,HHS Region,16.43
202041,2020-21,Influenza Hospital Admissions Rate Per 100k,5,HHS Region,0.0
202046,2020-21,Influenza Hospital Admissions,8,HHS Region,14.0
202046,2020-21,Influenza Hospitalization (Avg 7 Day),8,HHS Region,6.29
202046,2020-21,Average patients with influenza in ICU,8,HHS Region,0.86
202046,2020-21,Influenza Hospital Admissions Rate Per 100k,9,HHS Region,0.12
202046,2020-21,Influenza Hospital Admissions,9,HHS Region,64.0
202046,2020-21,Influenza Hospitalization (Avg 7 Day),9,HHS Region,85.29
202046,2020-21,Average patients with influenza in ICU,9,HHS Region,11.43
202046,2020-21,Influenza Hospital Admissions Rate Per 100k,10,HHS Region,0.02
202046,2020-21,Influenza Hospital Admissions,10,HHS Region,3.0
202046,2020-21,Influenza Hospitalization (Avg 7 Day),10,HHS Region,2.14
202046,2020-21,Average patients with influenza in ICU,10,HHS Region,0.57
202047,2020-21,Influenza Hospital Admissions Rate Per 100k,1,HHS Region,0.03
202047,2020-21,Influenza Hospital Admissions,1,HHS Region,5.0
202047,2020-21,Influenza Hospitalization (Avg 7 Day),1,HHS Region,4.57
202047,2020-21,Average patients with influenza in ICU,1,HHS Region,1.14
202047,2020-21,Influenza Hospital Admissions Rate Per 100k,2,HHS Region,0.16
202047,2020-21,Influenza Hospital Admissions,2,HHS Region,52.0
202047,2020-21,Influenza Hospitalization (Avg 7 Day),2,HHS Region,34.29
202047,2020-21,Average patients with influenza in ICU,2,HHS Region,5.29
202047,2020-21,Influenza Hospital Admissions Rate Per 100k,3,HHS Region,0.13
202047,2020-21,Influenza Hospital Admissions,3,HHS Region,40.0
202047,2020-21,Influenza Hospitalization (Avg 7 Day),3,HHS Region,21.0
202047,2020-21,Average patients with influenza in ICU,3,HHS Region,4.14
202047,2020-21,Influenza Hospital Admissions Rate Per 100k,4,HHS Region,0.22
202047,2020-21,Influenza Hospital Admissions,4,HHS Region,145.0
202047,2020-21,Influenza Hospitalization (Avg 7 Day),4,HHS Region,114.57
202047,2020-21,Average patients with influenza in ICU,4,HHS Region,27.0
202047,2020-21,Influenza Hospital Admissions Rate Per 100k,5,HHS Region,0.07
202047,2020-21,Influenza Hospital Admissions,5,HHS Region,39.0
202047,2020-21,Influenza Hospitalization (Avg 7 Day),5,HHS Region,41.14
202047,2020-21,Average patients with influenza in ICU,5,HHS Region,3.71
202047,2020-21,Influenza Hospital Admissions Rate Per 100k,6,HHS Region,0.4
202047,2020-21,Influenza Hospital Admissions,6,HHS Region,169.0
202047,2020-21,Influenza Hospitalization (Avg 7 Day),6,HHS Region,158.0
202047,2020-21,Average patients with influenza in ICU,6,HHS Region,16.29
202047,2020-21,Influenza Hospital Admissions Rate Per 100k,7,HHS Region,0.12
202047,2020-21,Influenza Hospital Admissions,7,HHS Region,17.0
202047,2020-21,Influenza Hospitalization (Avg 7 Day),7,HHS Region,11.0
202047,2020-21,Average patients with influenza in ICU,7,HHS Region,4.43
202047,2020-21,Influenza Hospital Admissions Rate Per 100k,8,HHS Region,0.06
202047,2020-21,Influenza Hospital Admissions,8,HHS Region,7.0
202047,2020-21,Influenza Hospitalization (Avg 7 Day),8,HHS Region,3.0
202047,2020-21,Average patients with influenza in ICU,8,HHS Region,0.14
202047,2020-21,Influenza Hospital Admissions Rate Per 100k,9,HHS Region,0.12
202047,2020-21,Influenza Hospital Admissions,9,HHS Region,62.0
202047,2020-21,Influenza Hospitalization (Avg 7 Day),9,HHS Region,91.14
202047,2020-21,Average patients with influenza in ICU,9,HHS Region,11.29
202047,2020-21,Influenza Hospital Admissions Rate Per 100k,10,HHS Region,0.01
202047,2020-21,Influenza Hospital Admissions,10,HHS Region,2.0
202047,2020-21,Influenza Hospitalization (Avg 7 Day),10,HHS Region,2.57
202047,2020-21,Average patients with influenza in ICU,10,HHS Region,1.14
202048,2020-21,Influenza Hospital Admissions Rate Per 100k,1,HHS Region,0.01
202048,2020-21,Influenza Hospital Admissions,1,HHS Region,1.0
202041,2020-21,Influenza Hospital Admissions,5,HHS Region,0.0
202041,2020-21,Influenza Hospitalization (Avg 7 Day),5,HHS Region,0.0
202041,2020-21,Average patients with influenza in ICU,5,HHS Region,0.0
202041,2020-21,Influenza Hospital Admissions Rate Per 100k,6,HHS Region,0.0
202041,2020-21,Influenza Hospital Admissions,6,HHS Region,0.0
202041,2020-21,Influenza Hospitalization (Avg 7 Day),6,HHS Region,0.0
202041,2020-21,Average patients with influenza in ICU,6,HHS Region,0.0
202041,2020-21,Influenza Hospital Admissions Rate Per 100k,7,HHS Region,0.0
202041,2020-21,Influenza Hospital Admissions,7,HHS Region,0.0
202041,2020-21,Influenza Hospitalization (Avg 7 Day),7,HHS Region,0.0
202041,2020-21,Average patients with influenza in ICU,7,HHS Region,0.0
202041,2020-21,Influenza Hospital Admissions Rate Per 100k,8,HHS Region,0.0
202041,2020-21,Influenza Hospital Admissions,8,HHS Region,0.0
202041,2020-21,Influenza Hospitalization (Avg 7 Day),8,HHS Region,0.0
202041,2020-21,Average patients with influenza in ICU,8,HHS Region,0.0
202041,2020-21,Influenza Hospital Admissions Rate Per 100k,9,HHS Region,0.0
202041,2020-21,Influenza Hospital Admissions,9,HHS Region,0.0
202041,2020-21,Influenza Hospitalization (Avg 7 Day),9,HHS Region,0.0
202041,2020-21,Average patients with influenza in ICU,9,HHS Region,0.0
202041,2020-21,Influenza Hospital Admissions Rate Per 100k,10,HHS Region,0.0
202041,2020-21,Influenza Hospital Admissions,10,HHS Region,0.0
202041,2020-21,Influenza Hospitalization (Avg 7 Day),10,HHS Region,0.0
202041,2020-21,Average patients with influenza in ICU,10,HHS Region,0.0
202042,2020-21,Influenza Hospital Admissions Rate Per 100k,1,HHS Region,0.0
202042,2020-21,Influenza Hospital Admissions,1,HHS Region,0.0
202042,2020-21,Influenza Hospitalization (Avg 7 Day),1,HHS Region,0.0
202042,2020-21,Average patients with influenza in ICU,1,HHS Region,0.0
202042,2020-21,Influenza Hospital Admissions Rate Per 100k,2,HHS Region,0.0
202042,2020-21,Influenza Hospital Admissions,2,HHS Region,0.0
202042,2020-21,Influenza Hospitalization (Avg 7 Day),2,HHS Region,0.0
202042,2020-21,Average patients with influenza in ICU,2,HHS Region,0.0
202042,2020-21,Influenza Hospital Admissions Rate Per 100k,3,HHS Region,0.0
202042,2020-21,Influenza Hospital Admissions,3,HHS Region,0.0
202042,2020-21,Influenza Hospitalization (Avg 7 Day),3,HHS Region,0.0
202042,2020-21,Average patients with influenza in ICU,3,HHS Region,0.0
202042,2020-21,Influenza Hospital Admissions Rate Per 100k,4,HHS Region,0.0
202042,2020-21,Influenza Hospital Admissions,4,HHS Region,0.0
202042,2020-21,Influenza Hospitalization (Avg 7 Day),4,HHS Region,0.0
202042,2020-21,Average patients with influenza in ICU,4,HHS Region,0.0
202042,2020-21,Influenza Hospital Admissions Rate Per 100k,5,HHS Region,0.0
202042,2020-21,Influenza Hospital Admissions,5,HHS Region,0.0
202042,2020-21,Influenza Hospitalization (Avg 7 Day),5,HHS Region,0.0
202042,2020-21,Average patients with influenza in ICU,5,HHS Region,0.0
202042,2020-21,Influenza Hospital Admissions Rate Per 100k,6,HHS Region,0.01
202042,2020-21,Influenza Hospital Admissions,6,HHS Region,6.0
202042,2020-21,Influenza Hospitalization (Avg 7 Day),6,HHS Region,4.29
202042,2020-21,Average patients with influenza in ICU,6,HHS Region,1.0
202042,2020-21,Influenza Hospital Admissions Rate Per 100k,7,HHS Region,0.0
202042,2020-21,Influenza Hospital Admissions,7,HHS Region,0.0
202042,2020-21,Influenza Hospitalization (Avg 7 Day),7,HHS Region,0.0
202042,2020-21,Average patients with influenza in ICU,7,HHS Region,0.0
202042,2020-21,Influenza Hospital Admissions Rate Per 100k,8,HHS Region,0.0
202042,2020-21,Influenza Hospital Admissions,8,HHS Region,0.0
202042,2020-21,Influenza Hospitalization (Avg 7 Day),8,HHS Region,0.0
202042,2020-21,Average patients with influenza in ICU,8,HHS Region,0.0
202042,2020-21,Influenza Hospital Admissions Rate Per 100k,9,HHS Region,0.0
202042,2020-21,Influenza Hospital Admissions,9,HHS Region,0.0
202042,2020-21,Influenza Hospitalization (Avg 7 Day),9,HHS Region,0.0
202042,2020-21,Average patients with influenza in ICU,9,HHS Region,0.0
202050,2020-21,Average patients with influenza in ICU,1,HHS Region,1.71
202050,2020-21,Influenza Hospital Admissions Rate Per 100k,2,HHS Region,0.18
202050,2020-21,Influenza Hospital Admissions,2,HHS Region,56.0
202050,2020-21,Influenza Hospitalization (Avg 7 Day),2,HHS Region,39.0
202050,2020-21,Average patients with influenza in ICU,2,HHS Region,5.43
202050,2020-21,Influenza Hospital Admissions Rate Per 100k,3,HHS Region,0.14
202050,2020-21,Influenza Hospital Admissions,3,HHS Region,43.0
202050,2020-21,Influenza Hospitalization (Avg 7 Day),3,HHS Region,39.57
202050,2020-21,Average patients with influenza in ICU,3,HHS Region,13.29
202050,2020-21,Influenza Hospital Admissions Rate Per 100k,4,HHS Region,0.16
202050,2020-21,Influenza Hospital Admissions,4,HHS Region,110.0
202050,2020-21,Influenza Hospitalization (Avg 7 Day),4,HHS Region,118.86
202050,2020-21,Average patients with influenza in ICU,4,HHS Region,24.71
202050,2020-21,Influenza Hospital Admissions Rate Per 100k,5,HHS Region,0.04
202050,2020-21,Influenza Hospital Admissions,5,HHS Region,21.0
202050,2020-21,Influenza Hospitalization (Avg 7 Day),5,HHS Region,27.43
202050,2020-21,Average patients with influenza in ICU,5,HHS Region,3.57
202050,2020-21,Influenza Hospital Admissions Rate Per 100k,6,HHS Region,0.5
202050,2020-21,Influenza Hospital Admissions,6,HHS Region,215.0
202050,2020-21,Influenza Hospitalization (Avg 7 Day),6,HHS Region,199.0
202050,2020-21,Average patients with influenza in ICU,6,HHS Region,21.14
202050,2020-21,Influenza Hospital Admissions Rate Per 100k,7,HHS Region,0.11
202050,2020-21,Influenza Hospital Admissions,7,HHS Region,15.0
202050,2020-21,Influenza Hospitalization (Avg 7 Day),7,HHS Region,12.43
202050,2020-21,Average patients with influenza in ICU,7,HHS Region,2.0
202050,2020-21,Influenza Hospital Admissions Rate Per 100k,8,HHS Region,0.1
202050,2020-21,Influenza Hospital Admissions,8,HHS Region,12.0
202050,2020-21,Influenza Hospitalization (Avg 7 Day),8,HHS Region,6.57
202050,2020-21,Average patients with influenza in ICU,8,HHS Region,0.29
202050,2020-21,Influenza Hospital Admissions Rate Per 100k,9,HHS Region,0.18
202050,2020-21,Influenza Hospital Admissions,9,HHS Region,94.0
202050,2020-21,Influenza Hospitalization (Avg 7 Day),9,HHS Region,142.71
202050,2020-21,Average patients with influenza in ICU,9,HHS Region,18.14
202050,2020-21,Influenza Hospital Admissions Rate Per 100k,10,HHS Region,0.03
202050,2020-21,Influenza Hospital Admissions,10,HHS Region,4.0
202050,2020-21,Influenza Hospitalization (Avg 7 Day),10,HHS Region,25.43
202050,2020-21,Average patients with influenza in ICU,10,HHS Region,5.14
202051,2020-21,Influenza Hospital Admissions Rate Per 100k,1,HHS Region,0.04
202051,2020-21,Influenza Hospital Admissions,1,HHS Region,6.0
202051,2020-21,Influenza Hospitalization (Avg 7 Day),1,HHS Region,5.29
202051,2020-21,Average patients with influenza in ICU,1,HHS Region,2.57
202051,2020-21,Influenza Hospital Admissions Rate Per 100k,2,HHS Region,0.22
202051,2020-21,Influenza Hospital Admissions,2,HHS Region,70.0
202051,2020-21,Influenza Hospitalization (Avg 7 Day),2,HHS Region,43.86
202051,2020-21,Average patients with influenza in ICU,2,HHS Region,7.57
202051,2020-21,Influenza Hospital Admissions Rate Per 100k,3,HHS Region,0.12
202051,2020-21,Influenza Hospital Admissions,3,HHS Region,37.0
202051,2020-21,Influenza Hospitalization (Avg 7 Day),3,HHS Region,33.0
202051,2020-21,Average patients with influenza in ICU,3,HHS Region,11.57
202051,2020-21,Influenza Hospital Admissions Rate Per 100k,4,HHS Region,0.24
202051,2020-21,Influenza Hospital Admissions,4,HHS Region,159.0
202051,2020-21,Influenza Hospitalization (Avg 7 Day),4,HHS Region,136.71
202051,2020-21,Average patients with influenza in ICU,4,HHS Region,31.71
202051,2020-21,Influenza Hospital Admissions Rate Per 100k,5,HHS Region,0.06
202051,2020-21,Influenza Hospital Admissions,5,HHS Region,31.0
202051,2020-21,Influenza Hospitalization (Avg 7 Day),5,HHS Region,27.14
202051,2020-21,Average patients with influenza in ICU,5,HHS Region,4.0
202051,2020-21,Influenza Hospital Admissions Rate Per 100k,6,HHS Region,0.63
202051,2020-21,Influenza Hospital Admissions,6,HHS Region,268.0
202105,2020-21,Influenza Hospital Admissions,9,HHS Region,24.0
202105,2020-21,Influenza Hospitalization (Avg 7 Day),9,HHS Region,75.86
202105,2020-21,Average patients with influenza in ICU,9,HHS Region,11.86
202105,2020-21,Influenza Hospital Admissions Rate Per 100k,10,HHS Region,0.0
202105,2020-21,Influenza Hospital Admissions,10,HHS Region,0.0
202105,2020-21,Influenza Hospitalization (Avg 7 Day),10,HHS Region,1.14
202105,2020-21,Average patients with influenza in ICU,10,HHS Region,0.0
202106,2020-21,Influenza Hospital Admissions Rate Per 100k,1,HHS Region,0.02
202106,2020-21,Influenza Hospital Admissions,1,HHS Region,3.0
202106,2020-21,Influenza Hospitalization (Avg 7 Day),1,HHS Region,2.86
202106,2020-21,Average patients with influenza in ICU,1,HHS Region,0.14
202106,2020-21,Influenza Hospital Admissions Rate Per 100k,2,HHS Region,0.08
202106,2020-21,Influenza Hospital Admissions,2,HHS Region,24.0
202106,2020-21,Influenza Hospitalization (Avg 7 Day),2,HHS Region,47.71
202106,2020-21,Average patients with influenza in ICU,2,HHS Region,4.86
202106,2020-21,Influenza Hospital Admissions Rate Per 100k,3,HHS Region,0.15
202106,2020-21,Influenza Hospital Admissions,3,HHS Region,45.0
202106,2020-21,Influenza Hospitalization (Avg 7 Day),3,HHS Region,41.43
202106,2020-21,Average patients with influenza in ICU,3,HHS Region,9.86
202106,2020-21,Influenza Hospital Admissions Rate Per 100k,4,HHS Region,0.2
202106,2020-21,Influenza Hospital Admissions,4,HHS Region,136.0
202106,2020-21,Influenza Hospitalization (Avg 7 Day),4,HHS Region,120.0
202106,2020-21,Average patients with influenza in ICU,4,HHS Region,24.71
202106,2020-21,Influenza Hospital Admissions Rate Per 100k,5,HHS Region,0.04
202106,2020-21,Influenza Hospital Admissions,5,HHS Region,19.0
202106,2020-21,Influenza Hospitalization (Avg 7 Day),5,HHS Region,13.71
202106,2020-21,Average patients with influenza in ICU,5,HHS Region,2.71
202106,2020-21,Influenza Hospital Admissions Rate Per 100k,6,HHS Region,0.25
202106,2020-21,Influenza Hospital Admissions,6,HHS Region,106.0
202106,2020-21,Influenza Hospitalization (Avg 7 Day),6,HHS Region,84.0
202106,2020-21,Average patients with influenza in ICU,6,HHS Region,15.86
202106,2020-21,Influenza Hospital Admissions Rate Per 100k,7,HHS Region,0.07
202106,2020-21,Influenza Hospital Admissions,7,HHS Region,10.0
202106,2020-21,Influenza Hospitalization (Avg 7 Day),7,HHS Region,4.14
202106,2020-21,Average patients with influenza in ICU,7,HHS Region,0.0
202106,2020-21,Influenza Hospital Admissions Rate Per 100k,8,HHS Region,0.02
202106,2020-21,Influenza Hospital Admissions,8,HHS Region,3.0
202106,2020-21,Influenza Hospitalization (Avg 7 Day),8,HHS Region,3.14
202106,2020-21,Average patients with influenza in ICU,8,HHS Region,0.0
202106,2020-21,Influenza Hospital Admissions Rate Per 100k,9,HHS Region,0.05
202106,2020-21,Influenza Hospital Admissions,9,HHS Region,27.0
202106,2020-21,Influenza Hospitalization (Avg 7 Day),9,HHS Region,70.86
202106,2020-21,Average patients with influenza in ICU,9,HHS Region,9.29
202106,2020-21,Influenza Hospital Admissions Rate Per 100k,10,HHS Region,0.01
202106,2020-21,Influenza Hospital Admissions,10,HHS Region,2.0
202106,2020-21,Influenza Hospitalization (Avg 7 Day),10,HHS Region,1.57
202106,2020-21,Average patients with influenza in ICU,10,HHS Region,0.0
202107,2020-21,Influenza Hospital Admissions Rate Per 100k,1,HHS Region,0.03
202107,2020-21,Influenza Hospital Admissions,1,HHS Region,5.0
202107,2020-21,Influenza Hospitalization (Avg 7 Day),1,HHS Region,5.57
202107,2020-21,Average patients with influenza in ICU,1,HHS Region,1.14
202107,2020-21,Influenza Hospital Admissions Rate Per 100k,2,HHS Region,0.12
202107,2020-21,Influenza Hospital Admissions,2,HHS Region,39.0
202107,2020-21,Influenza Hospitalization (Avg 7 Day),2,HHS Region,47.86
202107,2020-21,Average patients with influenza in ICU,2,HHS Region,7.0
202114,2020-21,Average patients with influenza in ICU,5,HHS Region,3.29
202114,2020-21,Influenza Hospital Admissions Rate Per 100k,6,HHS Region,0.15
202114,2020-21,Influenza Hospital Admissions,6,HHS Region,62.0
202114,2020-21,Influenza Hospitalization (Avg 7 Day),6,HHS Region,45.57
202114,2020-21,Average patients with influenza in ICU,6,HHS Region,12.43
202114,2020-21,Influenza Hospital Admissions Rate Per 100k,7,HHS Region,0.08
202114,2020-21,Influenza Hospital Admissions,7,HHS Region,11.0
202114,2020-21,Influenza Hospitalization (Avg 7 Day),7,HHS Region,3.71
202114,2020-21,Average patients with influenza in ICU,7,HHS Region,2.71
202114,2020-21,Influenza Hospital Admissions Rate Per 100k,8,HHS Region,0.02
202114,2020-21,Influenza Hospital Admissions,8,HHS Region,3.0
202114,2020-21,Influenza Hospitalization (Avg 7 Day),8,HHS Region,0.29
202114,2020-21,Average patients with influenza in ICU,8,HHS Region,0.0
202114,2020-21,Influenza Hospital Admissions Rate Per 100k,9,HHS Region,0.03
202114,2020-21,Influenza Hospital Admissions,9,HHS Region,13.0
202114,2020-21,Influenza Hospitalization (Avg 7 Day),9,HHS Region,23.57
202114,2020-21,Average patients with influenza in ICU,9,HHS Region,1.57
202114,2020-21,Influenza Hospital Admissions Rate Per 100k,10,HHS Region,0.01
202114,2020-21,Influenza Hospital Admissions,10,HHS Region,2.0
202114,2020-21,Influenza Hospitalization (Avg 7 Day),10,HHS Region,0.43
202114,2020-21,Average patients with influenza in ICU,10,HHS Region,0.0
202115,2020-21,Influenza Hospital Admissions Rate Per 100k,1,HHS Region,0.01
202115,2020-21,Influenza Hospital Admissions,1,HHS Region,1.0
202115,2020-21,Influenza Hospitalization (Avg 7 Day),1,HHS Region,2.71
202115,2020-21,Average patients with influenza in ICU,1,HHS Region,1.0
202115,2020-21,Influenza Hospital Admissions Rate Per 100k,2,HHS Region,0.14
202115,2020-21,Influenza Hospital Admissions,2,HHS Region,43.0
202115,2020-21,Influenza Hospitalization (Avg 7 Day),2,HHS Region,65.43
202115,2020-21,Average patients with influenza in ICU,2,HHS Region,5.71
202115,2020-21,Influenza Hospital Admissions Rate Per 100k,3,HHS Region,0.1
202115,2020-21,Influenza Hospital Admissions,3,HHS Region,31.0
202115,2020-21,Influenza Hospitalization (Avg 7 Day),3,HHS Region,28.57
202115,2020-21,Average patients with influenza in ICU,3,HHS Region,5.0
202115,2020-21,Influenza Hospital Admissions Rate Per 100k,4,HHS Region,0.17
202115,2020-21,Influenza Hospital Admissions,4,HHS Region,112.0
202115,2020-21,Influenza Hospitalization (Avg 7 Day),4,HHS Region,74.57
202115,2020-21,Average patients with influenza in ICU,4,HHS Region,12.71
202115,2020-21,Influenza Hospital Admissions Rate Per 100k,5,HHS Region,0.07
202115,2020-21,Influenza Hospital Admissions,5,HHS Region,39.0
202115,2020-21,Influenza Hospitalization (Avg 7 Day),5,HHS Region,14.57
202115,2020-21,Average patients with influenza in ICU,5,HHS Region,3.57
202115,2020-21,Influenza Hospital Admissions Rate Per 100k,6,HHS Region,0.12
202115,2020-21,Influenza Hospital Admissions,6,HHS Region,50.0
202115,2020-21,Influenza Hospitalization (Avg 7 Day),6,HHS Region,38.14
202115,2020-21,Average patients with influenza in ICU,6,HHS Region,11.29
202115,2020-21,Influenza Hospital Admissions Rate Per 100k,7,HHS Region,0.11
202115,2020-21,Influenza Hospital Admissions,7,HHS Region,16.0
202115,2020-21,Influenza Hospitalization (Avg 7 Day),7,HHS Region,2.86
202115,2020-21,Average patients with influenza in ICU,7,HHS Region,2.86
202115,2020-21,Influenza Hospital Admissions Rate Per 100k,8,HHS Region,0.01
202115,2020-21,Influenza Hospital Admissions,8,HHS Region,1.0
202115,2020-21,Influenza Hospitalization (Avg 7 Day),8,HHS Region,1.14
202115,2020-21,Average patients with influenza in ICU,8,HHS Region,0.0
202115,2020-21,Influenza Hospital Admissions Rate Per 100k,9,HHS Region,0.03
202115,2020-21,Influenza Hospital Admissions,9,HHS Region,17.0
202115,2020-21,Influenza Hospitalization (Avg 7 Day),9,HHS Region,24.71
202115,2020-21,Average patients with influenza in ICU,9,HHS Region,2.14
202115,2020-21,Influenza Hospital Admissions Rate Per 100k,10,HHS Region,0.0
202115,2020-21,Influenza Hospital Admissions,10,HHS Region,0.0
202123,2020-21,Influenza Hospital Admissions,2,HHS Region,20.0
202123,2020-21,Influenza Hospitalization (Avg 7 Day),2,HHS Region,68.0
202123,2020-21,Average patients with influenza in ICU,2,HHS Region,3.29
202123,2020-21,Influenza Hospital Admissions Rate Per 100k,3,HHS Region,0.09
202123,2020-21,Influenza Hospital Admissions,3,HHS Region,29.0
202123,2020-21,Influenza Hospitalization (Avg 7 Day),3,HHS Region,20.14
202123,2020-21,Average patients with influenza in ICU,3,HHS Region,2.86
202123,2020-21,Influenza Hospital Admissions Rate Per 100k,4,HHS Region,0.1
202123,2020-21,Influenza Hospital Admissions,4,HHS Region,64.0
202123,2020-21,Influenza Hospitalization (Avg 7 Day),4,HHS Region,52.71
202123,2020-21,Average patients with influenza in ICU,4,HHS Region,11.0
202123,2020-21,Influenza Hospital Admissions Rate Per 100k,5,HHS Region,0.01
202123,2020-21,Influenza Hospital Admissions,5,HHS Region,5.0
202123,2020-21,Influenza Hospitalization (Avg 7 Day),5,HHS Region,10.0
202123,2020-21,Average patients with influenza in ICU,5,HHS Region,1.71
202123,2020-21,Influenza Hospital Admissions Rate Per 100k,6,HHS Region,0.09
202123,2020-21,Influenza Hospital Admissions,6,HHS Region,40.0
202123,2020-21,Influenza Hospitalization (Avg 7 Day),6,HHS Region,34.86
202123,2020-21,Average patients with influenza in ICU,6,HHS Region,9.43
202123,2020-21,Influenza Hospital Admissions Rate Per 100k,7,HHS Region,0.01
202123,2020-21,Influenza Hospital Admissions,7,HHS Region,1.0
202123,2020-21,Influenza Hospitalization (Avg 7 Day),7,HHS Region,0.29
202123,2020-21,Average patients with influenza in ICU,7,HHS Region,0.0
202123,2020-21,Influenza Hospital Admissions Rate Per 100k,8,HHS Region,0.13
202123,2020-21,Influenza Hospital Admissions,8,HHS Region,16.0
202123,2020-21,Influenza Hospitalization (Avg 7 Day),8,HHS Region,6.71
202123,2020-21,Average patients with influenza in ICU,8,HHS Region,1.0
202123,2020-21,Influenza Hospital Admissions Rate Per 100k,9,HHS Region,0.02
202123,2020-21,Influenza Hospital Admissions,9,HHS Region,9.0
202123,2020-21,Influenza Hospitalization (Avg 7 Day),9,HHS Region,16.71
202123,2020-21,Average patients with influenza in ICU,9,HHS Region,1.57
202123,2020-21,Influenza Hospital Admissions Rate Per 100k,10,HHS Region,0.01
202123,2020-21,Influenza Hospital Admissions,10,HHS Region,1.0
202123,2020-21,Influenza Hospitalization (Avg 7 Day),10,HHS Region,0.86
202123,2020-21,Average patients with influenza in ICU,10,HHS Region,0.0
202124,2020-21,Influenza Hospital Admissions Rate Per 100k,1,HHS Region,0.0
202124,2020-21,Influenza Hospital Admissions,1,HHS Region,0.0
202124,2020-21,Influenza Hospitalization (Avg 7 Day),1,HHS Region,3.43
202124,2020-21,Average patients with influenza in ICU,1,HHS Region,1.14
202124,2020-21,Influenza Hospital Admissions Rate Per 100k,2,HHS Region,0.07
202124,2020-21,Influenza Hospital Admissions,2,HHS Region,23.0
202124,2020-21,Influenza Hospitalization (Avg 7 Day),2,HHS Region,68.0
202124,2020-21,Average patients with influenza in ICU,2,HHS Region,3.14
202124,2020-21,Influenza Hospital Admissions Rate Per 100k,3,HHS Region,0.1
202124,2020-21,Influenza Hospital Admissions,3,HHS Region,32.0
202124,2020-21,Influenza Hospitalization (Avg 7 Day),3,HHS Region,17.43
202124,2020-21,Average patients with influenza in ICU,3,HHS Region,2.57
202124,2020-21,Influenza Hospital Admissions Rate Per 100k,4,HHS Region,0.07
202124,2020-21,Influenza Hospital Admissions,4,HHS Region,45.0
202124,2020-21,Influenza Hospitalization (Avg 7 Day),4,HHS Region,37.71
202124,2020-21,Average patients with influenza in ICU,4,HHS Region,7.0
202124,2020-21,Influenza Hospital Admissions Rate Per 100k,5,HHS Region,0.02
202124,2020-21,Influenza Hospital Admissions,5,HHS Region,9.0
202124,2020-21,Influenza Hospitalization (Avg 7 Day),5,HHS Region,12.43
202124,2020-21,Average patients with influenza in ICU,5,HHS Region,0.86
202124,2020-21,Influenza Hospital Admissions Rate Per 100k,6,HHS Region,0.09
202124,2020-21,Influenza Hospital Admissions,6,HHS Region,40.0
202124,2020-21,Influenza Hospitalization (Avg 7 Day),6,HHS Region,29.0
202124,2020-21,Average patients with influenza in ICU,6,HHS Region,6.57
202131,2020-21,Average patients with influenza in ICU,9,HHS Region,1.14
202131,2020-21,Influenza Hospital Admissions Rate Per 100k,10,HHS Region,0.01
202131,2020-21,Influenza Hospital Admissions,10,HHS Region,1.0
202131,2020-21,Influenza Hospitalization (Avg 7 Day),10,HHS Region,1.14
202131,2020-21,Average patients with influenza in ICU,10,HHS Region,0.0
202132,2020-21,Influenza Hospital Admissions Rate Per 100k,1,HHS Region,0.01
202132,2020-21,Influenza Hospital Admissions,1,HHS Region,1.0
202132,2020-21,Influenza Hospitalization (Avg 7 Day),1,HHS Region,1.14
202132,2020-21,Average patients with influenza in ICU,1,HHS Region,0.0
202132,2020-21,Influenza Hospital Admissions Rate Per 100k,2,HHS Region,0.09
202132,2020-21,Influenza Hospital Admissions,2,HHS Region,29.0
202132,2020-21,Influenza Hospitalization (Avg 7 Day),2,HHS Region,80.0
202132,2020-21,Average patients with influenza in ICU,2,HHS Region,4.0
202132,2020-21,Influenza Hospital Admissions Rate Per 100k,3,HHS Region,0.1
202132,2020-21,Influenza Hospital Admissions,3,HHS Region,31.0
202132,2020-21,Influenza Hospitalization (Avg 7 Day),3,HHS Region,23.0
202132,2020-21,Average patients with influenza in ICU,3,HHS Region,4.57
202132,2020-21,Influenza Hospital Admissions Rate Per 100k,4,HHS Region,0.13
202132,2020-21,Influenza Hospital Admissions,4,HHS Region,85.0
202132,2020-21,Influenza Hospitalization (Avg 7 Day),4,HHS Region,70.57
202132,2020-21,Average patients with influenza in ICU,4,HHS Region,17.43
202132,2020-21,Influenza Hospital Admissions Rate Per 100k,5,HHS Region,0.07
202132,2020-21,Influenza Hospital Admissions,5,HHS Region,36.0
202132,2020-21,Influenza Hospitalization (Avg 7 Day),5,HHS Region,28.0
202132,2020-21,Average patients with influenza in ICU,5,HHS Region,5.29
202132,2020-21,Influenza Hospital Admissions Rate Per 100k,6,HHS Region,0.08
202132,2020-21,Influenza Hospital Admissions,6,HHS Region,36.0
202132,2020-21,Influenza Hospitalization (Avg 7 Day),6,HHS Region,41.0
202132,2020-21,Average patients with influenza in ICU,6,HHS Region,7.71
202132,2020-21,Influenza Hospital Admissions Rate Per 100k,7,HHS Region,0.02
202132,2020-21,Influenza Hospital Admissions,7,HHS Region,3.0
202132,2020-21,Influenza Hospitalization (Avg 7 Day),7,HHS Region,3.57
202132,2020-21,Average patients with influenza in ICU,7,HHS Region,0.0
202132,2020-21,Influenza Hospital Admissions Rate Per 100k,8,HHS Region,0.03
202132,2020-21,Influenza Hospital Admissions,8,HHS Region,4.0
202132,2020-21,Influenza Hospitalization (Avg 7 Day),8,HHS Region,6.43
202132,2020-21,Average patients with influenza in ICU,8,HHS Region,0.71
202132,2020-21,Influenza Hospital Admissions Rate Per 100k,9,HHS Region,0.05
202132,2020-21,Influenza Hospital Admissions,9,HHS Region,25.0
202132,2020-21,Influenza Hospitalization (Avg 7 Day),9,HHS Region,20.29
202132,2020-21,Average patients with influenza in ICU,9,HHS Region,0.57
202132,2020-21,Influenza Hospital Admissions Rate Per 100k,10,HHS Region,0.0
202132,2020-21,Influenza Hospital Admissions,10,HHS Region,0.0
202132,2020-21,Influenza Hospitalization (Avg 7 Day),10,HHS Region,0.29
202132,2020-21,Average patients with influenza in ICU,10,HHS Region,0.0
202133,2020-21,Influenza Hospital Admissions Rate Per 100k,1,HHS Region,0.0
202133,2020-21,Influenza Hospital Admissions,1,HHS Region,0.0
202133,2020-21,Influenza Hospitalization (Avg 7 Day),1,HHS Region,1.0
202133,2020-21,Average patients with influenza in ICU,1,HHS Region,0.0
202133,2020-21,Influenza Hospital Admissions Rate Per 100k,2,HHS Region,0.12
202133,2020-21,Influenza Hospital Admissions,2,HHS Region,37.0
202133,2020-21,Influenza Hospitalization (Avg 7 Day),2,HHS Region,79.43
202133,2020-21,Average patients with influenza in ICU,2,HHS Region,4.43
202133,2020-21,Influenza Hospital Admissions Rate Per 100k,3,HHS Region,0.11
202133,2020-21,Influenza Hospital Admissions,3,HHS Region,33.0
202042,2020-21,Influenza Hospital Admissions Rate Per 100k,10,HHS Region,0.0
202042,2020-21,Influenza Hospital Admissions,10,HHS Region,0.0
202042,2020-21,Influenza Hospitalization (Avg 7 Day),10,HHS Region,0.0
202042,2020-21,Average patients with influenza in ICU,10,HHS Region,0.0
202043,2020-21,Influenza Hospital Admissions Rate Per 100k,1,HHS Region,0.01
202043,2020-21,Influenza Hospital Admissions,1,HHS Region,2.0
202043,2020-21,Influenza Hospitalization (Avg 7 Day),1,HHS Region,0.29
202043,2020-21,Average patients with influenza in ICU,1,HHS Region,0.0
202043,2020-21,Influenza Hospital Admissions Rate Per 100k,2,HHS Region,0.03
202043,2020-21,Influenza Hospital Admissions,2,HHS Region,8.0
202043,2020-21,Influenza Hospitalization (Avg 7 Day),2,HHS Region,7.14
202043,2020-21,Average patients with influenza in ICU,2,HHS Region,1.57
202043,2020-21,Influenza Hospital Admissions Rate Per 100k,3,HHS Region,0.02
202043,2020-21,Influenza Hospital Admissions,3,HHS Region,5.0
202043,2020-21,Influenza Hospitalization (Avg 7 Day),3,HHS Region,7.57
202043,2020-21,Average patients with influenza in ICU,3,HHS Region,2.14
202043,2020-21,Influenza Hospital Admissions Rate Per 100k,4,HHS Region,0.11
202043,2020-21,Influenza Hospital Admissions,4,HHS Region,72.0
202043,2020-21,Influenza Hospitalization (Avg 7 Day),4,HHS Region,43.29
202043,2020-21,Average patients with influenza in ICU,4,HHS Region,7.43
202043,2020-21,Influenza Hospital Admissions Rate Per 100k,5,HHS Region,0.02
202043,2020-21,Influenza Hospital Admissions,5,HHS Region,10.0
202043,2020-21,Influenza Hospitalization (Avg 7 Day),5,HHS Region,4.43
202043,2020-21,Average patients with influenza in ICU,5,HHS Region,2.14
202043,2020-21,Influenza Hospital Admissions Rate Per 100k,6,HHS Region,0.14
202043,2020-21,Influenza Hospital Admissions,6,HHS Region,61.0
202043,2020-21,Influenza Hospitalization (Avg 7 Day),6,HHS Region,39.43
202043,2020-21,Average patients with influenza in ICU,6,HHS Region,10.86
202043,2020-21,Influenza Hospital Admissions Rate Per 100k,7,HHS Region,0.11
202043,2020-21,Influenza Hospital Admissions,7,HHS Region,15.0
202043,2020-21,Influenza Hospitalization (Avg 7 Day),7,HHS Region,6.86
202043,2020-21,Average patients with influenza in ICU,7,HHS Region,2.29
202043,2020-21,Influenza Hospital Admissions Rate Per 100k,8,HHS Region,0.01
202043,2020-21,Influenza Hospital Admissions,8,HHS Region,1.0
202043,2020-21,Influenza Hospitalization (Avg 7 Day),8,HHS Region,1.0
202043,2020-21,Average patients with influenza in ICU,8,HHS Region,0.0
202043,2020-21,Influenza Hospital Admissions Rate Per 100k,9,HHS Region,0.03
202043,2020-21,Influenza Hospital Admissions,9,HHS Region,17.0
202043,2020-21,Influenza Hospitalization (Avg 7 Day),9,HHS Region,32.86
202043,2020-21,Average patients with influenza in ICU,9,HHS Region,6.43
202043,2020-21,Influenza Hospital Admissions Rate Per 100k,10,HHS Region,0.01
202043,2020-21,Influenza Hospital Admissions,10,HHS Region,1.0
202043,2020-21,Influenza Hospitalization (Avg 7 Day),10,HHS Region,4.29
202043,2020-21,Average patients with influenza in ICU,10,HHS Region,0.71
202044,2020-21,Influenza Hospital Admissions Rate Per 100k,1,HHS Region,0.04
202044,2020-21,Influenza Hospital Admissions,1,HHS Region,6.0
202044,2020-21,Influenza Hospitalization (Avg 7 Day),1,HHS Region,2.29
202044,2020-21,Average patients with influenza in ICU,1,HHS Region,0.0
202044,2020-21,Influenza Hospital Admissions Rate Per 100k,2,HHS Region,0.09
202044,2020-21,Influenza Hospital Admissions,2,HHS Region,27.0
202044,2020-21,Influenza Hospitalization (Avg 7 Day),2,HHS Region,24.0
202044,2020-21,Average patients with influenza in ICU,2,HHS Region,6.29
202044,2020-21,Influenza Hospital Admissions Rate Per 100k,3,HHS Region,0.1
202044,2020-21,Influenza Hospital Admissions,3,HHS Region,31.0
202044,2020-21,Influenza Hospitalization (Avg 7 Day),3,HHS Region,17.43
202051,2020-21,Influenza Hospitalization (Avg 7 Day),6,HHS Region,223.71
202051,2020-21,Average patients with influenza in ICU,6,HHS Region,21.43
202051,2020-21,Influenza Hospital Admissions Rate Per 100k,7,HHS Region,0.24
202051,2020-21,Influenza Hospital Admissions,7,HHS Region,34.0
202051,2020-21,Influenza Hospitalization (Avg 7 Day),7,HHS Region,16.71
202051,2020-21,Average patients with influenza in ICU,7,HHS Region,2.0
202051,2020-21,Influenza Hospital Admissions Rate Per 100k,8,HHS Region,0.07
202051,2020-21,Influenza Hospital Admissions,8,HHS Region,8.0
202051,2020-21,Influenza Hospitalization (Avg 7 Day),8,HHS Region,6.14
202051,2020-21,Average patients with influenza in ICU,8,HHS Region,2.57
202051,2020-21,Influenza Hospital Admissions Rate Per 100k,9,HHS Region,0.13
202051,2020-21,Influenza Hospital Admissions,9,HHS Region,69.0
202051,2020-21,Influenza Hospitalization (Avg 7 Day),9,HHS Region,149.14
202051,2020-21,Average patients with influenza in ICU,9,HHS Region,25.14
202051,2020-21,Influenza Hospital Admissions Rate Per 100k,10,HHS Region,0.02
202051,2020-21,Influenza Hospital Admissions,10,HHS Region,3.0
202051,2020-21,Influenza Hospitalization (Avg 7 Day),10,HHS Region,1.86
202051,2020-21,Average patients with influenza in ICU,10,HHS Region,0.0
202052,2020-21,Influenza Hospital Admissions Rate Per 100k,1,HHS Region,0.04
202052,2020-21,Influenza Hospital Admissions,1,HHS Region,6.0
202052,2020-21,Influenza Hospitalization (Avg 7 Day),1,HHS Region,6.86
202052,2020-21,Average patients with influenza in ICU,1,HHS Region,3.57
202052,2020-21,Influenza Hospital Admissions Rate Per 100k,2,HHS Region,0.17
202052,2020-21,Influenza Hospital Admissions,2,HHS Region,54.0
202052,2020-21,Influenza Hospitalization (Avg 7 Day),2,HHS Region,42.86
202052,2020-21,Average patients with influenza in ICU,2,HHS Region,6.14
202052,2020-21,Influenza Hospital Admissions Rate Per 100k,3,HHS Region,0.18
202052,2020-21,Influenza Hospital Admissions,3,HHS Region,55.0
202052,2020-21,Influenza Hospitalization (Avg 7 Day),3,HHS Region,39.0
202052,2020-21,Average patients with influenza in ICU,3,HHS Region,12.71
202052,2020-21,Influenza Hospital Admissions Rate Per 100k,4,HHS Region,0.26
202052,2020-21,Influenza Hospital Admissions,4,HHS Region,176.0
202052,2020-21,Influenza Hospitalization (Avg 7 Day),4,HHS Region,129.71
202052,2020-21,Average patients with influenza in ICU,4,HHS Region,35.71
202052,2020-21,Influenza Hospital Admissions Rate Per 100k,5,HHS Region,0.07
202052,2020-21,Influenza Hospital Admissions,5,HHS Region,36.0
202052,2020-21,Influenza Hospitalization (Avg 7 Day),5,HHS Region,28.43
202052,2020-21,Average patients with influenza in ICU,5,HHS Region,7.71
202052,2020-21,Influenza Hospital Admissions Rate Per 100k,6,HHS Region,0.56
202052,2020-21,Influenza Hospital Admissions,6,HHS Region,238.0
202052,2020-21,Influenza Hospitalization (Avg 7 Day),6,HHS Region,242.14
202052,2020-21,Average patients with influenza in ICU,6,HHS Region,23.71
202052,2020-21,Influenza Hospital Admissions Rate Per 100k,7,HHS Region,0.09
202052,2020-21,Influenza Hospital Admissions,7,HHS Region,13.0
202052,2020-21,Influenza Hospitalization (Avg 7 Day),7,HHS Region,19.0
202052,2020-21,Average patients with influenza in ICU,7,HHS Region,7.0
202052,2020-21,Influenza Hospital Admissions Rate Per 100k,8,HHS Region,0.06
202052,2020-21,Influenza Hospital Admissions,8,HHS Region,7.0
202052,2020-21,Influenza Hospitalization (Avg 7 Day),8,HHS Region,6.43
202052,2020-21,Average patients with influenza in ICU,8,HHS Region,2.29
202052,2020-21,Influenza Hospital Admissions Rate Per 100k,9,HHS Region,0.16
202052,2020-21,Influenza Hospital Admissions,9,HHS Region,80.0
202052,2020-21,Influenza Hospitalization (Avg 7 Day),9,HHS Region,198.86
202052,2020-21,Average patients with influenza in ICU,9,HHS Region,28.86
202052,2020-21,Influenza Hospital Admissions Rate Per 100k,10,HHS Region,0.03
202052,2020-21,Influenza Hospital Admissions,10,HHS Region,5.0
202052,2020-21,Influenza Hospitalization (Avg 7 Day),10,HHS Region,1.57
202052,2020-21,Average patients with influenza in ICU,10,HHS Region,0.0
202107,2020-21,Influenza Hospital Admissions Rate Per 100k,3,HHS Region,0.11
202107,2020-21,Influenza Hospital Admissions,3,HHS Region,33.0
202107,2020-21,Influenza Hospitalization (Avg 7 Day),3,HHS Region,38.43
202107,2020-21,Average patients with influenza in ICU,3,HHS Region,9.29
202107,2020-21,Influenza Hospital Admissions Rate Per 100k,4,HHS Region,0.2
202107,2020-21,Influenza Hospital Admissions,4,HHS Region,136.0
202107,2020-21,Influenza Hospitalization (Avg 7 Day),4,HHS Region,109.0
202107,2020-21,Average patients with influenza in ICU,4,HHS Region,20.57
202107,2020-21,Influenza Hospital Admissions Rate Per 100k,5,HHS Region,0.07
202107,2020-21,Influenza Hospital Admissions,5,HHS Region,37.0
202107,2020-21,Influenza Hospitalization (Avg 7 Day),5,HHS Region,12.57
202107,2020-21,Average patients with influenza in ICU,5,HHS Region,3.71
202107,2020-21,Influenza Hospital Admissions Rate Per 100k,6,HHS Region,0.2
202107,2020-21,Influenza Hospital Admissions,6,HHS Region,86.0
202107,2020-21,Influenza Hospitalization (Avg 7 Day),6,HHS Region,85.43
202107,2020-21,Average patients with influenza in ICU,6,HHS Region,20.71
202107,2020-21,Influenza Hospital Admissions Rate Per 100k,7,HHS Region,0.18
202107,2020-21,Influenza Hospital Admissions,7,HHS Region,26.0
202107,2020-21,Influenza Hospitalization (Avg 7 Day),7,HHS Region,9.57
202107,2020-21,Average patients with influenza in ICU,7,HHS Region,2.71
202107,2020-21,Influenza Hospital Admissions Rate Per 100k,8,HHS Region,0.02
202107,2020-21,Influenza Hospital Admissions,8,HHS Region,2.0
202107,2020-21,Influenza Hospitalization (Avg 7 Day),8,HHS Region,3.86
202107,2020-21,Average patients with influenza in ICU,8,HHS Region,0.86
202107,2020-21,Influenza Hospital Admissions Rate Per 100k,9,HHS Region,0.04
202107,2020-21,Influenza Hospital Admissions,9,HHS Region,22.0
202107,2020-21,Influenza Hospitalization (Avg 7 Day),9,HHS Region,60.86
202107,2020-21,Average patients with influenza in ICU,9,HHS Region,9.0
202107,2020-21,Influenza Hospital Admissions Rate Per 100k,10,HHS Region,0.01
202107,2020-21,Influenza Hospital Admissions,10,HHS Region,2.0
202107,2020-21,Influenza Hospitalization (Avg 7 Day),10,HHS Region,1.14
202107,2020-21,Average patients with influenza in ICU,10,HHS Region,0.57
202108,2020-21,Influenza Hospital Admissions Rate Per 100k,1,HHS Region,0.01
202108,2020-21,Influenza Hospital Admissions,1,HHS Region,2.0
202108,2020-21,Influenza Hospitalization (Avg 7 Day),1,HHS Region,7.29
202108,2020-21,Average patients with influenza in ICU,1,HHS Region,1.71
202108,2020-21,Influenza Hospital Admissions Rate Per 100k,2,HHS Region,0.1
202108,2020-21,Influenza Hospital Admissions,2,HHS Region,30.0
202108,2020-21,Influenza Hospitalization (Avg 7 Day),2,HHS Region,51.86
202108,2020-21,Average patients with influenza in ICU,2,HHS Region,8.71
202108,2020-21,Influenza Hospital Admissions Rate Per 100k,3,HHS Region,0.13
202108,2020-21,Influenza Hospital Admissions,3,HHS Region,40.0
202108,2020-21,Influenza Hospitalization (Avg 7 Day),3,HHS Region,31.0
202108,2020-21,Average patients with influenza in ICU,3,HHS Region,9.29
202108,2020-21,Influenza Hospital Admissions Rate Per 100k,4,HHS Region,0.16
202108,2020-21,Influenza Hospital Admissions,4,HHS Region,110.0
202108,2020-21,Influenza Hospitalization (Avg 7 Day),4,HHS Region,105.0
202108,2020-21,Average patients with influenza in ICU,4,HHS Region,17.57
202108,2020-21,Influenza Hospital Admissions Rate Per 100k,5,HHS Region,0.05
202108,2020-21,Influenza Hospital Admissions,5,HHS Region,28.0
202108,2020-21,Influenza Hospitalization (Avg 7 Day),5,HHS Region,16.29
202108,2020-21,Average patients with influenza in ICU,5,HHS Region,5.0
202108,2020-21,Influenza Hospital Admissions Rate Per 100k,6,HHS Region,0.17
202108,2020-21,Influenza Hospital Admissions,6,HHS Region,73.0
202108,2020-21,Influenza Hospitalization (Avg 7 Day),6,HHS Region,73.71
202108,2020-21,Average patients with influenza in ICU,6,HHS Region,18.86
202108,2020-21,Influenza Hospital Admissions Rate Per 100k,7,HHS Region,0.15
202108,2020-21,Influenza Hospital Admissions,7,HHS Region,21.0
202108,2020-21,Influenza Hospitalization (Avg 7 Day),7,HHS Region,10.57
202115,2020-21,Influenza Hospitalization (Avg 7 Day),10,HHS Region,0.0
202115,2020-21,Average patients with influenza in ICU,10,HHS Region,0.0
202116,2020-21,Influenza Hospital Admissions Rate Per 100k,1,HHS Region,0.01
202116,2020-21,Influenza Hospital Admissions,1,HHS Region,2.0
202116,2020-21,Influenza Hospitalization (Avg 7 Day),1,HHS Region,3.0
202116,2020-21,Average patients with influenza in ICU,1,HHS Region,1.0
202116,2020-21,Influenza Hospital Admissions Rate Per 100k,2,HHS Region,0.14
202116,2020-21,Influenza Hospital Admissions,2,HHS Region,45.0
202116,2020-21,Influenza Hospitalization (Avg 7 Day),2,HHS Region,74.29
202116,2020-21,Average patients with influenza in ICU,2,HHS Region,4.43
202116,2020-21,Influenza Hospital Admissions Rate Per 100k,3,HHS Region,0.15
202116,2020-21,Influenza Hospital Admissions,3,HHS Region,47.0
202116,2020-21,Influenza Hospitalization (Avg 7 Day),3,HHS Region,28.14
202116,2020-21,Average patients with influenza in ICU,3,HHS Region,6.71
202116,2020-21,Influenza Hospital Admissions Rate Per 100k,4,HHS Region,0.28
202116,2020-21,Influenza Hospital Admissions,4,HHS Region,188.0
202116,2020-21,Influenza Hospitalization (Avg 7 Day),4,HHS Region,88.14
202116,2020-21,Average patients with influenza in ICU,4,HHS Region,18.43
202116,2020-21,Influenza Hospital Admissions Rate Per 100k,5,HHS Region,0.04
202116,2020-21,Influenza Hospital Admissions,5,HHS Region,22.0
202116,2020-21,Influenza Hospitalization (Avg 7 Day),5,HHS Region,11.43
202116,2020-21,Average patients with influenza in ICU,5,HHS Region,4.43
202116,2020-21,Influenza Hospital Admissions Rate Per 100k,6,HHS Region,0.15
202116,2020-21,Influenza Hospital Admissions,6,HHS Region,64.0
202116,2020-21,Influenza Hospitalization (Avg 7 Day),6,HHS Region,35.86
202116,2020-21,Average patients with influenza in ICU,6,HHS Region,13.0
202116,2020-21,Influenza Hospital Admissions Rate Per 100k,7,HHS Region,0.06
202116,2020-21,Influenza Hospital Admissions,7,HHS Region,9.0
202116,2020-21,Influenza Hospitalization (Avg 7 Day),7,HHS Region,2.43
202116,2020-21,Average patients with influenza in ICU,7,HHS Region,0.43
202116,2020-21,Influenza Hospital Admissions Rate Per 100k,8,HHS Region,0.05
202116,2020-21,Influenza Hospital Admissions,8,HHS Region,6.0
202116,2020-21,Influenza Hospitalization (Avg 7 Day),8,HHS Region,1.14
202116,2020-21,Average patients with influenza in ICU,8,HHS Region,0.14
202116,2020-21,Influenza Hospital Admissions Rate Per 100k,9,HHS Region,0.04
202116,2020-21,Influenza Hospital Admissions,9,HHS Region,23.0
202116,2020-21,Influenza Hospitalization (Avg 7 Day),9,HHS Region,22.14
202116,2020-21,Average patients with influenza in ICU,9,HHS Region,1.43
202116,2020-21,Influenza Hospital Admissions Rate Per 100k,10,HHS Region,0.01
202116,2020-21,Influenza Hospital Admissions,10,HHS Region,2.0
202116,2020-21,Influenza Hospitalization (Avg 7 Day),10,HHS Region,0.29
202116,2020-21,Average patients with influenza in ICU,10,HHS Region,0.0
202117,2020-21,Influenza Hospital Admissions Rate Per 100k,1,HHS Region,0.01
202117,2020-21,Influenza Hospital Admissions,1,HHS Region,1.0
202117,2020-21,Influenza Hospitalization (Avg 7 Day),1,HHS Region,2.0
202117,2020-21,Average patients with influenza in ICU,1,HHS Region,1.0
202117,2020-21,Influenza Hospital Admissions Rate Per 100k,2,HHS Region,0.16
202117,2020-21,Influenza Hospital Admissions,2,HHS Region,50.0
202117,2020-21,Influenza Hospitalization (Avg 7 Day),2,HHS Region,75.57
202117,2020-21,Average patients with influenza in ICU,2,HHS Region,3.43
202117,2020-21,Influenza Hospital Admissions Rate Per 100k,3,HHS Region,0.09
202117,2020-21,Influenza Hospital Admissions,3,HHS Region,28.0
202117,2020-21,Influenza Hospitalization (Avg 7 Day),3,HHS Region,22.14
202117,2020-21,Average patients with influenza in ICU,3,HHS Region,5.86
202117,2020-21,Influenza Hospital Admissions Rate Per 100k,4,HHS Region,0.28
202124,2020-21,Influenza Hospital Admissions Rate Per 100k,7,HHS Region,0.0
202124,2020-21,Influenza Hospital Admissions,7,HHS Region,0.0
202124,2020-21,Influenza Hospitalization (Avg 7 Day),7,HHS Region,0.43
202124,2020-21,Average patients with influenza in ICU,7,HHS Region,0.0
202124,2020-21,Influenza Hospital Admissions Rate Per 100k,8,HHS Region,0.07
202124,2020-21,Influenza Hospital Admissions,8,HHS Region,9.0
202124,2020-21,Influenza Hospitalization (Avg 7 Day),8,HHS Region,5.14
202124,2020-21,Average patients with influenza in ICU,8,HHS Region,0.14
202124,2020-21,Influenza Hospital Admissions Rate Per 100k,9,HHS Region,0.04
202124,2020-21,Influenza Hospital Admissions,9,HHS Region,19.0
202124,2020-21,Influenza Hospitalization (Avg 7 Day),9,HHS Region,21.0
202124,2020-21,Average patients with influenza in ICU,9,HHS Region,1.43
202124,2020-21,Influenza Hospital Admissions Rate Per 100k,10,HHS Region,0.01
202124,2020-21,Influenza Hospital Admissions,10,HHS Region,1.0
202124,2020-21,Influenza Hospitalization (Avg 7 Day),10,HHS Region,0.0
202124,2020-21,Average patients with influenza in ICU,10,HHS Region,0.0
202125,2020-21,Influenza Hospital Admissions Rate Per 100k,1,HHS Region,0.01
202125,2020-21,Influenza Hospital Admissions,1,HHS Region,1.0
202125,2020-21,Influenza Hospitalization (Avg 7 Day),1,HHS Region,2.14
202125,2020-21,Average patients with influenza in ICU,1,HHS Region,0.43
202125,2020-21,Influenza Hospital Admissions Rate Per 100k,2,HHS Region,0.09
202125,2020-21,Influenza Hospital Admissions,2,HHS Region,27.0
202125,2020-21,Influenza Hospitalization (Avg 7 Day),2,HHS Region,72.71
202125,2020-21,Average patients with influenza in ICU,2,HHS Region,3.0
202125,2020-21,Influenza Hospital Admissions Rate Per 100k,3,HHS Region,0.1
202125,2020-21,Influenza Hospital Admissions,3,HHS Region,31.0
202125,2020-21,Influenza Hospitalization (Avg 7 Day),3,HHS Region,14.43
202125,2020-21,Average patients with influenza in ICU,3,HHS Region,1.86
202125,2020-21,Influenza Hospital Admissions Rate Per 100k,4,HHS Region,0.07
202125,2020-21,Influenza Hospital Admissions,4,HHS Region,45.0
202125,2020-21,Influenza Hospitalization (Avg 7 Day),4,HHS Region,39.29
202125,2020-21,Average patients with influenza in ICU,4,HHS Region,11.57
202125,2020-21,Influenza Hospital Admissions Rate Per 100k,5,HHS Region,0.01
202125,2020-21,Influenza Hospital Admissions,5,HHS Region,7.0
202125,2020-21,Influenza Hospitalization (Avg 7 Day),5,HHS Region,9.86
202125,2020-21,Average patients with influenza in ICU,5,HHS Region,0.57
202125,2020-21,Influenza Hospital Admissions Rate Per 100k,6,HHS Region,0.13
202125,2020-21,Influenza Hospital Admissions,6,HHS Region,56.0
202125,2020-21,Influenza Hospitalization (Avg 7 Day),6,HHS Region,29.29
202125,2020-21,Average patients with influenza in ICU,6,HHS Region,7.86
202125,2020-21,Influenza Hospital Admissions Rate Per 100k,7,HHS Region,0.04
202125,2020-21,Influenza Hospital Admissions,7,HHS Region,5.0
202125,2020-21,Influenza Hospitalization (Avg 7 Day),7,HHS Region,1.14
202125,2020-21,Average patients with influenza in ICU,7,HHS Region,0.0
202125,2020-21,Influenza Hospital Admissions Rate Per 100k,8,HHS Region,0.04
202125,2020-21,Influenza Hospital Admissions,8,HHS Region,5.0
202125,2020-21,Influenza Hospitalization (Avg 7 Day),8,HHS Region,3.57
202125,2020-21,Average patients with influenza in ICU,8,HHS Region,0.0
202125,2020-21,Influenza Hospital Admissions Rate Per 100k,9,HHS Region,0.02
202125,2020-21,Influenza Hospital Admissions,9,HHS Region,11.0
202125,2020-21,Influenza Hospitalization (Avg 7 Day),9,HHS Region,21.57
202125,2020-21,Average patients with influenza in ICU,9,HHS Region,1.0
202125,2020-21,Influenza Hospital Admissions Rate Per 100k,10,HHS Region,0.01
202125,2020-21,Influenza Hospital Admissions,10,HHS Region,1.0
202125,2020-21,Influenza Hospitalization (Avg 7 Day),10,HHS Region,0.29
202125,2020-21,Average patients with influenza in ICU,10,HHS Region,0.14
202133,2020-21,Influenza Hospitalization (Avg 7 Day),3,HHS Region,24.29
202133,2020-21,Average patients with influenza in ICU,3,HHS Region,7.43
202133,2020-21,Influenza Hospital Admissions Rate Per 100k,4,HHS Region,0.12
202133,2020-21,Influenza Hospital Admissions,4,HHS Region,82.0
202133,2020-21,Influenza Hospitalization (Avg 7 Day),4,HHS Region,72.57
202133,2020-21,Average patients with influenza in ICU,4,HHS Region,13.0
202133,2020-21,Influenza Hospital Admissions Rate Per 100k,5,HHS Region,0.08
202133,2020-21,Influenza Hospital Admissions,5,HHS Region,42.0
202133,2020-21,Influenza Hospitalization (Avg 7 Day),5,HHS Region,15.43
202133,2020-21,Average patients with influenza in ICU,5,HHS Region,2.43
202133,2020-21,Influenza Hospital Admissions Rate Per 100k,6,HHS Region,0.05
202133,2020-21,Influenza Hospital Admissions,6,HHS Region,22.0
202133,2020-21,Influenza Hospitalization (Avg 7 Day),6,HHS Region,30.29
202133,2020-21,Average patients with influenza in ICU,6,HHS Region,7.43
202133,2020-21,Influenza Hospital Admissions Rate Per 100k,7,HHS Region,0.05
202133,2020-21,Influenza Hospital Admissions,7,HHS Region,7.0
202133,2020-21,Influenza Hospitalization (Avg 7 Day),7,HHS Region,3.57
202133,2020-21,Average patients with influenza in ICU,7,HHS Region,0.0
202133,2020-21,Influenza Hospital Admissions Rate Per 100k,8,HHS Region,0.06
202133,2020-21,Influenza Hospital Admissions,8,HHS Region,7.0
202133,2020-21,Influenza Hospitalization (Avg 7 Day),8,HHS Region,4.57
202133,2020-21,Average patients with influenza in ICU,8,HHS Region,0.29
202133,2020-21,Influenza Hospital Admissions Rate Per 100k,9,HHS Region,0.03
202133,2020-21,Influenza Hospital Admissions,9,HHS Region,17.0
202133,2020-21,Influenza Hospitalization (Avg 7 Day),9,HHS Region,18.71
202133,2020-21,Average patients with influenza in ICU,9,HHS Region,0.29
202133,2020-21,Influenza Hospital Admissions Rate Per 100k,10,HHS Region,0.04
202133,2020-21,Influenza Hospital Admissions,10,HHS Region,6.0
202133,2020-21,Influenza Hospitalization (Avg 7 Day),10,HHS Region,1.29
202133,2020-21,Average patients with influenza in ICU,10,HHS Region,0.14
202134,2020-21,Influenza Hospital Admissions Rate Per 100k,1,HHS Region,0.01
202134,2020-21,Influenza Hospital Admissions,1,HHS Region,2.0
202134,2020-21,Influenza Hospitalization (Avg 7 Day),1,HHS Region,1.71
202134,2020-21,Average patients with influenza in ICU,1,HHS Region,0.0
202134,2020-21,Influenza Hospital Admissions Rate Per 100k,2,HHS Region,0.15
202134,2020-21,Influenza Hospital Admissions,2,HHS Region,46.0
202134,2020-21,Influenza Hospitalization (Avg 7 Day),2,HHS Region,85.29
202134,2020-21,Average patients with influenza in ICU,2,HHS Region,6.43
202134,2020-21,Influenza Hospital Admissions Rate Per 100k,3,HHS Region,0.06
202134,2020-21,Influenza Hospital Admissions,3,HHS Region,17.0
202134,2020-21,Influenza Hospitalization (Avg 7 Day),3,HHS Region,23.43
202134,2020-21,Average patients with influenza in ICU,3,HHS Region,7.57
202134,2020-21,Influenza Hospital Admissions Rate Per 100k,4,HHS Region,0.11
202134,2020-21,Influenza Hospital Admissions,4,HHS Region,73.0
202134,2020-21,Influenza Hospitalization (Avg 7 Day),4,HHS Region,72.57
202134,2020-21,Average patients with influenza in ICU,4,HHS Region,17.29
202134,2020-21,Influenza Hospital Admissions Rate Per 100k,5,HHS Region,0.04
202134,2020-21,Influenza Hospital Admissions,5,HHS Region,21.0
202134,2020-21,Influenza Hospitalization (Avg 7 Day),5,HHS Region,15.0
202134,2020-21,Average patients with influenza in ICU,5,HHS Region,5.0
202134,2020-21,Influenza Hospital Admissions Rate Per 100k,6,HHS Region,0.07
202134,2020-21,Influenza Hospital Admissions,6,HHS Region,30.0
202134,2020-21,Influenza Hospitalization (Avg 7 Day),6,HHS Region,21.71
202134,2020-21,Average patients with influenza in ICU,6,HHS Region,6.0
202134,2020-21,Influenza Hospital Admissions Rate Per 100k,7,HHS Region,0.04
202134,2020-21,Influenza Hospital Admissions,7,HHS Region,6.0
202134,2020-21,Influenza Hospitalization (Avg 7 Day),7,HHS Region,3.71
202134,2020-21,Average patients with influenza in ICU,7,HHS Region,0.14
202134,2020-21,Influenza Hospital Admissions Rate Per 100k,8,HHS Region,0.03
202044,2020-21,Average patients with influenza in ICU,3,HHS Region,2.0
202108,2020-21,Average patients with influenza in ICU,7,HHS Region,3.29
202117,2020-21,Influenza Hospital Admissions,4,HHS Region,186.0
202134,2020-21,Influenza Hospital Admissions,8,HHS Region,4.0
202041,2020-21,Influenza Hospitalization (Avg 7 Day),5,HHS Region,0.0
202048,2020-21,Average patients with influenza in ICU,1,HHS Region,1.14
202053,2020-21,Influenza Hospitalization (Avg 7 Day),9,HHS Region,192.0
202105,2020-21,Influenza Hospitalization (Avg 7 Day),3,HHS Region,44.43
202109,2020-21,Influenza Hospitalization (Avg 7 Day),8,HHS Region,3.71
202115,2020-21,Influenza Hospital Admissions,7,HHS Region,16.0
202121,2020-21,Influenza Hospital Admissions Rate Per 100k,6,HHS Region,0.11
202127,2020-21,Average patients with influenza in ICU,3,HHS Region,1.43
202134,2020-21,Influenza Hospital Admissions,6,HHS Region,30.0
202134,2020-21,Influenza Hospitalization (Avg 7 Day),6,HHS Region,21.71
202134,2020-21,Average patients with influenza in ICU,6,HHS Region,6.0
202134,2020-21,Influenza Hospital Admissions Rate Per 100k,7,HHS Region,0.04
202134,2020-21,Influenza Hospital Admissions,7,HHS Region,6.0
202134,2020-21,Influenza Hospitalization (Avg 7 Day),7,HHS Region,3.71
202134,2020-21,Average patients with influenza in ICU,7,HHS Region,0.14
202134,2020-21,Influenza Hospital Admissions Rate Per 100k,8,HHS Region,0.03
202134,2020-21,Influenza Hospital Admissions,8,HHS Region,4.0
202134,2020-21,Influenza Hospitalization (Avg 7 Day),8,HHS Region,4.14
202134,2020-21,Average patients with influenza in ICU,8,HHS Region,0.0
202134,2020-21,Influenza Hospital Admissions Rate Per 100k,9,HHS Region,0.03
202134,2020-21,Influenza Hospital Admissions,9,HHS Region,16.0
202134,2020-21,Influenza Hospitalization (Avg 7 Day),9,HHS Region,21.29
202134,2020-21,Average patients with influenza in ICU,9,HHS Region,0.57
202134,2020-21,Influenza Hospital Admissions Rate Per 100k,10,HHS Region,0.01
202134,2020-21,Influenza Hospital Admissions,10,HHS Region,2.0
202134,2020-21,Influenza Hospitalization (Avg 7 Day),10,HHS Region,3.0
202134,2020-21,Average patients with influenza in ICU,10,HHS Region,0.0
202135,2020-21,Influenza Hospital Admissions Rate Per 100k,1,HHS Region,0.0
202135,2020-21,Influenza Hospital Admissions,1,HHS Region,0.0
202135,2020-21,Influenza Hospitalization (Avg 7 Day),1,HHS Region,1.43
202135,2020-21,Average patients with influenza in ICU,1,HHS Region,0.0
202135,2020-21,Influenza Hospital Admissions Rate Per 100k,2,HHS Region,0.11
202135,2020-21,Influenza Hospital Admissions,2,HHS Region,35.0
202135,2020-21,Influenza Hospitalization (Avg 7 Day),2,HHS Region,91.0
202135,2020-21,Average patients with influenza in ICU,2,HHS Region,7.71
202135,2020-21,Influenza Hospital Admissions Rate Per 100k,3,HHS Region,0.08
202135,2020-21,Influenza Hospital Admissions,3,HHS Region,26.0
202135,2020-21,Influenza Hospitalization (Avg 7 Day),3,HHS Region,36.0
202135,2020-21,Average patients with influenza in ICU,3,HHS Region,10.14
202135,2020-21,Influenza Hospital Admissions Rate Per 100k,4,HHS Region,0.14
202135,2020-21,Influenza Hospital Admissions,4,HHS Region,95.0
202135,2020-21,Influenza Hospitalization (Avg 7 Day),4,HHS Region,77.71
202135,2020-21,Average patients with influenza in ICU,4,HHS Region,19.29
202135,2020-21,Influenza Hospital Admissions Rate Per 100k,5,HHS Region,0.05
202135,2020-21,Influenza Hospital Admissions,5,HHS Region,26.0
202135,2020-21,Influenza Hospitalization (Avg 7 Day),5,HHS Region,23.57
202135,2020-21,Average patients with influenza in ICU,5,HHS Region,4.0
202135,2020-21,Influenza Hospital Admissions Rate Per 100k,6,HHS Region,0.08
202135,2020-21,Influenza Hospital Admissions,6,HHS Region,34.0
202135,2020-21,Influenza Hospitalization (Avg 7 Day),6,HHS Region,26.86
202135,2020-21,Average patients with influenza in ICU,6,HHS Region,5.29
202135,2020-21,Influenza Hospital Admissions Rate Per 100k,7,HHS Region,0.03
202135,2020-21,Influenza Hospital Admissions,7,HHS Region,4.0
202135,2020-21,Influenza Hospitalization (Avg 7 Day),7,HHS Region,4.43
202135,2020-21,Average patients with influenza in ICU,7,HHS Region,0.29
202135,2020-21,Influenza Hospital Admissions Rate Per 100k,8,HHS Region,0.05
202135,2020-21,Influenza Hospital Admissions,8,HHS Region,6.0
202135,2020-21,Influenza Hospitalization (Avg 7 Day),8,HHS Region,4.43
202135,2020-21,Average patients with influenza in ICU,8,HHS Region,0.43
202135,2020-21,Influenza Hospital Admissions Rate Per 100k,9,HHS Region,0.02
202135,2020-21,Influenza Hospital Admissions,9,HHS Region,9.0
202135,2020-21,Influenza Hospitalization (Avg 7 Day),9,HHS Region,20.86
202135,2020-21,Average patients with influenza in ICU,9,HHS Region,1.86
202135,2020-21,Influenza Hospital Admissions Rate Per 100k,10,HHS Region,0.0
202135,2020-21,Influenza Hospital Admissions,10,HHS Region,0.0
202135,2020-21,Influenza Hospitalization (Avg 7 Day),10,HHS Region,1.0
202135,2020-21,Average patients with influenza in ICU,10,HHS Region,0.0
202041,2020-21,Influenza Hospital Admissions,5,HHS Region,0.0
202042,2020-21,Influenza Hospitalization (Avg 7 Day),10,HHS Region,0.0
202128,2020-21,Influenza Hospital Admissions Rate Per 100k,8,HHS Region,0.04
202041,2020-21,Average patients with influenza in ICU,5,HHS Region,0.0
202041,2020-21,Influenza Hospital Admissions Rate Per 100k,6,HHS Region,0.0
202041,2020-21,Influenza Hospital Admissions,6,HHS Region,0.0
202041,2020-21,Influenza Hospitalization (Avg 7 Day),6,HHS Region,0.0
202041,2020-21,Average patients with influenza in ICU,6,HHS Region,0.0
202041,2020-21,Influenza Hospital Admissions Rate Per 100k,7,HHS Region,0.0
202041,2020-21,Influenza Hospital Admissions,7,HHS Region,0.0
202041,2020-21,Influenza Hospitalization (Avg 7 Day),7,HHS Region,0.0
202041,2020-21,Average patients with influenza in ICU,7,HHS Region,0.0
202041,2020-21,Influenza Hospital Admissions Rate Per 100k,8,HHS Region,0.0
202041,2020-21,Influenza Hospital Admissions,8,HHS Region,0.0
202041,2020-21,Influenza Hospitalization (Avg 7 Day),8,HHS Region,0.0
202041,2020-21,Average patients with influenza in ICU,8,HHS Region,0.0
202041,2020-21,Influenza Hospital Admissions Rate Per 100k,9,HHS Region,0.0
202041,2020-21,Influenza Hospital Admissions,9,HHS Region,0.0
202041,2020-21,Influenza Hospitalization (Avg 7 Day),9,HHS Region,0.0
202041,2020-21,Average patients with influenza in ICU,9,HHS Region,0.0
202041,2020-21,Influenza Hospital Admissions Rate Per 100k,10,HHS Region,0.0
202041,2020-21,Influenza Hospital Admissions,10,HHS Region,0.0
202041,2020-21,Influenza Hospitalization (Avg 7 Day),10,HHS Region,0.0
202041,2020-21,Average patients with influenza in ICU,10,HHS Region,0.0
202042,2020-21,Influenza Hospital Admissions Rate Per 100k,1,HHS Region,0.0
202042,2020-21,Influenza Hospital Admissions,1,HHS Region,0.0
202042,2020-21,Influenza Hospitalization (Avg 7 Day),1,HHS Region,0.0
202042,2020-21,Average patients with influenza in ICU,1,HHS Region,0.0
202042,2020-21,Influenza Hospital Admissions Rate Per 100k,2,HHS Region,0.0
202042,2020-21,Influenza Hospital Admissions,2,HHS Region,0.0
202042,2020-21,Influenza Hospitalization (Avg 7 Day),2,HHS Region,0.0
202042,2020-21,Average patients with influenza in ICU,2,HHS Region,0.0
202042,2020-21,Influenza Hospital Admissions Rate Per 100k,3,HHS Region,0.0
202042,2020-21,Influenza Hospital Admissions,3,HHS Region,0.0
202042,2020-21,Influenza Hospitalization (Avg 7 Day),3,HHS Region,0.0
202042,2020-21,Average patients with influenza in ICU,3,HHS Region,0.0
202042,2020-21,Influenza Hospital Admissions Rate Per 100k,4,HHS Region,0.0
202042,2020-21,Influenza Hospital Admissions,4,HHS Region,0.0
202042,2020-21,Influenza Hospitalization (Avg 7 Day),4,HHS Region,0.0
202042,2020-21,Average patients with influenza in ICU,4,HHS Region,0.0
202042,2020-21,Influenza Hospital Admissions Rate Per 100k,5,HHS Region,0.0
202042,2020-21,Influenza Hospital Admissions,5,HHS Region,0.0
202042,2020-21,Influenza Hospitalization (Avg 7 Day),5,HHS Region,0.0
202042,2020-21,Average patients with influenza in ICU,5,HHS Region,0.0
202042,2020-21,Influenza Hospital Admissions Rate Per 100k,6,HHS Region,0.01
202042,2020-21,Influenza Hospital Admissions,6,HHS Region,6.0
202042,2020-21,Influenza Hospitalization (Avg 7 Day),6,HHS Region,4.29
202042,2020-21,Average patients with influenza in ICU,6,HHS Region,1.0
202042,2020-21,Influenza Hospital Admissions Rate Per 100k,7,HHS Region,0.0
202042,2020-21,Influenza Hospital Admissions,7,HHS Region,0.0
202042,2020-21,Influenza Hospitalization (Avg 7 Day),7,HHS Region,0.0
202042,2020-21,Average patients with influenza in ICU,7,HHS Region,0.0
202042,2020-21,Influenza Hospital Admissions Rate Per 100k,8,HHS Region,0.0
202042,2020-21,Influenza Hospital Admissions,8,HHS Region,0.0
202042,2020-21,Influenza Hospitalization (Avg 7 Day),8,HHS Region,0.0
202042,2020-21,Average patients with influenza in ICU,8,HHS Region,0.0
202042,2020-21,Influenza Hospital Admissions Rate Per 100k,9,HHS Region,0.0
202042,2020-21,Influenza Hospital Admissions,9,HHS Region,0.0
202042,2020-21,Influenza Hospitalization (Avg 7 Day),9,HHS Region,0.0
202042,2020-21,Average patients with influenza in ICU,9,HHS Region,0.0
202042,2020-21,Influenza Hospital Admissions Rate Per 100k,10,HHS Region,0.0
202042,2020-21,Influenza Hospital Admissions,10,HHS Region,0.0
202048,2020-21,Influenza Hospital Admissions Rate Per 100k,2,HHS Region,0.15
202048,2020-21,Influenza Hospital Admissions,2,HHS Region,46.0
202048,2020-21,Influenza Hospitalization (Avg 7 Day),2,HHS Region,38.43
202048,2020-21,Average patients with influenza in ICU,2,HHS Region,5.71
202048,2020-21,Influenza Hospital Admissions Rate Per 100k,3,HHS Region,0.14
202048,2020-21,Influenza Hospital Admissions,3,HHS Region,43.0
202048,2020-21,Influenza Hospitalization (Avg 7 Day),3,HHS Region,29.86
202048,2020-21,Average patients with influenza in ICU,3,HHS Region,9.0
202048,2020-21,Influenza Hospital Admissions Rate Per 100k,4,HHS Region,0.21
202048,2020-21,Influenza Hospital Admissions,4,HHS Region,140.0
202048,2020-21,Influenza Hospitalization (Avg 7 Day),4,HHS Region,123.86
202048,2020-21,Average patients with influenza in ICU,4,HHS Region,31.43
202048,2020-21,Influenza Hospital Admissions Rate Per 100k,5,HHS Region,0.06
202048,2020-21,Influenza Hospital Admissions,5,HHS Region,30.0
202048,2020-21,Influenza Hospitalization (Avg 7 Day),5,HHS Region,23.0
202048,2020-21,Average patients with influenza in ICU,5,HHS Region,2.71
202048,2020-21,Influenza Hospital Admissions Rate Per 100k,6,HHS Region,0.43
202048,2020-21,Influenza Hospital Admissions,6,HHS Region,183.0
202048,2020-21,Influenza Hospitalization (Avg 7 Day),6,HHS Region,155.71
202048,2020-21,Average patients with influenza in ICU,6,HHS Region,18.0
202048,2020-21,Influenza Hospital Admissions Rate Per 100k,7,HHS Region,0.2
202048,2020-21,Influenza Hospital Admissions,7,HHS Region,28.0
202048,2020-21,Influenza Hospitalization (Avg 7 Day),7,HHS Region,19.0
202048,2020-21,Average patients with influenza in ICU,7,HHS Region,4.0
202048,2020-21,Influenza Hospital Admissions Rate Per 100k,8,HHS Region,0.03
202048,2020-21,Influenza Hospital Admissions,8,HHS Region,4.0
202048,2020-21,Influenza Hospitalization (Avg 7 Day),8,HHS Region,3.43
202048,2020-21,Average patients with influenza in ICU,8,HHS Region,0.29
202048,2020-21,Influenza Hospital Admissions Rate Per 100k,9,HHS Region,0.19
202048,2020-21,Influenza Hospital Admissions,9,HHS Region,96.0
202048,2020-21,Influenza Hospitalization (Avg 7 Day),9,HHS Region,112.86
202048,2020-21,Average patients with influenza in ICU,9,HHS Region,17.43
202048,2020-21,Influenza Hospital Admissions Rate Per 100k,10,HHS Region,0.03
202048,2020-21,Influenza Hospital Admissions,10,HHS Region,5.0
202048,2020-21,Influenza Hospitalization (Avg 7 Day),10,HHS Region,9.86
202048,2020-21,Average patients with influenza in ICU,10,HHS Region,3.29
202049,2020-21,Influenza Hospital Admissions Rate Per 100k,1,HHS Region,0.03
202049,2020-21,Influenza Hospital Admissions,1,HHS Region,5.0
202049,2020-21,Influenza Hospitalization (Avg 7 Day),1,HHS Region,5.14
202049,2020-21,Average patients with influenza in ICU,1,HHS Region,1.14
202049,2020-21,Influenza Hospital Admissions Rate Per 100k,2,HHS Region,0.14
202049,2020-21,Influenza Hospital Admissions,2,HHS Region,45.0
202049,2020-21,Influenza Hospitalization (Avg 7 Day),2,HHS Region,38.14
202049,2020-21,Average patients with influenza in ICU,2,HHS Region,6.0
202049,2020-21,Influenza Hospital Admissions Rate Per 100k,3,HHS Region,0.17
202049,2020-21,Influenza Hospital Admissions,3,HHS Region,51.0
202049,2020-21,Influenza Hospitalization (Avg 7 Day),3,HHS Region,36.71
202049,2020-21,Average patients with influenza in ICU,3,HHS Region,12.0
202049,2020-21,Influenza Hospital Admissions Rate Per 100k,4,HHS Region,0.17
202049,2020-21,Influenza Hospital Admissions,4,HHS Region,115.0
202049,2020-21,Influenza Hospitalization (Avg 7 Day),4,HHS Region,125.0
202049,2020-21,Average patients with influenza in ICU,4,HHS Region,26.86
202049,2020-21,Influenza Hospital Admissions Rate Per 100k,5,HHS Region,0.05
202049,2020-21,Influenza Hospital Admissions,5,HHS Region,25.0
202049,2020-21,Influenza Hospitalization (Avg 7 Day),5,HHS Region,30.29
202049,2020-21,Average patients with influenza in ICU,5,HHS Region,5.71
202049,2020-21,Influenza Hospital Admissions Rate Per 100k,6,HHS Region,0.53
202049,2020-21,Influenza Hospital Admissions,6,HHS Region,226.0
202049,2020-21,Influenza Hospitalization (Avg 7 Day),6,HHS Region,189.71
202049,2020-21,Average patients with influenza in ICU,6,HHS Region,17.43
202121,2020-21,Influenza Hospital Admissions,6,HHS Region,46.0
202121,2020-21,Influenza Hospitalization (Avg 7 Day),6,HHS Region,30.14
202121,2020-21,Average patients with influenza in ICU,6,HHS Region,11.71
202121,2020-21,Influenza Hospital Admissions Rate Per 100k,7,HHS Region,0.03
202121,2020-21,Influenza Hospital Admissions,7,HHS Region,4.0
202121,2020-21,Influenza Hospitalization (Avg 7 Day),7,HHS Region,2.43
202121,2020-21,Average patients with influenza in ICU,7,HHS Region,0.14
202121,2020-21,Influenza Hospital Admissions Rate Per 100k,8,HHS Region,0.03
202121,2020-21,Influenza Hospital Admissions,8,HHS Region,4.0
202121,2020-21,Influenza Hospitalization (Avg 7 Day),8,HHS Region,2.71
202121,2020-21,Average patients with influenza in ICU,8,HHS Region,0.43
202121,2020-21,Influenza Hospital Admissions Rate Per 100k,9,HHS Region,0.02
202121,2020-21,Influenza Hospital Admissions,9,HHS Region,12.0
202121,2020-21,Influenza Hospitalization (Avg 7 Day),9,HHS Region,18.14
202121,2020-21,Average patients with influenza in ICU,9,HHS Region,0.14
202121,2020-21,Influenza Hospital Admissions Rate Per 100k,10,HHS Region,0.01
202121,2020-21,Influenza Hospital Admissions,10,HHS Region,2.0
202121,2020-21,Influenza Hospitalization (Avg 7 Day),10,HHS Region,0.71
202121,2020-21,Average patients with influenza in ICU,10,HHS Region,0.57
202122,2020-21,Influenza Hospital Admissions Rate Per 100k,1,HHS Region,0.0
202122,2020-21,Influenza Hospital Admissions,1,HHS Region,0.0
202122,2020-21,Influenza Hospitalization (Avg 7 Day),1,HHS Region,3.71
202122,2020-21,Average patients with influenza in ICU,1,HHS Region,1.0
202122,2020-21,Influenza Hospital Admissions Rate Per 100k,2,HHS Region,0.08
202122,2020-21,Influenza Hospital Admissions,2,HHS Region,24.0
202122,2020-21,Influenza Hospitalization (Avg 7 Day),2,HHS Region,70.29
202122,2020-21,Average patients with influenza in ICU,2,HHS Region,3.29
202122,2020-21,Influenza Hospital Admissions Rate Per 100k,3,HHS Region,0.08
202122,2020-21,Influenza Hospital Admissions,3,HHS Region,25.0
202122,2020-21,Influenza Hospitalization (Avg 7 Day),3,HHS Region,16.29
202122,2020-21,Average patients with influenza in ICU,3,HHS Region,1.57
202122,2020-21,Influenza Hospital Admissions Rate Per 100k,4,HHS Region,0.13
202122,2020-21,Influenza Hospital Admissions,4,HHS Region,84.0
202122,2020-21,Influenza Hospitalization (Avg 7 Day),4,HHS Region,58.14
202122,2020-21,Average patients with influenza in ICU,4,HHS Region,13.43
202122,2020-21,Influenza Hospital Admissions Rate Per 100k,5,HHS Region,0.02
202122,2020-21,Influenza Hospital Admissions,5,HHS Region,10.0
202122,2020-21,Influenza Hospitalization (Avg 7 Day),5,HHS Region,9.0
202122,2020-21,Average patients with influenza in ICU,5,HHS Region,1.71
202122,2020-21,Influenza Hospital Admissions Rate Per 100k,6,HHS Region,0.14
202122,2020-21,Influenza Hospital Admissions,6,HHS Region,59.0
202122,2020-21,Influenza Hospitalization (Avg 7 Day),6,HHS Region,30.43
202122,2020-21,Average patients with influenza in ICU,6,HHS Region,11.29
202122,2020-21,Influenza Hospital Admissions Rate Per 100k,7,HHS Region,0.0
202122,2020-21,Influenza Hospital Admissions,7,HHS Region,0.0
202122,2020-21,Influenza Hospitalization (Avg 7 Day),7,HHS Region,1.86
202122,2020-21,Average patients with influenza in ICU,7,HHS Region,0.43
202122,2020-21,Influenza Hospital Admissions Rate Per 100k,8,HHS Region,0.0
202122,2020-21,Influenza Hospital Admissions,8,HHS Region,0.0
202122,2020-21,Influenza Hospitalization (Avg 7 Day),8,HHS Region,1.86
202122,2020-21,Average patients with influenza in ICU,8,HHS Region,0.57
202122,2020-21,Influenza Hospital Admissions Rate Per 100k,9,HHS Region,0.01
202122,2020-21,Influenza Hospital Admissions,9,HHS Region,7.0
202122,2020-21,Influenza Hospitalization (Avg 7 Day),9,HHS Region,17.71
202122,2020-21,Average patients with influenza in ICU,9,HHS Region,0.43
202122,2020-21,Influenza Hospital Admissions Rate Per 100k,10,HHS Region,0.0
202122,2020-21,Influenza Hospital Admissions,10,HHS Region,0.0
202122,2020-21,Influenza Hospitalization (Avg 7 Day),10,HHS Region,0.29
202102,2020-21,Influenza Hospitalization (Avg 7 Day),3,HHS Region,59.29
202117,2020-21,Influenza Hospital Admissions Rate Per 100k,1,HHS Region,0.01
202122,2020-21,Average patients with influenza in ICU,10,HHS Region,0.29
202127,2020-21,Influenza Hospital Admissions Rate Per 100k,4,HHS Region,0.06
202127,2020-21,Influenza Hospital Admissions,4,HHS Region,39.0
202127,2020-21,Influenza Hospitalization (Avg 7 Day),4,HHS Region,44.57
202127,2020-21,Average patients with influenza in ICU,4,HHS Region,10.57
202127,2020-21,Influenza Hospital Admissions Rate Per 100k,5,HHS Region,0.02
202127,2020-21,Influenza Hospital Admissions,5,HHS Region,9.0
202127,2020-21,Influenza Hospitalization (Avg 7 Day),5,HHS Region,8.43
202127,2020-21,Average patients with influenza in ICU,5,HHS Region,2.0
202127,2020-21,Influenza Hospital Admissions Rate Per 100k,6,HHS Region,0.23
202127,2020-21,Influenza Hospital Admissions,6,HHS Region,100.0
202127,2020-21,Influenza Hospitalization (Avg 7 Day),6,HHS Region,31.43
202127,2020-21,Average patients with influenza in ICU,6,HHS Region,4.14
202127,2020-21,Influenza Hospital Admissions Rate Per 100k,7,HHS Region,0.02
202127,2020-21,Influenza Hospital Admissions,7,HHS Region,3.0
202127,2020-21,Influenza Hospitalization (Avg 7 Day),7,HHS Region,3.29
202127,2020-21,Average patients with influenza in ICU,7,HHS Region,1.43
202127,2020-21,Influenza Hospital Admissions Rate Per 100k,8,HHS Region,0.07
202127,2020-21,Influenza Hospital Admissions,8,HHS Region,9.0
202127,2020-21,Influenza Hospitalization (Avg 7 Day),8,HHS Region,6.86
202127,2020-21,Average patients with influenza in ICU,8,HHS Region,0.14
202127,2020-21,Influenza Hospital Admissions Rate Per 100k,9,HHS Region,0.03
202127,2020-21,Influenza Hospital Admissions,9,HHS Region,13.0
202127,2020-21,Influenza Hospitalization (Avg 7 Day),9,HHS Region,14.0
202127,2020-21,Average patients with influenza in ICU,9,HHS Region,0.71
202127,2020-21,Influenza Hospital Admissions Rate Per 100k,10,HHS Region,0.01
202127,2020-21,Influenza Hospital Admissions,10,HHS Region,1.0
202127,2020-21,Influenza Hospitalization (Avg 7 Day),10,HHS Region,0.86
202127,2020-21,Average patients with influenza in ICU,10,HHS Region,0.0
202128,2020-21,Influenza Hospital Admissions Rate Per 100k,1,HHS Region,0.0
202128,2020-21,Influenza Hospital Admissions,1,HHS Region,0.0
202128,2020-21,Influenza Hospitalization (Avg 7 Day),1,HHS Region,1.43
202128,2020-21,Average patients with influenza in ICU,1,HHS Region,0.0
202128,2020-21,Influenza Hospital Admissions Rate Per 100k,2,HHS Region,0.06
202128,2020-21,Influenza Hospital Admissions,2,HHS Region,19.0
202128,2020-21,Influenza Hospitalization (Avg 7 Day),2,HHS Region,80.71
202128,2020-21,Average patients with influenza in ICU,2,HHS Region,6.29
202128,2020-21,Influenza Hospital Admissions Rate Per 100k,3,HHS Region,0.07
202128,2020-21,Influenza Hospital Admissions,3,HHS Region,23.0
202128,2020-21,Influenza Hospitalization (Avg 7 Day),3,HHS Region,26.86
202128,2020-21,Average patients with influenza in ICU,3,HHS Region,2.14
202128,2020-21,Influenza Hospital Admissions Rate Per 100k,4,HHS Region,0.12
202128,2020-21,Influenza Hospital Admissions,4,HHS Region,78.0
202128,2020-21,Influenza Hospitalization (Avg 7 Day),4,HHS Region,48.71
202128,2020-21,Average patients with influenza in ICU,4,HHS Region,9.71
202128,2020-21,Influenza Hospital Admissions Rate Per 100k,5,HHS Region,0.03
202128,2020-21,Influenza Hospital Admissions,5,HHS Region,15.0
202128,2020-21,Influenza Hospitalization (Avg 7 Day),5,HHS Region,8.86
202128,2020-21,Average patients with influenza in ICU,5,HHS Region,1.14
202128,2020-21,Influenza Hospital Admissions Rate Per 100k,6,HHS Region,0.26
202128,2020-21,Influenza Hospital Admissions,6,HHS Region,110.0
202128,2020-21,Influenza Hospitalization (Avg 7 Day),6,HHS Region,29.29
202128,2020-21,Average patients with influenza in ICU,6,HHS Region,5.14
202128,2020-21,Influenza Hospital Admissions Rate Per 100k,7,HHS Region,0.04
202128,2020-21,Influenza Hospital Admissions,7,HHS Region,5.0
202128,2020-21,Influenza Hospitalization (Avg 7 Day),7,HHS Region,3.43
202128,2020-21,Average patients with influenza in ICU,7,HHS Region,0.14
202053,2020-21,Average patients with influenza in ICU,9,HHS Region,30.57
202053,2020-21,Influenza Hospital Admissions Rate Per 100k,10,HHS Region,0.01
202053,2020-21,Influenza Hospital Admissions,10,HHS Region,2.0
202053,2020-21,Influenza Hospitalization (Avg 7 Day),10,HHS Region,2.0
202053,2020-21,Average patients with influenza in ICU,10,HHS Region,1.0
202101,2020-21,Influenza Hospital Admissions Rate Per 100k,1,HHS Region,0.03
202101,2020-21,Influenza Hospital Admissions,1,HHS Region,5.0
202101,2020-21,Influenza Hospitalization (Avg 7 Day),1,HHS Region,10.14
202101,2020-21,Average patients with influenza in ICU,1,HHS Region,6.43
202101,2020-21,Influenza Hospital Admissions Rate Per 100k,2,HHS Region,0.1
202101,2020-21,Influenza Hospital Admissions,2,HHS Region,33.0
202101,2020-21,Influenza Hospitalization (Avg 7 Day),2,HHS Region,31.14
202101,2020-21,Average patients with influenza in ICU,2,HHS Region,3.29
202101,2020-21,Influenza Hospital Admissions Rate Per 100k,3,HHS Region,0.2
202101,2020-21,Influenza Hospital Admissions,3,HHS Region,63.0
202101,2020-21,Influenza Hospitalization (Avg 7 Day),3,HHS Region,64.43
202101,2020-21,Average patients with influenza in ICU,3,HHS Region,13.57
202101,2020-21,Influenza Hospital Admissions Rate Per 100k,4,HHS Region,0.2
202101,2020-21,Influenza Hospital Admissions,4,HHS Region,137.0
202101,2020-21,Influenza Hospitalization (Avg 7 Day),4,HHS Region,141.86
202101,2020-21,Average patients with influenza in ICU,4,HHS Region,27.14
202101,2020-21,Influenza Hospital Admissions Rate Per 100k,5,HHS Region,0.06
202101,2020-21,Influenza Hospital Admissions,5,HHS Region,34.0
202101,2020-21,Influenza Hospitalization (Avg 7 Day),5,HHS Region,32.57
202101,2020-21,Average patients with influenza in ICU,5,HHS Region,6.43
202101,2020-21,Influenza Hospital Admissions Rate Per 100k,6,HHS Region,0.29
202101,2020-21,Influenza Hospital Admissions,6,HHS Region,125.0
202101,2020-21,Influenza Hospitalization (Avg 7 Day),6,HHS Region,102.57
202101,2020-21,Average patients with influenza in ICU,6,HHS Region,29.71
202101,2020-21,Influenza Hospital Admissions Rate Per 100k,7,HHS Region,0.13
202101,2020-21,Influenza Hospital Admissions,7,HHS Region,19.0
202101,2020-21,Influenza Hospitalization (Avg 7 Day),7,HHS Region,14.71
202101,2020-21,Average patients with influenza in ICU,7,HHS Region,3.0
202101,2020-21,Influenza Hospital Admissions Rate Per 100k,8,HHS Region,0.02
202101,2020-21,Influenza Hospital Admissions,8,HHS Region,2.0
202101,2020-21,Influenza Hospitalization (Avg 7 Day),8,HHS Region,5.14
202101,2020-21,Average patients with influenza in ICU,8,HHS Region,0.43
202101,2020-21,Influenza Hospital Admissions Rate Per 100k,9,HHS Region,0.18
202101,2020-21,Influenza Hospital Admissions,9,HHS Region,91.0
202101,2020-21,Influenza Hospitalization (Avg 7 Day),9,HHS Region,209.86
202101,2020-21,Average patients with influenza in ICU,9,HHS Region,39.57
202101,2020-21,Influenza Hospital Admissions Rate Per 100k,10,HHS Region,0.03
202101,2020-21,Influenza Hospital Admissions,10,HHS Region,4.0
202101,2020-21,Influenza Hospitalization (Avg 7 Day),10,HHS Region,2.86
202101,2020-21,Average patients with influenza in ICU,10,HHS Region,0.86
202102,2020-21,Influenza Hospital Admissions Rate Per 100k,1,HHS Region,0.03
202102,2020-21,Influenza Hospital Admissions,1,HHS Region,4.0
202102,2020-21,Influenza Hospitalization (Avg 7 Day),1,HHS Region,3.71
202102,2020-21,Average patients with influenza in ICU,1,HHS Region,1.43
202102,2020-21,Influenza Hospital Admissions Rate Per 100k,2,HHS Region,0.11
202102,2020-21,Influenza Hospital Admissions,2,HHS Region,35.0
202102,2020-21,Influenza Hospitalization (Avg 7 Day),2,HHS Region,33.0
202102,2020-21,Average patients with influenza in ICU,2,HHS Region,4.14
202102,2020-21,Influenza Hospital Admissions Rate Per 100k,3,HHS Region,0.24
202102,2020-21,Influenza Hospital Admissions,3,HHS Region,75.0
202105,2020-21,Average patients with influenza in ICU,3,HHS Region,8.29
202105,2020-21,Influenza Hospital Admissions Rate Per 100k,4,HHS Region,0.22
202105,2020-21,Influenza Hospital Admissions,4,HHS Region,149.0
202105,2020-21,Influenza Hospitalization (Avg 7 Day),4,HHS Region,120.0
202105,2020-21,Average patients with influenza in ICU,4,HHS Region,26.0
202105,2020-21,Influenza Hospital Admissions Rate Per 100k,5,HHS Region,0.06
202105,2020-21,Influenza Hospital Admissions,5,HHS Region,31.0
202105,2020-21,Influenza Hospitalization (Avg 7 Day),5,HHS Region,17.43
202105,2020-21,Average patients with influenza in ICU,5,HHS Region,2.14
202105,2020-21,Influenza Hospital Admissions Rate Per 100k,6,HHS Region,0.31
202105,2020-21,Influenza Hospital Admissions,6,HHS Region,132.0
202105,2020-21,Influenza Hospitalization (Avg 7 Day),6,HHS Region,67.71
202105,2020-21,Average patients with influenza in ICU,6,HHS Region,15.43
202105,2020-21,Influenza Hospital Admissions Rate Per 100k,7,HHS Region,0.06
202105,2020-21,Influenza Hospital Admissions,7,HHS Region,9.0
202105,2020-21,Influenza Hospitalization (Avg 7 Day),7,HHS Region,6.57
202105,2020-21,Average patients with influenza in ICU,7,HHS Region,0.43
202105,2020-21,Influenza Hospital Admissions Rate Per 100k,8,HHS Region,0.02
202105,2020-21,Influenza Hospital Admissions,8,HHS Region,2.0
202105,2020-21,Influenza Hospitalization (Avg 7 Day),8,HHS Region,2.71
202105,2020-21,Average patients with influenza in ICU,8,HHS Region,0.0
202105,2020-21,Influenza Hospital Admissions Rate Per 100k,9,HHS Region,0.05
202105,2020-21,Influenza Hospital Admissions,9,HHS Region,24.0
202105,2020-21,Influenza Hospitalization (Avg 7 Day),9,HHS Region,75.86
202105,2020-21,Average patients with influenza in ICU,9,HHS Region,11.86
202105,2020-21,Influenza Hospital Admissions Rate Per 100k,10,HHS Region,0.0
202105,2020-21,Influenza Hospital Admissions,10,HHS Region,0.0
202105,2020-21,Influenza Hospitalization (Avg 7 Day),10,HHS Region,1.14
202105,2020-21,Average patients with influenza in ICU,10,HHS Region,0.0
202106,2020-21,Influenza Hospital Admissions Rate Per 100k,1,HHS Region,0.02
202106,2020-21,Influenza Hospital Admissions,1,HHS Region,3.0
202106,2020-21,Influenza Hospitalization (Avg 7 Day),1,HHS Region,2.86
202106,2020-21,Average patients with influenza in ICU,1,HHS Region,0.14
202106,2020-21,Influenza Hospital Admissions Rate Per 100k,2,HHS Region,0.08
202106,2020-21,Influenza Hospital Admissions,2,HHS Region,24.0
202106,2020-21,Influenza Hospitalization (Avg 7 Day),2,HHS Region,47.71
202106,2020-21,Average patients with influenza in ICU,2,HHS Region,4.86
202106,2020-21,Influenza Hospital Admissions Rate Per 100k,3,HHS Region,0.15
202106,2020-21,Influenza Hospital Admissions,3,HHS Region,45.0
202106,2020-21,Influenza Hospitalization (Avg 7 Day),3,HHS Region,41.43
202106,2020-21,Average patients with influenza in ICU,3,HHS Region,9.86
202106,2020-21,Influenza Hospital Admissions Rate Per 100k,4,HHS Region,0.2
202106,2020-21,Influenza Hospital Admissions,4,HHS Region,136.0
202106,2020-21,Influenza Hospitalization (Avg 7 Day),4,HHS Region,120.0
202106,2020-21,Average patients with influenza in ICU,4,HHS Region,24.71
202106,2020-21,Influenza Hospital Admissions Rate Per 100k,5,HHS Region,0.04
202106,2020-21,Influenza Hospital Admissions,5,HHS Region,19.0
202106,2020-21,Influenza Hospitalization (Avg 7 Day),5,HHS Region,13.71
202106,2020-21,Average patients with influenza in ICU,5,HHS Region,2.71
202106,2020-21,Influenza Hospital Admissions Rate Per 100k,6,HHS Region,0.25
202106,2020-21,Influenza Hospital Admissions,6,HHS Region,106.0
202106,2020-21,Influenza Hospitalization (Avg 7 Day),6,HHS Region,84.0
202106,2020-21,Average patients with influenza in ICU,6,HHS Region,15.86
202106,2020-21,Influenza Hospital Admissions Rate Per 100k,7,HHS Region,0.07
202106,2020-21,Influenza Hospital Admissions,7,HHS Region,10.0
202106,2020-21,Influenza Hospitalization (Avg 7 Day),7,HHS Region,4.14
202106,2020-21,Average patients with influenza in ICU,7,HHS Region,0.0
202106,2020-21,Influenza Hospital Admissions Rate Per 100k,8,HHS Region,0.02
202106,2020-21,Influenza Hospital Admissions,8,HHS Region,3.0
202106,2020-21,Influenza Hospitalization (Avg 7 Day),8,HHS Region,3.14
202109,2020-21,Average patients with influenza in ICU,8,HHS Region,0.0
202109,2020-21,Influenza Hospital Admissions Rate Per 100k,9,HHS Region,0.05
202109,2020-21,Influenza Hospital Admissions,9,HHS Region,28.0
202109,2020-21,Influenza Hospitalization (Avg 7 Day),9,HHS Region,51.0
202109,2020-21,Average patients with influenza in ICU,9,HHS Region,2.0
202109,2020-21,Influenza Hospital Admissions Rate Per 100k,10,HHS Region,0.03
202109,2020-21,Influenza Hospital Admissions,10,HHS Region,5.0
202109,2020-21,Influenza Hospitalization (Avg 7 Day),10,HHS Region,2.14
202109,2020-21,Average patients with influenza in ICU,10,HHS Region,0.43
202110,2020-21,Influenza Hospital Admissions Rate Per 100k,1,HHS Region,0.03
202110,2020-21,Influenza Hospital Admissions,1,HHS Region,5.0
202110,2020-21,Influenza Hospitalization (Avg 7 Day),1,HHS Region,4.29
202110,2020-21,Average patients with influenza in ICU,1,HHS Region,1.0
202110,2020-21,Influenza Hospital Admissions Rate Per 100k,2,HHS Region,0.14
202110,2020-21,Influenza Hospital Admissions,2,HHS Region,44.0
202110,2020-21,Influenza Hospitalization (Avg 7 Day),2,HHS Region,60.86
202110,2020-21,Average patients with influenza in ICU,2,HHS Region,9.29
202110,2020-21,Influenza Hospital Admissions Rate Per 100k,3,HHS Region,0.09
202110,2020-21,Influenza Hospital Admissions,3,HHS Region,27.0
202110,2020-21,Influenza Hospitalization (Avg 7 Day),3,HHS Region,28.29
202110,2020-21,Average patients with influenza in ICU,3,HHS Region,5.29
202110,2020-21,Influenza Hospital Admissions Rate Per 100k,4,HHS Region,0.18
202110,2020-21,Influenza Hospital Admissions,4,HHS Region,118.0
202110,2020-21,Influenza Hospitalization (Avg 7 Day),4,HHS Region,83.0
202110,2020-21,Average patients with influenza in ICU,4,HHS Region,14.86
202110,2020-21,Influenza Hospital Admissions Rate Per 100k,5,HHS Region,0.04
202110,2020-21,Influenza Hospital Admissions,5,HHS Region,21.0
202110,2020-21,Influenza Hospitalization (Avg 7 Day),5,HHS Region,16.0
202110,2020-21,Average patients with influenza in ICU,5,HHS Region,3.86
202110,2020-21,Influenza Hospital Admissions Rate Per 100k,6,HHS Region,0.25
202110,2020-21,Influenza Hospital Admissions,6,HHS Region,107.0
202110,2020-21,Influenza Hospitalization (Avg 7 Day),6,HHS Region,54.57
202110,2020-21,Average patients with influenza in ICU,6,HHS Region,14.86
202110,2020-21,Influenza Hospital Admissions Rate Per 100k,7,HHS Region,0.08
202110,2020-21,Influenza Hospital Admissions,7,HHS Region,12.0
202110,2020-21,Influenza Hospitalization (Avg 7 Day),7,HHS Region,8.14
202110,2020-21,Average patients with influenza in ICU,7,HHS Region,2.0
202110,2020-21,Influenza Hospital Admissions Rate Per 100k,8,HHS Region,0.02
202110,2020-21,Influenza Hospital Admissions,8,HHS Region,3.0
202110,2020-21,Influenza Hospitalization (Avg 7 Day),8,HHS Region,3.14
202110,2020-21,Average patients with influenza in ICU,8,HHS Region,0.0
202110,2020-21,Influenza Hospital Admissions Rate Per 100k,9,HHS Region,0.05
202110,2020-21,Influenza Hospital Admissions,9,HHS Region,25.0
202110,2020-21,Influenza Hospitalization (Avg 7 Day),9,HHS Region,44.86
202110,2020-21,Average patients with influenza in ICU,9,HHS Region,4.0
202110,2020-21,Influenza Hospital Admissions Rate Per 100k,10,HHS Region,0.01
202110,2020-21,Influenza Hospital Admissions,10,HHS Region,2.0
202110,2020-21,Influenza Hospitalization (Avg 7 Day),10,HHS Region,1.71
202110,2020-21,Average patients with influenza in ICU,10,HHS Region,1.0
202111,2020-21,Influenza Hospital Admissions Rate Per 100k,1,HHS Region,0.04
202111,2020-21,Influenza Hospital Admissions,1,HHS Region,6.0
202111,2020-21,Influenza Hospitalization (Avg 7 Day),1,HHS Region,4.86
202111,2020-21,Average patients with influenza in ICU,1,HHS Region,0.14
202111,2020-21,Influenza Hospital Admissions Rate Per 100k,2,HHS Region,0.13
202111,2020-21,Influenza Hospital Admissions,2,HHS Region,41.0
202115,2020-21,Influenza Hospitalization (Avg 7 Day),7,HHS Region,2.86
202115,2020-21,Average patients with influenza in ICU,7,HHS Region,2.86
202115,2020-21,Influenza Hospital Admissions Rate Per 100k,8,HHS Region,0.01
202115,2020-21,Influenza Hospital Admissions,8,HHS Region,1.0
202115,2020-21,Influenza Hospitalization (Avg 7 Day),8,HHS Region,1.14
202115,2020-21,Average patients with influenza in ICU,8,HHS Region,0.0
202115,2020-21,Influenza Hospital Admissions Rate Per 100k,9,HHS Region,0.03
202115,2020-21,Influenza Hospital Admissions,9,HHS Region,17.0
202115,2020-21,Influenza Hospitalization (Avg 7 Day),9,HHS Region,24.71
202115,2020-21,Average patients with influenza in ICU,9,HHS Region,2.14
202115,2020-21,Influenza Hospital Admissions Rate Per 100k,10,HHS Region,0.0
202115,2020-21,Influenza Hospital Admissions,10,HHS Region,0.0
202115,2020-21,Influenza Hospitalization (Avg 7 Day),10,HHS Region,0.0
202115,2020-21,Average patients with influenza in ICU,10,HHS Region,0.0
202116,2020-21,Influenza Hospital Admissions Rate Per 100k,1,HHS Region,0.01
202116,2020-21,Influenza Hospital Admissions,1,HHS Region,2.0
202116,2020-21,Influenza Hospitalization (Avg 7 Day),1,HHS Region,3.0
202116,2020-21,Average patients with influenza in ICU,1,HHS Region,1.0
202116,2020-21,Influenza Hospital Admissions Rate Per 100k,2,HHS Region,0.14
202116,2020-21,Influenza Hospital Admissions,2,HHS Region,45.0
202116,2020-21,Influenza Hospitalization (Avg 7 Day),2,HHS Region,74.29
202116,2020-21,Average patients with influenza in ICU,2,HHS Region,4.43
202116,2020-21,Influenza Hospital Admissions Rate Per 100k,3,HHS Region,0.15
202116,2020-21,Influenza Hospital Admissions,3,HHS Region,47.0
202116,2020-21,Influenza Hospitalization (Avg 7 Day),3,HHS Region,28.14
202116,2020-21,Average patients with influenza in ICU,3,HHS Region,6.71
202116,2020-21,Influenza Hospital Admissions Rate Per 100k,4,HHS Region,0.28
202116,2020-21,Influenza Hospital Admissions,4,HHS Region,188.0
202116,2020-21,Influenza Hospitalization (Avg 7 Day),4,HHS Region,88.14
202116,2020-21,Average patients with influenza in ICU,4,HHS Region,18.43
202116,2020-21,Influenza Hospital Admissions Rate Per 100k,5,HHS Region,0.04
202116,2020-21,Influenza Hospital Admissions,5,HHS Region,22.0
202116,2020-21,Influenza Hospitalization (Avg 7 Day),5,HHS Region,11.43
202116,2020-21,Average patients with influenza in ICU,5,HHS Region,4.43
202116,2020-21,Influenza Hospital Admissions Rate Per 100k,6,HHS Region,0.15
202116,2020-21,Influenza Hospital Admissions,6,HHS Region,64.0
202116,2020-21,Influenza Hospitalization (Avg 7 Day),6,HHS Region,35.86
202116,2020-21,Average patients with influenza in ICU,6,HHS Region,13.0
202116,2020-21,Influenza Hospital Admissions Rate Per 100k,7,HHS Region,0.06
202116,2020-21,Influenza Hospital Admissions,7,HHS Region,9.0
202116,2020-21,Influenza Hospitalization (Avg 7 Day),7,HHS Region,2.43
202116,2020-21,Average patients with influenza in ICU,7,HHS Region,0.43
202116,2020-21,Influenza Hospital Admissions Rate Per 100k,8,HHS Region,0.05
202116,2020-21,Influenza Hospital Admissions,8,HHS Region,6.0
202116,2020-21,Influenza Hospitalization (Avg 7 Day),8,HHS Region,1.14
202116,2020-21,Average patients with influenza in ICU,8,HHS Region,0.14
202116,2020-21,Influenza Hospital Admissions Rate Per 100k,9,HHS Region,0.04
202116,2020-21,Influenza Hospital Admissions,9,HHS Region,23.0
202116,2020-21,Influenza Hospitalization (Avg 7 Day),9,HHS Region,22.14
202116,2020-21,Average patients with influenza in ICU,9,HHS Region,1.43
202116,2020-21,Influenza Hospital Admissions Rate Per 100k,10,HHS Region,0.01
202116,2020-21,Influenza Hospital Admissions,10,HHS Region,2.0
202116,2020-21,Influenza Hospitalization (Avg 7 Day),10,HHS Region,0.29
202116,2020-21,Average patients with influenza in ICU,10,HHS Region,0.0
202044,2020-21,Influenza Hospital Admissions Rate Per 100k,4,HHS Region,0.14
202044,2020-21,Influenza Hospital Admissions,4,HHS Region,94.0
202044,2020-21,Influenza Hospitalization (Avg 7 Day),4,HHS Region,61.29
202044,2020-21,Average patients with influenza in ICU,4,HHS Region,12.86
202044,2020-21,Influenza Hospital Admissions Rate Per 100k,5,HHS Region,0.04
202044,2020-21,Influenza Hospital Admissions,5,HHS Region,19.0
202044,2020-21,Influenza Hospitalization (Avg 7 Day),5,HHS Region,12.71
202044,2020-21,Average patients with influenza in ICU,5,HHS Region,3.57
202044,2020-21,Influenza Hospital Admissions Rate Per 100k,6,HHS Region,0.29
202044,2020-21,Influenza Hospital Admissions,6,HHS Region,125.0
202044,2020-21,Influenza Hospitalization (Avg 7 Day),6,HHS Region,59.86
202044,2020-21,Average patients with influenza in ICU,6,HHS Region,14.57
202044,2020-21,Influenza Hospital Admissions Rate Per 100k,7,HHS Region,0.08
202044,2020-21,Influenza Hospital Admissions,7,HHS Region,12.0
202044,2020-21,Influenza Hospitalization (Avg 7 Day),7,HHS Region,6.43
202044,2020-21,Average patients with influenza in ICU,7,HHS Region,2.14
202044,2020-21,Influenza Hospital Admissions Rate Per 100k,8,HHS Region,0.02
202044,2020-21,Influenza Hospital Admissions,8,HHS Region,3.0
202044,2020-21,Influenza Hospitalization (Avg 7 Day),8,HHS Region,1.71
202044,2020-21,Average patients with influenza in ICU,8,HHS Region,0.14
202044,2020-21,Influenza Hospital Admissions Rate Per 100k,9,HHS Region,0.17
202044,2020-21,Influenza Hospital Admissions,9,HHS Region,86.0
202044,2020-21,Influenza Hospitalization (Avg 7 Day),9,HHS Region,79.71
202044,2020-21,Average patients with influenza in ICU,9,HHS Region,8.43
202044,2020-21,Influenza Hospital Admissions Rate Per 100k,10,HHS Region,0.0
202044,2020-21,Influenza Hospital Admissions,10,HHS Region,0.0
202044,2020-21,Influenza Hospitalization (Avg 7 Day),10,HHS Region,0.0
202044,2020-21,Average patients with influenza in ICU,10,HHS Region,0.0
202045,2020-21,Influenza Hospital Admissions Rate Per 100k,1,HHS Region,0.05
202045,2020-21,Influenza Hospital Admissions,1,HHS Region,8.0
202045,2020-21,Influenza Hospitalization (Avg 7 Day),1,HHS Region,2.29
202045,2020-21,Average patients with influenza in ICU,1,HHS Region,1.14
202045,2020-21,Influenza Hospital Admissions Rate Per 100k,2,HHS Region,0.07
202045,2020-21,Influenza Hospital Admissions,2,HHS Region,21.0
202045,2020-21,Influenza Hospitalization (Avg 7 Day),2,HHS Region,31.57
202045,2020-21,Average patients with influenza in ICU,2,HHS Region,7.14
202045,2020-21,Influenza Hospital Admissions Rate Per 100k,3,HHS Region,0.13
202045,2020-21,Influenza Hospital Admissions,3,HHS Region,40.0
202045,2020-21,Influenza Hospitalization (Avg 7 Day),3,HHS Region,23.86
202045,2020-21,Average patients with influenza in ICU,3,HHS Region,5.86
202045,2020-21,Influenza Hospital Admissions Rate Per 100k,4,HHS Region,0.16
202045,2020-21,Influenza Hospital Admissions,4,HHS Region,110.0
202045,2020-21,Influenza Hospitalization (Avg 7 Day),4,HHS Region,76.71
202045,2020-21,Average patients with influenza in ICU,4,HHS Region,19.57
202045,2020-21,Influenza Hospital Admissions Rate Per 100k,5,HHS Region,0.07
202045,2020-21,Influenza Hospital Admissions,5,HHS Region,35.0
202045,2020-21,Influenza Hospitalization (Avg 7 Day),5,HHS Region,22.86
202045,2020-21,Average patients with influenza in ICU,5,HHS Region,5.71
202045,2020-21,Influenza Hospital Admissions Rate Per 100k,6,HHS Region,0.34
202045,2020-21,Influenza Hospital Admissions,6,HHS Region,145.0
202045,2020-21,Influenza Hospitalization (Avg 7 Day),6,HHS Region,100.71
202045,2020-21,Average patients with influenza in ICU,6,HHS Region,21.29
202045,2020-21,Influenza Hospital Admissions Rate Per 100k,7,HHS Region,0.15
202045,2020-21,Influenza Hospital Admissions,7,HHS Region,21.0
202045,2020-21,Influenza Hospitalization (Avg 7 Day),7,HHS Region,10.0
202045,2020-21,Average patients with influenza in ICU,7,HHS Region,2.14
202045,2020-21,Influenza Hospital Admissions Rate Per 100k,8,HHS Region,0.06
202045,2020-21,Influenza Hospital Admissions,8,HHS Region,7.0
202045,2020-21,Influenza Hospitalization (Avg 7 Day),8,HHS Region,2.71
202053,2020-21,Influenza Hospital Admissions Rate Per 100k,1,HHS Region,0.06
202053,2020-21,Influenza Hospital Admissions,1,HHS Region,9.0
202053,2020-21,Influenza Hospitalization (Avg 7 Day),1,HHS Region,9.71
202053,2020-21,Average patients with influenza in ICU,1,HHS Region,4.86
202053,2020-21,Influenza Hospital Admissions Rate Per 100k,2,HHS Region,0.12
202053,2020-21,Influenza Hospital Admissions,2,HHS Region,37.0
202053,2020-21,Influenza Hospitalization (Avg 7 Day),2,HHS Region,41.29
202053,2020-21,Average patients with influenza in ICU,2,HHS Region,6.0
202053,2020-21,Influenza Hospital Admissions Rate Per 100k,3,HHS Region,0.19
202053,2020-21,Influenza Hospital Admissions,3,HHS Region,59.0
202053,2020-21,Influenza Hospitalization (Avg 7 Day),3,HHS Region,38.29
202053,2020-21,Average patients with influenza in ICU,3,HHS Region,11.43
202053,2020-21,Influenza Hospital Admissions Rate Per 100k,4,HHS Region,0.2
202053,2020-21,Influenza Hospital Admissions,4,HHS Region,134.0
202053,2020-21,Influenza Hospitalization (Avg 7 Day),4,HHS Region,136.43
202053,2020-21,Average patients with influenza in ICU,4,HHS Region,27.71
202053,2020-21,Influenza Hospital Admissions Rate Per 100k,5,HHS Region,0.07
202053,2020-21,Influenza Hospital Admissions,5,HHS Region,38.0
202053,2020-21,Influenza Hospitalization (Avg 7 Day),5,HHS Region,30.57
202053,2020-21,Average patients with influenza in ICU,5,HHS Region,6.43
202053,2020-21,Influenza Hospital Admissions Rate Per 100k,6,HHS Region,0.59
202053,2020-21,Influenza Hospital Admissions,6,HHS Region,250.0
202053,2020-21,Influenza Hospitalization (Avg 7 Day),6,HHS Region,235.86
202053,2020-21,Average patients with influenza in ICU,6,HHS Region,26.43
202053,2020-21,Influenza Hospital Admissions Rate Per 100k,7,HHS Region,0.1
202053,2020-21,Influenza Hospital Admissions,7,HHS Region,14.0
202053,2020-21,Influenza Hospitalization (Avg 7 Day),7,HHS Region,16.29
202053,2020-21,Average patients with influenza in ICU,7,HHS Region,6.71
202053,2020-21,Influenza Hospital Admissions Rate Per 100k,8,HHS Region,0.01
202053,2020-21,Influenza Hospital Admissions,8,HHS Region,1.0
202053,2020-21,Influenza Hospitalization (Avg 7 Day),8,HHS Region,5.57
202053,2020-21,Average patients with influenza in ICU,8,HHS Region,1.43
202053,2020-21,Influenza Hospital Admissions Rate Per 100k,9,HHS Region,0.21
202053,2020-21,Influenza Hospital Admissions,9,HHS Region,110.0
202053,2020-21,Influenza Hospitalization (Avg 7 Day),9,HHS Region,192.0
202053,2020-21,Average patients with influenza in ICU,9,HHS Region,30.57
202053,2020-21,Influenza Hospital Admissions Rate Per 100k,10,HHS Region,0.01
202053,2020-21,Influenza Hospital Admissions,10,HHS Region,2.0
202053,2020-21,Influenza Hospitalization (Avg 7 Day),10,HHS Region,2.0
202053,2020-21,Average patients with influenza in ICU,10,HHS Region,1.0
202101,2020-21,Influenza Hospital Admissions Rate Per 100k,1,HHS Region,0.03
202101,2020-21,Influenza Hospital Admissions,1,HHS Region,5.0
202101,2020-21,Influenza Hospitalization (Avg 7 Day),1,HHS Region,10.14
202101,2020-21,Average patients with influenza in ICU,1,HHS Region,6.43
202101,2020-21,Influenza Hospital Admissions Rate Per 100k,2,HHS Region,0.1
202101,2020-21,Influenza Hospital Admissions,2,HHS Region,33.0
202101,2020-21,Influenza Hospitalization (Avg 7 Day),2,HHS Region,31.14
202101,2020-21,Average patients with influenza in ICU,2,HHS Region,3.29
202101,2020-21,Influenza Hospital Admissions Rate Per 100k,3,HHS Region,0.2
202101,2020-21,Influenza Hospital Admissions,3,HHS Region,63.0
202101,2020-21,Influenza Hospitalization (Avg 7 Day),3,HHS Region,64.43
202101,2020-21,Average patients with influenza in ICU,3,HHS Region,13.57
202101,2020-21,Influenza Hospital Admissions Rate Per 100k,4,HHS Region,0.2
202101,2020-21,Influenza Hospital Admissions,4,HHS Region,137.0
202101,2020-21,Influenza Hospitalization (Avg 7 Day),4,HHS Region,141.86
202101,2020-21,Average patients with influenza in ICU,4,HHS Region,27.14
202101,2020-21,Influenza Hospital Admissions Rate Per 100k,5,HHS Region,0.06
202108,2020-21,Influenza Hospital Admissions Rate Per 100k,8,HHS Region,0.02
202108,2020-21,Influenza Hospital Admissions,8,HHS Region,2.0
202108,2020-21,Influenza Hospitalization (Avg 7 Day),8,HHS Region,3.71
202108,2020-21,Average patients with influenza in ICU,8,HHS Region,0.14
202108,2020-21,Influenza Hospital Admissions Rate Per 100k,9,HHS Region,0.06
202108,2020-21,Influenza Hospital Admissions,9,HHS Region,33.0
202108,2020-21,Influenza Hospitalization (Avg 7 Day),9,HHS Region,57.71
202108,2020-21,Average patients with influenza in ICU,9,HHS Region,5.86
202108,2020-21,Influenza Hospital Admissions Rate Per 100k,10,HHS Region,0.03
202108,2020-21,Influenza Hospital Admissions,10,HHS Region,4.0
202108,2020-21,Influenza Hospitalization (Avg 7 Day),10,HHS Region,2.0
202108,2020-21,Average patients with influenza in ICU,10,HHS Region,0.0
202109,2020-21,Influenza Hospital Admissions Rate Per 100k,1,HHS Region,0.03
202109,2020-21,Influenza Hospital Admissions,1,HHS Region,4.0
202109,2020-21,Influenza Hospitalization (Avg 7 Day),1,HHS Region,3.43
202109,2020-21,Average patients with influenza in ICU,1,HHS Region,1.0
202109,2020-21,Influenza Hospital Admissions Rate Per 100k,2,HHS Region,0.11
202109,2020-21,Influenza Hospital Admissions,2,HHS Region,36.0
202109,2020-21,Influenza Hospitalization (Avg 7 Day),2,HHS Region,52.71
202109,2020-21,Average patients with influenza in ICU,2,HHS Region,8.43
202109,2020-21,Influenza Hospital Admissions Rate Per 100k,3,HHS Region,0.13
202109,2020-21,Influenza Hospital Admissions,3,HHS Region,39.0
202109,2020-21,Influenza Hospitalization (Avg 7 Day),3,HHS Region,27.57
202109,2020-21,Average patients with influenza in ICU,3,HHS Region,9.0
202109,2020-21,Influenza Hospital Admissions Rate Per 100k,4,HHS Region,0.19
202109,2020-21,Influenza Hospital Admissions,4,HHS Region,125.0
202109,2020-21,Influenza Hospitalization (Avg 7 Day),4,HHS Region,89.86
202109,2020-21,Average patients with influenza in ICU,4,HHS Region,17.43
202109,2020-21,Influenza Hospital Admissions Rate Per 100k,5,HHS Region,0.07
202109,2020-21,Influenza Hospital Admissions,5,HHS Region,39.0
202109,2020-21,Influenza Hospitalization (Avg 7 Day),5,HHS Region,18.14
202109,2020-21,Average patients with influenza in ICU,5,HHS Region,4.14
202109,2020-21,Influenza Hospital Admissions Rate Per 100k,6,HHS Region,0.2
202109,2020-21,Influenza Hospital Admissions,6,HHS Region,86.0
202109,2020-21,Influenza Hospitalization (Avg 7 Day),6,HHS Region,75.71
202109,2020-21,Average patients with influenza in ICU,6,HHS Region,22.0
202109,2020-21,Influenza Hospital Admissions Rate Per 100k,7,HHS Region,0.06
202109,2020-21,Influenza Hospital Admissions,7,HHS Region,9.0
202109,2020-21,Influenza Hospitalization (Avg 7 Day),7,HHS Region,5.14
202109,2020-21,Average patients with influenza in ICU,7,HHS Region,1.43
202109,2020-21,Influenza Hospital Admissions Rate Per 100k,8,HHS Region,0.07
202109,2020-21,Influenza Hospital Admissions,8,HHS Region,8.0
202109,2020-21,Influenza Hospitalization (Avg 7 Day),8,HHS Region,3.71
202109,2020-21,Average patients with influenza in ICU,8,HHS Region,0.0
202109,2020-21,Influenza Hospital Admissions Rate Per 100k,9,HHS Region,0.05
202109,2020-21,Influenza Hospital Admissions,9,HHS Region,28.0
202109,2020-21,Influenza Hospitalization (Avg 7 Day),9,HHS Region,51.0
202109,2020-21,Average patients with influenza in ICU,9,HHS Region,2.0
202109,2020-21,Influenza Hospital Admissions Rate Per 100k,10,HHS Region,0.03
202109,2020-21,Influenza Hospital Admissions,10,HHS Region,5.0
202109,2020-21,Influenza Hospitalization (Avg 7 Day),10,HHS Region,2.14
202109,2020-21,Average patients with influenza in ICU,10,HHS Region,0.43
202110,2020-21,Influenza Hospital Admissions Rate Per 100k,1,HHS Region,0.03
202110,2020-21,Influenza Hospital Admissions,1,HHS Region,5.0
202110,2020-21,Influenza Hospitalization (Avg 7 Day),1,HHS Region,4.29
202117,2020-21,Influenza Hospitalization (Avg 7 Day),4,HHS Region,89.29
202117,2020-21,Average patients with influenza in ICU,4,HHS Region,17.0
202117,2020-21,Influenza Hospital Admissions Rate Per 100k,5,HHS Region,0.03
202117,2020-21,Influenza Hospital Admissions,5,HHS Region,18.0
202117,2020-21,Influenza Hospitalization (Avg 7 Day),5,HHS Region,15.57
202117,2020-21,Average patients with influenza in ICU,5,HHS Region,3.57
202117,2020-21,Influenza Hospital Admissions Rate Per 100k,6,HHS Region,0.12
202117,2020-21,Influenza Hospital Admissions,6,HHS Region,52.0
202117,2020-21,Influenza Hospitalization (Avg 7 Day),6,HHS Region,43.14
202117,2020-21,Average patients with influenza in ICU,6,HHS Region,14.71
202117,2020-21,Influenza Hospital Admissions Rate Per 100k,7,HHS Region,0.08
202117,2020-21,Influenza Hospital Admissions,7,HHS Region,12.0
202117,2020-21,Influenza Hospitalization (Avg 7 Day),7,HHS Region,5.71
202117,2020-21,Average patients with influenza in ICU,7,HHS Region,0.29
202117,2020-21,Influenza Hospital Admissions Rate Per 100k,8,HHS Region,0.04
202117,2020-21,Influenza Hospital Admissions,8,HHS Region,5.0
202117,2020-21,Influenza Hospitalization (Avg 7 Day),8,HHS Region,1.29
202117,2020-21,Average patients with influenza in ICU,8,HHS Region,0.0
202117,2020-21,Influenza Hospital Admissions Rate Per 100k,9,HHS Region,0.07
202117,2020-21,Influenza Hospital Admissions,9,HHS Region,37.0
202117,2020-21,Influenza Hospitalization (Avg 7 Day),9,HHS Region,22.29
202117,2020-21,Average patients with influenza in ICU,9,HHS Region,1.71
202117,2020-21,Influenza Hospital Admissions Rate Per 100k,10,HHS Region,0.01
202117,2020-21,Influenza Hospital Admissions,10,HHS Region,1.0
202117,2020-21,Influenza Hospitalization (Avg 7 Day),10,HHS Region,1.14
202117,2020-21,Average patients with influenza in ICU,10,HHS Region,0.0
202118,2020-21,Influenza Hospital Admissions Rate Per 100k,1,HHS Region,0.05
202118,2020-21,Influenza Hospital Admissions,1,HHS Region,7.0
202118,2020-21,Influenza Hospitalization (Avg 7 Day),1,HHS Region,3.57
202118,2020-21,Average patients with influenza in ICU,1,HHS Region,0.71
202118,2020-21,Influenza Hospital Admissions Rate Per 100k,2,HHS Region,0.11
202118,2020-21,Influenza Hospital Admissions,2,HHS Region,35.0
202118,2020-21,Influenza Hospitalization (Avg 7 Day),2,HHS Region,72.71
202118,2020-21,Average patients with influenza in ICU,2,HHS Region,3.0
202118,2020-21,Influenza Hospital Admissions Rate Per 100k,3,HHS Region,0.14
202118,2020-21,Influenza Hospital Admissions,3,HHS Region,43.0
202118,2020-21,Influenza Hospitalization (Avg 7 Day),3,HHS Region,20.14
202118,2020-21,Average patients with influenza in ICU,3,HHS Region,5.29
202118,2020-21,Influenza Hospital Admissions Rate Per 100k,4,HHS Region,0.19
202118,2020-21,Influenza Hospital Admissions,4,HHS Region,127.0
202118,2020-21,Influenza Hospitalization (Avg 7 Day),4,HHS Region,90.0
202118,2020-21,Average patients with influenza in ICU,4,HHS Region,15.71
202118,2020-21,Influenza Hospital Admissions Rate Per 100k,5,HHS Region,0.01
202118,2020-21,Influenza Hospital Admissions,5,HHS Region,6.0
202118,2020-21,Influenza Hospitalization (Avg 7 Day),5,HHS Region,11.71
202118,2020-21,Average patients with influenza in ICU,5,HHS Region,3.43
202118,2020-21,Influenza Hospital Admissions Rate Per 100k,6,HHS Region,0.1
202118,2020-21,Influenza Hospital Admissions,6,HHS Region,43.0
202118,2020-21,Influenza Hospitalization (Avg 7 Day),6,HHS Region,34.43
202118,2020-21,Average patients with influenza in ICU,6,HHS Region,16.43
202118,2020-21,Influenza Hospital Admissions Rate Per 100k,7,HHS Region,0.11
202118,2020-21,Influenza Hospital Admissions,7,HHS Region,15.0
202118,2020-21,Influenza Hospitalization (Avg 7 Day),7,HHS Region,4.86
202118,2020-21,Average patients with influenza in ICU,7,HHS Region,0.14
202118,2020-21,Influenza Hospital Admissions Rate Per 100k,8,HHS Region,0.03
202118,2020-21,Influenza Hospital Admissions,8,HHS Region,4.0
202118,2020-21,Influenza Hospitalization (Avg 7 Day),8,HHS Region,1.57
202118,2020-21,Average patients with influenza in ICU,8,HHS Region,0.0
202118,2020-21,Influenza Hospital Admissions Rate Per 100k,9,HHS Region,0.03
202126,2020-21,Influenza Hospital Admissions Rate Per 100k,1,HHS Region,0.0
202126,2020-21,Influenza Hospital Admissions,1,HHS Region,0.0
202126,2020-21,Influenza Hospitalization (Avg 7 Day),1,HHS Region,1.71
202126,2020-21,Average patients with influenza in ICU,1,HHS Region,0.14
202126,2020-21,Influenza Hospital Admissions Rate Per 100k,2,HHS Region,0.07
202126,2020-21,Influenza Hospital Admissions,2,HHS Region,22.0
202126,2020-21,Influenza Hospitalization (Avg 7 Day),2,HHS Region,76.57
202126,2020-21,Average patients with influenza in ICU,2,HHS Region,4.57
202126,2020-21,Influenza Hospital Admissions Rate Per 100k,3,HHS Region,0.08
202126,2020-21,Influenza Hospital Admissions,3,HHS Region,25.0
202126,2020-21,Influenza Hospitalization (Avg 7 Day),3,HHS Region,24.29
202126,2020-21,Average patients with influenza in ICU,3,HHS Region,3.57
202126,2020-21,Influenza Hospital Admissions Rate Per 100k,4,HHS Region,0.08
202126,2020-21,Influenza Hospital Admissions,4,HHS Region,56.0
202126,2020-21,Influenza Hospitalization (Avg 7 Day),4,HHS Region,44.14
202126,2020-21,Average patients with influenza in ICU,4,HHS Region,8.71
202126,2020-21,Influenza Hospital Admissions Rate Per 100k,5,HHS Region,0.02
202126,2020-21,Influenza Hospital Admissions,5,HHS Region,8.0
202126,2020-21,Influenza Hospitalization (Avg 7 Day),5,HHS Region,8.57
202126,2020-21,Average patients with influenza in ICU,5,HHS Region,1.71
202126,2020-21,Influenza Hospital Admissions Rate Per 100k,6,HHS Region,0.16
202126,2020-21,Influenza Hospital Admissions,6,HHS Region,69.0
202126,2020-21,Influenza Hospitalization (Avg 7 Day),6,HHS Region,25.0
202126,2020-21,Average patients with influenza in ICU,6,HHS Region,4.71
202126,2020-21,Influenza Hospital Admissions Rate Per 100k,7,HHS Region,0.02
202126,2020-21,Influenza Hospital Admissions,7,HHS Region,3.0
202126,2020-21,Influenza Hospitalization (Avg 7 Day),7,HHS Region,2.14
202126,2020-21,Average patients with influenza in ICU,7,HHS Region,1.0
202126,2020-21,Influenza Hospital Admissions Rate Per 100k,8,HHS Region,0.04
202126,2020-21,Influenza Hospital Admissions,8,HHS Region,5.0
202126,2020-21,Influenza Hospitalization (Avg 7 Day),8,HHS Region,3.71
202126,2020-21,Average patients with influenza in ICU,8,HHS Region,0.0
202126,2020-21,Influenza Hospital Admissions Rate Per 100k,9,HHS Region,0.02
202126,2020-21,Influenza Hospital Admissions,9,HHS Region,9.0
202126,2020-21,Influenza Hospitalization (Avg 7 Day),9,HHS Region,14.57
202126,2020-21,Average patients with influenza in ICU,9,HHS Region,0.29
202126,2020-21,Influenza Hospital Admissions Rate Per 100k,10,HHS Region,0.01
202126,2020-21,Influenza Hospital Admissions,10,HHS Region,1.0
202126,2020-21,Influenza Hospitalization (Avg 7 Day),10,HHS Region,0.0
202126,2020-21,Average patients with influenza in ICU,10,HHS Region,0.0
202127,2020-21,Influenza Hospital Admissions Rate Per 100k,1,HHS Region,0.0
202127,2020-21,Influenza Hospital Admissions,1,HHS Region,0.0
202127,2020-21,Influenza Hospitalization (Avg 7 Day),1,HHS Region,1.14
202127,2020-21,Average patients with influenza in ICU,1,HHS Region,0.0
202127,2020-21,Influenza Hospital Admissions Rate Per 100k,2,HHS Region,0.1
202127,2020-21,Influenza Hospital Admissions,2,HHS Region,30.0
202127,2020-21,Influenza Hospitalization (Avg 7 Day),2,HHS Region,81.57
202127,2020-21,Average patients with influenza in ICU,2,HHS Region,5.43
202127,2020-21,Influenza Hospital Admissions Rate Per 100k,3,HHS Region,0.09
202127,2020-21,Influenza Hospital Admissions,3,HHS Region,29.0
202127,2020-21,Influenza Hospitalization (Avg 7 Day),3,HHS Region,20.14
202127,2020-21,Average patients with influenza in ICU,3,HHS Region,1.43
202127,2020-21,Influenza Hospital Admissions Rate Per 100k,4,HHS Region,0.06
202127,2020-21,Influenza Hospital Admissions,4,HHS Region,39.0
202127,2020-21,Influenza Hospitalization (Avg 7 Day),4,HHS Region,44.57
202127,2020-21,Average patients with influenza in ICU,4,HHS Region,10.57
202127,2020-21,Influenza Hospital Admissions Rate Per 100k,5,HHS Region,0.02
202127,2020-21,Influenza Hospital Admissions,5,HHS Region,9.0
202127,2020-21,Influenza Hospitalization (Avg 7 Day),5,HHS Region,8.43
202134,2020-21,Influenza Hospitalization (Avg 7 Day),8,HHS Region,4.14
202134,2020-21,Average patients with influenza in ICU,8,HHS Region,0.0
202134,2020-21,Influenza Hospital Admissions Rate Per 100k,9,HHS Region,0.03
202134,2020-21,Influenza Hospital Admissions,9,HHS Region,16.0
202134,2020-21,Influenza Hospitalization (Avg 7 Day),9,HHS Region,21.29
202134,2020-21,Average patients with influenza in ICU,9,HHS Region,0.57
202134,2020-21,Influenza Hospital Admissions Rate Per 100k,10,HHS Region,0.01
202134,2020-21,Influenza Hospital Admissions,10,HHS Region,2.0
202134,2020-21,Influenza Hospitalization (Avg 7 Day),10,HHS Region,3.0
202134,2020-21,Average patients with influenza in ICU,10,HHS Region,0.0
202135,2020-21,Influenza Hospital Admissions Rate Per 100k,1,HHS Region,0.0
202135,2020-21,Influenza Hospital Admissions,1,HHS Region,0.0
202135,2020-21,Influenza Hospitalization (Avg 7 Day),1,HHS Region,1.43
202135,2020-21,Average patients with influenza in ICU,1,HHS Region,0.0
202135,2020-21,Influenza Hospital Admissions Rate Per 100k,2,HHS Region,0.11
202135,2020-21,Influenza Hospital Admissions,2,HHS Region,35.0
202135,2020-21,Influenza Hospitalization (Avg 7 Day),2,HHS Region,91.0
202135,2020-21,Average patients with influenza in ICU,2,HHS Region,7.71
202135,2020-21,Influenza Hospital Admissions Rate Per 100k,3,HHS Region,0.08
202135,2020-21,Influenza Hospital Admissions,3,HHS Region,26.0
202135,2020-21,Influenza Hospitalization (Avg 7 Day),3,HHS Region,36.0
202135,2020-21,Average patients with influenza in ICU,3,HHS Region,10.14
202135,2020-21,Influenza Hospital Admissions Rate Per 100k,4,HHS Region,0.14
202135,2020-21,Influenza Hospital Admissions,4,HHS Region,95.0
202135,2020-21,Influenza Hospitalization (Avg 7 Day),4,HHS Region,77.71
202135,2020-21,Average patients with influenza in ICU,4,HHS Region,19.29
202135,2020-21,Influenza Hospital Admissions Rate Per 100k,5,HHS Region,0.05
202135,2020-21,Influenza Hospital Admissions,5,HHS Region,26.0
202135,2020-21,Influenza Hospitalization (Avg 7 Day),5,HHS Region,23.57
202135,2020-21,Average patients with influenza in ICU,5,HHS Region,4.0
202135,2020-21,Influenza Hospital Admissions Rate Per 100k,6,HHS Region,0.08
202135,2020-21,Influenza Hospital Admissions,6,HHS Region,34.0
202135,2020-21,Influenza Hospitalization (Avg 7 Day),6,HHS Region,26.86
202135,2020-21,Average patients with influenza in ICU,6,HHS Region,5.29
202135,2020-21,Influenza Hospital Admissions Rate Per 100k,7,HHS Region,0.03
202135,2020-21,Influenza Hospital Admissions,7,HHS Region,4.0
202135,2020-21,Influenza Hospitalization (Avg 7 Day),7,HHS Region,4.43
202135,2020-21,Average patients with influenza in ICU,7,HHS Region,0.29
202135,2020-21,Influenza Hospital Admissions Rate Per 100k,8,HHS Region,0.05
202135,2020-21,Influenza Hospital Admissions,8,HHS Region,6.0
202135,2020-21,Influenza Hospitalization (Avg 7 Day),8,HHS Region,4.43
202135,2020-21,Average patients with influenza in ICU,8,HHS Region,0.43
202135,2020-21,Influenza Hospital Admissions Rate Per 100k,9,HHS Region,0.02
202135,2020-21,Influenza Hospital Admissions,9,HHS Region,9.0
202135,2020-21,Influenza Hospitalization (Avg 7 Day),9,HHS Region,20.86
202135,2020-21,Average patients with influenza in ICU,9,HHS Region,1.86
202135,2020-21,Influenza Hospital Admissions Rate Per 100k,10,HHS Region,0.0
202135,2020-21,Influenza Hospital Admissions,10,HHS Region,0.0
202135,2020-21,Influenza Hospitalization (Avg 7 Day),10,HHS Region,1.0
202135,2020-21,Average patients with influenza in ICU,10,HHS Region,0.0
202136,2020-21,Influenza Hospital Admissions Rate Per 100k,1,HHS Region,0.0
202136,2020-21,Influenza Hospital Admissions,1,HHS Region,0.0
202136,2020-21,Influenza Hospitalization (Avg 7 Day),1,HHS Region,1.0
202136,2020-21,Average patients with influenza in ICU,1,HHS Region,0.0
202136,2020-21,Influenza Hospital Admissions Rate Per 100k,2,HHS Region,0.1
202045,2020-21,Average patients with influenza in ICU,8,HHS Region,0.86
202045,2020-21,Influenza Hospital Admissions Rate Per 100k,9,HHS Region,0.08
202045,2020-21,Influenza Hospital Admissions,9,HHS Region,40.0
202045,2020-21,Influenza Hospitalization (Avg 7 Day),9,HHS Region,79.0
202045,2020-21,Average patients with influenza in ICU,9,HHS Region,8.29
202045,2020-21,Influenza Hospital Admissions Rate Per 100k,10,HHS Region,0.01
202045,2020-21,Influenza Hospital Admissions,10,HHS Region,1.0
202045,2020-21,Influenza Hospitalization (Avg 7 Day),10,HHS Region,1.86
202045,2020-21,Average patients with influenza in ICU,10,HHS Region,0.43
202046,2020-21,Influenza Hospital Admissions Rate Per 100k,1,HHS Region,0.03
202046,2020-21,Influenza Hospital Admissions,1,HHS Region,5.0
202046,2020-21,Influenza Hospitalization (Avg 7 Day),1,HHS Region,3.29
202046,2020-21,Average patients with influenza in ICU,1,HHS Region,0.71
202046,2020-21,Influenza Hospital Admissions Rate Per 100k,2,HHS Region,0.07
202046,2020-21,Influenza Hospital Admissions,2,HHS Region,23.0
202046,2020-21,Influenza Hospitalization (Avg 7 Day),2,HHS Region,25.29
202046,2020-21,Average patients with influenza in ICU,2,HHS Region,5.86
202046,2020-21,Influenza Hospital Admissions Rate Per 100k,3,HHS Region,0.1
202046,2020-21,Influenza Hospital Admissions,3,HHS Region,30.0
202046,2020-21,Influenza Hospitalization (Avg 7 Day),3,HHS Region,16.86
202046,2020-21,Average patients with influenza in ICU,3,HHS Region,4.86
202046,2020-21,Influenza Hospital Admissions Rate Per 100k,4,HHS Region,0.22
202046,2020-21,Influenza Hospital Admissions,4,HHS Region,147.0
202046,2020-21,Influenza Hospitalization (Avg 7 Day),4,HHS Region,92.14
202046,2020-21,Average patients with influenza in ICU,4,HHS Region,25.0
202046,2020-21,Influenza Hospital Admissions Rate Per 100k,5,HHS Region,0.11
202046,2020-21,Influenza Hospital Admissions,5,HHS Region,60.0
202046,2020-21,Influenza Hospitalization (Avg 7 Day),5,HHS Region,36.29
202046,2020-21,Average patients with influenza in ICU,5,HHS Region,6.14
202046,2020-21,Influenza Hospital Admissions Rate Per 100k,6,HHS Region,0.42
202046,2020-21,Influenza Hospital Admissions,6,HHS Region,181.0
202046,2020-21,Influenza Hospitalization (Avg 7 Day),6,HHS Region,126.43
202046,2020-21,Average patients with influenza in ICU,6,HHS Region,16.71
202046,2020-21,Influenza Hospital Admissions Rate Per 100k,7,HHS Region,0.22
202046,2020-21,Influenza Hospital Admissions,7,HHS Region,31.0
202046,2020-21,Influenza Hospitalization (Avg 7 Day),7,HHS Region,14.86
202046,2020-21,Average patients with influenza in ICU,7,HHS Region,6.43
202046,2020-21,Influenza Hospital Admissions Rate Per 100k,8,HHS Region,0.11
202046,2020-21,Influenza Hospital Admissions,8,HHS Region,14.0
202046,2020-21,Influenza Hospitalization (Avg 7 Day),8,HHS Region,6.29
202046,2020-21,Average patients with influenza in ICU,8,HHS Region,0.86
202046,2020-21,Influenza Hospital Admissions Rate Per 100k,9,HHS Region,0.12
202046,2020-21,Influenza Hospital Admissions,9,HHS Region,64.0
202046,2020-21,Influenza Hospitalization (Avg 7 Day),9,HHS Region,85.29
202046,2020-21,Average patients with influenza in ICU,9,HHS Region,11.43
202046,2020-21,Influenza Hospital Admissions Rate Per 100k,10,HHS Region,0.02
202046,2020-21,Influenza Hospital Admissions,10,HHS Region,3.0
202046,2020-21,Influenza Hospitalization (Avg 7 Day),10,HHS Region,2.14
202046,2020-21,Average patients with influenza in ICU,10,HHS Region,0.57
202047,2020-21,Influenza Hospital Admissions Rate Per 100k,1,HHS Region,0.03
202047,2020-21,Influenza Hospital Admissions,1,HHS Region,5.0
202047,2020-21,Influenza Hospitalization (Avg 7 Day),1,HHS Region,4.57
202047,2020-21,Average patients with influenza in ICU,1,HHS Region,1.14
202047,2020-21,Influenza Hospital Admissions Rate Per 100k,2,HHS Region,0.16
202047,2020-21,Influenza Hospital Admissions,2,HHS Region,52.0
202101,2020-21,Influenza Hospital Admissions,5,HHS Region,34.0
202101,2020-21,Influenza Hospitalization (Avg 7 Day),5,HHS Region,32.57
202101,2020-21,Average patients with influenza in ICU,5,HHS Region,6.43
202101,2020-21,Influenza Hospital Admissions Rate Per 100k,6,HHS Region,0.29
202101,2020-21,Influenza Hospital Admissions,6,HHS Region,125.0
202101,2020-21,Influenza Hospitalization (Avg 7 Day),6,HHS Region,102.57
202101,2020-21,Average patients with influenza in ICU,6,HHS Region,29.71
202101,2020-21,Influenza Hospital Admissions Rate Per 100k,7,HHS Region,0.13
202101,2020-21,Influenza Hospital Admissions,7,HHS Region,19.0
202101,2020-21,Influenza Hospitalization (Avg 7 Day),7,HHS Region,14.71
202101,2020-21,Average patients with influenza in ICU,7,HHS Region,3.0
202101,2020-21,Influenza Hospital Admissions Rate Per 100k,8,HHS Region,0.02
202101,2020-21,Influenza Hospital Admissions,8,HHS Region,2.0
202101,2020-21,Influenza Hospitalization (Avg 7 Day),8,HHS Region,5.14
202101,2020-21,Average patients with influenza in ICU,8,HHS Region,0.43
202101,2020-21,Influenza Hospital Admissions Rate Per 100k,9,HHS Region,0.18
202101,2020-21,Influenza Hospital Admissions,9,HHS Region,91.0
202101,2020-21,Influenza Hospitalization (Avg 7 Day),9,HHS Region,209.86
202101,2020-21,Average patients with influenza in ICU,9,HHS Region,39.57
202101,2020-21,Influenza Hospital Admissions Rate Per 100k,10,HHS Region,0.03
202101,2020-21,Influenza Hospital Admissions,10,HHS Region,4.0
202101,2020-21,Influenza Hospitalization (Avg 7 Day),10,HHS Region,2.86
202101,2020-21,Average patients with influenza in ICU,10,HHS Region,0.86
202102,2020-21,Influenza Hospital Admissions Rate Per 100k,1,HHS Region,0.03
202102,2020-21,Influenza Hospital Admissions,1,HHS Region,4.0
202102,2020-21,Influenza Hospitalization (Avg 7 Day),1,HHS Region,3.71
202102,2020-21,Average patients with influenza in ICU,1,HHS Region,1.43
202102,2020-21,Influenza Hospital Admissions Rate Per 100k,2,HHS Region,0.11
202102,2020-21,Influenza Hospital Admissions,2,HHS Region,35.0
202102,2020-21,Influenza Hospitalization (Avg 7 Day),2,HHS Region,33.0
202102,2020-21,Average patients with influenza in ICU,2,HHS Region,4.14
202102,2020-21,Influenza Hospital Admissions Rate Per 100k,3,HHS Region,0.24
202102,2020-21,Influenza Hospital Admissions,3,HHS Region,75.0
202102,2020-21,Influenza Hospitalization (Avg 7 Day),3,HHS Region,59.29
202102,2020-21,Average patients with influenza in ICU,3,HHS Region,14.71
202102,2020-21,Influenza Hospital Admissions Rate Per 100k,4,HHS Region,0.28
202102,2020-21,Influenza Hospital Admissions,4,HHS Region,186.0
202102,2020-21,Influenza Hospitalization (Avg 7 Day),4,HHS Region,145.14
202102,2020-21,Average patients with influenza in ICU,4,HHS Region,28.43
202102,2020-21,Influenza Hospital Admissions Rate Per 100k,5,HHS Region,0.05
202102,2020-21,Influenza Hospital Admissions,5,HHS Region,24.0
202102,2020-21,Influenza Hospitalization (Avg 7 Day),5,HHS Region,36.29
202102,2020-21,Average patients with influenza in ICU,5,HHS Region,8.71
202102,2020-21,Influenza Hospital Admissions Rate Per 100k,6,HHS Region,0.26
202102,2020-21,Influenza Hospital Admissions,6,HHS Region,112.0
202102,2020-21,Influenza Hospitalization (Avg 7 Day),6,HHS Region,89.71
202102,2020-21,Average patients with influenza in ICU,6,HHS Region,48.0
202102,2020-21,Influenza Hospital Admissions Rate Per 100k,7,HHS Region,0.18
202102,2020-21,Influenza Hospital Admissions,7,HHS Region,26.0
202102,2020-21,Influenza Hospitalization (Avg 7 Day),7,HHS Region,12.0
202102,2020-21,Average patients with influenza in ICU,7,HHS Region,2.0
202102,2020-21,Influenza Hospital Admissions Rate Per 100k,8,HHS Region,0.15
202102,2020-21,Influenza Hospital Admissions,8,HHS Region,18.0
202102,2020-21,Influenza Hospitalization (Avg 7 Day),8,HHS Region,7.71
202102,2020-21,Average patients with influenza in ICU,8,HHS Region,0.0
202102,2020-21,Influenza Hospital Admissions Rate Per 100k,9,HHS Region,0.14
202102,2020-21,Influenza Hospital Admissions,9,HHS Region,71.0
202102,2020-21,Influenza Hospitalization (Avg 7 Day),9,HHS Region,140.0
202102,2020-21,Average patients with influenza in ICU,9,HHS Region,27.0
202110,2020-21,Average patients with influenza in ICU,1,HHS Region,1.0
202110,2020-21,Influenza Hospital Admissions Rate Per 100k,2,HHS Region,0.14
202110,2020-21,Influenza Hospital Admissions,2,HHS Region,44.0
202110,2020-21,Influenza Hospitalization (Avg 7 Day),2,HHS Region,60.86
202110,2020-21,Average patients with influenza in ICU,2,HHS Region,9.29
202110,2020-21,Influenza Hospital Admissions Rate Per 100k,3,HHS Region,0.09
202110,2020-21,Influenza Hospital Admissions,3,HHS Region,27.0
202110,2020-21,Influenza Hospitalization (Avg 7 Day),3,HHS Region,28.29
202110,2020-21,Average patients with influenza in ICU,3,HHS Region,5.29
202110,2020-21,Influenza Hospital Admissions Rate Per 100k,4,HHS Region,0.18
202110,2020-21,Influenza Hospital Admissions,4,HHS Region,118.0
202110,2020-21,Influenza Hospitalization (Avg 7 Day),4,HHS Region,83.0
202110,2020-21,Average patients with influenza in ICU,4,HHS Region,14.86
202110,2020-21,Influenza Hospital Admissions Rate Per 100k,5,HHS Region,0.04
202110,2020-21,Influenza Hospital Admissions,5,HHS Region,21.0
202110,2020-21,Influenza Hospitalization (Avg 7 Day),5,HHS Region,16.0
202110,2020-21,Average patients with influenza in ICU,5,HHS Region,3.86
202110,2020-21,Influenza Hospital Admissions Rate Per 100k,6,HHS Region,0.25
202110,2020-21,Influenza Hospital Admissions,6,HHS Region,107.0
202110,2020-21,Influenza Hospitalization (Avg 7 Day),6,HHS Region,54.57
202110,2020-21,Average patients with influenza in ICU,6,HHS Region,14.86
202110,2020-21,Influenza Hospital Admissions Rate Per 100k,7,HHS Region,0.08
202110,2020-21,Influenza Hospital Admissions,7,HHS Region,12.0
202110,2020-21,Influenza Hospitalization (Avg 7 Day),7,HHS Region,8.14
202110,2020-21,Average patients with influenza in ICU,7,HHS Region,2.0
202110,2020-21,Influenza Hospital Admissions Rate Per 100k,8,HHS Region,0.02
202110,2020-21,Influenza Hospital Admissions,8,HHS Region,3.0
202110,2020-21,Influenza Hospitalization (Avg 7 Day),8,HHS Region,3.14
202110,2020-21,Average patients with influenza in ICU,8,HHS Region,0.0
202110,2020-21,Influenza Hospital Admissions Rate Per 100k,9,HHS Region,0.05
202110,2020-21,Influenza Hospital Admissions,9,HHS Region,25.0
202110,2020-21,Influenza Hospitalization (Avg 7 Day),9,HHS Region,44.86
202110,2020-21,Average patients with influenza in ICU,9,HHS Region,4.0
202110,2020-21,Influenza Hospital Admissions Rate Per 100k,10,HHS Region,0.01
202110,2020-21,Influenza Hospital Admissions,10,HHS Region,2.0
202110,2020-21,Influenza Hospitalization (Avg 7 Day),10,HHS Region,1.71
202110,2020-21,Average patients with influenza in ICU,10,HHS Region,1.0
202111,2020-21,Influenza Hospital Admissions Rate Per 100k,1,HHS Region,0.04
202111,2020-21,Influenza Hospital Admissions,1,HHS Region,6.0
202111,2020-21,Influenza Hospitalization (Avg 7 Day),1,HHS Region,4.86
202111,2020-21,Average patients with influenza in ICU,1,HHS Region,0.14
202111,2020-21,Influenza Hospital Admissions Rate Per 100k,2,HHS Region,0.13
202111,2020-21,Influenza Hospital Admissions,2,HHS Region,41.0
202111,2020-21,Influenza Hospitalization (Avg 7 Day),2,HHS Region,60.43
202111,2020-21,Average patients with influenza in ICU,2,HHS Region,8.0
202111,2020-21,Influenza Hospital Admissions Rate Per 100k,3,HHS Region,0.11
202111,2020-21,Influenza Hospital Admissions,3,HHS Region,34.0
202111,2020-21,Influenza Hospitalization (Avg 7 Day),3,HHS Region,27.0
202111,2020-21,Average patients with influenza in ICU,3,HHS Region,6.57
202111,2020-21,Influenza Hospital Admissions Rate Per 100k,4,HHS Region,0.22
202111,2020-21,Influenza Hospital Admissions,4,HHS Region,144.0
202111,2020-21,Influenza Hospitalization (Avg 7 Day),4,HHS Region,91.0
202111,2020-21,Average patients with influenza in ICU,4,HHS Region,17.86
202111,2020-21,Influenza Hospital Admissions Rate Per 100k,5,HHS Region,0.02
202111,2020-21,Influenza Hospital Admissions,5,HHS Region,10.0
202111,2020-21,Influenza Hospitalization (Avg 7 Day),5,HHS Region,13.86
202111,2020-21,Average patients with influenza in ICU,5,HHS Region,2.0
202111,2020-21,Influenza Hospital Admissions Rate Per 100k,6,HHS Region,0.12
202111,2020-21,Influenza Hospital Admissions,6,HHS Region,51.0
202118,2020-21,Influenza Hospital Admissions,9,HHS Region,17.0
202118,2020-21,Influenza Hospitalization (Avg 7 Day),9,HHS Region,26.43
202118,2020-21,Average patients with influenza in ICU,9,HHS Region,1.71
202118,2020-21,Influenza Hospital Admissions Rate Per 100k,10,HHS Region,0.01
202118,2020-21,Influenza Hospital Admissions,10,HHS Region,2.0
202118,2020-21,Influenza Hospitalization (Avg 7 Day),10,HHS Region,0.43
202118,2020-21,Average patients with influenza in ICU,10,HHS Region,0.0
202119,2020-21,Influenza Hospital Admissions Rate Per 100k,1,HHS Region,0.0
202119,2020-21,Influenza Hospital Admissions,1,HHS Region,0.0
202119,2020-21,Influenza Hospitalization (Avg 7 Day),1,HHS Region,1.71
202119,2020-21,Average patients with influenza in ICU,1,HHS Region,0.0
202119,2020-21,Influenza Hospital Admissions Rate Per 100k,2,HHS Region,0.11
202119,2020-21,Influenza Hospital Admissions,2,HHS Region,34.0
202119,2020-21,Influenza Hospitalization (Avg 7 Day),2,HHS Region,81.29
202119,2020-21,Average patients with influenza in ICU,2,HHS Region,4.29
202119,2020-21,Influenza Hospital Admissions Rate Per 100k,3,HHS Region,0.1
202119,2020-21,Influenza Hospital Admissions,3,HHS Region,31.0
202119,2020-21,Influenza Hospitalization (Avg 7 Day),3,HHS Region,13.29
202119,2020-21,Average patients with influenza in ICU,3,HHS Region,2.57
202119,2020-21,Influenza Hospital Admissions Rate Per 100k,4,HHS Region,0.16
202119,2020-21,Influenza Hospital Admissions,4,HHS Region,106.0
202119,2020-21,Influenza Hospitalization (Avg 7 Day),4,HHS Region,81.57
202119,2020-21,Average patients with influenza in ICU,4,HHS Region,17.14
202119,2020-21,Influenza Hospital Admissions Rate Per 100k,5,HHS Region,0.02
202119,2020-21,Influenza Hospital Admissions,5,HHS Region,11.0
202119,2020-21,Influenza Hospitalization (Avg 7 Day),5,HHS Region,13.57
202119,2020-21,Average patients with influenza in ICU,5,HHS Region,2.43
202119,2020-21,Influenza Hospital Admissions Rate Per 100k,6,HHS Region,0.09
202119,2020-21,Influenza Hospital Admissions,6,HHS Region,39.0
202119,2020-21,Influenza Hospitalization (Avg 7 Day),6,HHS Region,32.29
202119,2020-21,Average patients with influenza in ICU,6,HHS Region,11.14
202119,2020-21,Influenza Hospital Admissions Rate Per 100k,7,HHS Region,0.01
202119,2020-21,Influenza Hospital Admissions,7,HHS Region,1.0
202119,2020-21,Influenza Hospitalization (Avg 7 Day),7,HHS Region,1.29
202119,2020-21,Average patients with influenza in ICU,7,HHS Region,0.0
202119,2020-21,Influenza Hospital Admissions Rate Per 100k,8,HHS Region,0.02
202119,2020-21,Influenza Hospital Admissions,8,HHS Region,2.0
202119,2020-21,Influenza Hospitalization (Avg 7 Day),8,HHS Region,0.57
202119,2020-21,Average patients with influenza in ICU,8,HHS Region,0.0
202119,2020-21,Influenza Hospital Admissions Rate Per 100k,9,HHS Region,0.02
202119,2020-21,Influenza Hospital Admissions,9,HHS Region,8.0
202119,2020-21,Influenza Hospitalization (Avg 7 Day),9,HHS Region,18.71
202119,2020-21,Average patients with influenza in ICU,9,HHS Region,0.14
202119,2020-21,Influenza Hospital Admissions Rate Per 100k,10,HHS Region,0.03
202119,2020-21,Influenza Hospital Admissions,10,HHS Region,5.0
202119,2020-21,Influenza Hospitalization (Avg 7 Day),10,HHS Region,0.86
202119,2020-21,Average patients with influenza in ICU,10,HHS Region,0.43
202120,2020-21,Influenza Hospital Admissions Rate Per 100k,1,HHS Region,0.0
202120,2020-21,Influenza Hospital Admissions,1,HHS Region,0.0
202120,2020-21,Influenza Hospitalization (Avg 7 Day),1,HHS Region,2.57
202120,2020-21,Average patients with influenza in ICU,1,HHS Region,0.57
202120,2020-21,Influenza Hospital Admissions Rate Per 100k,2,HHS Region,0.14
202120,2020-21,Influenza Hospital Admissions,2,HHS Region,44.0
202120,2020-21,Influenza Hospitalization (Avg 7 Day),2,HHS Region,80.57
202120,2020-21,Average patients with influenza in ICU,2,HHS Region,4.86
202127,2020-21,Average patients with influenza in ICU,5,HHS Region,2.0
202127,2020-21,Influenza Hospital Admissions Rate Per 100k,6,HHS Region,0.23
202127,2020-21,Influenza Hospital Admissions,6,HHS Region,100.0
202127,2020-21,Influenza Hospitalization (Avg 7 Day),6,HHS Region,31.43
202127,2020-21,Average patients with influenza in ICU,6,HHS Region,4.14
202127,2020-21,Influenza Hospital Admissions Rate Per 100k,7,HHS Region,0.02
202127,2020-21,Influenza Hospital Admissions,7,HHS Region,3.0
202127,2020-21,Influenza Hospitalization (Avg 7 Day),7,HHS Region,3.29
202127,2020-21,Average patients with influenza in ICU,7,HHS Region,1.43
202127,2020-21,Influenza Hospital Admissions Rate Per 100k,8,HHS Region,0.07
202127,2020-21,Influenza Hospital Admissions,8,HHS Region,9.0
202127,2020-21,Influenza Hospitalization (Avg 7 Day),8,HHS Region,6.86
202127,2020-21,Average patients with influenza in ICU,8,HHS Region,0.14
202127,2020-21,Influenza Hospital Admissions Rate Per 100k,9,HHS Region,0.03
202127,2020-21,Influenza Hospital Admissions,9,HHS Region,13.0
202127,2020-21,Influenza Hospitalization (Avg 7 Day),9,HHS Region,14.0
202127,2020-21,Average patients with influenza in ICU,9,HHS Region,0.71
202127,2020-21,Influenza Hospital Admissions Rate Per 100k,10,HHS Region,0.01
202127,2020-21,Influenza Hospital Admissions,10,HHS Region,1.0
202127,2020-21,Influenza Hospitalization (Avg 7 Day),10,HHS Region,0.86
202127,2020-21,Average patients with influenza in ICU,10,HHS Region,0.0
202128,2020-21,Influenza Hospital Admissions Rate Per 100k,1,HHS Region,0.0
202128,2020-21,Influenza Hospital Admissions,1,HHS Region,0.0
202128,2020-21,Influenza Hospitalization (Avg 7 Day),1,HHS Region,1.43
202128,2020-21,Average patients with influenza in ICU,1,HHS Region,0.0
202128,2020-21,Influenza Hospital Admissions Rate Per 100k,2,HHS Region,0.06
202128,2020-21,Influenza Hospital Admissions,2,HHS Region,19.0
202128,2020-21,Influenza Hospitalization (Avg 7 Day),2,HHS Region,80.71
202128,2020-21,Average patients with influenza in ICU,2,HHS Region,6.29
202128,2020-21,Influenza Hospital Admissions Rate Per 100k,3,HHS Region,0.07
202128,2020-21,Influenza Hospital Admissions,3,HHS Region,23.0
202128,2020-21,Influenza Hospitalization (Avg 7 Day),3,HHS Region,26.86
202128,2020-21,Average patients with influenza in ICU,3,HHS Region,2.14
202128,2020-21,Influenza Hospital Admissions Rate Per 100k,4,HHS Region,0.12
202128,2020-21,Influenza Hospital Admissions,4,HHS Region,78.0
202128,2020-21,Influenza Hospitalization (Avg 7 Day),4,HHS Region,48.71
202128,2020-21,Average patients with influenza in ICU,4,HHS Region,9.71
202128,2020-21,Influenza Hospital Admissions Rate Per 100k,5,HHS Region,0.03
202128,2020-21,Influenza Hospital Admissions,5,HHS Region,15.0
202128,2020-21,Influenza Hospitalization (Avg 7 Day),5,HHS Region,8.86
202128,2020-21,Average patients with influenza in ICU,5,HHS Region,1.14
202128,2020-21,Influenza Hospital Admissions Rate Per 100k,6,HHS Region,0.26
202128,2020-21,Influenza Hospital Admissions,6,HHS Region,110.0
202128,2020-21,Influenza Hospitalization (Avg 7 Day),6,HHS Region,29.29
202128,2020-21,Average patients with influenza in ICU,6,HHS Region,5.14
202128,2020-21,Influenza Hospital Admissions Rate Per 100k,7,HHS Region,0.04
202128,2020-21,Influenza Hospital Admissions,7,HHS Region,5.0
202128,2020-21,Influenza Hospitalization (Avg 7 Day),7,HHS Region,3.43
202128,2020-21,Average patients with influenza in ICU,7,HHS Region,0.14
202128,2020-21,Influenza Hospital Admissions Rate Per 100k,8,HHS Region,0.04
202128,2020-21,Influenza Hospital Admissions,8,HHS Region,5.0
202128,2020-21,Influenza Hospitalization (Avg 7 Day),8,HHS Region,5.43
202128,2020-21,Average patients with influenza in ICU,8,HHS Region,0.29
202128,2020-21,Influenza Hospital Admissions Rate Per 100k,9,HHS Region,0.02
202128,2020-21,Influenza Hospital Admissions,9,HHS Region,9.0
202128,2020-21,Influenza Hospitalization (Avg 7 Day),9,HHS Region,15.86
202128,2020-21,Average patients with influenza in ICU,9,HHS Region,0.86
202128,2020-21,Influenza Hospital Admissions Rate Per 100k,10,HHS Region,0.0
202128,2020-21,Influenza Hospital Admissions,10,HHS Region,0.0
202136,2020-21,Influenza Hospital Admissions,2,HHS Region,33.0
202136,2020-21,Influenza Hospitalization (Avg 7 Day),2,HHS Region,89.57
202136,2020-21,Average patients with influenza in ICU,2,HHS Region,5.14
202136,2020-21,Influenza Hospital Admissions Rate Per 100k,3,HHS Region,0.06
202136,2020-21,Influenza Hospital Admissions,3,HHS Region,20.0
202136,2020-21,Influenza Hospitalization (Avg 7 Day),3,HHS Region,34.0
202136,2020-21,Average patients with influenza in ICU,3,HHS Region,8.43
202136,2020-21,Influenza Hospital Admissions Rate Per 100k,4,HHS Region,0.13
202136,2020-21,Influenza Hospital Admissions,4,HHS Region,84.0
202136,2020-21,Influenza Hospitalization (Avg 7 Day),4,HHS Region,64.43
202136,2020-21,Average patients with influenza in ICU,4,HHS Region,17.29
202136,2020-21,Influenza Hospital Admissions Rate Per 100k,5,HHS Region,0.03
202136,2020-21,Influenza Hospital Admissions,5,HHS Region,18.0
202136,2020-21,Influenza Hospitalization (Avg 7 Day),5,HHS Region,18.71
202136,2020-21,Average patients with influenza in ICU,5,HHS Region,3.86
202136,2020-21,Influenza Hospital Admissions Rate Per 100k,6,HHS Region,0.08
202136,2020-21,Influenza Hospital Admissions,6,HHS Region,34.0
202136,2020-21,Influenza Hospitalization (Avg 7 Day),6,HHS Region,29.71
202136,2020-21,Average patients with influenza in ICU,6,HHS Region,6.0
202136,2020-21,Influenza Hospital Admissions Rate Per 100k,7,HHS Region,0.03
202136,2020-21,Influenza Hospital Admissions,7,HHS Region,4.0
202136,2020-21,Influenza Hospitalization (Avg 7 Day),7,HHS Region,2.43
202136,2020-21,Average patients with influenza in ICU,7,HHS Region,0.29
202136,2020-21,Influenza Hospital Admissions Rate Per 100k,8,HHS Region,0.07
202136,2020-21,Influenza Hospital Admissions,8,HHS Region,9.0
202136,2020-21,Influenza Hospitalization (Avg 7 Day),8,HHS Region,4.86
202136,2020-21,Average patients with influenza in ICU,8,HHS Region,0.29
202136,2020-21,Influenza Hospital Admissions Rate Per 100k,9,HHS Region,0.02
202136,2020-21,Influenza Hospital Admissions,9,HHS Region,9.0
202136,2020-21,Influenza Hospitalization (Avg 7 Day),9,HHS Region,18.86
202136,2020-21,Average patients with influenza in ICU,9,HHS Region,3.14
202136,2020-21,Influenza Hospital Admissions Rate Per 100k,10,HHS Region,0.01
202136,2020-21,Influenza Hospital Admissions,10,HHS Region,2.0
202136,2020-21,Influenza Hospitalization (Avg 7 Day),10,HHS Region,0.86
202136,2020-21,Average patients with influenza in ICU,10,HHS Region,0.0
202137,2020-21,Influenza Hospital Admissions Rate Per 100k,1,HHS Region,0.0
202137,2020-21,Influenza Hospital Admissions,1,HHS Region,0.0
202137,2020-21,Influenza Hospitalization (Avg 7 Day),1,HHS Region,1.43
202137,2020-21,Average patients with influenza in ICU,1,HHS Region,0.14
202137,2020-21,Influenza Hospital Admissions Rate Per 100k,2,HHS Region,0.12
202137,2020-21,Influenza Hospital Admissions,2,HHS Region,37.0
202137,2020-21,Influenza Hospitalization (Avg 7 Day),2,HHS Region,91.0
202137,2020-21,Average patients with influenza in ICU,2,HHS Region,4.86
202137,2020-21,Influenza Hospital Admissions Rate Per 100k,3,HHS Region,0.09
202137,2020-21,Influenza Hospital Admissions,3,HHS Region,29.0
202137,2020-21,Influenza Hospitalization (Avg 7 Day),3,HHS Region,33.29
202137,2020-21,Average patients with influenza in ICU,3,HHS Region,8.57
202137,2020-21,Influenza Hospital Admissions Rate Per 100k,4,HHS Region,0.12
202137,2020-21,Influenza Hospital Admissions,4,HHS Region,81.0
202137,2020-21,Influenza Hospitalization (Avg 7 Day),4,HHS Region,55.14
202137,2020-21,Average patients with influenza in ICU,4,HHS Region,18.43
202137,2020-21,Influenza Hospital Admissions Rate Per 100k,5,HHS Region,0.04
202137,2020-21,Influenza Hospital Admissions,5,HHS Region,21.0
202137,2020-21,Influenza Hospitalization (Avg 7 Day),5,HHS Region,22.71
202137,2020-21,Average patients with influenza in ICU,5,HHS Region,5.0
202137,2020-21,Influenza Hospital Admissions Rate Per 100k,6,HHS Region,0.07
202137,2020-21,Influenza Hospital Admissions,6,HHS Region,29.0
202137,2020-21,Influenza Hospitalization (Avg 7 Day),6,HHS Region,31.43
202137,2020-21,Average patients with influenza in ICU,6,HHS Region,9.0
202047,2020-21,Influenza Hospitalization (Avg 7 Day),2,HHS Region,34.29
202102,2020-21,Influenza Hospital Admissions Rate Per 100k,10,HHS Region,0.01
202111,2020-21,Influenza Hospitalization (Avg 7 Day),6,HHS Region,40.86
202120,2020-21,Influenza Hospital Admissions Rate Per 100k,3,HHS Region,0.09
202128,2020-21,Influenza Hospitalization (Avg 7 Day),10,HHS Region,0.29
202137,2020-21,Influenza Hospital Admissions Rate Per 100k,7,HHS Region,0.01
202042,2020-21,Average patients with influenza in ICU,10,HHS Region,0.0
202049,2020-21,Influenza Hospital Admissions Rate Per 100k,7,HHS Region,0.17
202102,2020-21,Average patients with influenza in ICU,3,HHS Region,14.71
202106,2020-21,Average patients with influenza in ICU,8,HHS Region,0.0
202111,2020-21,Influenza Hospitalization (Avg 7 Day),2,HHS Region,60.43
202117,2020-21,Influenza Hospital Admissions,1,HHS Region,1.0
202128,2020-21,Influenza Hospital Admissions,8,HHS Region,5.0
202117,2020-21,Influenza Hospitalization (Avg 7 Day),1,HHS Region,2.0
202117,2020-21,Average patients with influenza in ICU,1,HHS Region,1.0
202117,2020-21,Influenza Hospital Admissions Rate Per 100k,2,HHS Region,0.16
202117,2020-21,Influenza Hospital Admissions,2,HHS Region,50.0
202117,2020-21,Influenza Hospitalization (Avg 7 Day),2,HHS Region,75.57
202117,2020-21,Average patients with influenza in ICU,2,HHS Region,3.43
202117,2020-21,Influenza Hospital Admissions Rate Per 100k,3,HHS Region,0.09
202117,2020-21,Influenza Hospital Admissions,3,HHS Region,28.0
202117,2020-21,Influenza Hospitalization (Avg 7 Day),3,HHS Region,22.14
202117,2020-21,Average patients with influenza in ICU,3,HHS Region,5.86
202117,2020-21,Influenza Hospital Admissions Rate Per 100k,4,HHS Region,0.28
202117,2020-21,Influenza Hospital Admissions,4,HHS Region,186.0
202117,2020-21,Influenza Hospitalization (Avg 7 Day),4,HHS Region,89.29
202117,2020-21,Average patients with influenza in ICU,4,HHS Region,17.0
202117,2020-21,Influenza Hospital Admissions Rate Per 100k,5,HHS Region,0.03
202117,2020-21,Influenza Hospital Admissions,5,HHS Region,18.0
202117,2020-21,Influenza Hospitalization (Avg 7 Day),5,HHS Region,15.57
202117,2020-21,Average patients with influenza in ICU,5,HHS Region,3.57
202117,2020-21,Influenza Hospital Admissions Rate Per 100k,6,HHS Region,0.12
202117,2020-21,Influenza Hospital Admissions,6,HHS Region,52.0
202117,2020-21,Influenza Hospitalization (Avg 7 Day),6,HHS Region,43.14
202117,2020-21,Average patients with influenza in ICU,6,HHS Region,14.71
202117,2020-21,Influenza Hospital Admissions Rate Per 100k,7,HHS Region,0.08
202117,2020-21,Influenza Hospital Admissions,7,HHS Region,12.0
202117,2020-21,Influenza Hospitalization (Avg 7 Day),7,HHS Region,5.71
202117,2020-21,Average patients with influenza in ICU,7,HHS Region,0.29
202117,2020-21,Influenza Hospital Admissions Rate Per 100k,8,HHS Region,0.04
202117,2020-21,Influenza Hospital Admissions,8,HHS Region,5.0
202117,2020-21,Influenza Hospitalization (Avg 7 Day),8,HHS Region,1.29
202117,2020-21,Average patients with influenza in ICU,8,HHS Region,0.0
202117,2020-21,Influenza Hospital Admissions Rate Per 100k,9,HHS Region,0.07
202117,2020-21,Influenza Hospital Admissions,9,HHS Region,37.0
202117,2020-21,Influenza Hospitalization (Avg 7 Day),9,HHS Region,22.29
202117,2020-21,Average patients with influenza in ICU,9,HHS Region,1.71
202117,2020-21,Influenza Hospital Admissions Rate Per 100k,10,HHS Region,0.01
202117,2020-21,Influenza Hospital Admissions,10,HHS Region,1.0
202117,2020-21,Influenza Hospitalization (Avg 7 Day),10,HHS Region,1.14
202117,2020-21,Average patients with influenza in ICU,10,HHS Region,0.0
202118,2020-21,Influenza Hospital Admissions Rate Per 100k,1,HHS Region,0.05
202118,2020-21,Influenza Hospital Admissions,1,HHS Region,7.0
202118,2020-21,Influenza Hospitalization (Avg 7 Day),1,HHS Region,3.57
202118,2020-21,Average patients with influenza in ICU,1,HHS Region,0.71
202118,2020-21,Influenza Hospital Admissions Rate Per 100k,2,HHS Region,0.11
202118,2020-21,Influenza Hospital Admissions,2,HHS Region,35.0
202118,2020-21,Influenza Hospitalization (Avg 7 Day),2,HHS Region,72.71
202118,2020-21,Average patients with influenza in ICU,2,HHS Region,3.0
202118,2020-21,Influenza Hospital Admissions Rate Per 100k,3,HHS Region,0.14
202118,2020-21,Influenza Hospital Admissions,3,HHS Region,43.0
202118,2020-21,Influenza Hospitalization (Avg 7 Day),3,HHS Region,20.14
202118,2020-21,Average patients with influenza in ICU,3,HHS Region,5.29
202118,2020-21,Influenza Hospital Admissions Rate Per 100k,4,HHS Region,0.19
202118,2020-21,Influenza Hospital Admissions,4,HHS Region,127.0
202118,2020-21,Influenza Hospitalization (Avg 7 Day),4,HHS Region,90.0
202118,2020-21,Average patients with influenza in ICU,4,HHS Region,15.71
202118,2020-21,Influenza Hospital Admissions Rate Per 100k,5,HHS Region,0.01
202118,2020-21,Influenza Hospital Admissions,5,HHS Region,6.0
202118,2020-21,Influenza Hospitalization (Avg 7 Day),5,HHS Region,11.71
202118,2020-21,Average patients with influenza in ICU,5,HHS Region,3.43
202118,2020-21,Influenza Hospital Admissions Rate Per 100k,6,HHS Region,0.1
202123,2020-21,Influenza Hospital Admissions Rate Per 100k,1,HHS Region,0.0
202123,2020-21,Influenza Hospital Admissions,1,HHS Region,0.0
202123,2020-21,Influenza Hospitalization (Avg 7 Day),1,HHS Region,3.29
202123,2020-21,Average patients with influenza in ICU,1,HHS Region,1.0
202123,2020-21,Influenza Hospital Admissions Rate Per 100k,2,HHS Region,0.06
202123,2020-21,Influenza Hospital Admissions,2,HHS Region,20.0
202123,2020-21,Influenza Hospitalization (Avg 7 Day),2,HHS Region,68.0
202123,2020-21,Average patients with influenza in ICU,2,HHS Region,3.29
202123,2020-21,Influenza Hospital Admissions Rate Per 100k,3,HHS Region,0.09
202123,2020-21,Influenza Hospital Admissions,3,HHS Region,29.0
202123,2020-21,Influenza Hospitalization (Avg 7 Day),3,HHS Region,20.14
202123,2020-21,Average patients with influenza in ICU,3,HHS Region,2.86
202123,2020-21,Influenza Hospital Admissions Rate Per 100k,4,HHS Region,0.1
202123,2020-21,Influenza Hospital Admissions,4,HHS Region,64.0
202123,2020-21,Influenza Hospitalization (Avg 7 Day),4,HHS Region,52.71
202123,2020-21,Average patients with influenza in ICU,4,HHS Region,11.0
202123,2020-21,Influenza Hospital Admissions Rate Per 100k,5,HHS Region,0.01
202123,2020-21,Influenza Hospital Admissions,5,HHS Region,5.0
202123,2020-21,Influenza Hospitalization (Avg 7 Day),5,HHS Region,10.0
202123,2020-21,Average patients with influenza in ICU,5,HHS Region,1.71
202123,2020-21,Influenza Hospital Admissions Rate Per 100k,6,HHS Region,0.09
202123,2020-21,Influenza Hospital Admissions,6,HHS Region,40.0
202123,2020-21,Influenza Hospitalization (Avg 7 Day),6,HHS Region,34.86
202123,2020-21,Average patients with influenza in ICU,6,HHS Region,9.43
202123,2020-21,Influenza Hospital Admissions Rate Per 100k,7,HHS Region,0.01
202123,2020-21,Influenza Hospital Admissions,7,HHS Region,1.0
202123,2020-21,Influenza Hospitalization (Avg 7 Day),7,HHS Region,0.29
202123,2020-21,Average patients with influenza in ICU,7,HHS Region,0.0
202123,2020-21,Influenza Hospital Admissions Rate Per 100k,8,HHS Region,0.13
202123,2020-21,Influenza Hospital Admissions,8,HHS Region,16.0
202123,2020-21,Influenza Hospitalization (Avg 7 Day),8,HHS Region,6.71
202123,2020-21,Average patients with influenza in ICU,8,HHS Region,1.0
202123,2020-21,Influenza Hospital Admissions Rate Per 100k,9,HHS Region,0.02
202123,2020-21,Influenza Hospital Admissions,9,HHS Region,9.0
202123,2020-21,Influenza Hospitalization (Avg 7 Day),9,HHS Region,16.71
202123,2020-21,Average patients with influenza in ICU,9,HHS Region,1.57
202123,2020-21,Influenza Hospital Admissions Rate Per 100k,10,HHS Region,0.01
202123,2020-21,Influenza Hospital Admissions,10,HHS Region,1.0
202123,2020-21,Influenza Hospitalization (Avg 7 Day),10,HHS Region,0.86
202123,2020-21,Average patients with influenza in ICU,10,HHS Region,0.0
202124,2020-21,Influenza Hospital Admissions Rate Per 100k,1,HHS Region,0.0
202124,2020-21,Influenza Hospital Admissions,1,HHS Region,0.0
202124,2020-21,Influenza Hospitalization (Avg 7 Day),1,HHS Region,3.43
202124,2020-21,Average patients with influenza in ICU,1,HHS Region,1.14
202124,2020-21,Influenza Hospital Admissions Rate Per 100k,2,HHS Region,0.07
202124,2020-21,Influenza Hospital Admissions,2,HHS Region,23.0
202124,2020-21,Influenza Hospitalization (Avg 7 Day),2,HHS Region,68.0
202124,2020-21,Average patients with influenza in ICU,2,HHS Region,3.14
202124,2020-21,Influenza Hospital Admissions Rate Per 100k,3,HHS Region,0.1
202124,2020-21,Influenza Hospital Admissions,3,HHS Region,32.0
202124,2020-21,Influenza Hospitalization (Avg 7 Day),3,HHS Region,17.43
202124,2020-21,Average patients with influenza in ICU,3,HHS Region,2.57
202124,2020-21,Influenza Hospital Admissions Rate Per 100k,4,HHS Region,0.07
202124,2020-21,Influenza Hospital Admissions,4,HHS Region,45.0
202124,2020-21,Influenza Hospitalization (Avg 7 Day),4,HHS Region,37.71
202124,2020-21,Average patients with influenza in ICU,4,HHS Region,7.0
202128,2020-21,Influenza Hospitalization (Avg 7 Day),8,HHS Region,5.43
202128,2020-21,Average patients with influenza in ICU,8,HHS Region,0.29
202128,2020-21,Influenza Hospital Admissions Rate Per 100k,9,HHS Region,0.02
202128,2020-21,Influenza Hospital Admissions,9,HHS Region,9.0
202128,2020-21,Influenza Hospitalization (Avg 7 Day),9,HHS Region,15.86
202128,2020-21,Average patients with influenza in ICU,9,HHS Region,0.86
202128,2020-21,Influenza Hospital Admissions Rate Per 100k,10,HHS Region,0.0
202128,2020-21,Influenza Hospital Admissions,10,HHS Region,0.0
202128,2020-21,Influenza Hospitalization (Avg 7 Day),10,HHS Region,0.29
202128,2020-21,Average patients with influenza in ICU,10,HHS Region,0.0
202129,2020-21,Influenza Hospital Admissions Rate Per 100k,1,HHS Region,0.0
202129,2020-21,Influenza Hospital Admissions,1,HHS Region,0.0
202129,2020-21,Influenza Hospitalization (Avg 7 Day),1,HHS Region,1.43
202129,2020-21,Average patients with influenza in ICU,1,HHS Region,0.0
202129,2020-21,Influenza Hospital Admissions Rate Per 100k,2,HHS Region,0.08
202129,2020-21,Influenza Hospital Admissions,2,HHS Region,24.0
202129,2020-21,Influenza Hospitalization (Avg 7 Day),2,HHS Region,76.86
202129,2020-21,Average patients with influenza in ICU,2,HHS Region,4.29
202129,2020-21,Influenza Hospital Admissions Rate Per 100k,3,HHS Region,0.11
202129,2020-21,Influenza Hospital Admissions,3,HHS Region,34.0
202129,2020-21,Influenza Hospitalization (Avg 7 Day),3,HHS Region,26.57
202129,2020-21,Average patients with influenza in ICU,3,HHS Region,3.14
202129,2020-21,Influenza Hospital Admissions Rate Per 100k,4,HHS Region,0.1
202129,2020-21,Influenza Hospital Admissions,4,HHS Region,65.0
202129,2020-21,Influenza Hospitalization (Avg 7 Day),4,HHS Region,64.57
202129,2020-21,Average patients with influenza in ICU,4,HHS Region,9.57
202129,2020-21,Influenza Hospital Admissions Rate Per 100k,5,HHS Region,0.03
202129,2020-21,Influenza Hospital Admissions,5,HHS Region,17.0
202129,2020-21,Influenza Hospitalization (Avg 7 Day),5,HHS Region,13.43
202129,2020-21,Average patients with influenza in ICU,5,HHS Region,0.71
202129,2020-21,Influenza Hospital Admissions Rate Per 100k,6,HHS Region,0.22
202129,2020-21,Influenza Hospital Admissions,6,HHS Region,95.0
202129,2020-21,Influenza Hospitalization (Avg 7 Day),6,HHS Region,34.0
202129,2020-21,Average patients with influenza in ICU,6,HHS Region,8.57
202129,2020-21,Influenza Hospital Admissions Rate Per 100k,7,HHS Region,0.03
202129,2020-21,Influenza Hospital Admissions,7,HHS Region,4.0
202129,2020-21,Influenza Hospitalization (Avg 7 Day),7,HHS Region,2.43
202129,2020-21,Average patients with influenza in ICU,7,HHS Region,1.14
202129,2020-21,Influenza Hospital Admissions Rate Per 100k,8,HHS Region,0.02
202129,2020-21,Influenza Hospital Admissions,8,HHS Region,2.0
202129,2020-21,Influenza Hospitalization (Avg 7 Day),8,HHS Region,4.0
202129,2020-21,Average patients with influenza in ICU,8,HHS Region,0.0
202129,2020-21,Influenza Hospital Admissions Rate Per 100k,9,HHS Region,0.02
202129,2020-21,Influenza Hospital Admissions,9,HHS Region,12.0
202129,2020-21,Influenza Hospitalization (Avg 7 Day),9,HHS Region,17.0
202129,2020-21,Average patients with influenza in ICU,9,HHS Region,1.57
202129,2020-21,Influenza Hospital Admissions Rate Per 100k,10,HHS Region,0.01
202129,2020-21,Influenza Hospital Admissions,10,HHS Region,1.0
202129,2020-21,Influenza Hospitalization (Avg 7 Day),10,HHS Region,0.29
202129,2020-21,Average patients with influenza in ICU,10,HHS Region,0.0
202130,2020-21,Influenza Hospital Admissions Rate Per 100k,1,HHS Region,0.01
202130,2020-21,Influenza Hospital Admissions,1,HHS Region,1.0
202130,2020-21,Influenza Hospitalization (Avg 7 Day),1,HHS Region,1.71
202130,2020-21,Average patients with influenza in ICU,1,HHS Region,0.0
202130,2020-21,Influenza Hospital Admissions Rate Per 100k,2,HHS Region,0.06
202136,2020-21,Influenza Hospital Admissions Rate Per 100k,1,HHS Region,0.0
202136,2020-21,Influenza Hospital Admissions,1,HHS Region,0.0
202136,2020-21,Influenza Hospitalization (Avg 7 Day),1,HHS Region,1.0
202136,2020-21,Average patients with influenza in ICU,1,HHS Region,0.0
202136,2020-21,Influenza Hospital Admissions Rate Per 100k,2,HHS Region,0.1
202136,2020-21,Influenza Hospital Admissions,2,HHS Region,33.0
202136,2020-21,Influenza Hospitalization (Avg 7 Day),2,HHS Region,89.57
202136,2020-21,Average patients with influenza in ICU,2,HHS Region,5.14
202136,2020-21,Influenza Hospital Admissions Rate Per 100k,3,HHS Region,0.06
202136,2020-21,Influenza Hospital Admissions,3,HHS Region,20.0
202136,2020-21,Influenza Hospitalization (Avg 7 Day),3,HHS Region,34.0
202136,2020-21,Average patients with influenza in ICU,3,HHS Region,8.43
202136,2020-21,Influenza Hospital Admissions Rate Per 100k,4,HHS Region,0.13
202136,2020-21,Influenza Hospital Admissions,4,HHS Region,84.0
202136,2020-21,Influenza Hospitalization (Avg 7 Day),4,HHS Region,64.43
202136,2020-21,Average patients with influenza in ICU,4,HHS Region,17.29
202136,2020-21,Influenza Hospital Admissions Rate Per 100k,5,HHS Region,0.03
202136,2020-21,Influenza Hospital Admissions,5,HHS Region,18.0
202136,2020-21,Influenza Hospitalization (Avg 7 Day),5,HHS Region,18.71
202136,2020-21,Average patients with influenza in ICU,5,HHS Region,3.86
202136,2020-21,Influenza Hospital Admissions Rate Per 100k,6,HHS Region,0.08
202136,2020-21,Influenza Hospital Admissions,6,HHS Region,34.0
202136,2020-21,Influenza Hospitalization (Avg 7 Day),6,HHS Region,29.71
202136,2020-21,Average patients with influenza in ICU,6,HHS Region,6.0
202136,2020-21,Influenza Hospital Admissions Rate Per 100k,7,HHS Region,0.03
202136,2020-21,Influenza Hospital Admissions,7,HHS Region,4.0
202136,2020-21,Influenza Hospitalization (Avg 7 Day),7,HHS Region,2.43
202136,2020-21,Average patients with influenza in ICU,7,HHS Region,0.29
202136,2020-21,Influenza Hospital Admissions Rate Per 100k,8,HHS Region,0.07
202136,2020-21,Influenza Hospital Admissions,8,HHS Region,9.0
202136,2020-21,Influenza Hospitalization (Avg 7 Day),8,HHS Region,4.86
202136,2020-21,Average patients with influenza in ICU,8,HHS Region,0.29
202136,2020-21,Influenza Hospital Admissions Rate Per 100k,9,HHS Region,0.02
202136,2020-21,Influenza Hospital Admissions,9,HHS Region,9.0
202136,2020-21,Influenza Hospitalization (Avg 7 Day),9,HHS Region,18.86
202136,2020-21,Average patients with influenza in ICU,9,HHS Region,3.14
202136,2020-21,Influenza Hospital Admissions Rate Per 100k,10,HHS Region,0.01
202136,2020-21,Influenza Hospital Admissions,10,HHS Region,2.0
202136,2020-21,Influenza Hospitalization (Avg 7 Day),10,HHS Region,0.86
202136,2020-21,Average patients with influenza in ICU,10,HHS Region,0.0
202137,2020-21,Influenza Hospital Admissions Rate Per 100k,1,HHS Region,0.0
202137,2020-21,Influenza Hospital Admissions,1,HHS Region,0.0
202137,2020-21,Influenza Hospitalization (Avg 7 Day),1,HHS Region,1.43
202137,2020-21,Average patients with influenza in ICU,1,HHS Region,0.14
202137,2020-21,Influenza Hospital Admissions Rate Per 100k,2,HHS Region,0.12
202137,2020-21,Influenza Hospital Admissions,2,HHS Region,37.0
202137,2020-21,Influenza Hospitalization (Avg 7 Day),2,HHS Region,91.0
202137,2020-21,Average patients with influenza in ICU,2,HHS Region,4.86
202137,2020-21,Influenza Hospital Admissions Rate Per 100k,3,HHS Region,0.09
202137,2020-21,Influenza Hospital Admissions,3,HHS Region,29.0
202137,2020-21,Influenza Hospitalization (Avg 7 Day),3,HHS Region,33.29
202137,2020-21,Average patients with influenza in ICU,3,HHS Region,8.57
202137,2020-21,Influenza Hospital Admissions Rate Per 100k,4,HHS Region,0.12
202137,2020-21,Influenza Hospital Admissions,4,HHS Region,81.0
202137,2020-21,Influenza Hospitalization (Avg 7 Day),4,HHS Region,55.14
202137,2020-21,Average patients with influenza in ICU,4,HHS Region,18.43
202137,2020-21,Influenza Hospital Admissions Rate Per 100k,5,HHS Region,0.04
202115,2020-21,Influenza Hospitalization (Avg 7 Day),6,HHS Region,38.14
202115,2020-21,Average patients with influenza in ICU,6,HHS Region,11.29
202115,2020-21,Influenza Hospital Admissions Rate Per 100k,7,HHS Region,0.11
202118,2020-21,Influenza Hospital Admissions,6,HHS Region,43.0
202124,2020-21,Influenza Hospital Admissions Rate Per 100k,5,HHS Region,0.02
202130,2020-21,Influenza Hospital Admissions,2,HHS Region,20.0
202137,2020-21,Influenza Hospital Admissions,5,HHS Region,21.0
202102,2020-21,Influenza Hospital Admissions Rate Per 100k,4,HHS Region,0.28
202102,2020-21,Influenza Hospital Admissions,4,HHS Region,186.0
202102,2020-21,Influenza Hospitalization (Avg 7 Day),4,HHS Region,145.14
202102,2020-21,Average patients with influenza in ICU,4,HHS Region,28.43
202102,2020-21,Influenza Hospital Admissions Rate Per 100k,5,HHS Region,0.05
202102,2020-21,Influenza Hospital Admissions,5,HHS Region,24.0
202102,2020-21,Influenza Hospitalization (Avg 7 Day),5,HHS Region,36.29
202102,2020-21,Average patients with influenza in ICU,5,HHS Region,8.71
202102,2020-21,Influenza Hospital Admissions Rate Per 100k,6,HHS Region,0.26
202102,2020-21,Influenza Hospital Admissions,6,HHS Region,112.0
202102,2020-21,Influenza Hospitalization (Avg 7 Day),6,HHS Region,89.71
202102,2020-21,Average patients with influenza in ICU,6,HHS Region,48.0
202102,2020-21,Influenza Hospital Admissions Rate Per 100k,7,HHS Region,0.18
202102,2020-21,Influenza Hospital Admissions,7,HHS Region,26.0
202102,2020-21,Influenza Hospitalization (Avg 7 Day),7,HHS Region,12.0
202102,2020-21,Average patients with influenza in ICU,7,HHS Region,2.0
202102,2020-21,Influenza Hospital Admissions Rate Per 100k,8,HHS Region,0.15
202102,2020-21,Influenza Hospital Admissions,8,HHS Region,18.0
202102,2020-21,Influenza Hospitalization (Avg 7 Day),8,HHS Region,7.71
202102,2020-21,Average patients with influenza in ICU,8,HHS Region,0.0
202102,2020-21,Influenza Hospital Admissions Rate Per 100k,9,HHS Region,0.14
202102,2020-21,Influenza Hospital Admissions,9,HHS Region,71.0
202102,2020-21,Influenza Hospitalization (Avg 7 Day),9,HHS Region,140.0
202102,2020-21,Average patients with influenza in ICU,9,HHS Region,27.0
202102,2020-21,Influenza Hospital Admissions Rate Per 100k,10,HHS Region,0.01
202102,2020-21,Influenza Hospital Admissions,10,HHS Region,2.0
202102,2020-21,Influenza Hospitalization (Avg 7 Day),10,HHS Region,5.43
202102,2020-21,Average patients with influenza in ICU,10,HHS Region,0.43
202103,2020-21,Influenza Hospital Admissions Rate Per 100k,1,HHS Region,0.03
202103,2020-21,Influenza Hospital Admissions,1,HHS Region,4.0
202103,2020-21,Influenza Hospitalization (Avg 7 Day),1,HHS Region,4.86
202103,2020-21,Average patients with influenza in ICU,1,HHS Region,0.29
202103,2020-21,Influenza Hospital Admissions Rate Per 100k,2,HHS Region,0.12
202103,2020-21,Influenza Hospital Admissions,2,HHS Region,38.0
202103,2020-21,Influenza Hospitalization (Avg 7 Day),2,HHS Region,33.14
202103,2020-21,Average patients with influenza in ICU,2,HHS Region,2.29
202103,2020-21,Influenza Hospital Admissions Rate Per 100k,3,HHS Region,0.17
202103,2020-21,Influenza Hospital Admissions,3,HHS Region,53.0
202103,2020-21,Influenza Hospitalization (Avg 7 Day),3,HHS Region,48.71
202103,2020-21,Average patients with influenza in ICU,3,HHS Region,14.14
202103,2020-21,Influenza Hospital Admissions Rate Per 100k,4,HHS Region,0.2
202103,2020-21,Influenza Hospital Admissions,4,HHS Region,136.0
202103,2020-21,Influenza Hospitalization (Avg 7 Day),4,HHS Region,130.43
202103,2020-21,Average patients with influenza in ICU,4,HHS Region,25.86
202103,2020-21,Influenza Hospital Admissions Rate Per 100k,5,HHS Region,0.04
202103,2020-21,Influenza Hospital Admissions,5,HHS Region,21.0
202103,2020-21,Influenza Hospitalization (Avg 7 Day),5,HHS Region,18.57
202103,2020-21,Average patients with influenza in ICU,5,HHS Region,6.43
202103,2020-21,Influenza Hospital Admissions Rate Per 100k,6,HHS Region,0.29
202103,2020-21,Influenza Hospital Admissions,6,HHS Region,126.0
202103,2020-21,Influenza Hospitalization (Avg 7 Day),6,HHS Region,88.71
202103,2020-21,Average patients with influenza in ICU,6,HHS Region,33.14
202103,2020-21,Influenza Hospital Admissions Rate Per 100k,7,HHS Region,0.08
202103,2020-21,Influenza Hospital Admissions,7,HHS Region,12.0
202103,2020-21,Influenza Hospitalization (Avg 7 Day),7,HHS Region,5.86
202103,2020-21,Average patients with influenza in ICU,7,HHS Region,0.43
202103,2020-21,Influenza Hospital Admissions Rate Per 100k,8,HHS Region,0.04
202103,2020-21,Influenza Hospital Admissions,8,HHS Region,5.0
202103,2020-21,Influenza Hospitalization (Avg 7 Day),8,HHS Region,4.43
202106,2020-21,Influenza Hospital Admissions Rate Per 100k,9,HHS Region,0.05
202106,2020-21,Influenza Hospital Admissions,9,HHS Region,27.0
202106,2020-21,Influenza Hospitalization (Avg 7 Day),9,HHS Region,70.86
202106,2020-21,Average patients with influenza in ICU,9,HHS Region,9.29
202106,2020-21,Influenza Hospital Admissions Rate Per 100k,10,HHS Region,0.01
202106,2020-21,Influenza Hospital Admissions,10,HHS Region,2.0
202106,2020-21,Influenza Hospitalization (Avg 7 Day),10,HHS Region,1.57
202106,2020-21,Average patients with influenza in ICU,10,HHS Region,0.0
202107,2020-21,Influenza Hospital Admissions Rate Per 100k,1,HHS Region,0.03
202107,2020-21,Influenza Hospital Admissions,1,HHS Region,5.0
202107,2020-21,Influenza Hospitalization (Avg 7 Day),1,HHS Region,5.57
202107,2020-21,Average patients with influenza in ICU,1,HHS Region,1.14
202107,2020-21,Influenza Hospital Admissions Rate Per 100k,2,HHS Region,0.12
202107,2020-21,Influenza Hospital Admissions,2,HHS Region,39.0
202107,2020-21,Influenza Hospitalization (Avg 7 Day),2,HHS Region,47.86
202107,2020-21,Average patients with influenza in ICU,2,HHS Region,7.0
202107,2020-21,Influenza Hospital Admissions Rate Per 100k,3,HHS Region,0.11
202107,2020-21,Influenza Hospital Admissions,3,HHS Region,33.0
202107,2020-21,Influenza Hospitalization (Avg 7 Day),3,HHS Region,38.43
202107,2020-21,Average patients with influenza in ICU,3,HHS Region,9.29
202107,2020-21,Influenza Hospital Admissions Rate Per 100k,4,HHS Region,0.2
202107,2020-21,Influenza Hospital Admissions,4,HHS Region,136.0
202107,2020-21,Influenza Hospitalization (Avg 7 Day),4,HHS Region,109.0
202107,2020-21,Average patients with influenza in ICU,4,HHS Region,20.57
202107,2020-21,Influenza Hospital Admissions Rate Per 100k,5,HHS Region,0.07
202107,2020-21,Influenza Hospital Admissions,5,HHS Region,37.0
202107,2020-21,Influenza Hospitalization (Avg 7 Day),5,HHS Region,12.57
202107,2020-21,Average patients with influenza in ICU,5,HHS Region,3.71
202107,2020-21,Influenza Hospital Admissions Rate Per 100k,6,HHS Region,0.2
202107,2020-21,Influenza Hospital Admissions,6,HHS Region,86.0
202107,2020-21,Influenza Hospitalization (Avg 7 Day),6,HHS Region,85.43
202107,2020-21,Average patients with influenza in ICU,6,HHS Region,20.71
202107,2020-21,Influenza Hospital Admissions Rate Per 100k,7,HHS Region,0.18
202107,2020-21,Influenza Hospital Admissions,7,HHS Region,26.0
202107,2020-21,Influenza Hospitalization (Avg 7 Day),7,HHS Region,9.57
202107,2020-21,Average patients with influenza in ICU,7,HHS Region,2.71
202107,2020-21,Influenza Hospital Admissions Rate Per 100k,8,HHS Region,0.02
202107,2020-21,Influenza Hospital Admissions,8,HHS Region,2.0
202107,2020-21,Influenza Hospitalization (Avg 7 Day),8,HHS Region,3.86
202107,2020-21,Average patients with influenza in ICU,8,HHS Region,0.86
202107,2020-21,Influenza Hospital Admissions Rate Per 100k,9,HHS Region,0.04
202107,2020-21,Influenza Hospital Admissions,9,HHS Region,22.0
202107,2020-21,Influenza Hospitalization (Avg 7 Day),9,HHS Region,60.86
202107,2020-21,Average patients with influenza in ICU,9,HHS Region,9.0
202107,2020-21,Influenza Hospital Admissions Rate Per 100k,10,HHS Region,0.01
202107,2020-21,Influenza Hospital Admissions,10,HHS Region,2.0
202107,2020-21,Influenza Hospitalization (Avg 7 Day),10,HHS Region,1.14
202107,2020-21,Average patients with influenza in ICU,10,HHS Region,0.57
202108,2020-21,Influenza Hospital Admissions Rate Per 100k,1,HHS Region,0.01
202108,2020-21,Influenza Hospital Admissions,1,HHS Region,2.0
202108,2020-21,Influenza Hospitalization (Avg 7 Day),1,HHS Region,7.29
202108,2020-21,Average patients with influenza in ICU,1,HHS Region,1.71
202108,2020-21,Influenza Hospital Admissions Rate Per 100k,2,HHS Region,0.1
202108,2020-21,Influenza Hospital Admissions,2,HHS Region,30.0
202108,2020-21,Influenza Hospitalization (Avg 7 Day),2,HHS Region,51.86
202111,2020-21,Average patients with influenza in ICU,2,HHS Region,8.0
202111,2020-21,Influenza Hospital Admissions Rate Per 100k,3,HHS Region,0.11
202111,2020-21,Influenza Hospital Admissions,3,HHS Region,34.0
202111,2020-21,Influenza Hospitalization (Avg 7 Day),3,HHS Region,27.0
202111,2020-21,Average patients with influenza in ICU,3,HHS Region,6.57
202111,2020-21,Influenza Hospital Admissions Rate Per 100k,4,HHS Region,0.22
202111,2020-21,Influenza Hospital Admissions,4,HHS Region,144.0
202111,2020-21,Influenza Hospitalization (Avg 7 Day),4,HHS Region,91.0
202111,2020-21,Average patients with influenza in ICU,4,HHS Region,17.86
202111,2020-21,Influenza Hospital Admissions Rate Per 100k,5,HHS Region,0.02
202111,2020-21,Influenza Hospital Admissions,5,HHS Region,10.0
202111,2020-21,Influenza Hospitalization (Avg 7 Day),5,HHS Region,13.86
202111,2020-21,Average patients with influenza in ICU,5,HHS Region,2.0
202111,2020-21,Influenza Hospital Admissions Rate Per 100k,6,HHS Region,0.12
202111,2020-21,Influenza Hospital Admissions,6,HHS Region,51.0
202111,2020-21,Influenza Hospitalization (Avg 7 Day),6,HHS Region,40.86
202111,2020-21,Average patients with influenza in ICU,6,HHS Region,9.14
202111,2020-21,Influenza Hospital Admissions Rate Per 100k,7,HHS Region,0.01
202111,2020-21,Influenza Hospital Admissions,7,HHS Region,2.0
202111,2020-21,Influenza Hospitalization (Avg 7 Day),7,HHS Region,3.43
202111,2020-21,Average patients with influenza in ICU,7,HHS Region,0.0
202111,2020-21,Influenza Hospital Admissions Rate Per 100k,8,HHS Region,0.01
202111,2020-21,Influenza Hospital Admissions,8,HHS Region,1.0
202111,2020-21,Influenza Hospitalization (Avg 7 Day),8,HHS Region,1.86
202111,2020-21,Average patients with influenza in ICU,8,HHS Region,0.0
202111,2020-21,Influenza Hospital Admissions Rate Per 100k,9,HHS Region,0.03
202111,2020-21,Influenza Hospital Admissions,9,HHS Region,16.0
202111,2020-21,Influenza Hospitalization (Avg 7 Day),9,HHS Region,48.71
202111,2020-21,Average patients with influenza in ICU,9,HHS Region,4.0
202111,2020-21,Influenza Hospital Admissions Rate Per 100k,10,HHS Region,0.02
202111,2020-21,Influenza Hospital Admissions,10,HHS Region,3.0
202111,2020-21,Influenza Hospitalization (Avg 7 Day),10,HHS Region,2.0
202111,2020-21,Average patients with influenza in ICU,10,HHS Region,0.14
202112,2020-21,Influenza Hospital Admissions Rate Per 100k,1,HHS Region,0.01
202112,2020-21,Influenza Hospital Admissions,1,HHS Region,1.0
202112,2020-21,Influenza Hospitalization (Avg 7 Day),1,HHS Region,4.14
202112,2020-21,Average patients with influenza in ICU,1,HHS Region,0.29
202112,2020-21,Influenza Hospital Admissions Rate Per 100k,2,HHS Region,0.12
202112,2020-21,Influenza Hospital Admissions,2,HHS Region,37.0
202112,2020-21,Influenza Hospitalization (Avg 7 Day),2,HHS Region,67.43
202112,2020-21,Average patients with influenza in ICU,2,HHS Region,4.57
202112,2020-21,Influenza Hospital Admissions Rate Per 100k,3,HHS Region,0.12
202112,2020-21,Influenza Hospital Admissions,3,HHS Region,37.0
202112,2020-21,Influenza Hospitalization (Avg 7 Day),3,HHS Region,32.0
202112,2020-21,Average patients with influenza in ICU,3,HHS Region,8.86
202112,2020-21,Influenza Hospital Admissions Rate Per 100k,4,HHS Region,0.18
202112,2020-21,Influenza Hospital Admissions,4,HHS Region,121.0
202112,2020-21,Influenza Hospitalization (Avg 7 Day),4,HHS Region,89.43
202112,2020-21,Average patients with influenza in ICU,4,HHS Region,18.86
202112,2020-21,Influenza Hospital Admissions Rate Per 100k,5,HHS Region,0.03
202112,2020-21,Influenza Hospital Admissions,5,HHS Region,17.0
202112,2020-21,Influenza Hospitalization (Avg 7 Day),5,HHS Region,12.57
202112,2020-21,Average patients with influenza in ICU,5,HHS Region,2.43
202112,2020-21,Influenza Hospital Admissions Rate Per 100k,6,HHS Region,0.12
202112,2020-21,Influenza Hospital Admissions,6,HHS Region,53.0
202112,2020-21,Influenza Hospitalization (Avg 7 Day),6,HHS Region,41.86
202112,2020-21,Average patients with influenza in ICU,6,HHS Region,10.86
202112,2020-21,Influenza Hospital Admissions Rate Per 100k,7,HHS Region,0.1
202112,2020-21,Influenza Hospital Admissions,7,HHS Region,14.0
202118,2020-21,Influenza Hospitalization (Avg 7 Day),6,HHS Region,34.43
202118,2020-21,Average patients with influenza in ICU,6,HHS Region,16.43
202118,2020-21,Influenza Hospital Admissions Rate Per 100k,7,HHS Region,0.11
202118,2020-21,Influenza Hospital Admissions,7,HHS Region,15.0
202118,2020-21,Influenza Hospitalization (Avg 7 Day),7,HHS Region,4.86
202118,2020-21,Average patients with influenza in ICU,7,HHS Region,0.14
202118,2020-21,Influenza Hospital Admissions Rate Per 100k,8,HHS Region,0.03
202118,2020-21,Influenza Hospital Admissions,8,HHS Region,4.0
202118,2020-21,Influenza Hospitalization (Avg 7 Day),8,HHS Region,1.57
202118,2020-21,Average patients with influenza in ICU,8,HHS Region,0.0
202118,2020-21,Influenza Hospital Admissions Rate Per 100k,9,HHS Region,0.03
202118,2020-21,Influenza Hospital Admissions,9,HHS Region,17.0
202118,2020-21,Influenza Hospitalization (Avg 7 Day),9,HHS Region,26.43
202118,2020-21,Average patients with influenza in ICU,9,HHS Region,1.71
202118,2020-21,Influenza Hospital Admissions Rate Per 100k,10,HHS Region,0.01
202118,2020-21,Influenza Hospital Admissions,10,HHS Region,2.0
202118,2020-21,Influenza Hospitalization (Avg 7 Day),10,HHS Region,0.43
202118,2020-21,Average patients with influenza in ICU,10,HHS Region,0.0
202119,2020-21,Influenza Hospital Admissions Rate Per 100k,1,HHS Region,0.0
202119,2020-21,Influenza Hospital Admissions,1,HHS Region,0.0
202119,2020-21,Influenza Hospitalization (Avg 7 Day),1,HHS Region,1.71
202119,2020-21,Average patients with influenza in ICU,1,HHS Region,0.0
202119,2020-21,Influenza Hospital Admissions Rate Per 100k,2,HHS Region,0.11
202119,2020-21,Influenza Hospital Admissions,2,HHS Region,34.0
202119,2020-21,Influenza Hospitalization (Avg 7 Day),2,HHS Region,81.29
202119,2020-21,Average patients with influenza in ICU,2,HHS Region,4.29
202119,2020-21,Influenza Hospital Admissions Rate Per 100k,3,HHS Region,0.1
202119,2020-21,Influenza Hospital Admissions,3,HHS Region,31.0
202119,2020-21,Influenza Hospitalization (Avg 7 Day),3,HHS Region,13.29
202119,2020-21,Average patients with influenza in ICU,3,HHS Region,2.57
202119,2020-21,Influenza Hospital Admissions Rate Per 100k,4,HHS Region,0.16
202119,2020-21,Influenza Hospital Admissions,4,HHS Region,106.0
202119,2020-21,Influenza Hospitalization (Avg 7 Day),4,HHS Region,81.57
202119,2020-21,Average patients with influenza in ICU,4,HHS Region,17.14
202119,2020-21,Influenza Hospital Admissions Rate Per 100k,5,HHS Region,0.02
202119,2020-21,Influenza Hospital Admissions,5,HHS Region,11.0
202119,2020-21,Influenza Hospitalization (Avg 7 Day),5,HHS Region,13.57
202119,2020-21,Average patients with influenza in ICU,5,HHS Region,2.43
202119,2020-21,Influenza Hospital Admissions Rate Per 100k,6,HHS Region,0.09
202119,2020-21,Influenza Hospital Admissions,6,HHS Region,39.0
202119,2020-21,Influenza Hospitalization (Avg 7 Day),6,HHS Region,32.29
202119,2020-21,Average patients with influenza in ICU,6,HHS Region,11.14
202119,2020-21,Influenza Hospital Admissions Rate Per 100k,7,HHS Region,0.01
202119,2020-21,Influenza Hospital Admissions,7,HHS Region,1.0
202119,2020-21,Influenza Hospitalization (Avg 7 Day),7,HHS Region,1.29
202119,2020-21,Average patients with influenza in ICU,7,HHS Region,0.0
202119,2020-21,Influenza Hospital Admissions Rate Per 100k,8,HHS Region,0.02
202119,2020-21,Influenza Hospital Admissions,8,HHS Region,2.0
202119,2020-21,Influenza Hospitalization (Avg 7 Day),8,HHS Region,0.57
202119,2020-21,Average patients with influenza in ICU,8,HHS Region,0.0
202119,2020-21,Influenza Hospital Admissions Rate Per 100k,9,HHS Region,0.02
202119,2020-21,Influenza Hospital Admissions,9,HHS Region,8.0
202119,2020-21,Influenza Hospitalization (Avg 7 Day),9,HHS Region,18.71
202119,2020-21,Average patients with influenza in ICU,9,HHS Region,0.14
202119,2020-21,Influenza Hospital Admissions Rate Per 100k,10,HHS Region,0.03
202119,2020-21,Influenza Hospital Admissions,10,HHS Region,5.0
202119,2020-21,Influenza Hospitalization (Avg 7 Day),10,HHS Region,0.86
202119,2020-21,Average patients with influenza in ICU,10,HHS Region,0.43
202121,2020-21,Influenza Hospital Admissions,5,HHS Region,13.0
202121,2020-21,Influenza Hospitalization (Avg 7 Day),5,HHS Region,10.14
202121,2020-21,Average patients with influenza in ICU,5,HHS Region,2.43
202124,2020-21,Influenza Hospital Admissions,5,HHS Region,9.0
202124,2020-21,Influenza Hospitalization (Avg 7 Day),5,HHS Region,12.43
202124,2020-21,Average patients with influenza in ICU,5,HHS Region,0.86
202124,2020-21,Influenza Hospital Admissions Rate Per 100k,6,HHS Region,0.09
202124,2020-21,Influenza Hospital Admissions,6,HHS Region,40.0
202124,2020-21,Influenza Hospitalization (Avg 7 Day),6,HHS Region,29.0
202124,2020-21,Average patients with influenza in ICU,6,HHS Region,6.57
202124,2020-21,Influenza Hospital Admissions Rate Per 100k,7,HHS Region,0.0
202124,2020-21,Influenza Hospital Admissions,7,HHS Region,0.0
202124,2020-21,Influenza Hospitalization (Avg 7 Day),7,HHS Region,0.43
202124,2020-21,Average patients with influenza in ICU,7,HHS Region,0.0
202124,2020-21,Influenza Hospital Admissions Rate Per 100k,8,HHS Region,0.07
202124,2020-21,Influenza Hospital Admissions,8,HHS Region,9.0
202124,2020-21,Influenza Hospitalization (Avg 7 Day),8,HHS Region,5.14
202124,2020-21,Average patients with influenza in ICU,8,HHS Region,0.14
202124,2020-21,Influenza Hospital Admissions Rate Per 100k,9,HHS Region,0.04
202124,2020-21,Influenza Hospital Admissions,9,HHS Region,19.0
202124,2020-21,Influenza Hospitalization (Avg 7 Day),9,HHS Region,21.0
202124,2020-21,Average patients with influenza in ICU,9,HHS Region,1.43
202124,2020-21,Influenza Hospital Admissions Rate Per 100k,10,HHS Region,0.01
202124,2020-21,Influenza Hospital Admissions,10,HHS Region,1.0
202124,2020-21,Influenza Hospitalization (Avg 7 Day),10,HHS Region,0.0
202124,2020-21,Average patients with influenza in ICU,10,HHS Region,0.0
202125,2020-21,Influenza Hospital Admissions Rate Per 100k,1,HHS Region,0.01
202125,2020-21,Influenza Hospital Admissions,1,HHS Region,1.0
202125,2020-21,Influenza Hospitalization (Avg 7 Day),1,HHS Region,2.14
202125,2020-21,Average patients with influenza in ICU,1,HHS Region,0.43
202125,2020-21,Influenza Hospital Admissions Rate Per 100k,2,HHS Region,0.09
202125,2020-21,Influenza Hospital Admissions,2,HHS Region,27.0
202125,2020-21,Influenza Hospitalization (Avg 7 Day),2,HHS Region,72.71
202125,2020-21,Average patients with influenza in ICU,2,HHS Region,3.0
202125,2020-21,Influenza Hospital Admissions Rate Per 100k,3,HHS Region,0.1
202125,2020-21,Influenza Hospital Admissions,3,HHS Region,31.0
202125,2020-21,Influenza Hospitalization (Avg 7 Day),3,HHS Region,14.43
202125,2020-21,Average patients with influenza in ICU,3,HHS Region,1.86
202125,2020-21,Influenza Hospital Admissions Rate Per 100k,4,HHS Region,0.07
202125,2020-21,Influenza Hospital Admissions,4,HHS Region,45.0
202125,2020-21,Influenza Hospitalization (Avg 7 Day),4,HHS Region,39.29
202125,2020-21,Average patients with influenza in ICU,4,HHS Region,11.57
202125,2020-21,Influenza Hospital Admissions Rate Per 100k,5,HHS Region,0.01
202125,2020-21,Influenza Hospital Admissions,5,HHS Region,7.0
202125,2020-21,Influenza Hospitalization (Avg 7 Day),5,HHS Region,9.86
202125,2020-21,Average patients with influenza in ICU,5,HHS Region,0.57
202125,2020-21,Influenza Hospital Admissions Rate Per 100k,6,HHS Region,0.13
202125,2020-21,Influenza Hospital Admissions,6,HHS Region,56.0
202125,2020-21,Influenza Hospitalization (Avg 7 Day),6,HHS Region,29.29
202125,2020-21,Average patients with influenza in ICU,6,HHS Region,7.86
202125,2020-21,Influenza Hospital Admissions Rate Per 100k,7,HHS Region,0.04
202125,2020-21,Influenza Hospital Admissions,7,HHS Region,5.0
202125,2020-21,Influenza Hospitalization (Avg 7 Day),7,HHS Region,1.14
202125,2020-21,Average patients with influenza in ICU,7,HHS Region,0.0
202125,2020-21,Influenza Hospital Admissions Rate Per 100k,8,HHS Region,0.04
202125,2020-21,Influenza Hospital Admissions,8,HHS Region,5.0
202125,2020-21,Influenza Hospitalization (Avg 7 Day),8,HHS Region,3.57
202125,2020-21,Average patients with influenza in ICU,8,HHS Region,0.0
202125,2020-21,Influenza Hospital Admissions Rate Per 100k,9,HHS Region,0.02
202125,2020-21,Influenza Hospital Admissions,9,HHS Region,11.0
202125,2020-21,Influenza Hospitalization (Avg 7 Day),9,HHS Region,21.57
202125,2020-21,Average patients with influenza in ICU,9,HHS Region,1.0
202130,2020-21,Influenza Hospitalization (Avg 7 Day),2,HHS Region,76.86
202130,2020-21,Average patients with influenza in ICU,2,HHS Region,2.57
202130,2020-21,Influenza Hospital Admissions Rate Per 100k,3,HHS Region,0.11
202130,2020-21,Influenza Hospital Admissions,3,HHS Region,35.0
202130,2020-21,Influenza Hospitalization (Avg 7 Day),3,HHS Region,21.14
202130,2020-21,Average patients with influenza in ICU,3,HHS Region,3.0
202130,2020-21,Influenza Hospital Admissions Rate Per 100k,4,HHS Region,0.11
202130,2020-21,Influenza Hospital Admissions,4,HHS Region,76.0
202130,2020-21,Influenza Hospitalization (Avg 7 Day),4,HHS Region,70.29
202130,2020-21,Average patients with influenza in ICU,4,HHS Region,10.43
202130,2020-21,Influenza Hospital Admissions Rate Per 100k,5,HHS Region,0.07
202130,2020-21,Influenza Hospital Admissions,5,HHS Region,37.0
202130,2020-21,Influenza Hospitalization (Avg 7 Day),5,HHS Region,26.43
202130,2020-21,Average patients with influenza in ICU,5,HHS Region,4.43
202130,2020-21,Influenza Hospital Admissions Rate Per 100k,6,HHS Region,0.15
202130,2020-21,Influenza Hospital Admissions,6,HHS Region,66.0
202130,2020-21,Influenza Hospitalization (Avg 7 Day),6,HHS Region,31.0
202130,2020-21,Average patients with influenza in ICU,6,HHS Region,7.14
202130,2020-21,Influenza Hospital Admissions Rate Per 100k,7,HHS Region,0.01
202130,2020-21,Influenza Hospital Admissions,7,HHS Region,2.0
202130,2020-21,Influenza Hospitalization (Avg 7 Day),7,HHS Region,2.57
202130,2020-21,Average patients with influenza in ICU,7,HHS Region,0.14
202130,2020-21,Influenza Hospital Admissions Rate Per 100k,8,HHS Region,0.02
202130,2020-21,Influenza Hospital Admissions,8,HHS Region,3.0
202130,2020-21,Influenza Hospitalization (Avg 7 Day),8,HHS Region,6.57
202130,2020-21,Average patients with influenza in ICU,8,HHS Region,0.0
202130,2020-21,Influenza Hospital Admissions Rate Per 100k,9,HHS Region,0.01
202130,2020-21,Influenza Hospital Admissions,9,HHS Region,7.0
202130,2020-21,Influenza Hospitalization (Avg 7 Day),9,HHS Region,12.29
202130,2020-21,Average patients with influenza in ICU,9,HHS Region,1.29
202130,2020-21,Influenza Hospital Admissions Rate Per 100k,10,HHS Region,0.0
202130,2020-21,Influenza Hospital Admissions,10,HHS Region,0.0
202130,2020-21,Influenza Hospitalization (Avg 7 Day),10,HHS Region,0.0
202130,2020-21,Average patients with influenza in ICU,10,HHS Region,0.0
202131,2020-21,Influenza Hospital Admissions Rate Per 100k,1,HHS Region,0.0
202131,2020-21,Influenza Hospital Admissions,1,HHS Region,0.0
202131,2020-21,Influenza Hospitalization (Avg 7 Day),1,HHS Region,1.0
202131,2020-21,Average patients with influenza in ICU,1,HHS Region,0.0
202131,2020-21,Influenza Hospital Admissions Rate Per 100k,2,HHS Region,0.1
202131,2020-21,Influenza Hospital Admissions,2,HHS Region,32.0
202131,2020-21,Influenza Hospitalization (Avg 7 Day),2,HHS Region,82.0
202131,2020-21,Average patients with influenza in ICU,2,HHS Region,4.0
202131,2020-21,Influenza Hospital Admissions Rate Per 100k,3,HHS Region,0.11
202131,2020-21,Influenza Hospital Admissions,3,HHS Region,33.0
202131,2020-21,Influenza Hospitalization (Avg 7 Day),3,HHS Region,28.43
202131,2020-21,Average patients with influenza in ICU,3,HHS Region,5.0
202131,2020-21,Influenza Hospital Admissions Rate Per 100k,4,HHS Region,0.12
202131,2020-21,Influenza Hospital Admissions,4,HHS Region,79.0
202131,2020-21,Influenza Hospitalization (Avg 7 Day),4,HHS Region,71.0
202131,2020-21,Average patients with influenza in ICU,4,HHS Region,16.86
202131,2020-21,Influenza Hospital Admissions Rate Per 100k,5,HHS Region,0.13
202131,2020-21,Influenza Hospital Admissions,5,HHS Region,67.0
202131,2020-21,Influenza Hospitalization (Avg 7 Day),5,HHS Region,97.86
202131,2020-21,Average patients with influenza in ICU,5,HHS Region,16.86
202131,2020-21,Influenza Hospital Admissions Rate Per 100k,6,HHS Region,0.17
202131,2020-21,Influenza Hospital Admissions,6,HHS Region,71.0
202131,2020-21,Influenza Hospitalization (Avg 7 Day),6,HHS Region,40.0
202131,2020-21,Average patients with influenza in ICU,6,HHS Region,7.86
202131,2020-21,Influenza Hospital Admissions Rate Per 100k,7,HHS Region,0.03
202127,2020-21,Influenza Hospital Admissions Rate Per 100k,3,HHS Region,0.09
202127,2020-21,Influenza Hospital Admissions,3,HHS Region,29.0
202127,2020-21,Influenza Hospitalization (Avg 7 Day),3,HHS Region,20.14
202131,2020-21,Influenza Hospital Admissions,7,HHS Region,4.0
202131,2020-21,Influenza Hospitalization (Avg 7 Day),7,HHS Region,1.43
202131,2020-21,Average patients with influenza in ICU,7,HHS Region,0.43
202131,2020-21,Influenza Hospital Admissions Rate Per 100k,8,HHS Region,0.04
202131,2020-21,Influenza Hospital Admissions,8,HHS Region,5.0
202131,2020-21,Influenza Hospitalization (Avg 7 Day),8,HHS Region,5.0
202131,2020-21,Average patients with influenza in ICU,8,HHS Region,0.57
202131,2020-21,Influenza Hospital Admissions Rate Per 100k,9,HHS Region,0.03
202131,2020-21,Influenza Hospital Admissions,9,HHS Region,16.0
202131,2020-21,Influenza Hospitalization (Avg 7 Day),9,HHS Region,16.43
202131,2020-21,Average patients with influenza in ICU,9,HHS Region,1.14
202131,2020-21,Influenza Hospital Admissions Rate Per 100k,10,HHS Region,0.01
202131,2020-21,Influenza Hospital Admissions,10,HHS Region,1.0
202131,2020-21,Influenza Hospitalization (Avg 7 Day),10,HHS Region,1.14
202131,2020-21,Average patients with influenza in ICU,10,HHS Region,0.0
202132,2020-21,Influenza Hospital Admissions Rate Per 100k,1,HHS Region,0.01
202132,2020-21,Influenza Hospital Admissions,1,HHS Region,1.0
202132,2020-21,Influenza Hospitalization (Avg 7 Day),1,HHS Region,1.14
202132,2020-21,Average patients with influenza in ICU,1,HHS Region,0.0
202132,2020-21,Influenza Hospital Admissions Rate Per 100k,2,HHS Region,0.09
202132,2020-21,Influenza Hospital Admissions,2,HHS Region,29.0
202132,2020-21,Influenza Hospitalization (Avg 7 Day),2,HHS Region,80.0
202132,2020-21,Average patients with influenza in ICU,2,HHS Region,4.0
202132,2020-21,Influenza Hospital Admissions Rate Per 100k,3,HHS Region,0.1
202132,2020-21,Influenza Hospital Admissions,3,HHS Region,31.0
202132,2020-21,Influenza Hospitalization (Avg 7 Day),3,HHS Region,23.0
202132,2020-21,Average patients with influenza in ICU,3,HHS Region,4.57
202132,2020-21,Influenza Hospital Admissions Rate Per 100k,4,HHS Region,0.13
202132,2020-21,Influenza Hospital Admissions,4,HHS Region,85.0
202132,2020-21,Influenza Hospitalization (Avg 7 Day),4,HHS Region,70.57
202132,2020-21,Average patients with influenza in ICU,4,HHS Region,17.43
202132,2020-21,Influenza Hospital Admissions Rate Per 100k,5,HHS Region,0.07
202132,2020-21,Influenza Hospital Admissions,5,HHS Region,36.0
202132,2020-21,Influenza Hospitalization (Avg 7 Day),5,HHS Region,28.0
202132,2020-21,Average patients with influenza in ICU,5,HHS Region,5.29
202132,2020-21,Influenza Hospital Admissions Rate Per 100k,6,HHS Region,0.08
202132,2020-21,Influenza Hospital Admissions,6,HHS Region,36.0
202132,2020-21,Influenza Hospitalization (Avg 7 Day),6,HHS Region,41.0
202132,2020-21,Average patients with influenza in ICU,6,HHS Region,7.71
202132,2020-21,Influenza Hospital Admissions Rate Per 100k,7,HHS Region,0.02
202132,2020-21,Influenza Hospital Admissions,7,HHS Region,3.0
202132,2020-21,Influenza Hospitalization (Avg 7 Day),7,HHS Region,3.57
202132,2020-21,Average patients with influenza in ICU,7,HHS Region,0.0
202132,2020-21,Influenza Hospital Admissions Rate Per 100k,8,HHS Region,0.03
202132,2020-21,Influenza Hospital Admissions,8,HHS Region,4.0
202132,2020-21,Influenza Hospitalization (Avg 7 Day),8,HHS Region,6.43
202132,2020-21,Average patients with influenza in ICU,8,HHS Region,0.71
202132,2020-21,Influenza Hospital Admissions Rate Per 100k,9,HHS Region,0.05
202132,2020-21,Influenza Hospital Admissions,9,HHS Region,25.0
202132,2020-21,Influenza Hospitalization (Avg 7 Day),9,HHS Region,20.29
202132,2020-21,Average patients with influenza in ICU,9,HHS Region,0.57
202132,2020-21,Influenza Hospital Admissions Rate Per 100k,10,HHS Region,0.0
202132,2020-21,Influenza Hospital Admissions,10,HHS Region,0.0
202132,2020-21,Influenza Hospitalization (Avg 7 Day),10,HHS Region,0.29
202132,2020-21,Average patients with influenza in ICU,10,HHS Region,0.0
202133,2020-21,Influenza Hospital Admissions Rate Per 100k,1,HHS Region,0.0
202137,2020-21,Influenza Hospitalization (Avg 7 Day),5,HHS Region,22.71
202137,2020-21,Average patients with influenza in ICU,5,HHS Region,5.0
202137,2020-21,Influenza Hospital Admissions Rate Per 100k,6,HHS Region,0.07
202137,2020-21,Influenza Hospital Admissions,6,HHS Region,29.0
202137,2020-21,Influenza Hospitalization (Avg 7 Day),6,HHS Region,31.43
202137,2020-21,Average patients with influenza in ICU,6,HHS Region,9.0
202137,2020-21,Influenza Hospital Admissions Rate Per 100k,7,HHS Region,0.01
202137,2020-21,Influenza Hospital Admissions,7,HHS Region,2.0
202137,2020-21,Influenza Hospitalization (Avg 7 Day),7,HHS Region,1.0
202137,2020-21,Average patients with influenza in ICU,7,HHS Region,0.0
202137,2020-21,Influenza Hospital Admissions Rate Per 100k,8,HHS Region,0.02
202137,2020-21,Influenza Hospital Admissions,8,HHS Region,3.0
202137,2020-21,Influenza Hospitalization (Avg 7 Day),8,HHS Region,1.29
202137,2020-21,Average patients with influenza in ICU,8,HHS Region,0.29
202137,2020-21,Influenza Hospital Admissions Rate Per 100k,9,HHS Region,0.02
202137,2020-21,Influenza Hospital Admissions,9,HHS Region,10.0
202137,2020-21,Influenza Hospitalization (Avg 7 Day),9,HHS Region,14.57
202137,2020-21,Average patients with influenza in ICU,9,HHS Region,1.86
202137,2020-21,Influenza Hospital Admissions Rate Per 100k,10,HHS Region,0.01
202137,2020-21,Influenza Hospital Admissions,10,HHS Region,2.0
202137,2020-21,Influenza Hospitalization (Avg 7 Day),10,HHS Region,0.57
202137,2020-21,Average patients with influenza in ICU,10,HHS Region,0.0
202138,2020-21,Influenza Hospital Admissions Rate Per 100k,1,HHS Region,0.0
202138,2020-21,Influenza Hospital Admissions,1,HHS Region,0.0
202138,2020-21,Influenza Hospitalization (Avg 7 Day),1,HHS Region,1.14
202138,2020-21,Average patients with influenza in ICU,1,HHS Region,0.0
202138,2020-21,Influenza Hospital Admissions Rate Per 100k,2,HHS Region,0.1
202138,2020-21,Influenza Hospital Admissions,2,HHS Region,31.0
202138,2020-21,Influenza Hospitalization (Avg 7 Day),2,HHS Region,83.71
202138,2020-21,Average patients with influenza in ICU,2,HHS Region,3.71
202138,2020-21,Influenza Hospital Admissions Rate Per 100k,3,HHS Region,0.07
202138,2020-21,Influenza Hospital Admissions,3,HHS Region,22.0
202138,2020-21,Influenza Hospitalization (Avg 7 Day),3,HHS Region,30.29
202138,2020-21,Average patients with influenza in ICU,3,HHS Region,9.71
202138,2020-21,Influenza Hospital Admissions Rate Per 100k,4,HHS Region,0.1
202138,2020-21,Influenza Hospital Admissions,4,HHS Region,65.0
202138,2020-21,Influenza Hospitalization (Avg 7 Day),4,HHS Region,57.43
202138,2020-21,Average patients with influenza in ICU,4,HHS Region,15.29
202138,2020-21,Influenza Hospital Admissions Rate Per 100k,5,HHS Region,0.06
202138,2020-21,Influenza Hospital Admissions,5,HHS Region,30.0
202138,2020-21,Influenza Hospitalization (Avg 7 Day),5,HHS Region,21.71
202138,2020-21,Average patients with influenza in ICU,5,HHS Region,6.86
202138,2020-21,Influenza Hospital Admissions Rate Per 100k,6,HHS Region,0.08
202138,2020-21,Influenza Hospital Admissions,6,HHS Region,33.0
202138,2020-21,Influenza Hospitalization (Avg 7 Day),6,HHS Region,27.71
202138,2020-21,Average patients with influenza in ICU,6,HHS Region,10.29
202138,2020-21,Influenza Hospital Admissions Rate Per 100k,7,HHS Region,0.1
202138,2020-21,Influenza Hospital Admissions,7,HHS Region,14.0
202138,2020-21,Influenza Hospitalization (Avg 7 Day),7,HHS Region,1.86
202138,2020-21,Average patients with influenza in ICU,7,HHS Region,0.57
202138,2020-21,Influenza Hospital Admissions Rate Per 100k,8,HHS Region,0.02
202138,2020-21,Influenza Hospital Admissions,8,HHS Region,2.0
202138,2020-21,Influenza Hospitalization (Avg 7 Day),8,HHS Region,2.71
202138,2020-21,Average patients with influenza in ICU,8,HHS Region,0.0
202138,2020-21,Influenza Hospital Admissions Rate Per 100k,9,HHS Region,0.02
202138,2020-21,Influenza Hospital Admissions,9,HHS Region,12.0
202138,2020-21,Influenza Hospitalization (Avg 7 Day),9,HHS Region,14.86
202138,2020-21,Average patients with influenza in ICU,9,HHS Region,0.57
202138,2020-21,Influenza Hospital Admissions Rate Per 100k,10,HHS Region,0.01
202134,2020-21,Influenza Hospitalization (Avg 7 Day),5,HHS Region,15.0
202134,2020-21,Average patients with influenza in ICU,5,HHS Region,5.0
202134,2020-21,Influenza Hospital Admissions Rate Per 100k,6,HHS Region,0.07
202138,2020-21,Influenza Hospital Admissions,10,HHS Region,1.0
202138,2020-21,Influenza Hospitalization (Avg 7 Day),10,HHS Region,0.86
202138,2020-21,Average patients with influenza in ICU,10,HHS Region,0.43
202139,2020-21,Influenza Hospital Admissions Rate Per 100k,1,HHS Region,0.01
202139,2020-21,Influenza Hospital Admissions,1,HHS Region,1.0
202139,2020-21,Influenza Hospitalization (Avg 7 Day),1,HHS Region,2.0
202139,2020-21,Average patients with influenza in ICU,1,HHS Region,0.0
202139,2020-21,Influenza Hospital Admissions Rate Per 100k,2,HHS Region,0.12
202139,2020-21,Influenza Hospital Admissions,2,HHS Region,38.0
202139,2020-21,Influenza Hospitalization (Avg 7 Day),2,HHS Region,78.43
202139,2020-21,Average patients with influenza in ICU,2,HHS Region,4.57
202139,2020-21,Influenza Hospital Admissions Rate Per 100k,3,HHS Region,0.09
202139,2020-21,Influenza Hospital Admissions,3,HHS Region,29.0
202139,2020-21,Influenza Hospitalization (Avg 7 Day),3,HHS Region,33.71
202139,2020-21,Average patients with influenza in ICU,3,HHS Region,11.29
202139,2020-21,Influenza Hospital Admissions Rate Per 100k,4,HHS Region,0.09
202139,2020-21,Influenza Hospital Admissions,4,HHS Region,62.0
202139,2020-21,Influenza Hospitalization (Avg 7 Day),4,HHS Region,49.14
202139,2020-21,Average patients with influenza in ICU,4,HHS Region,13.43
202139,2020-21,Influenza Hospital Admissions Rate Per 100k,5,HHS Region,0.06
202139,2020-21,Influenza Hospital Admissions,5,HHS Region,34.0
202139,2020-21,Influenza Hospitalization (Avg 7 Day),5,HHS Region,25.57
202139,2020-21,Average patients with influenza in ICU,5,HHS Region,8.43
202139,2020-21,Influenza Hospital Admissions Rate Per 100k,6,HHS Region,0.07
202139,2020-21,Influenza Hospital Admissions,6,HHS Region,28.0
202139,2020-21,Influenza Hospitalization (Avg 7 Day),6,HHS Region,20.57
202139,2020-21,Average patients with influenza in ICU,6,HHS Region,8.0
202139,2020-21,Influenza Hospital Admissions Rate Per 100k,7,HHS Region,0.07
202139,2020-21,Influenza Hospital Admissions,7,HHS Region,10.0
202139,2020-21,Influenza Hospitalization (Avg 7 Day),7,HHS Region,4.86
202139,2020-21,Average patients with influenza in ICU,7,HHS Region,1.43
202139,2020-21,Influenza Hospital Admissions Rate Per 100k,8,HHS Region,0.02
202139,2020-21,Influenza Hospital Admissions,8,HHS Region,2.0
202139,2020-21,Influenza Hospitalization (Avg 7 Day),8,HHS Region,1.57
202139,2020-21,Average patients with influenza in ICU,8,HHS Region,0.0
202139,2020-21,Influenza Hospital Admissions Rate Per 100k,9,HHS Region,0.03
202139,2020-21,Influenza Hospital Admissions,9,HHS Region,13.0
202139,2020-21,Influenza Hospitalization (Avg 7 Day),9,HHS Region,14.71
202139,2020-21,Average patients with influenza in ICU,9,HHS Region,0.86
202139,2020-21,Influenza Hospital Admissions Rate Per 100k,10,HHS Region,0.03
202139,2020-21,Influenza Hospital Admissions,10,HHS Region,5.0
202139,2020-21,Influenza Hospitalization (Avg 7 Day),10,HHS Region,1.14
202139,2020-21,Average patients with influenza in ICU,10,HHS Region,0.0
202053,2020-21,Influenza Hospital Admissions,9,HHS Region,110.0
202103,2020-21,Average patients with influenza in ICU,8,HHS Region,0.29
202108,2020-21,Average patients with influenza in ICU,2,HHS Region,8.71
202112,2020-21,Influenza Hospitalization (Avg 7 Day),7,HHS Region,10.0
202125,2020-21,Influenza Hospital Admissions Rate Per 100k,10,HHS Region,0.01
202133,2020-21,Influenza Hospital Admissions,1,HHS Region,0.0
202049,2020-21,Influenza Hospital Admissions,7,HHS Region,24.0
202049,2020-21,Influenza Hospitalization (Avg 7 Day),7,HHS Region,18.0
202049,2020-21,Average patients with influenza in ICU,7,HHS Region,5.29
202049,2020-21,Influenza Hospital Admissions Rate Per 100k,8,HHS Region,0.04
202049,2020-21,Influenza Hospital Admissions,8,HHS Region,5.0
202049,2020-21,Influenza Hospitalization (Avg 7 Day),8,HHS Region,4.43
202049,2020-21,Average patients with influenza in ICU,8,HHS Region,0.0
202049,2020-21,Influenza Hospital Admissions Rate Per 100k,9,HHS Region,0.14
202049,2020-21,Influenza Hospital Admissions,9,HHS Region,73.0
202049,2020-21,Influenza Hospitalization (Avg 7 Day),9,HHS Region,143.29
202049,2020-21,Average patients with influenza in ICU,9,HHS Region,17.43
202049,2020-21,Influenza Hospital Admissions Rate Per 100k,10,HHS Region,0.03
202049,2020-21,Influenza Hospital Admissions,10,HHS Region,4.0
202049,2020-21,Influenza Hospitalization (Avg 7 Day),10,HHS Region,27.14
202049,2020-21,Average patients with influenza in ICU,10,HHS Region,4.43
202050,2020-21,Influenza Hospital Admissions Rate Per 100k,1,HHS Region,0.01
202050,2020-21,Influenza Hospital Admissions,1,HHS Region,1.0
202050,2020-21,Influenza Hospitalization (Avg 7 Day),1,HHS Region,3.57
202050,2020-21,Average patients with influenza in ICU,1,HHS Region,1.71
202050,2020-21,Influenza Hospital Admissions Rate Per 100k,2,HHS Region,0.18
202050,2020-21,Influenza Hospital Admissions,2,HHS Region,56.0
202050,2020-21,Influenza Hospitalization (Avg 7 Day),2,HHS Region,39.0
202050,2020-21,Average patients with influenza in ICU,2,HHS Region,5.43
202050,2020-21,Influenza Hospital Admissions Rate Per 100k,3,HHS Region,0.14
202050,2020-21,Influenza Hospital Admissions,3,HHS Region,43.0
202050,2020-21,Influenza Hospitalization (Avg 7 Day),3,HHS Region,39.57
202050,2020-21,Average patients with influenza in ICU,3,HHS Region,13.29
202050,2020-21,Influenza Hospital Admissions Rate Per 100k,4,HHS Region,0.16
202050,2020-21,Influenza Hospital Admissions,4,HHS Region,110.0
202050,2020-21,Influenza Hospitalization (Avg 7 Day),4,HHS Region,118.86
202050,2020-21,Average patients with influenza in ICU,4,HHS Region,24.71
202050,2020-21,Influenza Hospital Admissions Rate Per 100k,5,HHS Region,0.04
202050,2020-21,Influenza Hospital Admissions,5,HHS Region,21.0
202050,2020-21,Influenza Hospitalization (Avg 7 Day),5,HHS Region,27.43
202050,2020-21,Average patients with influenza in ICU,5,HHS Region,3.57
202050,2020-21,Influenza Hospital Admissions Rate Per 100k,6,HHS Region,0.5
202050,2020-21,Influenza Hospital Admissions,6,HHS Region,215.0
202050,2020-21,Influenza Hospitalization (Avg 7 Day),6,HHS Region,199.0
202050,2020-21,Average patients with influenza in ICU,6,HHS Region,21.14
202050,2020-21,Influenza Hospital Admissions Rate Per 100k,7,HHS Region,0.11
202050,2020-21,Influenza Hospital Admissions,7,HHS Region,15.0
202050,2020-21,Influenza Hospitalization (Avg 7 Day),7,HHS Region,12.43
202050,2020-21,Average patients with influenza in ICU,7,HHS Region,2.0
202050,2020-21,Influenza Hospital Admissions Rate Per 100k,8,HHS Region,0.1
202050,2020-21,Influenza Hospital Admissions,8,HHS Region,12.0
202050,2020-21,Influenza Hospitalization (Avg 7 Day),8,HHS Region,6.57
202050,2020-21,Average patients with influenza in ICU,8,HHS Region,0.29
202050,2020-21,Influenza Hospital Admissions Rate Per 100k,9,HHS Region,0.18
202050,2020-21,Influenza Hospital Admissions,9,HHS Region,94.0
202050,2020-21,Influenza Hospitalization (Avg 7 Day),9,HHS Region,142.71
202050,2020-21,Average patients with influenza in ICU,9,HHS Region,18.14
202050,2020-21,Influenza Hospital Admissions Rate Per 100k,10,HHS Region,0.03
202050,2020-21,Influenza Hospital Admissions,10,HHS Region,4.0
202050,2020-21,Influenza Hospitalization (Avg 7 Day),10,HHS Region,25.43
202050,2020-21,Average patients with influenza in ICU,10,HHS Region,5.14
202048,2020-21,Influenza Hospitalization (Avg 7 Day),1,HHS Region,3.57
202051,2020-21,Influenza Hospital Admissions Rate Per 100k,1,HHS Region,0.04
202051,2020-21,Influenza Hospital Admissions,1,HHS Region,6.0
202051,2020-21,Influenza Hospitalization (Avg 7 Day),1,HHS Region,5.29
202051,2020-21,Average patients with influenza in ICU,1,HHS Region,2.57
202051,2020-21,Influenza Hospital Admissions Rate Per 100k,2,HHS Region,0.22
202051,2020-21,Influenza Hospital Admissions,2,HHS Region,70.0
202051,2020-21,Influenza Hospitalization (Avg 7 Day),2,HHS Region,43.86
202051,2020-21,Average patients with influenza in ICU,2,HHS Region,7.57
202051,2020-21,Influenza Hospital Admissions Rate Per 100k,3,HHS Region,0.12
202051,2020-21,Influenza Hospital Admissions,3,HHS Region,37.0
202051,2020-21,Influenza Hospitalization (Avg 7 Day),3,HHS Region,33.0
202051,2020-21,Average patients with influenza in ICU,3,HHS Region,11.57
202051,2020-21,Influenza Hospital Admissions Rate Per 100k,4,HHS Region,0.24
202051,2020-21,Influenza Hospital Admissions,4,HHS Region,159.0
202051,2020-21,Influenza Hospitalization (Avg 7 Day),4,HHS Region,136.71
202051,2020-21,Average patients with influenza in ICU,4,HHS Region,31.71
202051,2020-21,Influenza Hospital Admissions Rate Per 100k,5,HHS Region,0.06
202051,2020-21,Influenza Hospital Admissions,5,HHS Region,31.0
202051,2020-21,Influenza Hospitalization (Avg 7 Day),5,HHS Region,27.14
202051,2020-21,Average patients with influenza in ICU,5,HHS Region,4.0
202051,2020-21,Influenza Hospital Admissions Rate Per 100k,6,HHS Region,0.63
202051,2020-21,Influenza Hospital Admissions,6,HHS Region,268.0
202051,2020-21,Influenza Hospitalization (Avg 7 Day),6,HHS Region,223.71
202051,2020-21,Average patients with influenza in ICU,6,HHS Region,21.43
202051,2020-21,Influenza Hospital Admissions Rate Per 100k,7,HHS Region,0.24
202051,2020-21,Influenza Hospital Admissions,7,HHS Region,34.0
202051,2020-21,Influenza Hospitalization (Avg 7 Day),7,HHS Region,16.71
202051,2020-21,Average patients with influenza in ICU,7,HHS Region,2.0
202051,2020-21,Influenza Hospital Admissions Rate Per 100k,8,HHS Region,0.07
202051,2020-21,Influenza Hospital Admissions,8,HHS Region,8.0
202051,2020-21,Influenza Hospitalization (Avg 7 Day),8,HHS Region,6.14
202051,2020-21,Average patients with influenza in ICU,8,HHS Region,2.57
202051,2020-21,Influenza Hospital Admissions Rate Per 100k,9,HHS Region,0.13
202051,2020-21,Influenza Hospital Admissions,9,HHS Region,69.0
202051,2020-21,Influenza Hospitalization (Avg 7 Day),9,HHS Region,149.14
202051,2020-21,Average patients with influenza in ICU,9,HHS Region,25.14
202051,2020-21,Influenza Hospital Admissions Rate Per 100k,10,HHS Region,0.02
202051,2020-21,Influenza Hospital Admissions,10,HHS Region,3.0
202051,2020-21,Influenza Hospitalization (Avg 7 Day),10,HHS Region,1.86
202051,2020-21,Average patients with influenza in ICU,10,HHS Region,0.0
202052,2020-21,Influenza Hospital Admissions Rate Per 100k,1,HHS Region,0.04
202052,2020-21,Influenza Hospital Admissions,1,HHS Region,6.0
202052,2020-21,Influenza Hospitalization (Avg 7 Day),1,HHS Region,6.86
202052,2020-21,Average patients with influenza in ICU,1,HHS Region,3.57
202052,2020-21,Influenza Hospital Admissions Rate Per 100k,2,HHS Region,0.17
202052,2020-21,Influenza Hospital Admissions,2,HHS Region,54.0
202052,2020-21,Influenza Hospitalization (Avg 7 Day),2,HHS Region,42.86
202052,2020-21,Average patients with influenza in ICU,2,HHS Region,6.14
202052,2020-21,Influenza Hospital Admissions Rate Per 100k,3,HHS Region,0.18
202052,2020-21,Influenza Hospital Admissions,3,HHS Region,55.0
202052,2020-21,Influenza Hospitalization (Avg 7 Day),3,HHS Region,39.0
202052,2020-21,Average patients with influenza in ICU,3,HHS Region,12.71
202052,2020-21,Influenza Hospital Admissions Rate Per 100k,4,HHS Region,0.26
202052,2020-21,Influenza Hospital Admissions,4,HHS Region,176.0
202052,2020-21,Influenza Hospitalization (Avg 7 Day),4,HHS Region,129.71
202052,2020-21,Average patients with influenza in ICU,4,HHS Region,35.71
202052,2020-21,Influenza Hospital Admissions Rate Per 100k,5,HHS Region,0.07
202052,2020-21,Influenza Hospital Admissions,5,HHS Region,36.0
202052,2020-21,Influenza Hospitalization (Avg 7 Day),5,HHS Region,28.43
202052,2020-21,Average patients with influenza in ICU,5,HHS Region,7.71
202103,2020-21,Influenza Hospital Admissions Rate Per 100k,9,HHS Region,0.09
202103,2020-21,Influenza Hospital Admissions,9,HHS Region,46.0
202103,2020-21,Influenza Hospitalization (Avg 7 Day),9,HHS Region,87.43
202103,2020-21,Average patients with influenza in ICU,9,HHS Region,14.57
202103,2020-21,Influenza Hospital Admissions Rate Per 100k,10,HHS Region,0.0
202103,2020-21,Influenza Hospital Admissions,10,HHS Region,0.0
202103,2020-21,Influenza Hospitalization (Avg 7 Day),10,HHS Region,5.14
202103,2020-21,Average patients with influenza in ICU,10,HHS Region,1.29
202104,2020-21,Influenza Hospital Admissions Rate Per 100k,1,HHS Region,0.01
202104,2020-21,Influenza Hospital Admissions,1,HHS Region,1.0
202104,2020-21,Influenza Hospitalization (Avg 7 Day),1,HHS Region,3.14
202104,2020-21,Average patients with influenza in ICU,1,HHS Region,0.14
202104,2020-21,Influenza Hospital Admissions Rate Per 100k,2,HHS Region,0.14
202104,2020-21,Influenza Hospital Admissions,2,HHS Region,45.0
202104,2020-21,Influenza Hospitalization (Avg 7 Day),2,HHS Region,36.29
202104,2020-21,Average patients with influenza in ICU,2,HHS Region,6.0
202104,2020-21,Influenza Hospital Admissions Rate Per 100k,3,HHS Region,0.11
202104,2020-21,Influenza Hospital Admissions,3,HHS Region,35.0
202104,2020-21,Influenza Hospitalization (Avg 7 Day),3,HHS Region,42.14
202104,2020-21,Average patients with influenza in ICU,3,HHS Region,11.57
202104,2020-21,Influenza Hospital Admissions Rate Per 100k,4,HHS Region,0.25
202104,2020-21,Influenza Hospital Admissions,4,HHS Region,170.0
202104,2020-21,Influenza Hospitalization (Avg 7 Day),4,HHS Region,131.14
202104,2020-21,Average patients with influenza in ICU,4,HHS Region,31.14
202104,2020-21,Influenza Hospital Admissions Rate Per 100k,5,HHS Region,0.06
202104,2020-21,Influenza Hospital Admissions,5,HHS Region,33.0
202104,2020-21,Influenza Hospitalization (Avg 7 Day),5,HHS Region,27.86
202104,2020-21,Average patients with influenza in ICU,5,HHS Region,5.29
202104,2020-21,Influenza Hospital Admissions Rate Per 100k,6,HHS Region,0.26
202104,2020-21,Influenza Hospital Admissions,6,HHS Region,113.0
202104,2020-21,Influenza Hospitalization (Avg 7 Day),6,HHS Region,79.29
202104,2020-21,Average patients with influenza in ICU,6,HHS Region,20.86
202104,2020-21,Influenza Hospital Admissions Rate Per 100k,7,HHS Region,0.08
202104,2020-21,Influenza Hospital Admissions,7,HHS Region,11.0
202104,2020-21,Influenza Hospitalization (Avg 7 Day),7,HHS Region,7.57
202104,2020-21,Average patients with influenza in ICU,7,HHS Region,1.0
202104,2020-21,Influenza Hospital Admissions Rate Per 100k,8,HHS Region,0.05
202104,2020-21,Influenza Hospital Admissions,8,HHS Region,6.0
202104,2020-21,Influenza Hospitalization (Avg 7 Day),8,HHS Region,3.57
202104,2020-21,Average patients with influenza in ICU,8,HHS Region,0.14
202104,2020-21,Influenza Hospital Admissions Rate Per 100k,9,HHS Region,0.06
202104,2020-21,Influenza Hospital Admissions,9,HHS Region,29.0
202104,2020-21,Influenza Hospitalization (Avg 7 Day),9,HHS Region,77.57
202104,2020-21,Average patients with influenza in ICU,9,HHS Region,15.14
202104,2020-21,Influenza Hospital Admissions Rate Per 100k,10,HHS Region,0.0
202104,2020-21,Influenza Hospital Admissions,10,HHS Region,0.0
202104,2020-21,Influenza Hospitalization (Avg 7 Day),10,HHS Region,1.0
202104,2020-21,Average patients with influenza in ICU,10,HHS Region,0.0
202105,2020-21,Influenza Hospital Admissions Rate Per 100k,1,HHS Region,0.03
202105,2020-21,Influenza Hospital Admissions,1,HHS Region,4.0
202105,2020-21,Influenza Hospitalization (Avg 7 Day),1,HHS Region,4.43
202105,2020-21,Average patients with influenza in ICU,1,HHS Region,0.43
202105,2020-21,Influenza Hospital Admissions Rate Per 100k,2,HHS Region,0.14
202105,2020-21,Influenza Hospital Admissions,2,HHS Region,45.0
202105,2020-21,Influenza Hospitalization (Avg 7 Day),2,HHS Region,46.29
202105,2020-21,Average patients with influenza in ICU,2,HHS Region,6.14
202105,2020-21,Influenza Hospital Admissions Rate Per 100k,3,HHS Region,0.12
202105,2020-21,Influenza Hospital Admissions,3,HHS Region,37.0
202133,2020-21,Influenza Hospitalization (Avg 7 Day),1,HHS Region,1.0
202133,2020-21,Average patients with influenza in ICU,1,HHS Region,0.0
202133,2020-21,Influenza Hospital Admissions Rate Per 100k,2,HHS Region,0.12
202133,2020-21,Influenza Hospital Admissions,2,HHS Region,37.0
202133,2020-21,Influenza Hospitalization (Avg 7 Day),2,HHS Region,79.43
202133,2020-21,Average patients with influenza in ICU,2,HHS Region,4.43
202133,2020-21,Influenza Hospital Admissions Rate Per 100k,3,HHS Region,0.11
202133,2020-21,Influenza Hospital Admissions,3,HHS Region,33.0
202133,2020-21,Influenza Hospitalization (Avg 7 Day),3,HHS Region,24.29
202133,2020-21,Average patients with influenza in ICU,3,HHS Region,7.43
202133,2020-21,Influenza Hospital Admissions Rate Per 100k,4,HHS Region,0.12
202133,2020-21,Influenza Hospital Admissions,4,HHS Region,82.0
202133,2020-21,Influenza Hospitalization (Avg 7 Day),4,HHS Region,72.57
202133,2020-21,Average patients with influenza in ICU,4,HHS Region,13.0
202133,2020-21,Influenza Hospital Admissions Rate Per 100k,5,HHS Region,0.08
202133,2020-21,Influenza Hospital Admissions,5,HHS Region,42.0
202133,2020-21,Influenza Hospitalization (Avg 7 Day),5,HHS Region,15.43
202133,2020-21,Average patients with influenza in ICU,5,HHS Region,2.43
202133,2020-21,Influenza Hospital Admissions Rate Per 100k,6,HHS Region,0.05
202133,2020-21,Influenza Hospital Admissions,6,HHS Region,22.0
202133,2020-21,Influenza Hospitalization (Avg 7 Day),6,HHS Region,30.29
202133,2020-21,Average patients with influenza in ICU,6,HHS Region,7.43
202133,2020-21,Influenza Hospital Admissions Rate Per 100k,7,HHS Region,0.05
202133,2020-21,Influenza Hospital Admissions,7,HHS Region,7.0
202133,2020-21,Influenza Hospitalization (Avg 7 Day),7,HHS Region,3.57
202133,2020-21,Average patients with influenza in ICU,7,HHS Region,0.0
202133,2020-21,Influenza Hospital Admissions Rate Per 100k,8,HHS Region,0.06
202133,2020-21,Influenza Hospital Admissions,8,HHS Region,7.0
202133,2020-21,Influenza Hospitalization (Avg 7 Day),8,HHS Region,4.57
202133,2020-21,Average patients with influenza in ICU,8,HHS Region,0.29
202133,2020-21,Influenza Hospital Admissions Rate Per 100k,9,HHS Region,0.03
202133,2020-21,Influenza Hospital Admissions,9,HHS Region,17.0
202133,2020-21,Influenza Hospitalization (Avg 7 Day),9,HHS Region,18.71
202133,2020-21,Average patients with influenza in ICU,9,HHS Region,0.29
202133,2020-21,Influenza Hospital Admissions Rate Per 100k,10,HHS Region,0.04
202133,2020-21,Influenza Hospital Admissions,10,HHS Region,6.0
202133,2020-21,Influenza Hospitalization (Avg 7 Day),10,HHS Region,1.29
202133,2020-21,Average patients with influenza in ICU,10,HHS Region,0.14
202134,2020-21,Influenza Hospital Admissions Rate Per 100k,1,HHS Region,0.01
202134,2020-21,Influenza Hospital Admissions,1,HHS Region,2.0
202134,2020-21,Influenza Hospitalization (Avg 7 Day),1,HHS Region,1.71
202134,2020-21,Average patients with influenza in ICU,1,HHS Region,0.0
202134,2020-21,Influenza Hospital Admissions Rate Per 100k,2,HHS Region,0.15
202134,2020-21,Influenza Hospital Admissions,2,HHS Region,46.0
202134,2020-21,Influenza Hospitalization (Avg 7 Day),2,HHS Region,85.29
202134,2020-21,Average patients with influenza in ICU,2,HHS Region,6.43
202134,2020-21,Influenza Hospital Admissions Rate Per 100k,3,HHS Region,0.06
202134,2020-21,Influenza Hospital Admissions,3,HHS Region,17.0
202134,2020-21,Influenza Hospitalization (Avg 7 Day),3,HHS Region,23.43
202134,2020-21,Average patients with influenza in ICU,3,HHS Region,7.57
202134,2020-21,Influenza Hospital Admissions Rate Per 100k,4,HHS Region,0.11
202134,2020-21,Influenza Hospital Admissions,4,HHS Region,73.0
202134,2020-21,Influenza Hospitalization (Avg 7 Day),4,HHS Region,72.57
202134,2020-21,Average patients with influenza in ICU,4,HHS Region,17.29
202134,2020-21,Influenza Hospital Admissions Rate Per 100k,5,HHS Region,0.04
202134,2020-21,Influenza Hospital Admissions,5,HHS Region,21.0
202108,2020-21,Influenza Hospital Admissions Rate Per 100k,3,HHS Region,0.13
202108,2020-21,Influenza Hospital Admissions,3,HHS Region,40.0
202108,2020-21,Influenza Hospitalization (Avg 7 Day),3,HHS Region,31.0
202108,2020-21,Average patients with influenza in ICU,3,HHS Region,9.29
202108,2020-21,Influenza Hospital Admissions Rate Per 100k,4,HHS Region,0.16
202108,2020-21,Influenza Hospital Admissions,4,HHS Region,110.0
202108,2020-21,Influenza Hospitalization (Avg 7 Day),4,HHS Region,105.0
202108,2020-21,Average patients with influenza in ICU,4,HHS Region,17.57
202108,2020-21,Influenza Hospital Admissions Rate Per 100k,5,HHS Region,0.05
202108,2020-21,Influenza Hospital Admissions,5,HHS Region,28.0
202108,2020-21,Influenza Hospitalization (Avg 7 Day),5,HHS Region,16.29
202108,2020-21,Average patients with influenza in ICU,5,HHS Region,5.0
202108,2020-21,Influenza Hospital Admissions Rate Per 100k,6,HHS Region,0.17
202108,2020-21,Influenza Hospital Admissions,6,HHS Region,73.0
202108,2020-21,Influenza Hospitalization (Avg 7 Day),6,HHS Region,73.71
202108,2020-21,Average patients with influenza in ICU,6,HHS Region,18.86
202108,2020-21,Influenza Hospital Admissions Rate Per 100k,7,HHS Region,0.15
202108,2020-21,Influenza Hospital Admissions,7,HHS Region,21.0
202108,2020-21,Influenza Hospitalization (Avg 7 Day),7,HHS Region,10.57
202108,2020-21,Average patients with influenza in ICU,7,HHS Region,3.29
202108,2020-21,Influenza Hospital Admissions Rate Per 100k,8,HHS Region,0.02
202108,2020-21,Influenza Hospital Admissions,8,HHS Region,2.0
202108,2020-21,Influenza Hospitalization (Avg 7 Day),8,HHS Region,3.71
202108,2020-21,Average patients with influenza in ICU,8,HHS Region,0.14
202108,2020-21,Influenza Hospital Admissions Rate Per 100k,9,HHS Region,0.06
202108,2020-21,Influenza Hospital Admissions,9,HHS Region,33.0
202108,2020-21,Influenza Hospitalization (Avg 7 Day),9,HHS Region,57.71
202108,2020-21,Average patients with influenza in ICU,9,HHS Region,5.86
202108,2020-21,Influenza Hospital Admissions Rate Per 100k,10,HHS Region,0.03
202108,2020-21,Influenza Hospital Admissions,10,HHS Region,4.0
202108,2020-21,Influenza Hospitalization (Avg 7 Day),10,HHS Region,2.0
202108,2020-21,Average patients with influenza in ICU,10,HHS Region,0.0
202109,2020-21,Influenza Hospital Admissions Rate Per 100k,1,HHS Region,0.03
202109,2020-21,Influenza Hospital Admissions,1,HHS Region,4.0
202109,2020-21,Influenza Hospitalization (Avg 7 Day),1,HHS Region,3.43
202109,2020-21,Average patients with influenza in ICU,1,HHS Region,1.0
202109,2020-21,Influenza Hospital Admissions Rate Per 100k,2,HHS Region,0.11
202109,2020-21,Influenza Hospital Admissions,2,HHS Region,36.0
202109,2020-21,Influenza Hospitalization (Avg 7 Day),2,HHS Region,52.71
202109,2020-21,Average patients with influenza in ICU,2,HHS Region,8.43
202109,2020-21,Influenza Hospital Admissions Rate Per 100k,3,HHS Region,0.13
202109,2020-21,Influenza Hospital Admissions,3,HHS Region,39.0
202109,2020-21,Influenza Hospitalization (Avg 7 Day),3,HHS Region,27.57
202109,2020-21,Average patients with influenza in ICU,3,HHS Region,9.0
202109,2020-21,Influenza Hospital Admissions Rate Per 100k,4,HHS Region,0.19
202109,2020-21,Influenza Hospital Admissions,4,HHS Region,125.0
202109,2020-21,Influenza Hospitalization (Avg 7 Day),4,HHS Region,89.86
202109,2020-21,Average patients with influenza in ICU,4,HHS Region,17.43
202109,2020-21,Influenza Hospital Admissions Rate Per 100k,5,HHS Region,0.07
202109,2020-21,Influenza Hospital Admissions,5,HHS Region,39.0
202109,2020-21,Influenza Hospitalization (Avg 7 Day),5,HHS Region,18.14
202109,2020-21,Average patients with influenza in ICU,5,HHS Region,4.14
202109,2020-21,Influenza Hospital Admissions Rate Per 100k,6,HHS Region,0.2
202109,2020-21,Influenza Hospital Admissions,6,HHS Region,86.0
202109,2020-21,Influenza Hospitalization (Avg 7 Day),6,HHS Region,75.71
202109,2020-21,Average patients with influenza in ICU,6,HHS Region,22.0
202109,2020-21,Influenza Hospital Admissions Rate Per 100k,7,HHS Region,0.06
202109,2020-21,Influenza Hospital Admissions,7,HHS Region,9.0
202109,2020-21,Influenza Hospitalization (Avg 7 Day),7,HHS Region,5.14
202112,2020-21,Average patients with influenza in ICU,7,HHS Region,1.29
202112,2020-21,Influenza Hospital Admissions Rate Per 100k,8,HHS Region,0.04
202112,2020-21,Influenza Hospital Admissions,8,HHS Region,5.0
202112,2020-21,Influenza Hospitalization (Avg 7 Day),8,HHS Region,1.0
202112,2020-21,Average patients with influenza in ICU,8,HHS Region,0.0
202112,2020-21,Influenza Hospital Admissions Rate Per 100k,9,HHS Region,0.04
202112,2020-21,Influenza Hospital Admissions,9,HHS Region,20.0
202112,2020-21,Influenza Hospitalization (Avg 7 Day),9,HHS Region,35.14
202112,2020-21,Average patients with influenza in ICU,9,HHS Region,2.86
202112,2020-21,Influenza Hospital Admissions Rate Per 100k,10,HHS Region,0.01
202112,2020-21,Influenza Hospital Admissions,10,HHS Region,2.0
202112,2020-21,Influenza Hospitalization (Avg 7 Day),10,HHS Region,1.57
202112,2020-21,Average patients with influenza in ICU,10,HHS Region,0.14
202113,2020-21,Influenza Hospital Admissions Rate Per 100k,1,HHS Region,0.03
202113,2020-21,Influenza Hospital Admissions,1,HHS Region,4.0
202113,2020-21,Influenza Hospitalization (Avg 7 Day),1,HHS Region,2.57
202113,2020-21,Average patients with influenza in ICU,1,HHS Region,0.14
202113,2020-21,Influenza Hospital Admissions Rate Per 100k,2,HHS Region,0.12
202113,2020-21,Influenza Hospital Admissions,2,HHS Region,39.0
202113,2020-21,Influenza Hospitalization (Avg 7 Day),2,HHS Region,61.14
202113,2020-21,Average patients with influenza in ICU,2,HHS Region,3.71
202113,2020-21,Influenza Hospital Admissions Rate Per 100k,3,HHS Region,0.09
202113,2020-21,Influenza Hospital Admissions,3,HHS Region,27.0
202113,2020-21,Influenza Hospitalization (Avg 7 Day),3,HHS Region,30.43
202113,2020-21,Average patients with influenza in ICU,3,HHS Region,7.71
202113,2020-21,Influenza Hospital Admissions Rate Per 100k,4,HHS Region,0.17
202113,2020-21,Influenza Hospital Admissions,4,HHS Region,111.0
202113,2020-21,Influenza Hospitalization (Avg 7 Day),4,HHS Region,94.43
202113,2020-21,Average patients with influenza in ICU,4,HHS Region,23.71
202113,2020-21,Influenza Hospital Admissions Rate Per 100k,5,HHS Region,0.14
202113,2020-21,Influenza Hospital Admissions,5,HHS Region,71.0
202113,2020-21,Influenza Hospitalization (Avg 7 Day),5,HHS Region,14.57
202113,2020-21,Average patients with influenza in ICU,5,HHS Region,2.86
202113,2020-21,Influenza Hospital Admissions Rate Per 100k,6,HHS Region,0.14
202113,2020-21,Influenza Hospital Admissions,6,HHS Region,61.0
202113,2020-21,Influenza Hospitalization (Avg 7 Day),6,HHS Region,46.57
202113,2020-21,Average patients with influenza in ICU,6,HHS Region,13.0
202113,2020-21,Influenza Hospital Admissions Rate Per 100k,7,HHS Region,0.07
202113,2020-21,Influenza Hospital Admissions,7,HHS Region,10.0
202113,2020-21,Influenza Hospitalization (Avg 7 Day),7,HHS Region,5.43
202113,2020-21,Average patients with influenza in ICU,7,HHS Region,0.29
202113,2020-21,Influenza Hospital Admissions Rate Per 100k,8,HHS Region,0.0
202113,2020-21,Influenza Hospital Admissions,8,HHS Region,0.0
202113,2020-21,Influenza Hospitalization (Avg 7 Day),8,HHS Region,0.29
202113,2020-21,Average patients with influenza in ICU,8,HHS Region,0.0
202113,2020-21,Influenza Hospital Admissions Rate Per 100k,9,HHS Region,0.03
202113,2020-21,Influenza Hospital Admissions,9,HHS Region,13.0
202113,2020-21,Influenza Hospitalization (Avg 7 Day),9,HHS Region,22.43
202113,2020-21,Average patients with influenza in ICU,9,HHS Region,2.0
202113,2020-21,Influenza Hospital Admissions Rate Per 100k,10,HHS Region,0.01
202113,2020-21,Influenza Hospital Admissions,10,HHS Region,1.0
202113,2020-21,Influenza Hospitalization (Avg 7 Day),10,HHS Region,0.71
202113,2020-21,Average patients with influenza in ICU,10,HHS Region,0.0
202114,2020-21,Influenza Hospital Admissions Rate Per 100k,1,HHS Region,0.03
202114,2020-21,Influenza Hospital Admissions,1,HHS Region,5.0
202043,2020-21,Influenza Hospital Admissions Rate Per 100k,1,HHS Region,0.01
202043,2020-21,Influenza Hospital Admissions,1,HHS Region,2.0
202043,2020-21,Influenza Hospitalization (Avg 7 Day),1,HHS Region,0.29
202043,2020-21,Average patients with influenza in ICU,1,HHS Region,0.0
202043,2020-21,Influenza Hospital Admissions Rate Per 100k,2,HHS Region,0.03
202043,2020-21,Influenza Hospital Admissions,2,HHS Region,8.0
202043,2020-21,Influenza Hospitalization (Avg 7 Day),2,HHS Region,7.14
202043,2020-21,Average patients with influenza in ICU,2,HHS Region,1.57
202043,2020-21,Influenza Hospital Admissions Rate Per 100k,3,HHS Region,0.02
202043,2020-21,Influenza Hospital Admissions,3,HHS Region,5.0
202043,2020-21,Influenza Hospitalization (Avg 7 Day),3,HHS Region,7.57
202043,2020-21,Average patients with influenza in ICU,3,HHS Region,2.14
202043,2020-21,Influenza Hospital Admissions Rate Per 100k,4,HHS Region,0.11
202043,2020-21,Influenza Hospital Admissions,4,HHS Region,72.0
202043,2020-21,Influenza Hospitalization (Avg 7 Day),4,HHS Region,43.29
202043,2020-21,Average patients with influenza in ICU,4,HHS Region,7.43
202043,2020-21,Influenza Hospital Admissions Rate Per 100k,5,HHS Region,0.02
202043,2020-21,Influenza Hospital Admissions,5,HHS Region,10.0
202043,2020-21,Influenza Hospitalization (Avg 7 Day),5,HHS Region,4.43
202043,2020-21,Average patients with influenza in ICU,5,HHS Region,2.14
202043,2020-21,Influenza Hospital Admissions Rate Per 100k,6,HHS Region,0.14
202043,2020-21,Influenza Hospital Admissions,6,HHS Region,61.0
202043,2020-21,Influenza Hospitalization (Avg 7 Day),6,HHS Region,39.43
202043,2020-21,Average patients with influenza in ICU,6,HHS Region,10.86
202043,2020-21,Influenza Hospital Admissions Rate Per 100k,7,HHS Region,0.11
202043,2020-21,Influenza Hospital Admissions,7,HHS Region,15.0
202043,2020-21,Influenza Hospitalization (Avg 7 Day),7,HHS Region,6.86
202043,2020-21,Average patients with influenza in ICU,7,HHS Region,2.29
202043,2020-21,Influenza Hospital Admissions Rate Per 100k,8,HHS Region,0.01
202043,2020-21,Influenza Hospital Admissions,8,HHS Region,1.0
202043,2020-21,Influenza Hospitalization (Avg 7 Day),8,HHS Region,1.0
202043,2020-21,Average patients with influenza in ICU,8,HHS Region,0.0
202043,2020-21,Influenza Hospital Admissions Rate Per 100k,9,HHS Region,0.03
202043,2020-21,Influenza Hospital Admissions,9,HHS Region,17.0
202043,2020-21,Influenza Hospitalization (Avg 7 Day),9,HHS Region,32.86
202043,2020-21,Average patients with influenza in ICU,9,HHS Region,6.43
202043,2020-21,Influenza Hospital Admissions Rate Per 100k,10,HHS Region,0.01
202043,2020-21,Influenza Hospital Admissions,10,HHS Region,1.0
202043,2020-21,Influenza Hospitalization (Avg 7 Day),10,HHS Region,4.29
202043,2020-21,Average patients with influenza in ICU,10,HHS Region,0.71
202044,2020-21,Influenza Hospital Admissions Rate Per 100k,1,HHS Region,0.04
202044,2020-21,Influenza Hospital Admissions,1,HHS Region,6.0
202044,2020-21,Influenza Hospitalization (Avg 7 Day),1,HHS Region,2.29
202044,2020-21,Average patients with influenza in ICU,1,HHS Region,0.0
202044,2020-21,Influenza Hospital Admissions Rate Per 100k,2,HHS Region,0.09
202044,2020-21,Influenza Hospital Admissions,2,HHS Region,27.0
202044,2020-21,Influenza Hospitalization (Avg 7 Day),2,HHS Region,24.0
202044,2020-21,Average patients with influenza in ICU,2,HHS Region,6.29
202044,2020-21,Influenza Hospital Admissions Rate Per 100k,3,HHS Region,0.1
202044,2020-21,Influenza Hospital Admissions,3,HHS Region,31.0
202044,2020-21,Influenza Hospitalization (Avg 7 Day),3,HHS Region,17.43
202044,2020-21,Average patients with influenza in ICU,3,HHS Region,2.0
202044,2020-21,Influenza Hospital Admissions Rate Per 100k,4,HHS Region,0.14
202044,2020-21,Influenza Hospital Admissions,4,HHS Region,94.0
202044,2020-21,Influenza Hospitalization (Avg 7 Day),4,HHS Region,61.29
202109,2020-21,Average patients with influenza in ICU,7,HHS Region,1.43
202109,2020-21,Influenza Hospital Admissions Rate Per 100k,8,HHS Region,0.07
202109,2020-21,Influenza Hospital Admissions,8,HHS Region,8.0
202114,2020-21,Influenza Hospitalization (Avg 7 Day),1,HHS Region,2.71
202125,2020-21,Influenza Hospital Admissions,10,HHS Region,1.0
202125,2020-21,Influenza Hospitalization (Avg 7 Day),10,HHS Region,0.29
202125,2020-21,Average patients with influenza in ICU,10,HHS Region,0.14
202126,2020-21,Influenza Hospital Admissions Rate Per 100k,1,HHS Region,0.0
202126,2020-21,Influenza Hospital Admissions,1,HHS Region,0.0
202126,2020-21,Influenza Hospitalization (Avg 7 Day),1,HHS Region,1.71
202126,2020-21,Average patients with influenza in ICU,1,HHS Region,0.14
202126,2020-21,Influenza Hospital Admissions Rate Per 100k,2,HHS Region,0.07
202126,2020-21,Influenza Hospital Admissions,2,HHS Region,22.0
202126,2020-21,Influenza Hospitalization (Avg 7 Day),2,HHS Region,76.57
202126,2020-21,Average patients with influenza in ICU,2,HHS Region,4.57
202126,2020-21,Influenza Hospital Admissions Rate Per 100k,3,HHS Region,0.08
202126,2020-21,Influenza Hospital Admissions,3,HHS Region,25.0
202126,2020-21,Influenza Hospitalization (Avg 7 Day),3,HHS Region,24.29
202126,2020-21,Average patients with influenza in ICU,3,HHS Region,3.57
202126,2020-21,Influenza Hospital Admissions Rate Per 100k,4,HHS Region,0.08
202126,2020-21,Influenza Hospital Admissions,4,HHS Region,56.0
202126,2020-21,Influenza Hospitalization (Avg 7 Day),4,HHS Region,44.14
202126,2020-21,Average patients with influenza in ICU,4,HHS Region,8.71
202126,2020-21,Influenza Hospital Admissions Rate Per 100k,5,HHS Region,0.02
202126,2020-21,Influenza Hospital Admissions,5,HHS Region,8.0
202126,2020-21,Influenza Hospitalization (Avg 7 Day),5,HHS Region,8.57
202126,2020-21,Average patients with influenza in ICU,5,HHS Region,1.71
202126,2020-21,Influenza Hospital Admissions Rate Per 100k,6,HHS Region,0.16
202126,2020-21,Influenza Hospital Admissions,6,HHS Region,69.0
202126,2020-21,Influenza Hospitalization (Avg 7 Day),6,HHS Region,25.0
202126,2020-21,Average patients with influenza in ICU,6,HHS Region,4.71
202126,2020-21,Influenza Hospital Admissions Rate Per 100k,7,HHS Region,0.02
202126,2020-21,Influenza Hospital Admissions,7,HHS Region,3.0
202126,2020-21,Influenza Hospitalization (Avg 7 Day),7,HHS Region,2.14
202126,2020-21,Average patients with influenza in ICU,7,HHS Region,1.0
202126,2020-21,Influenza Hospital Admissions Rate Per 100k,8,HHS Region,0.04
202126,2020-21,Influenza Hospital Admissions,8,HHS Region,5.0
202126,2020-21,Influenza Hospitalization (Avg 7 Day),8,HHS Region,3.71
202126,2020-21,Average patients with influenza in ICU,8,HHS Region,0.0
202126,2020-21,Influenza Hospital Admissions Rate Per 100k,9,HHS Region,0.02
202126,2020-21,Influenza Hospital Admissions,9,HHS Region,9.0
202126,2020-21,Influenza Hospitalization (Avg 7 Day),9,HHS Region,14.57
202126,2020-21,Average patients with influenza in ICU,9,HHS Region,0.29
202126,2020-21,Influenza Hospital Admissions Rate Per 100k,10,HHS Region,0.01
202126,2020-21,Influenza Hospital Admissions,10,HHS Region,1.0
202126,2020-21,Influenza Hospitalization (Avg 7 Day),10,HHS Region,0.0
202126,2020-21,Average patients with influenza in ICU,10,HHS Region,0.0
202127,2020-21,Influenza Hospital Admissions Rate Per 100k,1,HHS Region,0.0
202127,2020-21,Influenza Hospital Admissions,1,HHS Region,0.0
202127,2020-21,Influenza Hospitalization (Avg 7 Day),1,HHS Region,1.14
202127,2020-21,Average patients with influenza in ICU,1,HHS Region,0.0
202127,2020-21,Influenza Hospital Admissions Rate Per 100k,2,HHS Region,0.1
202127,2020-21,Influenza Hospital Admissions,2,HHS Region,30.0
202127,2020-21,Influenza Hospitalization (Avg 7 Day),2,HHS Region,81.57
202127,2020-21,Average patients with influenza in ICU,2,HHS Region,5.43
202114,2020-21,Average patients with influenza in ICU,1,HHS Region,0.29
202114,2020-21,Influenza Hospital Admissions Rate Per 100k,2,HHS Region,0.17
202114,2020-21,Influenza Hospital Admissions,2,HHS Region,53.0
202114,2020-21,Influenza Hospitalization (Avg 7 Day),2,HHS Region,68.71
202114,2020-21,Average patients with influenza in ICU,2,HHS Region,5.14
202114,2020-21,Influenza Hospital Admissions Rate Per 100k,3,HHS Region,0.11
202114,2020-21,Influenza Hospital Admissions,3,HHS Region,34.0
202114,2020-21,Influenza Hospitalization (Avg 7 Day),3,HHS Region,27.57
202114,2020-21,Average patients with influenza in ICU,3,HHS Region,7.86
202114,2020-21,Influenza Hospital Admissions Rate Per 100k,4,HHS Region,0.13
202114,2020-21,Influenza Hospital Admissions,4,HHS Region,86.0
202114,2020-21,Influenza Hospitalization (Avg 7 Day),4,HHS Region,65.0
202114,2020-21,Average patients with influenza in ICU,4,HHS Region,13.14
202114,2020-21,Influenza Hospital Admissions Rate Per 100k,5,HHS Region,0.05
202114,2020-21,Influenza Hospital Admissions,5,HHS Region,24.0
202114,2020-21,Influenza Hospitalization (Avg 7 Day),5,HHS Region,15.43
202114,2020-21,Average patients with influenza in ICU,5,HHS Region,3.29
202114,2020-21,Influenza Hospital Admissions Rate Per 100k,6,HHS Region,0.15
202114,2020-21,Influenza Hospital Admissions,6,HHS Region,62.0
202114,2020-21,Influenza Hospitalization (Avg 7 Day),6,HHS Region,45.57
202114,2020-21,Average patients with influenza in ICU,6,HHS Region,12.43
202114,2020-21,Influenza Hospital Admissions Rate Per 100k,7,HHS Region,0.08
202114,2020-21,Influenza Hospital Admissions,7,HHS Region,11.0
202114,2020-21,Influenza Hospitalization (Avg 7 Day),7,HHS Region,3.71
202114,2020-21,Average patients with influenza in ICU,7,HHS Region,2.71
202114,2020-21,Influenza Hospital Admissions Rate Per 100k,8,HHS Region,0.02
202114,2020-21,Influenza Hospital Admissions,8,HHS Region,3.0
202114,2020-21,Influenza Hospitalization (Avg 7 Day),8,HHS Region,0.29
202114,2020-21,Average patients with influenza in ICU,8,HHS Region,0.0
202114,2020-21,Influenza Hospital Admissions Rate Per 100k,9,HHS Region,0.03
202114,2020-21,Influenza Hospital Admissions,9,HHS Region,13.0
202114,2020-21,Influenza Hospitalization (Avg 7 Day),9,HHS Region,23.57
202114,2020-21,Average patients with influenza in ICU,9,HHS Region,1.57
202114,2020-21,Influenza Hospital Admissions Rate Per 100k,10,HHS Region,0.01
202114,2020-21,Influenza Hospital Admissions,10,HHS Region,2.0
202114,2020-21,Influenza Hospitalization (Avg 7 Day),10,HHS Region,0.43
202114,2020-21,Average patients with influenza in ICU,10,HHS Region,0.0
202115,2020-21,Influenza Hospital Admissions Rate Per 100k,1,HHS Region,0.01
202115,2020-21,Influenza Hospital Admissions,1,HHS Region,1.0
202115,2020-21,Influenza Hospitalization (Avg 7 Day),1,HHS Region,2.71
202115,2020-21,Average patients with influenza in ICU,1,HHS Region,1.0
202115,2020-21,Influenza Hospital Admissions Rate Per 100k,2,HHS Region,0.14
202115,2020-21,Influenza Hospital Admissions,2,HHS Region,43.0
202115,2020-21,Influenza Hospitalization (Avg 7 Day),2,HHS Region,65.43
202115,2020-21,Average patients with influenza in ICU,2,HHS Region,5.71
202115,2020-21,Influenza Hospital Admissions Rate Per 100k,3,HHS Region,0.1
202115,2020-21,Influenza Hospital Admissions,3,HHS Region,31.0
202115,2020-21,Influenza Hospitalization (Avg 7 Day),3,HHS Region,28.57
202115,2020-21,Average patients with influenza in ICU,3,HHS Region,5.0
202115,2020-21,Influenza Hospital Admissions Rate Per 100k,4,HHS Region,0.17
202115,2020-21,Influenza Hospital Admissions,4,HHS Region,112.0
202115,2020-21,Influenza Hospitalization (Avg 7 Day),4,HHS Region,74.57
202115,2020-21,Average patients with influenza in ICU,4,HHS Region,12.71
202115,2020-21,Influenza Hospital Admissions Rate Per 100k,5,HHS Region,0.07
202115,2020-21,Influenza Hospital Admissions,5,HHS Region,39.0
202115,2020-21,Influenza Hospitalization (Avg 7 Day),5,HHS Region,14.57
202115,2020-21,Average patients with influenza in ICU,5,HHS Region,3.57
202115,2020-21,Influenza Hospital Admissions Rate Per 100k,6,HHS Region,0.12
202115,2020-21,Influenza Hospital Admissions,6,HHS Region,50.0
202120,2020-21,Influenza Hospital Admissions Rate Per 100k,1,HHS Region,0.0
202120,2020-21,Influenza Hospital Admissions,1,HHS Region,0.0
202120,2020-21,Influenza Hospitalization (Avg 7 Day),1,HHS Region,2.57
202120,2020-21,Average patients with influenza in ICU,1,HHS Region,0.57
202120,2020-21,Influenza Hospital Admissions Rate Per 100k,2,HHS Region,0.14
202120,2020-21,Influenza Hospital Admissions,2,HHS Region,44.0
202120,2020-21,Influenza Hospitalization (Avg 7 Day),2,HHS Region,80.57
202120,2020-21,Average patients with influenza in ICU,2,HHS Region,4.86
202120,2020-21,Influenza Hospital Admissions Rate Per 100k,3,HHS Region,0.09
202120,2020-21,Influenza Hospital Admissions,3,HHS Region,28.0
202120,2020-21,Influenza Hospitalization (Avg 7 Day),3,HHS Region,18.57
202120,2020-21,Average patients with influenza in ICU,3,HHS Region,2.0
202120,2020-21,Influenza Hospital Admissions Rate Per 100k,4,HHS Region,0.15
202120,2020-21,Influenza Hospital Admissions,4,HHS Region,103.0
202120,2020-21,Influenza Hospitalization (Avg 7 Day),4,HHS Region,71.71
202120,2020-21,Average patients with influenza in ICU,4,HHS Region,13.86
202120,2020-21,Influenza Hospital Admissions Rate Per 100k,5,HHS Region,0.02
202120,2020-21,Influenza Hospital Admissions,5,HHS Region,8.0
202120,2020-21,Influenza Hospitalization (Avg 7 Day),5,HHS Region,9.0
202120,2020-21,Average patients with influenza in ICU,5,HHS Region,1.43
202120,2020-21,Influenza Hospital Admissions Rate Per 100k,6,HHS Region,0.1
202120,2020-21,Influenza Hospital Admissions,6,HHS Region,42.0
202120,2020-21,Influenza Hospitalization (Avg 7 Day),6,HHS Region,30.71
202120,2020-21,Average patients with influenza in ICU,6,HHS Region,12.14
202120,2020-21,Influenza Hospital Admissions Rate Per 100k,7,HHS Region,0.06
202120,2020-21,Influenza Hospital Admissions,7,HHS Region,8.0
202120,2020-21,Influenza Hospitalization (Avg 7 Day),7,HHS Region,2.71
202120,2020-21,Average patients with influenza in ICU,7,HHS Region,0.29
202120,2020-21,Influenza Hospital Admissions Rate Per 100k,8,HHS Region,0.03
202120,2020-21,Influenza Hospital Admissions,8,HHS Region,4.0
202120,2020-21,Influenza Hospitalization (Avg 7 Day),8,HHS Region,1.57
202120,2020-21,Average patients with influenza in ICU,8,HHS Region,0.0
202120,2020-21,Influenza Hospital Admissions Rate Per 100k,9,HHS Region,0.04
202120,2020-21,Influenza Hospital Admissions,9,HHS Region,18.0
202120,2020-21,Influenza Hospitalization (Avg 7 Day),9,HHS Region,18.29
202120,2020-21,Average patients with influenza in ICU,9,HHS Region,0.57
202120,2020-21,Influenza Hospital Admissions Rate Per 100k,10,HHS Region,0.02
202120,2020-21,Influenza Hospital Admissions,10,HHS Region,3.0
202120,2020-21,Influenza Hospitalization (Avg 7 Day),10,HHS Region,0.71
202120,2020-21,Average patients with influenza in ICU,10,HHS Region,0.14
202121,2020-21,Influenza Hospital Admissions Rate Per 100k,1,HHS Region,0.0
202121,2020-21,Influenza Hospital Admissions,1,HHS Region,0.0
202121,2020-21,Influenza Hospitalization (Avg 7 Day),1,HHS Region,2.29
202121,2020-21,Average patients with influenza in ICU,1,HHS Region,1.29
202121,2020-21,Influenza Hospital Admissions Rate Per 100k,2,HHS Region,0.08
202121,2020-21,Influenza Hospital Admissions,2,HHS Region,25.0
202121,2020-21,Influenza Hospitalization (Avg 7 Day),2,HHS Region,80.29
202121,2020-21,Average patients with influenza in ICU,2,HHS Region,4.86
202121,2020-21,Influenza Hospital Admissions Rate Per 100k,3,HHS Region,0.1
202121,2020-21,Influenza Hospital Admissions,3,HHS Region,30.0
202121,2020-21,Influenza Hospitalization (Avg 7 Day),3,HHS Region,15.71
202121,2020-21,Average patients with influenza in ICU,3,HHS Region,0.14
202121,2020-21,Influenza Hospital Admissions Rate Per 100k,4,HHS Region,0.11
202121,2020-21,Influenza Hospital Admissions,4,HHS Region,75.0
202121,2020-21,Influenza Hospitalization (Avg 7 Day),4,HHS Region,57.0
202121,2020-21,Average patients with influenza in ICU,4,HHS Region,10.14
202121,2020-21,Influenza Hospital Admissions Rate Per 100k,5,HHS Region,0.02
202044,2020-21,Average patients with influenza in ICU,4,HHS Region,12.86
202052,2020-21,Influenza Hospital Admissions Rate Per 100k,6,HHS Region,0.56
202052,2020-21,Influenza Hospital Admissions,6,HHS Region,238.0
202052,2020-21,Influenza Hospitalization (Avg 7 Day),6,HHS Region,242.14
202052,2020-21,Average patients with influenza in ICU,6,HHS Region,23.71
202052,2020-21,Influenza Hospital Admissions Rate Per 100k,7,HHS Region,0.09
202052,2020-21,Influenza Hospital Admissions,7,HHS Region,13.0
202052,2020-21,Influenza Hospitalization (Avg 7 Day),7,HHS Region,19.0
202052,2020-21,Average patients with influenza in ICU,7,HHS Region,7.0
202052,2020-21,Influenza Hospital Admissions Rate Per 100k,8,HHS Region,0.06
202052,2020-21,Influenza Hospital Admissions,8,HHS Region,7.0
202052,2020-21,Influenza Hospitalization (Avg 7 Day),8,HHS Region,6.43
202052,2020-21,Average patients with influenza in ICU,8,HHS Region,2.29
202052,2020-21,Influenza Hospital Admissions Rate Per 100k,9,HHS Region,0.16
202052,2020-21,Influenza Hospital Admissions,9,HHS Region,80.0
202052,2020-21,Influenza Hospitalization (Avg 7 Day),9,HHS Region,198.86
202052,2020-21,Average patients with influenza in ICU,9,HHS Region,28.86
202052,2020-21,Influenza Hospital Admissions Rate Per 100k,10,HHS Region,0.03
202052,2020-21,Influenza Hospital Admissions,10,HHS Region,5.0
202052,2020-21,Influenza Hospitalization (Avg 7 Day),10,HHS Region,1.57
202052,2020-21,Average patients with influenza in ICU,10,HHS Region,0.0
202053,2020-21,Influenza Hospital Admissions Rate Per 100k,1,HHS Region,0.06
202053,2020-21,Influenza Hospital Admissions,1,HHS Region,9.0
202053,2020-21,Influenza Hospitalization (Avg 7 Day),1,HHS Region,9.71
202053,2020-21,Average patients with influenza in ICU,1,HHS Region,4.86
202053,2020-21,Influenza Hospital Admissions Rate Per 100k,2,HHS Region,0.12
202053,2020-21,Influenza Hospital Admissions,2,HHS Region,37.0
202053,2020-21,Influenza Hospitalization (Avg 7 Day),2,HHS Region,41.29
202053,2020-21,Average patients with influenza in ICU,2,HHS Region,6.0
202053,2020-21,Influenza Hospital Admissions Rate Per 100k,3,HHS Region,0.19
202053,2020-21,Influenza Hospital Admissions,3,HHS Region,59.0
202053,2020-21,Influenza Hospitalization (Avg 7 Day),3,HHS Region,38.29
202053,2020-21,Average patients with influenza in ICU,3,HHS Region,11.43
202053,2020-21,Influenza Hospital Admissions Rate Per 100k,4,HHS Region,0.2
202053,2020-21,Influenza Hospital Admissions,4,HHS Region,134.0
202053,2020-21,Influenza Hospitalization (Avg 7 Day),4,HHS Region,136.43
202053,2020-21,Average patients with influenza in ICU,4,HHS Region,27.71
202053,2020-21,Influenza Hospital Admissions Rate Per 100k,5,HHS Region,0.07
202053,2020-21,Influenza Hospital Admissions,5,HHS Region,38.0
202053,2020-21,Influenza Hospitalization (Avg 7 Day),5,HHS Region,30.57
202053,2020-21,Average patients with influenza in ICU,5,HHS Region,6.43
202053,2020-21,Influenza Hospital Admissions Rate Per 100k,6,HHS Region,0.59
202053,2020-21,Influenza Hospital Admissions,6,HHS Region,250.0
202053,2020-21,Influenza Hospitalization (Avg 7 Day),6,HHS Region,235.86
202053,2020-21,Average patients with influenza in ICU,6,HHS Region,26.43
202053,2020-21,Influenza Hospital Admissions Rate Per 100k,7,HHS Region,0.1
202053,2020-21,Influenza Hospital Admissions,7,HHS Region,14.0
202053,2020-21,Influenza Hospitalization (Avg 7 Day),7,HHS Region,16.29
202053,2020-21,Average patients with influenza in ICU,7,HHS Region,6.71
202053,2020-21,Influenza Hospital Admissions Rate Per 100k,8,HHS Region,0.01
202053,2020-21,Influenza Hospital Admissions,8,HHS Region,1.0
202053,2020-21,Influenza Hospitalization (Avg 7 Day),8,HHS Region,5.57
202053,2020-21,Average patients with influenza in ICU,8,HHS Region,1.43
202053,2020-21,Influenza Hospital Admissions Rate Per 100k,9,HHS Region,0.21
202044,2020-21,Influenza Hospital Admissions Rate Per 100k,5,HHS Region,0.04
202044,2020-21,Influenza Hospital Admissions,5,HHS Region,19.0
202044,2020-21,Influenza Hospitalization (Avg 7 Day),5,HHS Region,12.71
202044,2020-21,Average patients with influenza in ICU,5,HHS Region,3.57
202044,2020-21,Influenza Hospital Admissions Rate Per 100k,6,HHS Region,0.29
202044,2020-21,Influenza Hospital Admissions,6,HHS Region,125.0
202044,2020-21,Influenza Hospitalization (Avg 7 Day),6,HHS Region,59.86
202044,2020-21,Average patients with influenza in ICU,6,HHS Region,14.57
202044,2020-21,Influenza Hospital Admissions Rate Per 100k,7,HHS Region,0.08
202044,2020-21,Influenza Hospital Admissions,7,HHS Region,12.0
202044,2020-21,Influenza Hospitalization (Avg 7 Day),7,HHS Region,6.43
202044,2020-21,Average patients with influenza in ICU,7,HHS Region,2.14
202044,2020-21,Influenza Hospital Admissions Rate Per 100k,8,HHS Region,0.02
202044,2020-21,Influenza Hospital Admissions,8,HHS Region,3.0
202044,2020-21,Influenza Hospitalization (Avg 7 Day),8,HHS Region,1.71
202044,2020-21,Average patients with influenza in ICU,8,HHS Region,0.14
202044,2020-21,Influenza Hospital Admissions Rate Per 100k,9,HHS Region,0.17
202044,2020-21,Influenza Hospital Admissions,9,HHS Region,86.0
202044,2020-21,Influenza Hospitalization (Avg 7 Day),9,HHS Region,79.71
202044,2020-21,Average patients with influenza in ICU,9,HHS Region,8.43
202044,2020-21,Influenza Hospital Admissions Rate Per 100k,10,HHS Region,0.0
202044,2020-21,Influenza Hospital Admissions,10,HHS Region,0.0
202044,2020-21,Influenza Hospitalization (Avg 7 Day),10,HHS Region,0.0
202044,2020-21,Average patients with influenza in ICU,10,HHS Region,0.0
202045,2020-21,Influenza Hospital Admissions Rate Per 100k,1,HHS Region,0.05
202045,2020-21,Influenza Hospital Admissions,1,HHS Region,8.0
202045,2020-21,Influenza Hospitalization (Avg 7 Day),1,HHS Region,2.29
202045,2020-21,Average patients with influenza in ICU,1,HHS Region,1.14
202045,2020-21,Influenza Hospital Admissions Rate Per 100k,2,HHS Region,0.07
202045,2020-21,Influenza Hospital Admissions,2,HHS Region,21.0
202045,2020-21,Influenza Hospitalization (Avg 7 Day),2,HHS Region,31.57
202045,2020-21,Average patients with influenza in ICU,2,HHS Region,7.14
202045,2020-21,Influenza Hospital Admissions Rate Per 100k,3,HHS Region,0.13
202045,2020-21,Influenza Hospital Admissions,3,HHS Region,40.0
202045,2020-21,Influenza Hospitalization (Avg 7 Day),3,HHS Region,23.86
202045,2020-21,Average patients with influenza in ICU,3,HHS Region,5.86
202045,2020-21,Influenza Hospital Admissions Rate Per 100k,4,HHS Region,0.16
202045,2020-21,Influenza Hospital Admissions,4,HHS Region,110.0
202045,2020-21,Influenza Hospitalization (Avg 7 Day),4,HHS Region,76.71
202045,2020-21,Average patients with influenza in ICU,4,HHS Region,19.57
202045,2020-21,Influenza Hospital Admissions Rate Per 100k,5,HHS Region,0.07
202045,2020-21,Influenza Hospital Admissions,5,HHS Region,35.0
202045,2020-21,Influenza Hospitalization (Avg 7 Day),5,HHS Region,22.86
202045,2020-21,Average patients with influenza in ICU,5,HHS Region,5.71
202045,2020-21,Influenza Hospital Admissions Rate Per 100k,6,HHS Region,0.34
202045,2020-21,Influenza Hospital Admissions,6,HHS Region,145.0
202045,2020-21,Influenza Hospitalization (Avg 7 Day),6,HHS Region,100.71
202045,2020-21,Average patients with influenza in ICU,6,HHS Region,21.29
202045,2020-21,Influenza Hospital Admissions Rate Per 100k,7,HHS Region,0.15
202045,2020-21,Influenza Hospital Admissions,7,HHS Region,21.0
202045,2020-21,Influenza Hospitalization (Avg 7 Day),7,HHS Region,10.0
202045,2020-21,Average patients with influenza in ICU,7,HHS Region,2.14
202045,2020-21,Influenza Hospital Admissions Rate Per 100k,8,HHS Region,0.06
202045,2020-21,Influenza Hospital Admissions,8,HHS Region,7.0
202045,2020-21,Influenza Hospitalization (Avg 7 Day),8,HHS Region,2.71
202045,2020-21,Average patients with influenza in ICU,8,HHS Region,0.86
202045,2020-21,Influenza Hospital Admissions Rate Per 100k,9,HHS Region,0.08
202045,2020-21,Influenza Hospital Admissions,9,HHS Region,40.0
202047,2020-21,Average patients with influenza in ICU,2,HHS Region,5.29
202047,2020-21,Influenza Hospital Admissions Rate Per 100k,3,HHS Region,0.13
202047,2020-21,Influenza Hospital Admissions,3,HHS Region,40.0
202047,2020-21,Influenza Hospitalization (Avg 7 Day),3,HHS Region,21.0
202047,2020-21,Average patients with influenza in ICU,3,HHS Region,4.14
202047,2020-21,Influenza Hospital Admissions Rate Per 100k,4,HHS Region,0.22
202047,2020-21,Influenza Hospital Admissions,4,HHS Region,145.0
202047,2020-21,Influenza Hospitalization (Avg 7 Day),4,HHS Region,114.57
202047,2020-21,Average patients with influenza in ICU,4,HHS Region,27.0
202047,2020-21,Influenza Hospital Admissions Rate Per 100k,5,HHS Region,0.07
202047,2020-21,Influenza Hospital Admissions,5,HHS Region,39.0
202047,2020-21,Influenza Hospitalization (Avg 7 Day),5,HHS Region,41.14
202047,2020-21,Average patients with influenza in ICU,5,HHS Region,3.71
202047,2020-21,Influenza Hospital Admissions Rate Per 100k,6,HHS Region,0.4
202047,2020-21,Influenza Hospital Admissions,6,HHS Region,169.0
202047,2020-21,Influenza Hospitalization (Avg 7 Day),6,HHS Region,158.0
202047,2020-21,Average patients with influenza in ICU,6,HHS Region,16.29
202047,2020-21,Influenza Hospital Admissions Rate Per 100k,7,HHS Region,0.12
202047,2020-21,Influenza Hospital Admissions,7,HHS Region,17.0
202047,2020-21,Influenza Hospitalization (Avg 7 Day),7,HHS Region,11.0
202047,2020-21,Average patients with influenza in ICU,7,HHS Region,4.43
202047,2020-21,Influenza Hospital Admissions Rate Per 100k,8,HHS Region,0.06
202047,2020-21,Influenza Hospital Admissions,8,HHS Region,7.0
202047,2020-21,Influenza Hospitalization (Avg 7 Day),8,HHS Region,3.0
202047,2020-21,Average patients with influenza in ICU,8,HHS Region,0.14
202047,2020-21,Influenza Hospital Admissions Rate Per 100k,9,HHS Region,0.12
202047,2020-21,Influenza Hospital Admissions,9,HHS Region,62.0
202047,2020-21,Influenza Hospitalization (Avg 7 Day),9,HHS Region,91.14
202047,2020-21,Average patients with influenza in ICU,9,HHS Region,11.29
202047,2020-21,Influenza Hospital Admissions Rate Per 100k,10,HHS Region,0.01
202047,2020-21,Influenza Hospital Admissions,10,HHS Region,2.0
202047,2020-21,Influenza Hospitalization (Avg 7 Day),10,HHS Region,2.57
202047,2020-21,Average patients with influenza in ICU,10,HHS Region,1.14
202048,2020-21,Influenza Hospital Admissions Rate Per 100k,1,HHS Region,0.01
202048,2020-21,Influenza Hospital Admissions,1,HHS Region,1.0
202048,2020-21,Influenza Hospitalization (Avg 7 Day),1,HHS Region,3.57
202048,2020-21,Average patients with influenza in ICU,1,HHS Region,1.14
202048,2020-21,Influenza Hospital Admissions Rate Per 100k,2,HHS Region,0.15
202048,2020-21,Influenza Hospital Admissions,2,HHS Region,46.0
202048,2020-21,Influenza Hospitalization (Avg 7 Day),2,HHS Region,38.43
202048,2020-21,Average patients with influenza in ICU,2,HHS Region,5.71
202048,2020-21,Influenza Hospital Admissions Rate Per 100k,3,HHS Region,0.14
202048,2020-21,Influenza Hospital Admissions,3,HHS Region,43.0
202048,2020-21,Influenza Hospitalization (Avg 7 Day),3,HHS Region,29.86
202048,2020-21,Average patients with influenza in ICU,3,HHS Region,9.0
202048,2020-21,Influenza Hospital Admissions Rate Per 100k,4,HHS Region,0.21
202048,2020-21,Influenza Hospital Admissions,4,HHS Region,140.0
202048,2020-21,Influenza Hospitalization (Avg 7 Day),4,HHS Region,123.86
202048,2020-21,Average patients with influenza in ICU,4,HHS Region,31.43
202048,2020-21,Influenza Hospital Admissions Rate Per 100k,5,HHS Region,0.06
202048,2020-21,Influenza Hospital Admissions,5,HHS Region,30.0
202048,2020-21,Influenza Hospitalization (Avg 7 Day),5,HHS Region,23.0
202048,2020-21,Average patients with influenza in ICU,5,HHS Region,2.71
202048,2020-21,Influenza Hospital Admissions Rate Per 100k,6,HHS Region,0.43
202048,2020-21,Influenza Hospital Admissions,6,HHS Region,183.0
202048,2020-21,Influenza Hospitalization (Avg 7 Day),6,HHS Region,155.71
202048,2020-21,Average patients with influenza in ICU,6,HHS Region,18.0
202048,2020-21,Influenza Hospital Admissions Rate Per 100k,7,HHS Region,0.2
202048,2020-21,Influenza Hospital Admissions,7,HHS Region,28.0
202102,2020-21,Influenza Hospital Admissions,10,HHS Region,2.0
202102,2020-21,Influenza Hospitalization (Avg 7 Day),10,HHS Region,5.43
202102,2020-21,Average patients with influenza in ICU,10,HHS Region,0.43
202103,2020-21,Influenza Hospital Admissions Rate Per 100k,1,HHS Region,0.03
202103,2020-21,Influenza Hospital Admissions,1,HHS Region,4.0
202103,2020-21,Influenza Hospitalization (Avg 7 Day),1,HHS Region,4.86
202103,2020-21,Average patients with influenza in ICU,1,HHS Region,0.29
202103,2020-21,Influenza Hospital Admissions Rate Per 100k,2,HHS Region,0.12
202103,2020-21,Influenza Hospital Admissions,2,HHS Region,38.0
202103,2020-21,Influenza Hospitalization (Avg 7 Day),2,HHS Region,33.14
202103,2020-21,Average patients with influenza in ICU,2,HHS Region,2.29
202103,2020-21,Influenza Hospital Admissions Rate Per 100k,3,HHS Region,0.17
202103,2020-21,Influenza Hospital Admissions,3,HHS Region,53.0
202103,2020-21,Influenza Hospitalization (Avg 7 Day),3,HHS Region,48.71
202103,2020-21,Average patients with influenza in ICU,3,HHS Region,14.14
202103,2020-21,Influenza Hospital Admissions Rate Per 100k,4,HHS Region,0.2
202103,2020-21,Influenza Hospital Admissions,4,HHS Region,136.0
202103,2020-21,Influenza Hospitalization (Avg 7 Day),4,HHS Region,130.43
202103,2020-21,Average patients with influenza in ICU,4,HHS Region,25.86
202103,2020-21,Influenza Hospital Admissions Rate Per 100k,5,HHS Region,0.04
202103,2020-21,Influenza Hospital Admissions,5,HHS Region,21.0
202103,2020-21,Influenza Hospitalization (Avg 7 Day),5,HHS Region,18.57
202103,2020-21,Average patients with influenza in ICU,5,HHS Region,6.43
202103,2020-21,Influenza Hospital Admissions Rate Per 100k,6,HHS Region,0.29
202103,2020-21,Influenza Hospital Admissions,6,HHS Region,126.0
202103,2020-21,Influenza Hospitalization (Avg 7 Day),6,HHS Region,88.71
202103,2020-21,Average patients with influenza in ICU,6,HHS Region,33.14
202103,2020-21,Influenza Hospital Admissions Rate Per 100k,7,HHS Region,0.08
202103,2020-21,Influenza Hospital Admissions,7,HHS Region,12.0
202103,2020-21,Influenza Hospitalization (Avg 7 Day),7,HHS Region,5.86
202103,2020-21,Average patients with influenza in ICU,7,HHS Region,0.43
202103,2020-21,Influenza Hospital Admissions Rate Per 100k,8,HHS Region,0.04
202103,2020-21,Influenza Hospital Admissions,8,HHS Region,5.0
202103,2020-21,Influenza Hospitalization (Avg 7 Day),8,HHS Region,4.43
202103,2020-21,Average patients with influenza in ICU,8,HHS Region,0.29
202103,2020-21,Influenza Hospital Admissions Rate Per 100k,9,HHS Region,0.09
202103,2020-21,Influenza Hospital Admissions,9,HHS Region,46.0
202103,2020-21,Influenza Hospitalization (Avg 7 Day),9,HHS Region,87.43
202103,2020-21,Average patients with influenza in ICU,9,HHS Region,14.57
202103,2020-21,Influenza Hospital Admissions Rate Per 100k,10,HHS Region,0.0
202103,2020-21,Influenza Hospital Admissions,10,HHS Region,0.0
202103,2020-21,Influenza Hospitalization (Avg 7 Day),10,HHS Region,5.14
202103,2020-21,Average patients with influenza in ICU,10,HHS Region,1.29
202104,2020-21,Influenza Hospital Admissions Rate Per 100k,1,HHS Region,0.01
202104,2020-21,Influenza Hospital Admissions,1,HHS Region,1.0
202104,2020-21,Influenza Hospitalization (Avg 7 Day),1,HHS Region,3.14
202104,2020-21,Average patients with influenza in ICU,1,HHS Region,0.14
202104,2020-21,Influenza Hospital Admissions Rate Per 100k,2,HHS Region,0.14
202104,2020-21,Influenza Hospital Admissions,2,HHS Region,45.0
202104,2020-21,Influenza Hospitalization (Avg 7 Day),2,HHS Region,36.29
202104,2020-21,Average patients with influenza in ICU,2,HHS Region,6.0
202104,2020-21,Influenza Hospital Admissions Rate Per 100k,3,HHS Region,0.11
202104,2020-21,Influenza Hospital Admissions,3,HHS Region,35.0
202104,2020-21,Influenza Hospitalization (Avg 7 Day),3,HHS Region,42.14
202104,2020-21,Average patients with influenza in ICU,3,HHS Region,11.57
202111,2020-21,Average patients with influenza in ICU,6,HHS Region,9.14
202111,2020-21,Influenza Hospital Admissions Rate Per 100k,7,HHS Region,0.01
202111,2020-21,Influenza Hospital Admissions,7,HHS Region,2.0
202111,2020-21,Influenza Hospitalization (Avg 7 Day),7,HHS Region,3.43
202111,2020-21,Average patients with influenza in ICU,7,HHS Region,0.0
202111,2020-21,Influenza Hospital Admissions Rate Per 100k,8,HHS Region,0.01
202111,2020-21,Influenza Hospital Admissions,8,HHS Region,1.0
202111,2020-21,Influenza Hospitalization (Avg 7 Day),8,HHS Region,1.86
202111,2020-21,Average patients with influenza in ICU,8,HHS Region,0.0
202111,2020-21,Influenza Hospital Admissions Rate Per 100k,9,HHS Region,0.03
202111,2020-21,Influenza Hospital Admissions,9,HHS Region,16.0
202111,2020-21,Influenza Hospitalization (Avg 7 Day),9,HHS Region,48.71
202111,2020-21,Average patients with influenza in ICU,9,HHS Region,4.0
202111,2020-21,Influenza Hospital Admissions Rate Per 100k,10,HHS Region,0.02
202111,2020-21,Influenza Hospital Admissions,10,HHS Region,3.0
202111,2020-21,Influenza Hospitalization (Avg 7 Day),10,HHS Region,2.0
202111,2020-21,Average patients with influenza in ICU,10,HHS Region,0.14
202112,2020-21,Influenza Hospital Admissions Rate Per 100k,1,HHS Region,0.01
202112,2020-21,Influenza Hospital Admissions,1,HHS Region,1.0
202112,2020-21,Influenza Hospitalization (Avg 7 Day),1,HHS Region,4.14
202112,2020-21,Average patients with influenza in ICU,1,HHS Region,0.29
202112,2020-21,Influenza Hospital Admissions Rate Per 100k,2,HHS Region,0.12
202112,2020-21,Influenza Hospital Admissions,2,HHS Region,37.0
202112,2020-21,Influenza Hospitalization (Avg 7 Day),2,HHS Region,67.43
202112,2020-21,Average patients with influenza in ICU,2,HHS Region,4.57
202112,2020-21,Influenza Hospital Admissions Rate Per 100k,3,HHS Region,0.12
202112,2020-21,Influenza Hospital Admissions,3,HHS Region,37.0
202112,2020-21,Influenza Hospitalization (Avg 7 Day),3,HHS Region,32.0
202112,2020-21,Average patients with influenza in ICU,3,HHS Region,8.86
202112,2020-21,Influenza Hospital Admissions Rate Per 100k,4,HHS Region,0.18
202112,2020-21,Influenza Hospital Admissions,4,HHS Region,121.0
202112,2020-21,Influenza Hospitalization (Avg 7 Day),4,HHS Region,89.43
202112,2020-21,Average patients with influenza in ICU,4,HHS Region,18.86
202112,2020-21,Influenza Hospital Admissions Rate Per 100k,5,HHS Region,0.03
202112,2020-21,Influenza Hospital Admissions,5,HHS Region,17.0
202112,2020-21,Influenza Hospitalization (Avg 7 Day),5,HHS Region,12.57
202112,2020-21,Average patients with influenza in ICU,5,HHS Region,2.43
202112,2020-21,Influenza Hospital Admissions Rate Per 100k,6,HHS Region,0.12
202112,2020-21,Influenza Hospital Admissions,6,HHS Region,53.0
202112,2020-21,Influenza Hospitalization (Avg 7 Day),6,HHS Region,41.86
202112,2020-21,Average patients with influenza in ICU,6,HHS Region,10.86
202112,2020-21,Influenza Hospital Admissions Rate Per 100k,7,HHS Region,0.1
202112,2020-21,Influenza Hospital Admissions,7,HHS Region,14.0
202112,2020-21,Influenza Hospitalization (Avg 7 Day),7,HHS Region,10.0
202112,2020-21,Average patients with influenza in ICU,7,HHS Region,1.29
202112,2020-21,Influenza Hospital Admissions Rate Per 100k,8,HHS Region,0.04
202112,2020-21,Influenza Hospital Admissions,8,HHS Region,5.0
202112,2020-21,Influenza Hospitalization (Avg 7 Day),8,HHS Region,1.0
202112,2020-21,Average patients with influenza in ICU,8,HHS Region,0.0
202112,2020-21,Influenza Hospital Admissions Rate Per 100k,9,HHS Region,0.04
202112,2020-21,Influenza Hospital Admissions,9,HHS Region,20.0
202112,2020-21,Influenza Hospitalization (Avg 7 Day),9,HHS Region,35.14
202112,2020-21,Average patients with influenza in ICU,9,HHS Region,2.86
202112,2020-21,Influenza Hospital Admissions Rate Per 100k,10,HHS Region,0.01
202112,2020-21,Influenza Hospital Admissions,10,HHS Region,2.0
202112,2020-21,Influenza Hospitalization (Avg 7 Day),10,HHS Region,1.57
202112,2020-21,Average patients with influenza in ICU,10,HHS Region,0.14
202120,2020-21,Influenza Hospital Admissions,3,HHS Region,28.0
202120,2020-21,Influenza Hospitalization (Avg 7 Day),3,HHS Region,18.57
202120,2020-21,Average patients with influenza in ICU,3,HHS Region,2.0
202120,2020-21,Influenza Hospital Admissions Rate Per 100k,4,HHS Region,0.15
202120,2020-21,Influenza Hospital Admissions,4,HHS Region,103.0
202120,2020-21,Influenza Hospitalization (Avg 7 Day),4,HHS Region,71.71
202120,2020-21,Average patients with influenza in ICU,4,HHS Region,13.86
202120,2020-21,Influenza Hospital Admissions Rate Per 100k,5,HHS Region,0.02
202120,2020-21,Influenza Hospital Admissions,5,HHS Region,8.0
202120,2020-21,Influenza Hospitalization (Avg 7 Day),5,HHS Region,9.0
202120,2020-21,Average patients with influenza in ICU,5,HHS Region,1.43
202120,2020-21,Influenza Hospital Admissions Rate Per 100k,6,HHS Region,0.1
202120,2020-21,Influenza Hospital Admissions,6,HHS Region,42.0
202120,2020-21,Influenza Hospitalization (Avg 7 Day),6,HHS Region,30.71
202120,2020-21,Average patients with influenza in ICU,6,HHS Region,12.14
202120,2020-21,Influenza Hospital Admissions Rate Per 100k,7,HHS Region,0.06
202120,2020-21,Influenza Hospital Admissions,7,HHS Region,8.0
202120,2020-21,Influenza Hospitalization (Avg 7 Day),7,HHS Region,2.71
202120,2020-21,Average patients with influenza in ICU,7,HHS Region,0.29
202120,2020-21,Influenza Hospital Admissions Rate Per 100k,8,HHS Region,0.03
202120,2020-21,Influenza Hospital Admissions,8,HHS Region,4.0
202120,2020-21,Influenza Hospitalization (Avg 7 Day),8,HHS Region,1.57
202120,2020-21,Average patients with influenza in ICU,8,HHS Region,0.0
202120,2020-21,Influenza Hospital Admissions Rate Per 100k,9,HHS Region,0.04
202120,2020-21,Influenza Hospital Admissions,9,HHS Region,18.0
202120,2020-21,Influenza Hospitalization (Avg 7 Day),9,HHS Region,18.29
202120,2020-21,Average patients with influenza in ICU,9,HHS Region,0.57
202120,2020-21,Influenza Hospital Admissions Rate Per 100k,10,HHS Region,0.02
202120,2020-21,Influenza Hospital Admissions,10,HHS Region,3.0
202120,2020-21,Influenza Hospitalization (Avg 7 Day),10,HHS Region,0.71
202120,2020-21,Average patients with influenza in ICU,10,HHS Region,0.14
202121,2020-21,Influenza Hospital Admissions Rate Per 100k,1,HHS Region,0.0
202121,2020-21,Influenza Hospital Admissions,1,HHS Region,0.0
202121,2020-21,Influenza Hospitalization (Avg 7 Day),1,HHS Region,2.29
202121,2020-21,Average patients with influenza in ICU,1,HHS Region,1.29
202121,2020-21,Influenza Hospital Admissions Rate Per 100k,2,HHS Region,0.08
202121,2020-21,Influenza Hospital Admissions,2,HHS Region,25.0
202121,2020-21,Influenza Hospitalization (Avg 7 Day),2,HHS Region,80.29
202121,2020-21,Average patients with influenza in ICU,2,HHS Region,4.86
202121,2020-21,Influenza Hospital Admissions Rate Per 100k,3,HHS Region,0.1
202121,2020-21,Influenza Hospital Admissions,3,HHS Region,30.0
202121,2020-21,Influenza Hospitalization (Avg 7 Day),3,HHS Region,15.71
202121,2020-21,Average patients with influenza in ICU,3,HHS Region,0.14
202121,2020-21,Influenza Hospital Admissions Rate Per 100k,4,HHS Region,0.11
202121,2020-21,Influenza Hospital Admissions,4,HHS Region,75.0
202121,2020-21,Influenza Hospitalization (Avg 7 Day),4,HHS Region,57.0
202121,2020-21,Average patients with influenza in ICU,4,HHS Region,10.14
202121,2020-21,Influenza Hospital Admissions Rate Per 100k,5,HHS Region,0.02
202121,2020-21,Influenza Hospital Admissions,5,HHS Region,13.0
202121,2020-21,Influenza Hospitalization (Avg 7 Day),5,HHS Region,10.14
202121,2020-21,Average patients with influenza in ICU,5,HHS Region,2.43
202121,2020-21,Influenza Hospital Admissions Rate Per 100k,6,HHS Region,0.11
202121,2020-21,Influenza Hospital Admissions,6,HHS Region,46.0
202121,2020-21,Influenza Hospitalization (Avg 7 Day),6,HHS Region,30.14
202121,2020-21,Average patients with influenza in ICU,6,HHS Region,11.71
202121,2020-21,Influenza Hospital Admissions Rate Per 100k,7,HHS Region,0.03
202121,2020-21,Influenza Hospital Admissions,7,HHS Region,4.0
202121,2020-21,Influenza Hospitalization (Avg 7 Day),7,HHS Region,2.43
202121,2020-21,Average patients with influenza in ICU,7,HHS Region,0.14
202128,2020-21,Average patients with influenza in ICU,10,HHS Region,0.0
202129,2020-21,Influenza Hospital Admissions Rate Per 100k,1,HHS Region,0.0
202129,2020-21,Influenza Hospital Admissions,1,HHS Region,0.0
202129,2020-21,Influenza Hospitalization (Avg 7 Day),1,HHS Region,1.43
202129,2020-21,Average patients with influenza in ICU,1,HHS Region,0.0
202129,2020-21,Influenza Hospital Admissions Rate Per 100k,2,HHS Region,0.08
202129,2020-21,Influenza Hospital Admissions,2,HHS Region,24.0
202129,2020-21,Influenza Hospitalization (Avg 7 Day),2,HHS Region,76.86
202129,2020-21,Average patients with influenza in ICU,2,HHS Region,4.29
202129,2020-21,Influenza Hospital Admissions Rate Per 100k,3,HHS Region,0.11
202129,2020-21,Influenza Hospital Admissions,3,HHS Region,34.0
202129,2020-21,Influenza Hospitalization (Avg 7 Day),3,HHS Region,26.57
202129,2020-21,Average patients with influenza in ICU,3,HHS Region,3.14
202129,2020-21,Influenza Hospital Admissions Rate Per 100k,4,HHS Region,0.1
202129,2020-21,Influenza Hospital Admissions,4,HHS Region,65.0
202129,2020-21,Influenza Hospitalization (Avg 7 Day),4,HHS Region,64.57
202129,2020-21,Average patients with influenza in ICU,4,HHS Region,9.57
202129,2020-21,Influenza Hospital Admissions Rate Per 100k,5,HHS Region,0.03
202129,2020-21,Influenza Hospital Admissions,5,HHS Region,17.0
202129,2020-21,Influenza Hospitalization (Avg 7 Day),5,HHS Region,13.43
202129,2020-21,Average patients with influenza in ICU,5,HHS Region,0.71
202129,2020-21,Influenza Hospital Admissions Rate Per 100k,6,HHS Region,0.22
202129,2020-21,Influenza Hospital Admissions,6,HHS Region,95.0
202129,2020-21,Influenza Hospitalization (Avg 7 Day),6,HHS Region,34.0
202129,2020-21,Average patients with influenza in ICU,6,HHS Region,8.57
202129,2020-21,Influenza Hospital Admissions Rate Per 100k,7,HHS Region,0.03
202129,2020-21,Influenza Hospital Admissions,7,HHS Region,4.0
202129,2020-21,Influenza Hospitalization (Avg 7 Day),7,HHS Region,2.43
202129,2020-21,Average patients with influenza in ICU,7,HHS Region,1.14
202129,2020-21,Influenza Hospital Admissions Rate Per 100k,8,HHS Region,0.02
202129,2020-21,Influenza Hospital Admissions,8,HHS Region,2.0
202129,2020-21,Influenza Hospitalization (Avg 7 Day),8,HHS Region,4.0
202129,2020-21,Average patients with influenza in ICU,8,HHS Region,0.0
202129,2020-21,Influenza Hospital Admissions Rate Per 100k,9,HHS Region,0.02
202129,2020-21,Influenza Hospital Admissions,9,HHS Region,12.0
202129,2020-21,Influenza Hospitalization (Avg 7 Day),9,HHS Region,17.0
202129,2020-21,Average patients with influenza in ICU,9,HHS Region,1.57
202129,2020-21,Influenza Hospital Admissions Rate Per 100k,10,HHS Region,0.01
202129,2020-21,Influenza Hospital Admissions,10,HHS Region,1.0
202129,2020-21,Influenza Hospitalization (Avg 7 Day),10,HHS Region,0.29
202129,2020-21,Average patients with influenza in ICU,10,HHS Region,0.0
202130,2020-21,Influenza Hospital Admissions Rate Per 100k,1,HHS Region,0.01
202130,2020-21,Influenza Hospital Admissions,1,HHS Region,1.0
202130,2020-21,Influenza Hospitalization (Avg 7 Day),1,HHS Region,1.71
202130,2020-21,Average patients with influenza in ICU,1,HHS Region,0.0
202130,2020-21,Influenza Hospital Admissions Rate Per 100k,2,HHS Region,0.06
202130,2020-21,Influenza Hospital Admissions,2,HHS Region,20.0
202130,2020-21,Influenza Hospitalization (Avg 7 Day),2,HHS Region,76.86
202130,2020-21,Average patients with influenza in ICU,2,HHS Region,2.57
202130,2020-21,Influenza Hospital Admissions Rate Per 100k,3,HHS Region,0.11
202130,2020-21,Influenza Hospital Admissions,3,HHS Region,35.0
202130,2020-21,Influenza Hospitalization (Avg 7 Day),3,HHS Region,21.14
202130,2020-21,Average patients with influenza in ICU,3,HHS Region,3.0
202130,2020-21,Influenza Hospital Admissions Rate Per 100k,4,HHS Region,0.11
202130,2020-21,Influenza Hospital Admissions,4,HHS Region,76.0
202137,2020-21,Influenza Hospital Admissions,7,HHS Region,2.0
202137,2020-21,Influenza Hospitalization (Avg 7 Day),7,HHS Region,1.0
202137,2020-21,Average patients with influenza in ICU,7,HHS Region,0.0
202137,2020-21,Influenza Hospital Admissions Rate Per 100k,8,HHS Region,0.02
202137,2020-21,Influenza Hospital Admissions,8,HHS Region,3.0
202137,2020-21,Influenza Hospitalization (Avg 7 Day),8,HHS Region,1.29
202137,2020-21,Average patients with influenza in ICU,8,HHS Region,0.29
202137,2020-21,Influenza Hospital Admissions Rate Per 100k,9,HHS Region,0.02
202137,2020-21,Influenza Hospital Admissions,9,HHS Region,10.0
202137,2020-21,Influenza Hospitalization (Avg 7 Day),9,HHS Region,14.57
202137,2020-21,Average patients with influenza in ICU,9,HHS Region,1.86
202137,2020-21,Influenza Hospital Admissions Rate Per 100k,10,HHS Region,0.01
202137,2020-21,Influenza Hospital Admissions,10,HHS Region,2.0
202137,2020-21,Influenza Hospitalization (Avg 7 Day),10,HHS Region,0.57
202137,2020-21,Average patients with influenza in ICU,10,HHS Region,0.0
202138,2020-21,Influenza Hospital Admissions Rate Per 100k,1,HHS Region,0.0
202138,2020-21,Influenza Hospital Admissions,1,HHS Region,0.0
202138,2020-21,Influenza Hospitalization (Avg 7 Day),1,HHS Region,1.14
202138,2020-21,Average patients with influenza in ICU,1,HHS Region,0.0
202138,2020-21,Influenza Hospital Admissions Rate Per 100k,2,HHS Region,0.1
202138,2020-21,Influenza Hospital Admissions,2,HHS Region,31.0
202138,2020-21,Influenza Hospitalization (Avg 7 Day),2,HHS Region,83.71
202138,2020-21,Average patients with influenza in ICU,2,HHS Region,3.71
202138,2020-21,Influenza Hospital Admissions Rate Per 100k,3,HHS Region,0.07
202138,2020-21,Influenza Hospital Admissions,3,HHS Region,22.0
202138,2020-21,Influenza Hospitalization (Avg 7 Day),3,HHS Region,30.29
202138,2020-21,Average patients with influenza in ICU,3,HHS Region,9.71
202138,2020-21,Influenza Hospital Admissions Rate Per 100k,4,HHS Region,0.1
202138,2020-21,Influenza Hospital Admissions,4,HHS Region,65.0
202138,2020-21,Influenza Hospitalization (Avg 7 Day),4,HHS Region,57.43
202138,2020-21,Average patients with influenza in ICU,4,HHS Region,15.29
202138,2020-21,Influenza Hospital Admissions Rate Per 100k,5,HHS Region,0.06
202138,2020-21,Influenza Hospital Admissions,5,HHS Region,30.0
202138,2020-21,Influenza Hospitalization (Avg 7 Day),5,HHS Region,21.71
202138,2020-21,Average patients with influenza in ICU,5,HHS Region,6.86
202138,2020-21,Influenza Hospital Admissions Rate Per 100k,6,HHS Region,0.08
202138,2020-21,Influenza Hospital Admissions,6,HHS Region,33.0
202138,2020-21,Influenza Hospitalization (Avg 7 Day),6,HHS Region,27.71
202138,2020-21,Average patients with influenza in ICU,6,HHS Region,10.29
202138,2020-21,Influenza Hospital Admissions Rate Per 100k,7,HHS Region,0.1
202138,2020-21,Influenza Hospital Admissions,7,HHS Region,14.0
202138,2020-21,Influenza Hospitalization (Avg 7 Day),7,HHS Region,1.86
202138,2020-21,Average patients with influenza in ICU,7,HHS Region,0.57
202138,2020-21,Influenza Hospital Admissions Rate Per 100k,8,HHS Region,0.02
202138,2020-21,Influenza Hospital Admissions,8,HHS Region,2.0
202138,2020-21,Influenza Hospitalization (Avg 7 Day),8,HHS Region,2.71
202138,2020-21,Average patients with influenza in ICU,8,HHS Region,0.0
202138,2020-21,Influenza Hospital Admissions Rate Per 100k,9,HHS Region,0.02
202138,2020-21,Influenza Hospital Admissions,9,HHS Region,12.0
202138,2020-21,Influenza Hospitalization (Avg 7 Day),9,HHS Region,14.86
202138,2020-21,Average patients with influenza in ICU,9,HHS Region,0.57
202138,2020-21,Influenza Hospital Admissions Rate Per 100k,10,HHS Region,0.01
202138,2020-21,Influenza Hospital Admissions,10,HHS Region,1.0
202138,2020-21,Influenza Hospitalization (Avg 7 Day),10,HHS Region,0.86
202138,2020-21,Average patients with influenza in ICU,10,HHS Region,0.43
