AREA,SUB AREA,AGE GROUP,SEASON,WEEK,THRESHOLD,BASELINE,PERCENT I,PERCENT P&I,PERCENT PIC,NUM INFLUENZA DEATHS,NUM PNEUMONIA DEATHS,NUM COVID-19 DEATHS,TOTAL PIC,TOTAL DEATHS,PERCENT COMPLETE
2024-25,40,6.3,5.8,,5.7,6.7,34,"""""""""""""""""""""""""""""""""""""""""""""""""""""""""""""""3""""""""""""""""""""""""""""""","""""""""""""""""""""""""""""""160""""""""""""""""""""""""""""""""""""""""""""""""""""""""""""""",968,"""""""""""""""""""""""""""""""""""""""""""""""""""""""""""""""3""""""""""""""""""""""""""""""","""""""""""""""""""""""""""""""771""""""""""""""""""""""""""""""""""""""""""""""""""""""""""""""","""""""""""""""""""""""""""""""""""""""""""""""""""""""""""""""56""""""""""""""""""""""""""""""","""""""""""""""""""""""""""""""364""""""""""""""""""""""""""""""""""""""""""""""""""""""""""""""",> 100%
2024-25,41,6.4,5.9,,5.7,6.4,26,"""""""""""""""""""""""""""""""""""""""""""""""""""""""""""""""3""""""""""""""""""""""""""""""","""""""""""""""""""""""""""""""208""""""""""""""""""""""""""""""""""""""""""""""""""""""""""""""",802,"""""""""""""""""""""""""""""""""""""""""""""""""""""""""""""""3""""""""""""""""""""""""""""""","""""""""""""""""""""""""""""""679""""""""""""""""""""""""""""""""""""""""""""""""""""""""""""""","""""""""""""""""""""""""""""""""""""""""""""""""""""""""""""""57""""""""""""""""""""""""""""""","""""""""""""""""""""""""""""""120""""""""""""""""""""""""""""""""""""""""""""""""""""""""""""""",> 100%
2024-25,42,6.5,6.0,,5.7,6.5,29,"""""""""""""""""""""""""""""""""""""""""""""""""""""""""""""""3""""""""""""""""""""""""""""""","""""""""""""""""""""""""""""""259""""""""""""""""""""""""""""""""""""""""""""""""""""""""""""""",731,"""""""""""""""""""""""""""""""""""""""""""""""""""""""""""""""3""""""""""""""""""""""""""""""","""""""""""""""""""""""""""""""708""""""""""""""""""""""""""""""""""""""""""""""""""""""""""""""","""""""""""""""""""""""""""""""""""""""""""""""""""""""""""""""57""""""""""""""""""""""""""""""","""""""""""""""""""""""""""""""420""""""""""""""""""""""""""""""""""""""""""""""""""""""""""""""",> 100%
2024-25,43,6.6,6.1,,5.7,6.4,24,"""""""""""""""""""""""""""""""""""""""""""""""""""""""""""""""3""""""""""""""""""""""""""""""","""""""""""""""""""""""""""""""256""""""""""""""""""""""""""""""""""""""""""""""""""""""""""""""",642,"""""""""""""""""""""""""""""""""""""""""""""""""""""""""""""""3""""""""""""""""""""""""""""""","""""""""""""""""""""""""""""""665""""""""""""""""""""""""""""""""""""""""""""""""""""""""""""""","""""""""""""""""""""""""""""""""""""""""""""""""""""""""""""""57""""""""""""""""""""""""""""""","""""""""""""""""""""""""""""""655""""""""""""""""""""""""""""""""""""""""""""""""""""""""""""""",> 100%
2024-25,44,6.7,6.3,,5.6,6.3,37,"""""""""""""""""""""""""""""""""""""""""""""""""""""""""""""""3""""""""""""""""""""""""""""""","""""""""""""""""""""""""""""""206""""""""""""""""""""""""""""""""""""""""""""""""""""""""""""""",600,"""""""""""""""""""""""""""""""""""""""""""""""""""""""""""""""3""""""""""""""""""""""""""""""","""""""""""""""""""""""""""""""600""""""""""""""""""""""""""""""""""""""""""""""""""""""""""""""","""""""""""""""""""""""""""""""""""""""""""""""""""""""""""""""57""""""""""""""""""""""""""""""","""""""""""""""""""""""""""""""483""""""""""""""""""""""""""""""""""""""""""""""""""""""""""""""",> 100%
2024-25,45,6.9,6.4,,5.4,6.0,35,"""""""""""""""""""""""""""""""""""""""""""""""""""""""""""""""3""""""""""""""""""""""""""""""","""""""""""""""""""""""""""""""083""""""""""""""""""""""""""""""""""""""""""""""""""""""""""""""",553,"""""""""""""""""""""""""""""""""""""""""""""""""""""""""""""""3""""""""""""""""""""""""""""""","""""""""""""""""""""""""""""""456""""""""""""""""""""""""""""""""""""""""""""""""""""""""""""""","""""""""""""""""""""""""""""""""""""""""""""""""""""""""""""""57""""""""""""""""""""""""""""""","""""""""""""""""""""""""""""""557""""""""""""""""""""""""""""""""""""""""""""""""""""""""""""""",> 100%
2024-25,46,7.0,6.5,,5.5,6.1,30,"""""""""""""""""""""""""""""""""""""""""""""""""""""""""""""""3""""""""""""""""""""""""""""""","""""""""""""""""""""""""""""""116""""""""""""""""""""""""""""""""""""""""""""""""""""""""""""""",526,"""""""""""""""""""""""""""""""""""""""""""""""""""""""""""""""3""""""""""""""""""""""""""""""","""""""""""""""""""""""""""""""462""""""""""""""""""""""""""""""""""""""""""""""""""""""""""""""","""""""""""""""""""""""""""""""""""""""""""""""""""""""""""""""56""""""""""""""""""""""""""""""","""""""""""""""""""""""""""""""828""""""""""""""""""""""""""""""""""""""""""""""""""""""""""""""",> 100%
2024-25,47,7.1,6.6,,5.6,6.0,54,"""""""""""""""""""""""""""""""""""""""""""""""""""""""""""""""3""""""""""""""""""""""""""""""","""""""""""""""""""""""""""""""147""""""""""""""""""""""""""""""""""""""""""""""""""""""""""""""",468,"""""""""""""""""""""""""""""""""""""""""""""""""""""""""""""""3""""""""""""""""""""""""""""""","""""""""""""""""""""""""""""""475""""""""""""""""""""""""""""""""""""""""""""""""""""""""""""""","""""""""""""""""""""""""""""""""""""""""""""""""""""""""""""""57""""""""""""""""""""""""""""""","""""""""""""""""""""""""""""""445""""""""""""""""""""""""""""""""""""""""""""""""""""""""""""""",> 100%
2024-25,48,7.2,6.8,,5.7,6.2,67,"""""""""""""""""""""""""""""""""""""""""""""""""""""""""""""""3""""""""""""""""""""""""""""""","""""""""""""""""""""""""""""""189""""""""""""""""""""""""""""""""""""""""""""""""""""""""""""""",488,"""""""""""""""""""""""""""""""""""""""""""""""""""""""""""""""3""""""""""""""""""""""""""""""","""""""""""""""""""""""""""""""536""""""""""""""""""""""""""""""""""""""""""""""""""""""""""""""","""""""""""""""""""""""""""""""""""""""""""""""""""""""""""""""57""""""""""""""""""""""""""""""","""""""""""""""""""""""""""""""123""""""""""""""""""""""""""""""""""""""""""""""""""""""""""""""",> 100%
2024-25,49,7.4,6.9,,6.0,6.4,83,"""""""""""""""""""""""""""""""""""""""""""""""""""""""""""""""3""""""""""""""""""""""""""""""","""""""""""""""""""""""""""""""454""""""""""""""""""""""""""""""""""""""""""""""""""""""""""""""",486,"""""""""""""""""""""""""""""""""""""""""""""""""""""""""""""""3""""""""""""""""""""""""""""""","""""""""""""""""""""""""""""""819""""""""""""""""""""""""""""""""""""""""""""""""""""""""""""""","""""""""""""""""""""""""""""""""""""""""""""""""""""""""""""""59""""""""""""""""""""""""""""""","""""""""""""""""""""""""""""""216""""""""""""""""""""""""""""""""""""""""""""""""""""""""""""""",> 100%
2024-25,50,7.5,7.0,,6.2,6.7,152,"""""""""""""""""""""""""""""""""""""""""""""""""""""""""""""""3""""""""""""""""""""""""""""""","""""""""""""""""""""""""""""""630""""""""""""""""""""""""""""""""""""""""""""""""""""""""""""""",558,"""""""""""""""""""""""""""""""""""""""""""""""""""""""""""""""4""""""""""""""""""""""""""""""","""""""""""""""""""""""""""""""109""""""""""""""""""""""""""""""""""""""""""""""""""""""""""""""","""""""""""""""""""""""""""""""""""""""""""""""""""""""""""""""61""""""""""""""""""""""""""""""","""""""""""""""""""""""""""""""166""""""""""""""""""""""""""""""""""""""""""""""""""""""""""""""",> 100%
2024-25,51,7.6,7.1,,6.6,7.2,214,"""""""""""""""""""""""""""""""""""""""""""""""""""""""""""""""3""""""""""""""""""""""""""""""","""""""""""""""""""""""""""""""786""""""""""""""""""""""""""""""""""""""""""""""""""""""""""""""",578,"""""""""""""""""""""""""""""""""""""""""""""""""""""""""""""""4""""""""""""""""""""""""""""""","""""""""""""""""""""""""""""""337""""""""""""""""""""""""""""""""""""""""""""""""""""""""""""""","""""""""""""""""""""""""""""""""""""""""""""""""""""""""""""""60""""""""""""""""""""""""""""""","""""""""""""""""""""""""""""""336""""""""""""""""""""""""""""""""""""""""""""""""""""""""""""""",> 100%
2024-25,52,7.7,7.2,,6.6,7.2,388,"""""""""""""""""""""""""""""""""""""""""""""""""""""""""""""""3""""""""""""""""""""""""""""""","""""""""""""""""""""""""""""""680""""""""""""""""""""""""""""""""""""""""""""""""""""""""""""""",657,"""""""""""""""""""""""""""""""""""""""""""""""""""""""""""""""4""""""""""""""""""""""""""""""","""""""""""""""""""""""""""""""426""""""""""""""""""""""""""""""""""""""""""""""""""""""""""""""","""""""""""""""""""""""""""""""""""""""""""""""""""""""""""""""61""""""""""""""""""""""""""""""","""""""""""""""""""""""""""""""868""""""""""""""""""""""""""""""""""""""""""""""""""""""""""""""",> 100%
2024-25,1,7.7,7.3,,7.8,8.7,709,"""""""""""""""""""""""""""""""""""""""""""""""""""""""""""""""4""""""""""""""""""""""""""""""","""""""""""""""""""""""""""""""222""""""""""""""""""""""""""""""""""""""""""""""""""""""""""""""",871,"""""""""""""""""""""""""""""""""""""""""""""""""""""""""""""""5""""""""""""""""""""""""""""""","""""""""""""""""""""""""""""""439""""""""""""""""""""""""""""""""""""""""""""""""""""""""""""""","""""""""""""""""""""""""""""""""""""""""""""""""""""""""""""""62""""""""""""""""""""""""""""""","""""""""""""""""""""""""""""""837""""""""""""""""""""""""""""""""""""""""""""""""""""""""""""""",> 100%
2024-25,3,7.9,7.4,,8.5,9.3,910,"""""""""""""""""""""""""""""""""""""""""""""""""""""""""""""""4""""""""""""""""""""""""""""""","""""""""""""""""""""""""""""""539""""""""""""""""""""""""""""""""""""""""""""""""""""""""""""""",969,"""""""""""""""""""""""""""""""""""""""""""""""""""""""""""""""5""""""""""""""""""""""""""""""","""""""""""""""""""""""""""""""984""""""""""""""""""""""""""""""""""""""""""""""""""""""""""""""","""""""""""""""""""""""""""""""""""""""""""""""""""""""""""""""64""""""""""""""""""""""""""""""","""""""""""""""""""""""""""""""134""""""""""""""""""""""""""""""""""""""""""""""""""""""""""""""",> 100%
2024-25,8,7.9,7.4,,9.4,10.1,708,"""""""""""""""""""""""""""""""""""""""""""""""""""""""""""""""1""""""""""""""""""""""""""""""","""""""""""""""""""""""""""""""698""""""""""""""""""""""""""""""""""""""""""""""""""""""""""""""",283,"""""""""""""""""""""""""""""""""""""""""""""""""""""""""""""""2""""""""""""""""""""""""""""""","""""""""""""""""""""""""""""""577""""""""""""""""""""""""""""""""""""""""""""""""""""""""""""""","""""""""""""""""""""""""""""""""""""""""""""""""""""""""""""""25""""""""""""""""""""""""""""""","""""""""""""""""""""""""""""""527""""""""""""""""""""""""""""""""""""""""""""""""""""""""""""""",53.7%
2023-24,12,7.5,7.0,,6.6,7.5,265,"""""""""""""""""""""""""""""""""""""""""""""""""""""""""""""""3""""""""""""""""""""""""""""""","""""""""""""""""""""""""""""""619""""""""""""""""""""""""""""""""""""""""""""""""""""""""""""""",850,"""""""""""""""""""""""""""""""""""""""""""""""""""""""""""""""4""""""""""""""""""""""""""""""","""""""""""""""""""""""""""""""386""""""""""""""""""""""""""""""""""""""""""""""""""""""""""""""","""""""""""""""""""""""""""""""""""""""""""""""""""""""""""""""58""""""""""""""""""""""""""""""","""""""""""""""""""""""""""""""441""""""""""""""""""""""""""""""""""""""""""""""""""""""""""""""",> 100%
2023-24,13,7.4,6.9,,6.6,7.3,236,"""""""""""""""""""""""""""""""""""""""""""""""""""""""""""""""3""""""""""""""""""""""""""""""","""""""""""""""""""""""""""""""624""""""""""""""""""""""""""""""""""""""""""""""""""""""""""""""",737,"""""""""""""""""""""""""""""""""""""""""""""""""""""""""""""""4""""""""""""""""""""""""""""""","""""""""""""""""""""""""""""""305""""""""""""""""""""""""""""""""""""""""""""""""""""""""""""""","""""""""""""""""""""""""""""""""""""""""""""""""""""""""""""""58""""""""""""""""""""""""""""""","""""""""""""""""""""""""""""""709""""""""""""""""""""""""""""""""""""""""""""""""""""""""""""""",> 100%
2023-24,14,7.3,6.8,,6.4,7.0,202,"""""""""""""""""""""""""""""""""""""""""""""""""""""""""""""""3""""""""""""""""""""""""""""""","""""""""""""""""""""""""""""""567""""""""""""""""""""""""""""""""""""""""""""""""""""""""""""""",631,"""""""""""""""""""""""""""""""""""""""""""""""""""""""""""""""4""""""""""""""""""""""""""""""","""""""""""""""""""""""""""""""140""""""""""""""""""""""""""""""""""""""""""""""""""""""""""""""","""""""""""""""""""""""""""""""""""""""""""""""""""""""""""""""58""""""""""""""""""""""""""""""","""""""""""""""""""""""""""""""728""""""""""""""""""""""""""""""""""""""""""""""""""""""""""""""",> 100%
2023-24,15,7.2,6.7,,6.5,7.1,202,"""""""""""""""""""""""""""""""""""""""""""""""""""""""""""""""3""""""""""""""""""""""""""""""","""""""""""""""""""""""""""""""625""""""""""""""""""""""""""""""""""""""""""""""""""""""""""""""",570,"""""""""""""""""""""""""""""""""""""""""""""""""""""""""""""""4""""""""""""""""""""""""""""""","""""""""""""""""""""""""""""""164""""""""""""""""""""""""""""""""""""""""""""""""""""""""""""""","""""""""""""""""""""""""""""""""""""""""""""""""""""""""""""""58""""""""""""""""""""""""""""""","""""""""""""""""""""""""""""""992""""""""""""""""""""""""""""""""""""""""""""""""""""""""""""""",> 100%
2023-24,16,7.1,6.6,,6.0,6.5,163,"""""""""""""""""""""""""""""""""""""""""""""""""""""""""""""""3""""""""""""""""""""""""""""""","""""""""""""""""""""""""""""""301""""""""""""""""""""""""""""""""""""""""""""""""""""""""""""""",499,"""""""""""""""""""""""""""""""""""""""""""""""""""""""""""""""3""""""""""""""""""""""""""""""","""""""""""""""""""""""""""""""775""""""""""""""""""""""""""""""""""""""""""""""""""""""""""""""","""""""""""""""""""""""""""""""""""""""""""""""""""""""""""""""57""""""""""""""""""""""""""""""","""""""""""""""""""""""""""""""721""""""""""""""""""""""""""""""""""""""""""""""""""""""""""""""",> 100%
2023-24,17,7.0,6.5,,6.0,6.4,109,"""""""""""""""""""""""""""""""""""""""""""""""""""""""""""""""3""""""""""""""""""""""""""""""","""""""""""""""""""""""""""""""309""""""""""""""""""""""""""""""""""""""""""""""""""""""""""""""",427,"""""""""""""""""""""""""""""""""""""""""""""""""""""""""""""""3""""""""""""""""""""""""""""""","""""""""""""""""""""""""""""""685""""""""""""""""""""""""""""""""""""""""""""""""""""""""""""""","""""""""""""""""""""""""""""""""""""""""""""""""""""""""""""""57""""""""""""""""""""""""""""""","""""""""""""""""""""""""""""""262""""""""""""""""""""""""""""""""""""""""""""""""""""""""""""""",> 100%
2023-24,18,6.8,6.4,,5.8,6.2,86,"""""""""""""""""""""""""""""""""""""""""""""""""""""""""""""""3""""""""""""""""""""""""""""""","""""""""""""""""""""""""""""""200""""""""""""""""""""""""""""""""""""""""""""""""""""""""""""""",426,"""""""""""""""""""""""""""""""""""""""""""""""""""""""""""""""3""""""""""""""""""""""""""""""","""""""""""""""""""""""""""""""541""""""""""""""""""""""""""""""""""""""""""""""""""""""""""""""","""""""""""""""""""""""""""""""""""""""""""""""""""""""""""""""56""""""""""""""""""""""""""""""","""""""""""""""""""""""""""""""999""""""""""""""""""""""""""""""""""""""""""""""""""""""""""""""",> 100%
2023-24,19,6.7,6.3,,5.9,6.2,101,"""""""""""""""""""""""""""""""""""""""""""""""""""""""""""""""3""""""""""""""""""""""""""""""","""""""""""""""""""""""""""""""240""""""""""""""""""""""""""""""""""""""""""""""""""""""""""""""",335,"""""""""""""""""""""""""""""""""""""""""""""""""""""""""""""""3""""""""""""""""""""""""""""""","""""""""""""""""""""""""""""""524""""""""""""""""""""""""""""""""""""""""""""""""""""""""""""""","""""""""""""""""""""""""""""""""""""""""""""""""""""""""""""""56""""""""""""""""""""""""""""""","""""""""""""""""""""""""""""""805""""""""""""""""""""""""""""""""""""""""""""""""""""""""""""""",> 100%
2023-24,20,6.6,6.2,,5.7,6.1,62,"""""""""""""""""""""""""""""""""""""""""""""""""""""""""""""""3""""""""""""""""""""""""""""""","""""""""""""""""""""""""""""""186""""""""""""""""""""""""""""""""""""""""""""""""""""""""""""""",340,"""""""""""""""""""""""""""""""""""""""""""""""""""""""""""""""3""""""""""""""""""""""""""""""","""""""""""""""""""""""""""""""457""""""""""""""""""""""""""""""""""""""""""""""""""""""""""""""","""""""""""""""""""""""""""""""""""""""""""""""""""""""""""""""56""""""""""""""""""""""""""""""","""""""""""""""""""""""""""""""495""""""""""""""""""""""""""""""""""""""""""""""""""""""""""""""",> 100%
2023-24,21,6.5,6.0,,5.6,5.9,49,"""""""""""""""""""""""""""""""""""""""""""""""""""""""""""""""3""""""""""""""""""""""""""""""","""""""""""""""""""""""""""""""091""""""""""""""""""""""""""""""""""""""""""""""""""""""""""""""",344,"""""""""""""""""""""""""""""""""""""""""""""""""""""""""""""""3""""""""""""""""""""""""""""""","""""""""""""""""""""""""""""""349""""""""""""""""""""""""""""""""""""""""""""""""""""""""""""""","""""""""""""""""""""""""""""""""""""""""""""""""""""""""""""""56""""""""""""""""""""""""""""""","""""""""""""""""""""""""""""""365""""""""""""""""""""""""""""""""""""""""""""""""""""""""""""""",> 100%
2023-24,22,6.4,5.9,,5.5,5.9,46,"""""""""""""""""""""""""""""""""""""""""""""""""""""""""""""""3""""""""""""""""""""""""""""""","""""""""""""""""""""""""""""""043""""""""""""""""""""""""""""""""""""""""""""""""""""""""""""""",326,"""""""""""""""""""""""""""""""""""""""""""""""""""""""""""""""3""""""""""""""""""""""""""""""","""""""""""""""""""""""""""""""298""""""""""""""""""""""""""""""""""""""""""""""""""""""""""""""","""""""""""""""""""""""""""""""""""""""""""""""""""""""""""""""55""""""""""""""""""""""""""""""","""""""""""""""""""""""""""""""708""""""""""""""""""""""""""""""""""""""""""""""""""""""""""""""",> 100%
2023-24,23,6.3,5.8,,5.7,6.0,50,"""""""""""""""""""""""""""""""""""""""""""""""""""""""""""""""3""""""""""""""""""""""""""""""","""""""""""""""""""""""""""""""205""""""""""""""""""""""""""""""""""""""""""""""""""""""""""""""",314,"""""""""""""""""""""""""""""""""""""""""""""""""""""""""""""""3""""""""""""""""""""""""""""""","""""""""""""""""""""""""""""""434""""""""""""""""""""""""""""""""""""""""""""""""""""""""""""""","""""""""""""""""""""""""""""""""""""""""""""""""""""""""""""""56""""""""""""""""""""""""""""""","""""""""""""""""""""""""""""""847""""""""""""""""""""""""""""""""""""""""""""""""""""""""""""""",> 100%
2023-24,24,6.2,5.7,,5.5,5.9,41,"""""""""""""""""""""""""""""""""""""""""""""""""""""""""""""""3""""""""""""""""""""""""""""""","""""""""""""""""""""""""""""""088""""""""""""""""""""""""""""""""""""""""""""""""""""""""""""""",366,"""""""""""""""""""""""""""""""""""""""""""""""""""""""""""""""3""""""""""""""""""""""""""""""","""""""""""""""""""""""""""""""337""""""""""""""""""""""""""""""""""""""""""""""""""""""""""""""","""""""""""""""""""""""""""""""""""""""""""""""""""""""""""""""56""""""""""""""""""""""""""""""","""""""""""""""""""""""""""""""388""""""""""""""""""""""""""""""""""""""""""""""""""""""""""""""",> 100%
2023-24,25,6.1,5.6,,5.5,6.0,45,"""""""""""""""""""""""""""""""""""""""""""""""""""""""""""""""3""""""""""""""""""""""""""""""","""""""""""""""""""""""""""""""061""""""""""""""""""""""""""""""""""""""""""""""""""""""""""""""",432,"""""""""""""""""""""""""""""""""""""""""""""""""""""""""""""""3""""""""""""""""""""""""""""""","""""""""""""""""""""""""""""""351""""""""""""""""""""""""""""""""""""""""""""""""""""""""""""""","""""""""""""""""""""""""""""""""""""""""""""""""""""""""""""""56""""""""""""""""""""""""""""""","""""""""""""""""""""""""""""""073""""""""""""""""""""""""""""""""""""""""""""""""""""""""""""""",> 100%
2023-24,26,6.0,5.5,,5.3,5.8,29,"""""""""""""""""""""""""""""""""""""""""""""""""""""""""""""""2""""""""""""""""""""""""""""""","""""""""""""""""""""""""""""""998""""""""""""""""""""""""""""""""""""""""""""""""""""""""""""""",443,"""""""""""""""""""""""""""""""""""""""""""""""""""""""""""""""3""""""""""""""""""""""""""""""","""""""""""""""""""""""""""""""307""""""""""""""""""""""""""""""""""""""""""""""""""""""""""""""","""""""""""""""""""""""""""""""""""""""""""""""""""""""""""""""56""""""""""""""""""""""""""""""","""""""""""""""""""""""""""""""624""""""""""""""""""""""""""""""""""""""""""""""""""""""""""""""",> 100%
2023-24,27,5.9,5.5,,5.5,6.1,33,"""""""""""""""""""""""""""""""""""""""""""""""""""""""""""""""3""""""""""""""""""""""""""""""","""""""""""""""""""""""""""""""072""""""""""""""""""""""""""""""""""""""""""""""""""""""""""""""",531,"""""""""""""""""""""""""""""""""""""""""""""""""""""""""""""""3""""""""""""""""""""""""""""""","""""""""""""""""""""""""""""""431""""""""""""""""""""""""""""""""""""""""""""""""""""""""""""""","""""""""""""""""""""""""""""""""""""""""""""""""""""""""""""""56""""""""""""""""""""""""""""""","""""""""""""""""""""""""""""""273""""""""""""""""""""""""""""""""""""""""""""""""""""""""""""""",> 100%
2023-24,28,5.9,5.4,,5.5,6.1,43,"""""""""""""""""""""""""""""""""""""""""""""""""""""""""""""""3""""""""""""""""""""""""""""""","""""""""""""""""""""""""""""""074""""""""""""""""""""""""""""""""""""""""""""""""""""""""""""""",591,"""""""""""""""""""""""""""""""""""""""""""""""""""""""""""""""3""""""""""""""""""""""""""""""","""""""""""""""""""""""""""""""436""""""""""""""""""""""""""""""""""""""""""""""""""""""""""""""","""""""""""""""""""""""""""""""""""""""""""""""""""""""""""""""56""""""""""""""""""""""""""""""","""""""""""""""""""""""""""""""197""""""""""""""""""""""""""""""""""""""""""""""""""""""""""""""",> 100%
2023-24,29,5.8,5.3,,5.5,6.3,36,"""""""""""""""""""""""""""""""""""""""""""""""""""""""""""""""3""""""""""""""""""""""""""""""","""""""""""""""""""""""""""""""006""""""""""""""""""""""""""""""""""""""""""""""""""""""""""""""",731,"""""""""""""""""""""""""""""""""""""""""""""""""""""""""""""""3""""""""""""""""""""""""""""""","""""""""""""""""""""""""""""""490""""""""""""""""""""""""""""""""""""""""""""""""""""""""""""""","""""""""""""""""""""""""""""""""""""""""""""""""""""""""""""""55""""""""""""""""""""""""""""""","""""""""""""""""""""""""""""""619""""""""""""""""""""""""""""""""""""""""""""""""""""""""""""""",> 100%
2023-24,30,5.8,5.3,,5.7,6.6,20,"""""""""""""""""""""""""""""""""""""""""""""""""""""""""""""""3""""""""""""""""""""""""""""""","""""""""""""""""""""""""""""""168""""""""""""""""""""""""""""""""""""""""""""""""""""""""""""""",859,"""""""""""""""""""""""""""""""""""""""""""""""""""""""""""""""3""""""""""""""""""""""""""""""","""""""""""""""""""""""""""""""672""""""""""""""""""""""""""""""""""""""""""""""""""""""""""""""","""""""""""""""""""""""""""""""""""""""""""""""""""""""""""""""55""""""""""""""""""""""""""""""","""""""""""""""""""""""""""""""832""""""""""""""""""""""""""""""""""""""""""""""""""""""""""""""",> 100%
2023-24,31,5.8,5.3,,5.6,6.7,34,"""""""""""""""""""""""""""""""""""""""""""""""""""""""""""""""3""""""""""""""""""""""""""""""","""""""""""""""""""""""""""""""159""""""""""""""""""""""""""""""""""""""""""""""""""""""""""""""",978,"""""""""""""""""""""""""""""""""""""""""""""""""""""""""""""""3""""""""""""""""""""""""""""""","""""""""""""""""""""""""""""""765""""""""""""""""""""""""""""""""""""""""""""""""""""""""""""""","""""""""""""""""""""""""""""""""""""""""""""""""""""""""""""""56""""""""""""""""""""""""""""""","""""""""""""""""""""""""""""""525""""""""""""""""""""""""""""""""""""""""""""""""""""""""""""""",> 100%
2022-23,18,6.6,6.1,,5.8,6.9,36,"""""""""""""""""""""""""""""""""""""""""""""""""""""""""""""""3""""""""""""""""""""""""""""""","""""""""""""""""""""""""""""""353""""""""""""""""""""""""""""""""""""""""""""""""""""""""""""""",946,"""""""""""""""""""""""""""""""""""""""""""""""""""""""""""""""3""""""""""""""""""""""""""""""","""""""""""""""""""""""""""""""990""""""""""""""""""""""""""""""""""""""""""""""""""""""""""""""","""""""""""""""""""""""""""""""""""""""""""""""""""""""""""""""58""""""""""""""""""""""""""""""","""""""""""""""""""""""""""""""017""""""""""""""""""""""""""""""""""""""""""""""""""""""""""""""",> 100%
2022-23,19,6.4,6.0,,5.9,6.8,37,"""""""""""""""""""""""""""""""""""""""""""""""""""""""""""""""3""""""""""""""""""""""""""""""","""""""""""""""""""""""""""""""366""""""""""""""""""""""""""""""""""""""""""""""""""""""""""""""",838,"""""""""""""""""""""""""""""""""""""""""""""""""""""""""""""""3""""""""""""""""""""""""""""""","""""""""""""""""""""""""""""""936""""""""""""""""""""""""""""""""""""""""""""""""""""""""""""""","""""""""""""""""""""""""""""""""""""""""""""""""""""""""""""""57""""""""""""""""""""""""""""""","""""""""""""""""""""""""""""""790""""""""""""""""""""""""""""""""""""""""""""""""""""""""""""""",> 100%
2022-23,20,6.3,5.9,,5.8,6.6,33,"""""""""""""""""""""""""""""""""""""""""""""""""""""""""""""""3""""""""""""""""""""""""""""""","""""""""""""""""""""""""""""""225""""""""""""""""""""""""""""""""""""""""""""""""""""""""""""""",758,"""""""""""""""""""""""""""""""""""""""""""""""""""""""""""""""3""""""""""""""""""""""""""""""","""""""""""""""""""""""""""""""726""""""""""""""""""""""""""""""""""""""""""""""""""""""""""""""","""""""""""""""""""""""""""""""""""""""""""""""""""""""""""""""56""""""""""""""""""""""""""""""","""""""""""""""""""""""""""""""621""""""""""""""""""""""""""""""""""""""""""""""""""""""""""""""",> 100%
2022-23,21,6.2,5.8,,5.9,6.7,34,"""""""""""""""""""""""""""""""""""""""""""""""""""""""""""""""3""""""""""""""""""""""""""""""","""""""""""""""""""""""""""""""252""""""""""""""""""""""""""""""""""""""""""""""""""""""""""""""",742,"""""""""""""""""""""""""""""""""""""""""""""""""""""""""""""""3""""""""""""""""""""""""""""""","""""""""""""""""""""""""""""""747""""""""""""""""""""""""""""""""""""""""""""""""""""""""""""""","""""""""""""""""""""""""""""""""""""""""""""""""""""""""""""""55""""""""""""""""""""""""""""""","""""""""""""""""""""""""""""""741""""""""""""""""""""""""""""""""""""""""""""""""""""""""""""""",> 100%
2022-23,22,6.1,5.7,,5.6,6.5,41,"""""""""""""""""""""""""""""""""""""""""""""""""""""""""""""""3""""""""""""""""""""""""""""""","""""""""""""""""""""""""""""""160""""""""""""""""""""""""""""""""""""""""""""""""""""""""""""""",693,"""""""""""""""""""""""""""""""""""""""""""""""""""""""""""""""3""""""""""""""""""""""""""""""","""""""""""""""""""""""""""""""664""""""""""""""""""""""""""""""""""""""""""""""""""""""""""""""","""""""""""""""""""""""""""""""""""""""""""""""""""""""""""""""56""""""""""""""""""""""""""""""","""""""""""""""""""""""""""""""800""""""""""""""""""""""""""""""""""""""""""""""""""""""""""""""",> 100%
2022-23,23,6.0,5.6,,5.7,6.4,29,"""""""""""""""""""""""""""""""""""""""""""""""""""""""""""""""3""""""""""""""""""""""""""""""","""""""""""""""""""""""""""""""180""""""""""""""""""""""""""""""""""""""""""""""""""""""""""""""",633,"""""""""""""""""""""""""""""""""""""""""""""""""""""""""""""""3""""""""""""""""""""""""""""""","""""""""""""""""""""""""""""""627""""""""""""""""""""""""""""""""""""""""""""""""""""""""""""""","""""""""""""""""""""""""""""""""""""""""""""""""""""""""""""""56""""""""""""""""""""""""""""""","""""""""""""""""""""""""""""""279""""""""""""""""""""""""""""""""""""""""""""""""""""""""""""""",> 100%
2022-23,24,5.9,5.5,,5.3,6.0,29,"""""""""""""""""""""""""""""""""""""""""""""""""""""""""""""""2""""""""""""""""""""""""""""""","""""""""""""""""""""""""""""""956""""""""""""""""""""""""""""""""""""""""""""""""""""""""""""""",612,"""""""""""""""""""""""""""""""""""""""""""""""""""""""""""""""3""""""""""""""""""""""""""""""","""""""""""""""""""""""""""""""378""""""""""""""""""""""""""""""""""""""""""""""""""""""""""""""","""""""""""""""""""""""""""""""""""""""""""""""""""""""""""""""56""""""""""""""""""""""""""""""","""""""""""""""""""""""""""""""301""""""""""""""""""""""""""""""""""""""""""""""""""""""""""""""",> 100%
2022-23,25,5.8,5.4,,5.6,6.3,29,"""""""""""""""""""""""""""""""""""""""""""""""""""""""""""""""3""""""""""""""""""""""""""""""","""""""""""""""""""""""""""""""102""""""""""""""""""""""""""""""""""""""""""""""""""""""""""""""",583,"""""""""""""""""""""""""""""""""""""""""""""""""""""""""""""""3""""""""""""""""""""""""""""""","""""""""""""""""""""""""""""""490""""""""""""""""""""""""""""""""""""""""""""""""""""""""""""""","""""""""""""""""""""""""""""""""""""""""""""""""""""""""""""""55""""""""""""""""""""""""""""""","""""""""""""""""""""""""""""""804""""""""""""""""""""""""""""""""""""""""""""""""""""""""""""""",> 100%
2022-23,26,5.7,5.3,,5.2,5.8,23,"""""""""""""""""""""""""""""""""""""""""""""""""""""""""""""""2""""""""""""""""""""""""""""""","""""""""""""""""""""""""""""""870""""""""""""""""""""""""""""""""""""""""""""""""""""""""""""""",542,"""""""""""""""""""""""""""""""""""""""""""""""""""""""""""""""3""""""""""""""""""""""""""""""","""""""""""""""""""""""""""""""253""""""""""""""""""""""""""""""""""""""""""""""""""""""""""""""","""""""""""""""""""""""""""""""""""""""""""""""""""""""""""""""55""""""""""""""""""""""""""""""","""""""""""""""""""""""""""""""720""""""""""""""""""""""""""""""""""""""""""""""""""""""""""""""",> 100%
2022-23,27,5.7,5.2,,5.3,5.9,33,"""""""""""""""""""""""""""""""""""""""""""""""""""""""""""""""2""""""""""""""""""""""""""""""","""""""""""""""""""""""""""""""938""""""""""""""""""""""""""""""""""""""""""""""""""""""""""""""",492,"""""""""""""""""""""""""""""""""""""""""""""""""""""""""""""""3""""""""""""""""""""""""""""""","""""""""""""""""""""""""""""""281""""""""""""""""""""""""""""""""""""""""""""""""""""""""""""""","""""""""""""""""""""""""""""""""""""""""""""""""""""""""""""""55""""""""""""""""""""""""""""""","""""""""""""""""""""""""""""""972""""""""""""""""""""""""""""""""""""""""""""""""""""""""""""""",> 100%
2022-23,28,5.6,5.2,,5.2,5.8,22,"""""""""""""""""""""""""""""""""""""""""""""""""""""""""""""""2""""""""""""""""""""""""""""""","""""""""""""""""""""""""""""""871""""""""""""""""""""""""""""""""""""""""""""""""""""""""""""""",510,"""""""""""""""""""""""""""""""""""""""""""""""""""""""""""""""3""""""""""""""""""""""""""""""","""""""""""""""""""""""""""""""221""""""""""""""""""""""""""""""""""""""""""""""""""""""""""""""","""""""""""""""""""""""""""""""""""""""""""""""""""""""""""""""55""""""""""""""""""""""""""""""","""""""""""""""""""""""""""""""606""""""""""""""""""""""""""""""""""""""""""""""""""""""""""""""",> 100%
2022-23,29,5.6,5.1,,5.0,5.7,16,"""""""""""""""""""""""""""""""""""""""""""""""""""""""""""""""2""""""""""""""""""""""""""""""","""""""""""""""""""""""""""""""774""""""""""""""""""""""""""""""""""""""""""""""""""""""""""""""",540,"""""""""""""""""""""""""""""""""""""""""""""""""""""""""""""""3""""""""""""""""""""""""""""""","""""""""""""""""""""""""""""""156""""""""""""""""""""""""""""""""""""""""""""""""""""""""""""""","""""""""""""""""""""""""""""""""""""""""""""""""""""""""""""""55""""""""""""""""""""""""""""""","""""""""""""""""""""""""""""""728""""""""""""""""""""""""""""""""""""""""""""""""""""""""""""""",> 100%
2022-23,30,5.5,5.1,,5.1,5.7,12,"""""""""""""""""""""""""""""""""""""""""""""""""""""""""""""""2""""""""""""""""""""""""""""""","""""""""""""""""""""""""""""""837""""""""""""""""""""""""""""""""""""""""""""""""""""""""""""""",553,"""""""""""""""""""""""""""""""""""""""""""""""""""""""""""""""3""""""""""""""""""""""""""""""","""""""""""""""""""""""""""""""196""""""""""""""""""""""""""""""""""""""""""""""""""""""""""""""","""""""""""""""""""""""""""""""""""""""""""""""""""""""""""""""55""""""""""""""""""""""""""""""","""""""""""""""""""""""""""""""688""""""""""""""""""""""""""""""""""""""""""""""""""""""""""""""",> 100%
2022-23,31,5.5,5.1,,5.3,6.0,28,"""""""""""""""""""""""""""""""""""""""""""""""""""""""""""""""2""""""""""""""""""""""""""""""","""""""""""""""""""""""""""""""930""""""""""""""""""""""""""""""""""""""""""""""""""""""""""""""",673,"""""""""""""""""""""""""""""""""""""""""""""""""""""""""""""""3""""""""""""""""""""""""""""""","""""""""""""""""""""""""""""""367""""""""""""""""""""""""""""""""""""""""""""""""""""""""""""""","""""""""""""""""""""""""""""""""""""""""""""""""""""""""""""""56""""""""""""""""""""""""""""""","""""""""""""""""""""""""""""""100""""""""""""""""""""""""""""""""""""""""""""""""""""""""""""""",> 100%
2022-23,32,5.5,5.1,,5.3,6.1,19,"""""""""""""""""""""""""""""""""""""""""""""""""""""""""""""""2""""""""""""""""""""""""""""""","""""""""""""""""""""""""""""""963""""""""""""""""""""""""""""""""""""""""""""""""""""""""""""""",751,"""""""""""""""""""""""""""""""""""""""""""""""""""""""""""""""3""""""""""""""""""""""""""""""","""""""""""""""""""""""""""""""448""""""""""""""""""""""""""""""""""""""""""""""""""""""""""""""","""""""""""""""""""""""""""""""""""""""""""""""""""""""""""""""56""""""""""""""""""""""""""""""","""""""""""""""""""""""""""""""648""""""""""""""""""""""""""""""""""""""""""""""""""""""""""""""",> 100%
2022-23,33,5.5,5.1,,5.4,6.4,22,"""""""""""""""""""""""""""""""""""""""""""""""""""""""""""""""3""""""""""""""""""""""""""""""","""""""""""""""""""""""""""""""043""""""""""""""""""""""""""""""""""""""""""""""""""""""""""""""",921,"""""""""""""""""""""""""""""""""""""""""""""""""""""""""""""""3""""""""""""""""""""""""""""""","""""""""""""""""""""""""""""""628""""""""""""""""""""""""""""""""""""""""""""""""""""""""""""""","""""""""""""""""""""""""""""""""""""""""""""""""""""""""""""""56""""""""""""""""""""""""""""""","""""""""""""""""""""""""""""""623""""""""""""""""""""""""""""""""""""""""""""""""""""""""""""""",> 100%
2019-20,40,6.0,5.5,,5.2,5.2,17,"""""""""""""""""""""""""""""""""""""""""""""""""""""""""""""""2""""""""""""""""""""""""""""""","""""""""""""""""""""""""""""""714""""""""""""""""""""""""""""""""""""""""""""""""""""""""""""""",0,"""""""""""""""""""""""""""""""""""""""""""""""""""""""""""""""2""""""""""""""""""""""""""""""","""""""""""""""""""""""""""""""731""""""""""""""""""""""""""""""""""""""""""""""""""""""""""""""","""""""""""""""""""""""""""""""""""""""""""""""""""""""""""""""52""""""""""""""""""""""""""""""","""""""""""""""""""""""""""""""539""""""""""""""""""""""""""""""""""""""""""""""""""""""""""""""",> 100%
2019-20,41,6.1,5.6,,5.3,5.3,16,"""""""""""""""""""""""""""""""""""""""""""""""""""""""""""""""2""""""""""""""""""""""""""""""","""""""""""""""""""""""""""""""782""""""""""""""""""""""""""""""""""""""""""""""""""""""""""""""",0,"""""""""""""""""""""""""""""""""""""""""""""""""""""""""""""""2""""""""""""""""""""""""""""""","""""""""""""""""""""""""""""""798""""""""""""""""""""""""""""""""""""""""""""""""""""""""""""""","""""""""""""""""""""""""""""""""""""""""""""""""""""""""""""""53""""""""""""""""""""""""""""""","""""""""""""""""""""""""""""""072""""""""""""""""""""""""""""""""""""""""""""""""""""""""""""""",> 100%
2019-20,42,6.2,5.7,,5.5,5.5,18,"""""""""""""""""""""""""""""""""""""""""""""""""""""""""""""""2""""""""""""""""""""""""""""""","""""""""""""""""""""""""""""""992""""""""""""""""""""""""""""""""""""""""""""""""""""""""""""""",0,"""""""""""""""""""""""""""""""""""""""""""""""""""""""""""""""3""""""""""""""""""""""""""""""","""""""""""""""""""""""""""""""010""""""""""""""""""""""""""""""""""""""""""""""""""""""""""""""","""""""""""""""""""""""""""""""""""""""""""""""""""""""""""""""54""""""""""""""""""""""""""""""","""""""""""""""""""""""""""""""314""""""""""""""""""""""""""""""""""""""""""""""""""""""""""""""",> 100%
2019-20,43,6.3,5.9,,5.6,5.6,30,"""""""""""""""""""""""""""""""""""""""""""""""""""""""""""""""2""""""""""""""""""""""""""""""","""""""""""""""""""""""""""""""995""""""""""""""""""""""""""""""""""""""""""""""""""""""""""""""",0,"""""""""""""""""""""""""""""""""""""""""""""""""""""""""""""""3""""""""""""""""""""""""""""""","""""""""""""""""""""""""""""""025""""""""""""""""""""""""""""""""""""""""""""""""""""""""""""""","""""""""""""""""""""""""""""""""""""""""""""""""""""""""""""""54""""""""""""""""""""""""""""""","""""""""""""""""""""""""""""""037""""""""""""""""""""""""""""""""""""""""""""""""""""""""""""""",> 100%
2019-20,44,6.4,6.0,,5.5,5.5,31,"""""""""""""""""""""""""""""""""""""""""""""""""""""""""""""""2""""""""""""""""""""""""""""""","""""""""""""""""""""""""""""""928""""""""""""""""""""""""""""""""""""""""""""""""""""""""""""""",0,"""""""""""""""""""""""""""""""""""""""""""""""""""""""""""""""2""""""""""""""""""""""""""""""","""""""""""""""""""""""""""""""959""""""""""""""""""""""""""""""""""""""""""""""""""""""""""""""","""""""""""""""""""""""""""""""""""""""""""""""""""""""""""""""54""""""""""""""""""""""""""""""","""""""""""""""""""""""""""""""067""""""""""""""""""""""""""""""""""""""""""""""""""""""""""""""",> 100%
2019-20,45,6.5,6.1,,5.6,5.6,31,"""""""""""""""""""""""""""""""""""""""""""""""""""""""""""""""3""""""""""""""""""""""""""""""","""""""""""""""""""""""""""""""081""""""""""""""""""""""""""""""""""""""""""""""""""""""""""""""",0,"""""""""""""""""""""""""""""""""""""""""""""""""""""""""""""""3""""""""""""""""""""""""""""""","""""""""""""""""""""""""""""""112""""""""""""""""""""""""""""""""""""""""""""""""""""""""""""""","""""""""""""""""""""""""""""""""""""""""""""""""""""""""""""""55""""""""""""""""""""""""""""""","""""""""""""""""""""""""""""""665""""""""""""""""""""""""""""""""""""""""""""""""""""""""""""""",> 100%
2019-20,46,6.7,6.2,,5.6,5.6,39,"""""""""""""""""""""""""""""""""""""""""""""""""""""""""""""""3""""""""""""""""""""""""""""""","""""""""""""""""""""""""""""""106""""""""""""""""""""""""""""""""""""""""""""""""""""""""""""""",0,"""""""""""""""""""""""""""""""""""""""""""""""""""""""""""""""3""""""""""""""""""""""""""""""","""""""""""""""""""""""""""""""145""""""""""""""""""""""""""""""""""""""""""""""""""""""""""""""","""""""""""""""""""""""""""""""""""""""""""""""""""""""""""""""55""""""""""""""""""""""""""""""","""""""""""""""""""""""""""""""858""""""""""""""""""""""""""""""""""""""""""""""""""""""""""""""",> 100%
2019-20,47,6.8,6.3,,5.5,5.5,50,"""""""""""""""""""""""""""""""""""""""""""""""""""""""""""""""3""""""""""""""""""""""""""""""","""""""""""""""""""""""""""""""014""""""""""""""""""""""""""""""""""""""""""""""""""""""""""""""",0,"""""""""""""""""""""""""""""""""""""""""""""""""""""""""""""""3""""""""""""""""""""""""""""""","""""""""""""""""""""""""""""""064""""""""""""""""""""""""""""""""""""""""""""""""""""""""""""""","""""""""""""""""""""""""""""""""""""""""""""""""""""""""""""""56""""""""""""""""""""""""""""""","""""""""""""""""""""""""""""""161""""""""""""""""""""""""""""""""""""""""""""""""""""""""""""""",> 100%
2019-20,48,6.9,6.4,,5.5,5.5,66,"""""""""""""""""""""""""""""""""""""""""""""""""""""""""""""""2""""""""""""""""""""""""""""""","""""""""""""""""""""""""""""""997""""""""""""""""""""""""""""""""""""""""""""""""""""""""""""""",0,"""""""""""""""""""""""""""""""""""""""""""""""""""""""""""""""3""""""""""""""""""""""""""""""","""""""""""""""""""""""""""""""063""""""""""""""""""""""""""""""""""""""""""""""""""""""""""""""","""""""""""""""""""""""""""""""""""""""""""""""""""""""""""""""55""""""""""""""""""""""""""""""","""""""""""""""""""""""""""""""427""""""""""""""""""""""""""""""""""""""""""""""""""""""""""""""",> 100%
2019-20,49,7.0,6.6,,6.0,6.0,101,"""""""""""""""""""""""""""""""""""""""""""""""""""""""""""""""3""""""""""""""""""""""""""""""","""""""""""""""""""""""""""""""329""""""""""""""""""""""""""""""""""""""""""""""""""""""""""""""",0,"""""""""""""""""""""""""""""""""""""""""""""""""""""""""""""""3""""""""""""""""""""""""""""""","""""""""""""""""""""""""""""""430""""""""""""""""""""""""""""""""""""""""""""""""""""""""""""""","""""""""""""""""""""""""""""""""""""""""""""""""""""""""""""""57""""""""""""""""""""""""""""""","""""""""""""""""""""""""""""""252""""""""""""""""""""""""""""""""""""""""""""""""""""""""""""""",> 100%
2019-20,50,7.1,6.7,,6.2,6.2,111,"""""""""""""""""""""""""""""""""""""""""""""""""""""""""""""""3""""""""""""""""""""""""""""""","""""""""""""""""""""""""""""""480""""""""""""""""""""""""""""""""""""""""""""""""""""""""""""""",0,"""""""""""""""""""""""""""""""""""""""""""""""""""""""""""""""3""""""""""""""""""""""""""""""","""""""""""""""""""""""""""""""591""""""""""""""""""""""""""""""""""""""""""""""""""""""""""""""","""""""""""""""""""""""""""""""""""""""""""""""""""""""""""""""57""""""""""""""""""""""""""""""","""""""""""""""""""""""""""""""626""""""""""""""""""""""""""""""""""""""""""""""""""""""""""""""",> 100%
2019-20,51,7.2,6.8,,6.1,6.1,129,"""""""""""""""""""""""""""""""""""""""""""""""""""""""""""""""3""""""""""""""""""""""""""""""","""""""""""""""""""""""""""""""392""""""""""""""""""""""""""""""""""""""""""""""""""""""""""""""",0,"""""""""""""""""""""""""""""""""""""""""""""""""""""""""""""""3""""""""""""""""""""""""""""""","""""""""""""""""""""""""""""""521""""""""""""""""""""""""""""""""""""""""""""""""""""""""""""""","""""""""""""""""""""""""""""""""""""""""""""""""""""""""""""""57""""""""""""""""""""""""""""""","""""""""""""""""""""""""""""""400""""""""""""""""""""""""""""""""""""""""""""""""""""""""""""""",> 100%
2019-20,52,7.3,6.8,,6.4,6.4,203,"""""""""""""""""""""""""""""""""""""""""""""""""""""""""""""""3""""""""""""""""""""""""""""""","""""""""""""""""""""""""""""""539""""""""""""""""""""""""""""""""""""""""""""""""""""""""""""""",0,"""""""""""""""""""""""""""""""""""""""""""""""""""""""""""""""3""""""""""""""""""""""""""""""","""""""""""""""""""""""""""""""742""""""""""""""""""""""""""""""""""""""""""""""""""""""""""""""","""""""""""""""""""""""""""""""""""""""""""""""""""""""""""""""58""""""""""""""""""""""""""""""","""""""""""""""""""""""""""""""443""""""""""""""""""""""""""""""""""""""""""""""""""""""""""""""",> 100%
2019-20,1,7.4,6.9,,7.6,7.6,432,"""""""""""""""""""""""""""""""""""""""""""""""""""""""""""""""4""""""""""""""""""""""""""""""","""""""""""""""""""""""""""""""102""""""""""""""""""""""""""""""""""""""""""""""""""""""""""""""",0,"""""""""""""""""""""""""""""""""""""""""""""""""""""""""""""""4""""""""""""""""""""""""""""""","""""""""""""""""""""""""""""""534""""""""""""""""""""""""""""""""""""""""""""""""""""""""""""""","""""""""""""""""""""""""""""""""""""""""""""""""""""""""""""""60""""""""""""""""""""""""""""""","""""""""""""""""""""""""""""""028""""""""""""""""""""""""""""""""""""""""""""""""""""""""""""""",> 100%
2019-20,2,7.4,7.0,,7.6,7.6,472,"""""""""""""""""""""""""""""""""""""""""""""""""""""""""""""""4""""""""""""""""""""""""""""""","""""""""""""""""""""""""""""""137""""""""""""""""""""""""""""""""""""""""""""""""""""""""""""""",1,"""""""""""""""""""""""""""""""""""""""""""""""""""""""""""""""4""""""""""""""""""""""""""""""","""""""""""""""""""""""""""""""609""""""""""""""""""""""""""""""""""""""""""""""""""""""""""""""","""""""""""""""""""""""""""""""""""""""""""""""""""""""""""""""60""""""""""""""""""""""""""""""","""""""""""""""""""""""""""""""588""""""""""""""""""""""""""""""""""""""""""""""""""""""""""""""",> 100%
2019-20,3,7.5,7.0,,7.6,7.6,465,"""""""""""""""""""""""""""""""""""""""""""""""""""""""""""""""4""""""""""""""""""""""""""""""","""""""""""""""""""""""""""""""057""""""""""""""""""""""""""""""""""""""""""""""""""""""""""""""",2,"""""""""""""""""""""""""""""""""""""""""""""""""""""""""""""""4""""""""""""""""""""""""""""""","""""""""""""""""""""""""""""""522""""""""""""""""""""""""""""""""""""""""""""""""""""""""""""""","""""""""""""""""""""""""""""""""""""""""""""""""""""""""""""""59""""""""""""""""""""""""""""""","""""""""""""""""""""""""""""""217""""""""""""""""""""""""""""""""""""""""""""""""""""""""""""""",> 100%
2019-20,4,7.5,7.1,,7.5,7.5,498,"""""""""""""""""""""""""""""""""""""""""""""""""""""""""""""""3""""""""""""""""""""""""""""""","""""""""""""""""""""""""""""""905""""""""""""""""""""""""""""""""""""""""""""""""""""""""""""""",3,"""""""""""""""""""""""""""""""""""""""""""""""""""""""""""""""4""""""""""""""""""""""""""""""","""""""""""""""""""""""""""""""406""""""""""""""""""""""""""""""""""""""""""""""""""""""""""""""","""""""""""""""""""""""""""""""""""""""""""""""""""""""""""""""59""""""""""""""""""""""""""""""","""""""""""""""""""""""""""""""020""""""""""""""""""""""""""""""""""""""""""""""""""""""""""""""",> 100%
2019-20,5,7.5,7.1,,7.3,7.3,480,"""""""""""""""""""""""""""""""""""""""""""""""""""""""""""""""3""""""""""""""""""""""""""""""","""""""""""""""""""""""""""""""810""""""""""""""""""""""""""""""""""""""""""""""""""""""""""""""",0,"""""""""""""""""""""""""""""""""""""""""""""""""""""""""""""""4""""""""""""""""""""""""""""""","""""""""""""""""""""""""""""""290""""""""""""""""""""""""""""""""""""""""""""""""""""""""""""""","""""""""""""""""""""""""""""""""""""""""""""""""""""""""""""""58""""""""""""""""""""""""""""""","""""""""""""""""""""""""""""""701""""""""""""""""""""""""""""""""""""""""""""""""""""""""""""""",> 100%
2019-20,6,7.5,7.1,,7.3,7.3,519,"""""""""""""""""""""""""""""""""""""""""""""""""""""""""""""""3""""""""""""""""""""""""""""""","""""""""""""""""""""""""""""""816""""""""""""""""""""""""""""""""""""""""""""""""""""""""""""""",4,"""""""""""""""""""""""""""""""""""""""""""""""""""""""""""""""4""""""""""""""""""""""""""""""","""""""""""""""""""""""""""""""338""""""""""""""""""""""""""""""""""""""""""""""""""""""""""""""","""""""""""""""""""""""""""""""""""""""""""""""""""""""""""""""59""""""""""""""""""""""""""""""","""""""""""""""""""""""""""""""355""""""""""""""""""""""""""""""""""""""""""""""""""""""""""""""",> 100%
2019-20,7,7.5,7.1,,7.5,7.5,560,"""""""""""""""""""""""""""""""""""""""""""""""""""""""""""""""3""""""""""""""""""""""""""""""","""""""""""""""""""""""""""""""839""""""""""""""""""""""""""""""""""""""""""""""""""""""""""""""",6,"""""""""""""""""""""""""""""""""""""""""""""""""""""""""""""""4""""""""""""""""""""""""""""""","""""""""""""""""""""""""""""""403""""""""""""""""""""""""""""""""""""""""""""""""""""""""""""""","""""""""""""""""""""""""""""""""""""""""""""""""""""""""""""""58""""""""""""""""""""""""""""""","""""""""""""""""""""""""""""""699""""""""""""""""""""""""""""""""""""""""""""""""""""""""""""""",> 100%
2019-20,8,7.5,7.1,,7.3,7.3,566,"""""""""""""""""""""""""""""""""""""""""""""""""""""""""""""""3""""""""""""""""""""""""""""""","""""""""""""""""""""""""""""""711""""""""""""""""""""""""""""""""""""""""""""""""""""""""""""""",6,"""""""""""""""""""""""""""""""""""""""""""""""""""""""""""""""4""""""""""""""""""""""""""""""","""""""""""""""""""""""""""""""280""""""""""""""""""""""""""""""""""""""""""""""""""""""""""""""","""""""""""""""""""""""""""""""""""""""""""""""""""""""""""""""58""""""""""""""""""""""""""""""","""""""""""""""""""""""""""""""771""""""""""""""""""""""""""""""""""""""""""""""""""""""""""""""",> 100%
2019-20,9,7.5,7.0,,7.6,7.6,655,"""""""""""""""""""""""""""""""""""""""""""""""""""""""""""""""3""""""""""""""""""""""""""""""","""""""""""""""""""""""""""""""837""""""""""""""""""""""""""""""""""""""""""""""""""""""""""""""",9,"""""""""""""""""""""""""""""""""""""""""""""""""""""""""""""""4""""""""""""""""""""""""""""""","""""""""""""""""""""""""""""""496""""""""""""""""""""""""""""""""""""""""""""""""""""""""""""""","""""""""""""""""""""""""""""""""""""""""""""""""""""""""""""""59""""""""""""""""""""""""""""""","""""""""""""""""""""""""""""""203""""""""""""""""""""""""""""""""""""""""""""""""""""""""""""""",> 100%
2019-20,10,7.4,7.0,,7.7,7.8,634,"""""""""""""""""""""""""""""""""""""""""""""""""""""""""""""""3""""""""""""""""""""""""""""""","""""""""""""""""""""""""""""""976""""""""""""""""""""""""""""""""""""""""""""""""""""""""""""""",38,"""""""""""""""""""""""""""""""""""""""""""""""""""""""""""""""4""""""""""""""""""""""""""""""","""""""""""""""""""""""""""""""628""""""""""""""""""""""""""""""""""""""""""""""""""""""""""""""","""""""""""""""""""""""""""""""""""""""""""""""""""""""""""""""59""""""""""""""""""""""""""""""","""""""""""""""""""""""""""""""570""""""""""""""""""""""""""""""""""""""""""""""""""""""""""""""",> 100%
2019-20,11,7.4,6.9,,7.8,7.9,625,"""""""""""""""""""""""""""""""""""""""""""""""""""""""""""""""3""""""""""""""""""""""""""""""","""""""""""""""""""""""""""""""971""""""""""""""""""""""""""""""""""""""""""""""""""""""""""""""",60,"""""""""""""""""""""""""""""""""""""""""""""""""""""""""""""""4""""""""""""""""""""""""""""""","""""""""""""""""""""""""""""""625""""""""""""""""""""""""""""""""""""""""""""""""""""""""""""""","""""""""""""""""""""""""""""""""""""""""""""""""""""""""""""""58""""""""""""""""""""""""""""""","""""""""""""""""""""""""""""""553""""""""""""""""""""""""""""""""""""""""""""""""""""""""""""""",> 100%
2019-20,12,7.3,6.8,,8.6,9.2,558,"""""""""""""""""""""""""""""""""""""""""""""""""""""""""""""""4""""""""""""""""""""""""""""""","""""""""""""""""""""""""""""""543""""""""""""""""""""""""""""""""""""""""""""""""""""""""""""""",586,"""""""""""""""""""""""""""""""""""""""""""""""""""""""""""""""5""""""""""""""""""""""""""""""","""""""""""""""""""""""""""""""422""""""""""""""""""""""""""""""""""""""""""""""""""""""""""""""","""""""""""""""""""""""""""""""""""""""""""""""""""""""""""""""59""""""""""""""""""""""""""""""","""""""""""""""""""""""""""""""096""""""""""""""""""""""""""""""""""""""""""""""""""""""""""""""",> 100%
2018-19,40,6.1,5.7,,5.7,5.7,10,"""""""""""""""""""""""""""""""""""""""""""""""""""""""""""""""2""""""""""""""""""""""""""""""","""""""""""""""""""""""""""""""970""""""""""""""""""""""""""""""""""""""""""""""""""""""""""""""",0,"""""""""""""""""""""""""""""""""""""""""""""""""""""""""""""""2""""""""""""""""""""""""""""""","""""""""""""""""""""""""""""""980""""""""""""""""""""""""""""""""""""""""""""""""""""""""""""""","""""""""""""""""""""""""""""""""""""""""""""""""""""""""""""""52""""""""""""""""""""""""""""""","""""""""""""""""""""""""""""""359""""""""""""""""""""""""""""""""""""""""""""""""""""""""""""""",> 100%
2018-19,41,6.2,5.8,,5.5,5.5,12,"""""""""""""""""""""""""""""""""""""""""""""""""""""""""""""""2""""""""""""""""""""""""""""""","""""""""""""""""""""""""""""""865""""""""""""""""""""""""""""""""""""""""""""""""""""""""""""""",0,"""""""""""""""""""""""""""""""""""""""""""""""""""""""""""""""2""""""""""""""""""""""""""""""","""""""""""""""""""""""""""""""877""""""""""""""""""""""""""""""""""""""""""""""""""""""""""""""","""""""""""""""""""""""""""""""""""""""""""""""""""""""""""""""51""""""""""""""""""""""""""""""","""""""""""""""""""""""""""""""850""""""""""""""""""""""""""""""""""""""""""""""""""""""""""""""",> 100%
2018-19,42,6.3,5.9,,5.7,5.7,18,"""""""""""""""""""""""""""""""""""""""""""""""""""""""""""""""2""""""""""""""""""""""""""""""","""""""""""""""""""""""""""""""989""""""""""""""""""""""""""""""""""""""""""""""""""""""""""""""",0,"""""""""""""""""""""""""""""""""""""""""""""""""""""""""""""""3""""""""""""""""""""""""""""""","""""""""""""""""""""""""""""""007""""""""""""""""""""""""""""""""""""""""""""""""""""""""""""""","""""""""""""""""""""""""""""""""""""""""""""""""""""""""""""""52""""""""""""""""""""""""""""""","""""""""""""""""""""""""""""""980""""""""""""""""""""""""""""""""""""""""""""""""""""""""""""""",> 100%
2018-19,43,6.4,6.0,,5.7,5.7,24,"""""""""""""""""""""""""""""""""""""""""""""""""""""""""""""""3""""""""""""""""""""""""""""""","""""""""""""""""""""""""""""""066""""""""""""""""""""""""""""""""""""""""""""""""""""""""""""""",0,"""""""""""""""""""""""""""""""""""""""""""""""""""""""""""""""3""""""""""""""""""""""""""""""","""""""""""""""""""""""""""""""090""""""""""""""""""""""""""""""""""""""""""""""""""""""""""""""","""""""""""""""""""""""""""""""""""""""""""""""""""""""""""""""53""""""""""""""""""""""""""""""","""""""""""""""""""""""""""""""766""""""""""""""""""""""""""""""""""""""""""""""""""""""""""""""",> 100%
2018-19,44,6.5,6.1,,5.6,5.6,25,"""""""""""""""""""""""""""""""""""""""""""""""""""""""""""""""3""""""""""""""""""""""""""""""","""""""""""""""""""""""""""""""004""""""""""""""""""""""""""""""""""""""""""""""""""""""""""""""",0,"""""""""""""""""""""""""""""""""""""""""""""""""""""""""""""""3""""""""""""""""""""""""""""""","""""""""""""""""""""""""""""""029""""""""""""""""""""""""""""""""""""""""""""""""""""""""""""""","""""""""""""""""""""""""""""""""""""""""""""""""""""""""""""""53""""""""""""""""""""""""""""""","""""""""""""""""""""""""""""""643""""""""""""""""""""""""""""""""""""""""""""""""""""""""""""""",> 100%
2018-19,45,6.7,6.2,,5.7,5.7,30,"""""""""""""""""""""""""""""""""""""""""""""""""""""""""""""""3""""""""""""""""""""""""""""""","""""""""""""""""""""""""""""""022""""""""""""""""""""""""""""""""""""""""""""""""""""""""""""""",0,"""""""""""""""""""""""""""""""""""""""""""""""""""""""""""""""3""""""""""""""""""""""""""""""","""""""""""""""""""""""""""""""052""""""""""""""""""""""""""""""""""""""""""""""""""""""""""""""","""""""""""""""""""""""""""""""""""""""""""""""""""""""""""""""53""""""""""""""""""""""""""""""","""""""""""""""""""""""""""""""563""""""""""""""""""""""""""""""""""""""""""""""""""""""""""""""",> 100%
2018-19,46,6.8,6.3,,5.8,5.8,26,"""""""""""""""""""""""""""""""""""""""""""""""""""""""""""""""3""""""""""""""""""""""""""""""","""""""""""""""""""""""""""""""143""""""""""""""""""""""""""""""""""""""""""""""""""""""""""""""",0,"""""""""""""""""""""""""""""""""""""""""""""""""""""""""""""""3""""""""""""""""""""""""""""""","""""""""""""""""""""""""""""""169""""""""""""""""""""""""""""""""""""""""""""""""""""""""""""""","""""""""""""""""""""""""""""""""""""""""""""""""""""""""""""""54""""""""""""""""""""""""""""""","""""""""""""""""""""""""""""""699""""""""""""""""""""""""""""""""""""""""""""""""""""""""""""""",> 100%
2018-19,47,6.9,6.5,,5.9,5.9,31,"""""""""""""""""""""""""""""""""""""""""""""""""""""""""""""""3""""""""""""""""""""""""""""""","""""""""""""""""""""""""""""""178""""""""""""""""""""""""""""""""""""""""""""""""""""""""""""""",0,"""""""""""""""""""""""""""""""""""""""""""""""""""""""""""""""3""""""""""""""""""""""""""""""","""""""""""""""""""""""""""""""209""""""""""""""""""""""""""""""""""""""""""""""""""""""""""""""","""""""""""""""""""""""""""""""""""""""""""""""""""""""""""""""54""""""""""""""""""""""""""""""","""""""""""""""""""""""""""""""849""""""""""""""""""""""""""""""""""""""""""""""""""""""""""""""",> 100%
2018-19,48,7.0,6.6,,6.0,6.0,38,"""""""""""""""""""""""""""""""""""""""""""""""""""""""""""""""3""""""""""""""""""""""""""""""","""""""""""""""""""""""""""""""288""""""""""""""""""""""""""""""""""""""""""""""""""""""""""""""",0,"""""""""""""""""""""""""""""""""""""""""""""""""""""""""""""""3""""""""""""""""""""""""""""""","""""""""""""""""""""""""""""""326""""""""""""""""""""""""""""""""""""""""""""""""""""""""""""""","""""""""""""""""""""""""""""""""""""""""""""""""""""""""""""""55""""""""""""""""""""""""""""""","""""""""""""""""""""""""""""""064""""""""""""""""""""""""""""""""""""""""""""""""""""""""""""""",> 100%
2018-19,49,7.1,6.7,,6.2,6.2,56,"""""""""""""""""""""""""""""""""""""""""""""""""""""""""""""""3""""""""""""""""""""""""""""""","""""""""""""""""""""""""""""""399""""""""""""""""""""""""""""""""""""""""""""""""""""""""""""""",0,"""""""""""""""""""""""""""""""""""""""""""""""""""""""""""""""3""""""""""""""""""""""""""""""","""""""""""""""""""""""""""""""455""""""""""""""""""""""""""""""""""""""""""""""""""""""""""""""","""""""""""""""""""""""""""""""""""""""""""""""""""""""""""""""55""""""""""""""""""""""""""""""","""""""""""""""""""""""""""""""969""""""""""""""""""""""""""""""""""""""""""""""""""""""""""""""",> 100%
2018-19,50,7.2,6.8,,6.4,6.4,52,"""""""""""""""""""""""""""""""""""""""""""""""""""""""""""""""3""""""""""""""""""""""""""""""","""""""""""""""""""""""""""""""552""""""""""""""""""""""""""""""""""""""""""""""""""""""""""""""",0,"""""""""""""""""""""""""""""""""""""""""""""""""""""""""""""""3""""""""""""""""""""""""""""""","""""""""""""""""""""""""""""""604""""""""""""""""""""""""""""""""""""""""""""""""""""""""""""""","""""""""""""""""""""""""""""""""""""""""""""""""""""""""""""""56""""""""""""""""""""""""""""""","""""""""""""""""""""""""""""""389""""""""""""""""""""""""""""""""""""""""""""""""""""""""""""""",> 100%
2018-19,51,7.3,6.9,,6.3,6.3,88,"""""""""""""""""""""""""""""""""""""""""""""""""""""""""""""""3""""""""""""""""""""""""""""""","""""""""""""""""""""""""""""""490""""""""""""""""""""""""""""""""""""""""""""""""""""""""""""""",0,"""""""""""""""""""""""""""""""""""""""""""""""""""""""""""""""3""""""""""""""""""""""""""""""","""""""""""""""""""""""""""""""578""""""""""""""""""""""""""""""""""""""""""""""""""""""""""""""","""""""""""""""""""""""""""""""""""""""""""""""""""""""""""""""56""""""""""""""""""""""""""""""","""""""""""""""""""""""""""""""532""""""""""""""""""""""""""""""""""""""""""""""""""""""""""""""",> 100%
2018-19,52,7.4,7.0,,6.7,6.7,141,"""""""""""""""""""""""""""""""""""""""""""""""""""""""""""""""3""""""""""""""""""""""""""""""","""""""""""""""""""""""""""""""636""""""""""""""""""""""""""""""""""""""""""""""""""""""""""""""",0,"""""""""""""""""""""""""""""""""""""""""""""""""""""""""""""""3""""""""""""""""""""""""""""""","""""""""""""""""""""""""""""""777""""""""""""""""""""""""""""""""""""""""""""""""""""""""""""""","""""""""""""""""""""""""""""""""""""""""""""""""""""""""""""""56""""""""""""""""""""""""""""""","""""""""""""""""""""""""""""""030""""""""""""""""""""""""""""""""""""""""""""""""""""""""""""""",> 100%
2018-19,1,7.5,7.0,,7.1,7.1,211,"""""""""""""""""""""""""""""""""""""""""""""""""""""""""""""""3""""""""""""""""""""""""""""""","""""""""""""""""""""""""""""""919""""""""""""""""""""""""""""""""""""""""""""""""""""""""""""""",0,"""""""""""""""""""""""""""""""""""""""""""""""""""""""""""""""4""""""""""""""""""""""""""""""","""""""""""""""""""""""""""""""130""""""""""""""""""""""""""""""""""""""""""""""""""""""""""""""","""""""""""""""""""""""""""""""""""""""""""""""""""""""""""""""58""""""""""""""""""""""""""""""","""""""""""""""""""""""""""""""288""""""""""""""""""""""""""""""""""""""""""""""""""""""""""""""",> 100%
2018-19,2,7.6,7.1,,7.4,7.4,260,"""""""""""""""""""""""""""""""""""""""""""""""""""""""""""""""4""""""""""""""""""""""""""""""","""""""""""""""""""""""""""""""055""""""""""""""""""""""""""""""""""""""""""""""""""""""""""""""",0,"""""""""""""""""""""""""""""""""""""""""""""""""""""""""""""""4""""""""""""""""""""""""""""""","""""""""""""""""""""""""""""""315""""""""""""""""""""""""""""""""""""""""""""""""""""""""""""""","""""""""""""""""""""""""""""""""""""""""""""""""""""""""""""""58""""""""""""""""""""""""""""""","""""""""""""""""""""""""""""""353""""""""""""""""""""""""""""""""""""""""""""""""""""""""""""""",> 100%
2018-19,3,7.6,7.2,,7.5,7.5,246,"""""""""""""""""""""""""""""""""""""""""""""""""""""""""""""""4""""""""""""""""""""""""""""""","""""""""""""""""""""""""""""""098""""""""""""""""""""""""""""""""""""""""""""""""""""""""""""""",0,"""""""""""""""""""""""""""""""""""""""""""""""""""""""""""""""4""""""""""""""""""""""""""""""","""""""""""""""""""""""""""""""344""""""""""""""""""""""""""""""""""""""""""""""""""""""""""""""","""""""""""""""""""""""""""""""""""""""""""""""""""""""""""""""58""""""""""""""""""""""""""""""","""""""""""""""""""""""""""""""210""""""""""""""""""""""""""""""""""""""""""""""""""""""""""""""",> 100%
2018-19,4,7.6,7.2,,7.2,7.2,276,"""""""""""""""""""""""""""""""""""""""""""""""""""""""""""""""3""""""""""""""""""""""""""""""","""""""""""""""""""""""""""""""899""""""""""""""""""""""""""""""""""""""""""""""""""""""""""""""",0,"""""""""""""""""""""""""""""""""""""""""""""""""""""""""""""""4""""""""""""""""""""""""""""""","""""""""""""""""""""""""""""""175""""""""""""""""""""""""""""""""""""""""""""""""""""""""""""""","""""""""""""""""""""""""""""""""""""""""""""""""""""""""""""""57""""""""""""""""""""""""""""""","""""""""""""""""""""""""""""""897""""""""""""""""""""""""""""""""""""""""""""""""""""""""""""""",> 100%
2018-19,5,7.7,7.2,,7.3,7.3,327,"""""""""""""""""""""""""""""""""""""""""""""""""""""""""""""""3""""""""""""""""""""""""""""""","""""""""""""""""""""""""""""""893""""""""""""""""""""""""""""""""""""""""""""""""""""""""""""""",0,"""""""""""""""""""""""""""""""""""""""""""""""""""""""""""""""4""""""""""""""""""""""""""""""","""""""""""""""""""""""""""""""220""""""""""""""""""""""""""""""""""""""""""""""""""""""""""""""","""""""""""""""""""""""""""""""""""""""""""""""""""""""""""""""58""""""""""""""""""""""""""""""","""""""""""""""""""""""""""""""146""""""""""""""""""""""""""""""""""""""""""""""""""""""""""""""",> 100%
2018-19,6,7.7,7.2,,7.3,7.3,367,"""""""""""""""""""""""""""""""""""""""""""""""""""""""""""""""3""""""""""""""""""""""""""""""","""""""""""""""""""""""""""""""891""""""""""""""""""""""""""""""""""""""""""""""""""""""""""""""",0,"""""""""""""""""""""""""""""""""""""""""""""""""""""""""""""""4""""""""""""""""""""""""""""""","""""""""""""""""""""""""""""""258""""""""""""""""""""""""""""""""""""""""""""""""""""""""""""""","""""""""""""""""""""""""""""""""""""""""""""""""""""""""""""""58""""""""""""""""""""""""""""""","""""""""""""""""""""""""""""""517""""""""""""""""""""""""""""""""""""""""""""""""""""""""""""""",> 100%
2018-19,7,7.7,7.2,,7.6,7.6,483,"""""""""""""""""""""""""""""""""""""""""""""""""""""""""""""""3""""""""""""""""""""""""""""""","""""""""""""""""""""""""""""""896""""""""""""""""""""""""""""""""""""""""""""""""""""""""""""""",0,"""""""""""""""""""""""""""""""""""""""""""""""""""""""""""""""4""""""""""""""""""""""""""""""","""""""""""""""""""""""""""""""379""""""""""""""""""""""""""""""""""""""""""""""""""""""""""""""","""""""""""""""""""""""""""""""""""""""""""""""""""""""""""""""57""""""""""""""""""""""""""""""","""""""""""""""""""""""""""""""994""""""""""""""""""""""""""""""""""""""""""""""""""""""""""""""",> 100%
2018-19,8,7.6,7.2,,7.7,7.7,474,"""""""""""""""""""""""""""""""""""""""""""""""""""""""""""""""3""""""""""""""""""""""""""""""","""""""""""""""""""""""""""""""987""""""""""""""""""""""""""""""""""""""""""""""""""""""""""""""",0,"""""""""""""""""""""""""""""""""""""""""""""""""""""""""""""""4""""""""""""""""""""""""""""""","""""""""""""""""""""""""""""""461""""""""""""""""""""""""""""""""""""""""""""""""""""""""""""""","""""""""""""""""""""""""""""""""""""""""""""""""""""""""""""""57""""""""""""""""""""""""""""""","""""""""""""""""""""""""""""""988""""""""""""""""""""""""""""""""""""""""""""""""""""""""""""""",> 100%
2018-19,9,7.6,7.1,,7.4,7.4,516,"""""""""""""""""""""""""""""""""""""""""""""""""""""""""""""""3""""""""""""""""""""""""""""""","""""""""""""""""""""""""""""""758""""""""""""""""""""""""""""""""""""""""""""""""""""""""""""""",0,"""""""""""""""""""""""""""""""""""""""""""""""""""""""""""""""4""""""""""""""""""""""""""""""","""""""""""""""""""""""""""""""274""""""""""""""""""""""""""""""""""""""""""""""""""""""""""""""","""""""""""""""""""""""""""""""""""""""""""""""""""""""""""""""57""""""""""""""""""""""""""""""","""""""""""""""""""""""""""""""962""""""""""""""""""""""""""""""""""""""""""""""""""""""""""""""",> 100%
2018-19,10,7.5,7.1,,7.3,7.3,543,"""""""""""""""""""""""""""""""""""""""""""""""""""""""""""""""3""""""""""""""""""""""""""""""","""""""""""""""""""""""""""""""752""""""""""""""""""""""""""""""""""""""""""""""""""""""""""""""",0,"""""""""""""""""""""""""""""""""""""""""""""""""""""""""""""""4""""""""""""""""""""""""""""""","""""""""""""""""""""""""""""""295""""""""""""""""""""""""""""""""""""""""""""""""""""""""""""""","""""""""""""""""""""""""""""""""""""""""""""""""""""""""""""""58""""""""""""""""""""""""""""""","""""""""""""""""""""""""""""""531""""""""""""""""""""""""""""""""""""""""""""""""""""""""""""""",> 100%
2018-19,11,7.5,7.0,,7.8,7.8,511,"""""""""""""""""""""""""""""""""""""""""""""""""""""""""""""""3""""""""""""""""""""""""""""""","""""""""""""""""""""""""""""""978""""""""""""""""""""""""""""""""""""""""""""""""""""""""""""""",0,"""""""""""""""""""""""""""""""""""""""""""""""""""""""""""""""4""""""""""""""""""""""""""""""","""""""""""""""""""""""""""""""489""""""""""""""""""""""""""""""""""""""""""""""""""""""""""""""","""""""""""""""""""""""""""""""""""""""""""""""""""""""""""""""57""""""""""""""""""""""""""""""","""""""""""""""""""""""""""""""896""""""""""""""""""""""""""""""""""""""""""""""""""""""""""""""",> 100%
2018-19,12,7.4,6.9,,7.5,7.5,480,"""""""""""""""""""""""""""""""""""""""""""""""""""""""""""""""3""""""""""""""""""""""""""""""","""""""""""""""""""""""""""""""797""""""""""""""""""""""""""""""""""""""""""""""""""""""""""""""",0,"""""""""""""""""""""""""""""""""""""""""""""""""""""""""""""""4""""""""""""""""""""""""""""""","""""""""""""""""""""""""""""""277""""""""""""""""""""""""""""""""""""""""""""""""""""""""""""""","""""""""""""""""""""""""""""""""""""""""""""""""""""""""""""""57""""""""""""""""""""""""""""""","""""""""""""""""""""""""""""""078""""""""""""""""""""""""""""""""""""""""""""""""""""""""""""""",> 100%
2018-19,13,7.3,6.9,,7.4,7.4,459,"""""""""""""""""""""""""""""""""""""""""""""""""""""""""""""""3""""""""""""""""""""""""""""""","""""""""""""""""""""""""""""""714""""""""""""""""""""""""""""""""""""""""""""""""""""""""""""""",0,"""""""""""""""""""""""""""""""""""""""""""""""""""""""""""""""4""""""""""""""""""""""""""""""","""""""""""""""""""""""""""""""173""""""""""""""""""""""""""""""""""""""""""""""""""""""""""""""","""""""""""""""""""""""""""""""""""""""""""""""""""""""""""""""56""""""""""""""""""""""""""""""","""""""""""""""""""""""""""""""667""""""""""""""""""""""""""""""""""""""""""""""""""""""""""""""",> 100%
2018-19,14,7.2,6.8,,7.0,7.0,339,"""""""""""""""""""""""""""""""""""""""""""""""""""""""""""""""3""""""""""""""""""""""""""""""","""""""""""""""""""""""""""""""634""""""""""""""""""""""""""""""""""""""""""""""""""""""""""""""",0,"""""""""""""""""""""""""""""""""""""""""""""""""""""""""""""""3""""""""""""""""""""""""""""""","""""""""""""""""""""""""""""""973""""""""""""""""""""""""""""""""""""""""""""""""""""""""""""""","""""""""""""""""""""""""""""""""""""""""""""""""""""""""""""""56""""""""""""""""""""""""""""""","""""""""""""""""""""""""""""""590""""""""""""""""""""""""""""""""""""""""""""""""""""""""""""""",> 100%
2018-19,15,7.1,6.7,,6.8,6.8,303,"""""""""""""""""""""""""""""""""""""""""""""""""""""""""""""""3""""""""""""""""""""""""""""""","""""""""""""""""""""""""""""""450""""""""""""""""""""""""""""""""""""""""""""""""""""""""""""""",0,"""""""""""""""""""""""""""""""""""""""""""""""""""""""""""""""3""""""""""""""""""""""""""""""","""""""""""""""""""""""""""""""753""""""""""""""""""""""""""""""""""""""""""""""""""""""""""""""","""""""""""""""""""""""""""""""""""""""""""""""""""""""""""""""55""""""""""""""""""""""""""""""","""""""""""""""""""""""""""""""480""""""""""""""""""""""""""""""""""""""""""""""""""""""""""""""",> 100%
2018-19,16,7.0,6.5,,6.6,6.6,202,"""""""""""""""""""""""""""""""""""""""""""""""""""""""""""""""3""""""""""""""""""""""""""""""","""""""""""""""""""""""""""""""414""""""""""""""""""""""""""""""""""""""""""""""""""""""""""""""",0,"""""""""""""""""""""""""""""""""""""""""""""""""""""""""""""""3""""""""""""""""""""""""""""""","""""""""""""""""""""""""""""""616""""""""""""""""""""""""""""""""""""""""""""""""""""""""""""""","""""""""""""""""""""""""""""""""""""""""""""""""""""""""""""""54""""""""""""""""""""""""""""""","""""""""""""""""""""""""""""""460""""""""""""""""""""""""""""""""""""""""""""""""""""""""""""""",> 100%
2018-19,17,6.9,6.4,,6.4,6.4,156,"""""""""""""""""""""""""""""""""""""""""""""""""""""""""""""""3""""""""""""""""""""""""""""""","""""""""""""""""""""""""""""""273""""""""""""""""""""""""""""""""""""""""""""""""""""""""""""""",0,"""""""""""""""""""""""""""""""""""""""""""""""""""""""""""""""3""""""""""""""""""""""""""""""","""""""""""""""""""""""""""""""429""""""""""""""""""""""""""""""""""""""""""""""""""""""""""""""","""""""""""""""""""""""""""""""""""""""""""""""""""""""""""""""53""""""""""""""""""""""""""""""","""""""""""""""""""""""""""""""645""""""""""""""""""""""""""""""""""""""""""""""""""""""""""""""",> 100%
2018-19,18,6.7,6.3,,6.2,6.2,97,"""""""""""""""""""""""""""""""""""""""""""""""""""""""""""""""3""""""""""""""""""""""""""""""","""""""""""""""""""""""""""""""223""""""""""""""""""""""""""""""""""""""""""""""""""""""""""""""",0,"""""""""""""""""""""""""""""""""""""""""""""""""""""""""""""""3""""""""""""""""""""""""""""""","""""""""""""""""""""""""""""""320""""""""""""""""""""""""""""""""""""""""""""""""""""""""""""""","""""""""""""""""""""""""""""""""""""""""""""""""""""""""""""""53""""""""""""""""""""""""""""""","""""""""""""""""""""""""""""""971""""""""""""""""""""""""""""""""""""""""""""""""""""""""""""""",> 100%
2018-19,19,6.6,6.2,,6.2,6.2,68,"""""""""""""""""""""""""""""""""""""""""""""""""""""""""""""""3""""""""""""""""""""""""""""""","""""""""""""""""""""""""""""""229""""""""""""""""""""""""""""""""""""""""""""""""""""""""""""""",0,"""""""""""""""""""""""""""""""""""""""""""""""""""""""""""""""3""""""""""""""""""""""""""""""","""""""""""""""""""""""""""""""297""""""""""""""""""""""""""""""""""""""""""""""""""""""""""""""","""""""""""""""""""""""""""""""""""""""""""""""""""""""""""""""53""""""""""""""""""""""""""""""","""""""""""""""""""""""""""""""455""""""""""""""""""""""""""""""""""""""""""""""""""""""""""""""",> 100%
2018-19,20,6.5,6.0,,6.0,6.0,50,"""""""""""""""""""""""""""""""""""""""""""""""""""""""""""""""3""""""""""""""""""""""""""""""","""""""""""""""""""""""""""""""159""""""""""""""""""""""""""""""""""""""""""""""""""""""""""""""",0,"""""""""""""""""""""""""""""""""""""""""""""""""""""""""""""""3""""""""""""""""""""""""""""""","""""""""""""""""""""""""""""""209""""""""""""""""""""""""""""""""""""""""""""""""""""""""""""""","""""""""""""""""""""""""""""""""""""""""""""""""""""""""""""""53""""""""""""""""""""""""""""""","""""""""""""""""""""""""""""""566""""""""""""""""""""""""""""""""""""""""""""""""""""""""""""""",> 100%
2018-19,21,6.4,5.9,,5.9,5.9,30,"""""""""""""""""""""""""""""""""""""""""""""""""""""""""""""""3""""""""""""""""""""""""""""""","""""""""""""""""""""""""""""""149""""""""""""""""""""""""""""""""""""""""""""""""""""""""""""""",0,"""""""""""""""""""""""""""""""""""""""""""""""""""""""""""""""3""""""""""""""""""""""""""""""","""""""""""""""""""""""""""""""179""""""""""""""""""""""""""""""""""""""""""""""""""""""""""""""","""""""""""""""""""""""""""""""""""""""""""""""""""""""""""""""53""""""""""""""""""""""""""""""","""""""""""""""""""""""""""""""681""""""""""""""""""""""""""""""""""""""""""""""""""""""""""""""",> 100%
2018-19,22,6.2,5.8,,6.0,6.0,29,"""""""""""""""""""""""""""""""""""""""""""""""""""""""""""""""3""""""""""""""""""""""""""""""","""""""""""""""""""""""""""""""117""""""""""""""""""""""""""""""""""""""""""""""""""""""""""""""",0,"""""""""""""""""""""""""""""""""""""""""""""""""""""""""""""""3""""""""""""""""""""""""""""""","""""""""""""""""""""""""""""""146""""""""""""""""""""""""""""""""""""""""""""""""""""""""""""""","""""""""""""""""""""""""""""""""""""""""""""""""""""""""""""""52""""""""""""""""""""""""""""""","""""""""""""""""""""""""""""""713""""""""""""""""""""""""""""""""""""""""""""""""""""""""""""""",> 100%
2018-19,23,6.1,5.7,,5.8,5.8,21,"""""""""""""""""""""""""""""""""""""""""""""""""""""""""""""""3""""""""""""""""""""""""""""""","""""""""""""""""""""""""""""""045""""""""""""""""""""""""""""""""""""""""""""""""""""""""""""""",0,"""""""""""""""""""""""""""""""""""""""""""""""""""""""""""""""3""""""""""""""""""""""""""""""","""""""""""""""""""""""""""""""066""""""""""""""""""""""""""""""""""""""""""""""""""""""""""""""","""""""""""""""""""""""""""""""""""""""""""""""""""""""""""""""53""""""""""""""""""""""""""""""","""""""""""""""""""""""""""""""128""""""""""""""""""""""""""""""""""""""""""""""""""""""""""""""",> 100%
2018-19,24,6.0,5.6,,5.6,5.6,16,"""""""""""""""""""""""""""""""""""""""""""""""""""""""""""""""2""""""""""""""""""""""""""""""","""""""""""""""""""""""""""""""934""""""""""""""""""""""""""""""""""""""""""""""""""""""""""""""",0,"""""""""""""""""""""""""""""""""""""""""""""""""""""""""""""""2""""""""""""""""""""""""""""""","""""""""""""""""""""""""""""""950""""""""""""""""""""""""""""""""""""""""""""""""""""""""""""""","""""""""""""""""""""""""""""""""""""""""""""""""""""""""""""""52""""""""""""""""""""""""""""""","""""""""""""""""""""""""""""""634""""""""""""""""""""""""""""""""""""""""""""""""""""""""""""""",> 100%
2018-19,25,5.9,5.5,,5.7,5.7,13,"""""""""""""""""""""""""""""""""""""""""""""""""""""""""""""""2""""""""""""""""""""""""""""""","""""""""""""""""""""""""""""""952""""""""""""""""""""""""""""""""""""""""""""""""""""""""""""""",0,"""""""""""""""""""""""""""""""""""""""""""""""""""""""""""""""2""""""""""""""""""""""""""""""","""""""""""""""""""""""""""""""965""""""""""""""""""""""""""""""""""""""""""""""""""""""""""""""","""""""""""""""""""""""""""""""""""""""""""""""""""""""""""""""52""""""""""""""""""""""""""""""","""""""""""""""""""""""""""""""273""""""""""""""""""""""""""""""""""""""""""""""""""""""""""""""",> 100%
2018-19,26,5.8,5.4,,5.6,5.6,15,"""""""""""""""""""""""""""""""""""""""""""""""""""""""""""""""2""""""""""""""""""""""""""""""","""""""""""""""""""""""""""""""898""""""""""""""""""""""""""""""""""""""""""""""""""""""""""""""",0,"""""""""""""""""""""""""""""""""""""""""""""""""""""""""""""""2""""""""""""""""""""""""""""""","""""""""""""""""""""""""""""""913""""""""""""""""""""""""""""""""""""""""""""""""""""""""""""""","""""""""""""""""""""""""""""""""""""""""""""""""""""""""""""""52""""""""""""""""""""""""""""""","""""""""""""""""""""""""""""""188""""""""""""""""""""""""""""""""""""""""""""""""""""""""""""""",> 100%
2018-19,27,5.8,5.3,,5.5,5.5,13,"""""""""""""""""""""""""""""""""""""""""""""""""""""""""""""""2""""""""""""""""""""""""""""""","""""""""""""""""""""""""""""""864""""""""""""""""""""""""""""""""""""""""""""""""""""""""""""""",0,"""""""""""""""""""""""""""""""""""""""""""""""""""""""""""""""2""""""""""""""""""""""""""""""","""""""""""""""""""""""""""""""877""""""""""""""""""""""""""""""""""""""""""""""""""""""""""""""","""""""""""""""""""""""""""""""""""""""""""""""""""""""""""""""52""""""""""""""""""""""""""""""","""""""""""""""""""""""""""""""331""""""""""""""""""""""""""""""""""""""""""""""""""""""""""""""",> 100%
2018-19,28,5.7,5.3,,5.4,5.4,11,"""""""""""""""""""""""""""""""""""""""""""""""""""""""""""""""2""""""""""""""""""""""""""""""","""""""""""""""""""""""""""""""770""""""""""""""""""""""""""""""""""""""""""""""""""""""""""""""",0,"""""""""""""""""""""""""""""""""""""""""""""""""""""""""""""""2""""""""""""""""""""""""""""""","""""""""""""""""""""""""""""""781""""""""""""""""""""""""""""""""""""""""""""""""""""""""""""""","""""""""""""""""""""""""""""""""""""""""""""""""""""""""""""""51""""""""""""""""""""""""""""""","""""""""""""""""""""""""""""""914""""""""""""""""""""""""""""""""""""""""""""""""""""""""""""""",> 100%
2018-19,29,5.6,5.2,,5.2,5.2,5,"""""""""""""""""""""""""""""""""""""""""""""""""""""""""""""""2""""""""""""""""""""""""""""""","""""""""""""""""""""""""""""""679""""""""""""""""""""""""""""""""""""""""""""""""""""""""""""""",0,"""""""""""""""""""""""""""""""""""""""""""""""""""""""""""""""2""""""""""""""""""""""""""""""","""""""""""""""""""""""""""""""684""""""""""""""""""""""""""""""""""""""""""""""""""""""""""""""","""""""""""""""""""""""""""""""""""""""""""""""""""""""""""""""51""""""""""""""""""""""""""""""","""""""""""""""""""""""""""""""637""""""""""""""""""""""""""""""""""""""""""""""""""""""""""""""",> 100%
2018-19,30,5.6,5.2,,5.4,5.4,8,"""""""""""""""""""""""""""""""""""""""""""""""""""""""""""""""2""""""""""""""""""""""""""""""","""""""""""""""""""""""""""""""762""""""""""""""""""""""""""""""""""""""""""""""""""""""""""""""",0,"""""""""""""""""""""""""""""""""""""""""""""""""""""""""""""""2""""""""""""""""""""""""""""""","""""""""""""""""""""""""""""""770""""""""""""""""""""""""""""""""""""""""""""""""""""""""""""""","""""""""""""""""""""""""""""""""""""""""""""""""""""""""""""""51""""""""""""""""""""""""""""""","""""""""""""""""""""""""""""""649""""""""""""""""""""""""""""""""""""""""""""""""""""""""""""""",> 100%
2018-19,31,5.6,5.1,,5.3,5.3,6,"""""""""""""""""""""""""""""""""""""""""""""""""""""""""""""""2""""""""""""""""""""""""""""""","""""""""""""""""""""""""""""""737""""""""""""""""""""""""""""""""""""""""""""""""""""""""""""""",0,"""""""""""""""""""""""""""""""""""""""""""""""""""""""""""""""2""""""""""""""""""""""""""""""","""""""""""""""""""""""""""""""743""""""""""""""""""""""""""""""""""""""""""""""""""""""""""""""","""""""""""""""""""""""""""""""""""""""""""""""""""""""""""""""51""""""""""""""""""""""""""""""","""""""""""""""""""""""""""""""401""""""""""""""""""""""""""""""""""""""""""""""""""""""""""""""",> 100%
2018-19,32,5.6,5.1,,5.1,5.1,7,"""""""""""""""""""""""""""""""""""""""""""""""""""""""""""""""2""""""""""""""""""""""""""""""","""""""""""""""""""""""""""""""645""""""""""""""""""""""""""""""""""""""""""""""""""""""""""""""",0,"""""""""""""""""""""""""""""""""""""""""""""""""""""""""""""""2""""""""""""""""""""""""""""""","""""""""""""""""""""""""""""""652""""""""""""""""""""""""""""""""""""""""""""""""""""""""""""""","""""""""""""""""""""""""""""""""""""""""""""""""""""""""""""""51""""""""""""""""""""""""""""""","""""""""""""""""""""""""""""""731""""""""""""""""""""""""""""""""""""""""""""""""""""""""""""""",> 100%
2018-19,33,5.6,5.1,,5.1,5.1,8,"""""""""""""""""""""""""""""""""""""""""""""""""""""""""""""""2""""""""""""""""""""""""""""""","""""""""""""""""""""""""""""""601""""""""""""""""""""""""""""""""""""""""""""""""""""""""""""""",0,"""""""""""""""""""""""""""""""""""""""""""""""""""""""""""""""2""""""""""""""""""""""""""""""","""""""""""""""""""""""""""""""609""""""""""""""""""""""""""""""""""""""""""""""""""""""""""""""","""""""""""""""""""""""""""""""""""""""""""""""""""""""""""""""50""""""""""""""""""""""""""""""","""""""""""""""""""""""""""""""986""""""""""""""""""""""""""""""""""""""""""""""""""""""""""""""",> 100%
2018-19,34,5.6,5.1,,5.1,5.1,6,"""""""""""""""""""""""""""""""""""""""""""""""""""""""""""""""2""""""""""""""""""""""""""""""","""""""""""""""""""""""""""""""602""""""""""""""""""""""""""""""""""""""""""""""""""""""""""""""",0,"""""""""""""""""""""""""""""""""""""""""""""""""""""""""""""""2""""""""""""""""""""""""""""""","""""""""""""""""""""""""""""""608""""""""""""""""""""""""""""""""""""""""""""""""""""""""""""""","""""""""""""""""""""""""""""""""""""""""""""""""""""""""""""""51""""""""""""""""""""""""""""""","""""""""""""""""""""""""""""""001""""""""""""""""""""""""""""""""""""""""""""""""""""""""""""""",> 100%
2018-19,35,5.6,5.2,,5.1,5.1,13,"""""""""""""""""""""""""""""""""""""""""""""""""""""""""""""""2""""""""""""""""""""""""""""""","""""""""""""""""""""""""""""""618""""""""""""""""""""""""""""""""""""""""""""""""""""""""""""""",0,"""""""""""""""""""""""""""""""""""""""""""""""""""""""""""""""2""""""""""""""""""""""""""""""","""""""""""""""""""""""""""""""631""""""""""""""""""""""""""""""""""""""""""""""""""""""""""""""","""""""""""""""""""""""""""""""""""""""""""""""""""""""""""""""51""""""""""""""""""""""""""""""","""""""""""""""""""""""""""""""144""""""""""""""""""""""""""""""""""""""""""""""""""""""""""""""",> 100%
2018-19,36,5.7,5.2,,5.0,5.0,12,"""""""""""""""""""""""""""""""""""""""""""""""""""""""""""""""2""""""""""""""""""""""""""""""","""""""""""""""""""""""""""""""583""""""""""""""""""""""""""""""""""""""""""""""""""""""""""""""",0,"""""""""""""""""""""""""""""""""""""""""""""""""""""""""""""""2""""""""""""""""""""""""""""""","""""""""""""""""""""""""""""""595""""""""""""""""""""""""""""""""""""""""""""""""""""""""""""""","""""""""""""""""""""""""""""""""""""""""""""""""""""""""""""""51""""""""""""""""""""""""""""""","""""""""""""""""""""""""""""""807""""""""""""""""""""""""""""""""""""""""""""""""""""""""""""""",> 100%
2018-19,37,5.7,5.3,,4.9,4.9,16,"""""""""""""""""""""""""""""""""""""""""""""""""""""""""""""""2""""""""""""""""""""""""""""""","""""""""""""""""""""""""""""""515""""""""""""""""""""""""""""""""""""""""""""""""""""""""""""""",0,"""""""""""""""""""""""""""""""""""""""""""""""""""""""""""""""2""""""""""""""""""""""""""""""","""""""""""""""""""""""""""""""531""""""""""""""""""""""""""""""""""""""""""""""""""""""""""""""","""""""""""""""""""""""""""""""""""""""""""""""""""""""""""""""51""""""""""""""""""""""""""""""","""""""""""""""""""""""""""""""612""""""""""""""""""""""""""""""""""""""""""""""""""""""""""""""",> 100%
2018-19,38,5.8,5.4,,5.3,5.3,14,"""""""""""""""""""""""""""""""""""""""""""""""""""""""""""""""2""""""""""""""""""""""""""""""","""""""""""""""""""""""""""""""709""""""""""""""""""""""""""""""""""""""""""""""""""""""""""""""",0,"""""""""""""""""""""""""""""""""""""""""""""""""""""""""""""""2""""""""""""""""""""""""""""""","""""""""""""""""""""""""""""""723""""""""""""""""""""""""""""""""""""""""""""""""""""""""""""""","""""""""""""""""""""""""""""""""""""""""""""""""""""""""""""""51""""""""""""""""""""""""""""""","""""""""""""""""""""""""""""""743""""""""""""""""""""""""""""""""""""""""""""""""""""""""""""""",> 100%
2018-19,39,5.9,5.4,,5.3,5.3,16,"""""""""""""""""""""""""""""""""""""""""""""""""""""""""""""""2""""""""""""""""""""""""""""""","""""""""""""""""""""""""""""""780""""""""""""""""""""""""""""""""""""""""""""""""""""""""""""""",0,"""""""""""""""""""""""""""""""""""""""""""""""""""""""""""""""2""""""""""""""""""""""""""""""","""""""""""""""""""""""""""""""796""""""""""""""""""""""""""""""""""""""""""""""""""""""""""""""","""""""""""""""""""""""""""""""""""""""""""""""""""""""""""""""52""""""""""""""""""""""""""""""","""""""""""""""""""""""""""""""741""""""""""""""""""""""""""""""""""""""""""""""""""""""""""""""",> 100%
2017-18,40,6.2,5.8,,5.8,5.8,16,"""""""""""""""""""""""""""""""""""""""""""""""""""""""""""""""3""""""""""""""""""""""""""""""","""""""""""""""""""""""""""""""022""""""""""""""""""""""""""""""""""""""""""""""""""""""""""""""",0,"""""""""""""""""""""""""""""""""""""""""""""""""""""""""""""""3""""""""""""""""""""""""""""""","""""""""""""""""""""""""""""""038""""""""""""""""""""""""""""""""""""""""""""""""""""""""""""""","""""""""""""""""""""""""""""""""""""""""""""""""""""""""""""""52""""""""""""""""""""""""""""""","""""""""""""""""""""""""""""""114""""""""""""""""""""""""""""""""""""""""""""""""""""""""""""""",> 100%
2017-18,41,6.3,5.9,,5.9,5.9,18,"""""""""""""""""""""""""""""""""""""""""""""""""""""""""""""""3""""""""""""""""""""""""""""""","""""""""""""""""""""""""""""""001""""""""""""""""""""""""""""""""""""""""""""""""""""""""""""""",0,"""""""""""""""""""""""""""""""""""""""""""""""""""""""""""""""3""""""""""""""""""""""""""""""","""""""""""""""""""""""""""""""019""""""""""""""""""""""""""""""""""""""""""""""""""""""""""""""","""""""""""""""""""""""""""""""""""""""""""""""""""""""""""""""51""""""""""""""""""""""""""""""","""""""""""""""""""""""""""""""580""""""""""""""""""""""""""""""""""""""""""""""""""""""""""""""",> 100%
2017-18,42,6.4,6.0,,6.1,6.1,28,"""""""""""""""""""""""""""""""""""""""""""""""""""""""""""""""3""""""""""""""""""""""""""""""","""""""""""""""""""""""""""""""156""""""""""""""""""""""""""""""""""""""""""""""""""""""""""""""",0,"""""""""""""""""""""""""""""""""""""""""""""""""""""""""""""""3""""""""""""""""""""""""""""""","""""""""""""""""""""""""""""""184""""""""""""""""""""""""""""""""""""""""""""""""""""""""""""""","""""""""""""""""""""""""""""""""""""""""""""""""""""""""""""""52""""""""""""""""""""""""""""""","""""""""""""""""""""""""""""""229""""""""""""""""""""""""""""""""""""""""""""""""""""""""""""""",> 100%
2017-18,43,6.6,6.1,,6.3,6.3,23,"""""""""""""""""""""""""""""""""""""""""""""""""""""""""""""""3""""""""""""""""""""""""""""""","""""""""""""""""""""""""""""""279""""""""""""""""""""""""""""""""""""""""""""""""""""""""""""""",0,"""""""""""""""""""""""""""""""""""""""""""""""""""""""""""""""3""""""""""""""""""""""""""""""","""""""""""""""""""""""""""""""302""""""""""""""""""""""""""""""""""""""""""""""""""""""""""""""","""""""""""""""""""""""""""""""""""""""""""""""""""""""""""""""52""""""""""""""""""""""""""""""","""""""""""""""""""""""""""""""548""""""""""""""""""""""""""""""""""""""""""""""""""""""""""""""",> 100%
2017-18,44,6.7,6.2,,6.1,6.1,36,"""""""""""""""""""""""""""""""""""""""""""""""""""""""""""""""3""""""""""""""""""""""""""""""","""""""""""""""""""""""""""""""215""""""""""""""""""""""""""""""""""""""""""""""""""""""""""""""",0,"""""""""""""""""""""""""""""""""""""""""""""""""""""""""""""""3""""""""""""""""""""""""""""""","""""""""""""""""""""""""""""""251""""""""""""""""""""""""""""""""""""""""""""""""""""""""""""""","""""""""""""""""""""""""""""""""""""""""""""""""""""""""""""""53""""""""""""""""""""""""""""""","""""""""""""""""""""""""""""""680""""""""""""""""""""""""""""""""""""""""""""""""""""""""""""""",> 100%
2017-18,45,6.8,6.3,,6.1,6.1,45,"""""""""""""""""""""""""""""""""""""""""""""""""""""""""""""""3""""""""""""""""""""""""""""""","""""""""""""""""""""""""""""""180""""""""""""""""""""""""""""""""""""""""""""""""""""""""""""""",0,"""""""""""""""""""""""""""""""""""""""""""""""""""""""""""""""3""""""""""""""""""""""""""""""","""""""""""""""""""""""""""""""225""""""""""""""""""""""""""""""""""""""""""""""""""""""""""""""","""""""""""""""""""""""""""""""""""""""""""""""""""""""""""""""53""""""""""""""""""""""""""""""","""""""""""""""""""""""""""""""258""""""""""""""""""""""""""""""""""""""""""""""""""""""""""""""",> 100%
2017-18,46,6.9,6.5,,6.3,6.3,50,"""""""""""""""""""""""""""""""""""""""""""""""""""""""""""""""3""""""""""""""""""""""""""""""","""""""""""""""""""""""""""""""315""""""""""""""""""""""""""""""""""""""""""""""""""""""""""""""",0,"""""""""""""""""""""""""""""""""""""""""""""""""""""""""""""""3""""""""""""""""""""""""""""""","""""""""""""""""""""""""""""""365""""""""""""""""""""""""""""""""""""""""""""""""""""""""""""""","""""""""""""""""""""""""""""""""""""""""""""""""""""""""""""""53""""""""""""""""""""""""""""""","""""""""""""""""""""""""""""""773""""""""""""""""""""""""""""""""""""""""""""""""""""""""""""""",> 100%
2017-18,47,7.0,6.6,,6.0,6.0,48,"""""""""""""""""""""""""""""""""""""""""""""""""""""""""""""""3""""""""""""""""""""""""""""""","""""""""""""""""""""""""""""""202""""""""""""""""""""""""""""""""""""""""""""""""""""""""""""""",0,"""""""""""""""""""""""""""""""""""""""""""""""""""""""""""""""3""""""""""""""""""""""""""""""","""""""""""""""""""""""""""""""250""""""""""""""""""""""""""""""""""""""""""""""""""""""""""""""","""""""""""""""""""""""""""""""""""""""""""""""""""""""""""""""54""""""""""""""""""""""""""""""","""""""""""""""""""""""""""""""125""""""""""""""""""""""""""""""""""""""""""""""""""""""""""""""",> 100%
2017-18,48,7.2,6.7,,6.5,6.5,83,"""""""""""""""""""""""""""""""""""""""""""""""""""""""""""""""3""""""""""""""""""""""""""""""","""""""""""""""""""""""""""""""493""""""""""""""""""""""""""""""""""""""""""""""""""""""""""""""",0,"""""""""""""""""""""""""""""""""""""""""""""""""""""""""""""""3""""""""""""""""""""""""""""""","""""""""""""""""""""""""""""""576""""""""""""""""""""""""""""""""""""""""""""""""""""""""""""""","""""""""""""""""""""""""""""""""""""""""""""""""""""""""""""""54""""""""""""""""""""""""""""""","""""""""""""""""""""""""""""""762""""""""""""""""""""""""""""""""""""""""""""""""""""""""""""""",> 100%
2017-18,49,7.3,6.8,,6.6,6.6,118,"""""""""""""""""""""""""""""""""""""""""""""""""""""""""""""""3""""""""""""""""""""""""""""""","""""""""""""""""""""""""""""""528""""""""""""""""""""""""""""""""""""""""""""""""""""""""""""""",0,"""""""""""""""""""""""""""""""""""""""""""""""""""""""""""""""3""""""""""""""""""""""""""""""","""""""""""""""""""""""""""""""646""""""""""""""""""""""""""""""""""""""""""""""""""""""""""""""","""""""""""""""""""""""""""""""""""""""""""""""""""""""""""""""55""""""""""""""""""""""""""""""","""""""""""""""""""""""""""""""596""""""""""""""""""""""""""""""""""""""""""""""""""""""""""""""",> 100%
2017-18,50,7.4,6.9,,6.8,6.8,165,"""""""""""""""""""""""""""""""""""""""""""""""""""""""""""""""3""""""""""""""""""""""""""""""","""""""""""""""""""""""""""""""759""""""""""""""""""""""""""""""""""""""""""""""""""""""""""""""",0,"""""""""""""""""""""""""""""""""""""""""""""""""""""""""""""""3""""""""""""""""""""""""""""""","""""""""""""""""""""""""""""""924""""""""""""""""""""""""""""""""""""""""""""""""""""""""""""""","""""""""""""""""""""""""""""""""""""""""""""""""""""""""""""""57""""""""""""""""""""""""""""""","""""""""""""""""""""""""""""""372""""""""""""""""""""""""""""""""""""""""""""""""""""""""""""""",> 100%
2017-18,51,7.5,7.0,,7.3,7.3,359,"""""""""""""""""""""""""""""""""""""""""""""""""""""""""""""""3""""""""""""""""""""""""""""""","""""""""""""""""""""""""""""""987""""""""""""""""""""""""""""""""""""""""""""""""""""""""""""""",0,"""""""""""""""""""""""""""""""""""""""""""""""""""""""""""""""4""""""""""""""""""""""""""""""","""""""""""""""""""""""""""""""346""""""""""""""""""""""""""""""""""""""""""""""""""""""""""""""","""""""""""""""""""""""""""""""""""""""""""""""""""""""""""""""59""""""""""""""""""""""""""""""","""""""""""""""""""""""""""""""508""""""""""""""""""""""""""""""""""""""""""""""""""""""""""""""",> 100%
2017-18,52,7.5,7.1,,8.3,8.3,671,"""""""""""""""""""""""""""""""""""""""""""""""""""""""""""""""4""""""""""""""""""""""""""""""","""""""""""""""""""""""""""""""418""""""""""""""""""""""""""""""""""""""""""""""""""""""""""""""",0,"""""""""""""""""""""""""""""""""""""""""""""""""""""""""""""""5""""""""""""""""""""""""""""""","""""""""""""""""""""""""""""""089""""""""""""""""""""""""""""""""""""""""""""""""""""""""""""""","""""""""""""""""""""""""""""""""""""""""""""""""""""""""""""""61""""""""""""""""""""""""""""""","""""""""""""""""""""""""""""""095""""""""""""""""""""""""""""""""""""""""""""""""""""""""""""""",> 100%
2017-18,8,7.7,7.3,,9.2,9.2,892,"""""""""""""""""""""""""""""""""""""""""""""""""""""""""""""""4""""""""""""""""""""""""""""""","""""""""""""""""""""""""""""""426""""""""""""""""""""""""""""""""""""""""""""""""""""""""""""""",0,"""""""""""""""""""""""""""""""""""""""""""""""""""""""""""""""5""""""""""""""""""""""""""""""","""""""""""""""""""""""""""""""318""""""""""""""""""""""""""""""""""""""""""""""""""""""""""""""","""""""""""""""""""""""""""""""""""""""""""""""""""""""""""""""57""""""""""""""""""""""""""""""","""""""""""""""""""""""""""""""797""""""""""""""""""""""""""""""""""""""""""""""""""""""""""""""",> 100%
2017-18,9,7.7,7.2,,8.4,8.4,738,"""""""""""""""""""""""""""""""""""""""""""""""""""""""""""""""4""""""""""""""""""""""""""""""","""""""""""""""""""""""""""""""044""""""""""""""""""""""""""""""""""""""""""""""""""""""""""""""",0,"""""""""""""""""""""""""""""""""""""""""""""""""""""""""""""""4""""""""""""""""""""""""""""""","""""""""""""""""""""""""""""""782""""""""""""""""""""""""""""""""""""""""""""""""""""""""""""""","""""""""""""""""""""""""""""""""""""""""""""""""""""""""""""""56""""""""""""""""""""""""""""""","""""""""""""""""""""""""""""""693""""""""""""""""""""""""""""""""""""""""""""""""""""""""""""""",> 100%
2017-18,10,7.6,7.2,,8.0,8.0,507,"""""""""""""""""""""""""""""""""""""""""""""""""""""""""""""""4""""""""""""""""""""""""""""""","""""""""""""""""""""""""""""""061""""""""""""""""""""""""""""""""""""""""""""""""""""""""""""""",0,"""""""""""""""""""""""""""""""""""""""""""""""""""""""""""""""4""""""""""""""""""""""""""""""","""""""""""""""""""""""""""""""568""""""""""""""""""""""""""""""""""""""""""""""""""""""""""""""","""""""""""""""""""""""""""""""""""""""""""""""""""""""""""""""57""""""""""""""""""""""""""""""","""""""""""""""""""""""""""""""095""""""""""""""""""""""""""""""""""""""""""""""""""""""""""""""",> 100%
2017-18,11,7.6,7.1,,7.6,7.6,444,"""""""""""""""""""""""""""""""""""""""""""""""""""""""""""""""3""""""""""""""""""""""""""""""","""""""""""""""""""""""""""""""853""""""""""""""""""""""""""""""""""""""""""""""""""""""""""""""",0,"""""""""""""""""""""""""""""""""""""""""""""""""""""""""""""""4""""""""""""""""""""""""""""""","""""""""""""""""""""""""""""""297""""""""""""""""""""""""""""""""""""""""""""""""""""""""""""""","""""""""""""""""""""""""""""""""""""""""""""""""""""""""""""""56""""""""""""""""""""""""""""""","""""""""""""""""""""""""""""""326""""""""""""""""""""""""""""""""""""""""""""""""""""""""""""""",> 100%
2017-18,12,7.5,7.0,,7.4,7.4,345,"""""""""""""""""""""""""""""""""""""""""""""""""""""""""""""""3""""""""""""""""""""""""""""""","""""""""""""""""""""""""""""""793""""""""""""""""""""""""""""""""""""""""""""""""""""""""""""""",0,"""""""""""""""""""""""""""""""""""""""""""""""""""""""""""""""4""""""""""""""""""""""""""""""","""""""""""""""""""""""""""""""138""""""""""""""""""""""""""""""""""""""""""""""""""""""""""""""","""""""""""""""""""""""""""""""""""""""""""""""""""""""""""""""55""""""""""""""""""""""""""""""","""""""""""""""""""""""""""""""767""""""""""""""""""""""""""""""""""""""""""""""""""""""""""""""",> 100%
2017-18,13,7.4,7.0,,7.4,7.4,284,"""""""""""""""""""""""""""""""""""""""""""""""""""""""""""""""3""""""""""""""""""""""""""""""","""""""""""""""""""""""""""""""779""""""""""""""""""""""""""""""""""""""""""""""""""""""""""""""",0,"""""""""""""""""""""""""""""""""""""""""""""""""""""""""""""""4""""""""""""""""""""""""""""""","""""""""""""""""""""""""""""""063""""""""""""""""""""""""""""""""""""""""""""""""""""""""""""""","""""""""""""""""""""""""""""""""""""""""""""""""""""""""""""""54""""""""""""""""""""""""""""""","""""""""""""""""""""""""""""""919""""""""""""""""""""""""""""""""""""""""""""""""""""""""""""""",> 100%
2017-18,14,7.3,6.8,,7.2,7.2,300,"""""""""""""""""""""""""""""""""""""""""""""""""""""""""""""""3""""""""""""""""""""""""""""""","""""""""""""""""""""""""""""""698""""""""""""""""""""""""""""""""""""""""""""""""""""""""""""""",0,"""""""""""""""""""""""""""""""""""""""""""""""""""""""""""""""3""""""""""""""""""""""""""""""","""""""""""""""""""""""""""""""998""""""""""""""""""""""""""""""""""""""""""""""""""""""""""""""","""""""""""""""""""""""""""""""""""""""""""""""""""""""""""""""55""""""""""""""""""""""""""""""","""""""""""""""""""""""""""""""300""""""""""""""""""""""""""""""""""""""""""""""""""""""""""""""",> 100%
2017-18,15,7.2,6.7,,6.9,6.9,214,"""""""""""""""""""""""""""""""""""""""""""""""""""""""""""""""3""""""""""""""""""""""""""""""","""""""""""""""""""""""""""""""590""""""""""""""""""""""""""""""""""""""""""""""""""""""""""""""",0,"""""""""""""""""""""""""""""""""""""""""""""""""""""""""""""""3""""""""""""""""""""""""""""""","""""""""""""""""""""""""""""""804""""""""""""""""""""""""""""""""""""""""""""""""""""""""""""""","""""""""""""""""""""""""""""""""""""""""""""""""""""""""""""""55""""""""""""""""""""""""""""""","""""""""""""""""""""""""""""""229""""""""""""""""""""""""""""""""""""""""""""""""""""""""""""""",> 100%
2017-18,16,7.1,6.6,,6.6,6.6,153,"""""""""""""""""""""""""""""""""""""""""""""""""""""""""""""""3""""""""""""""""""""""""""""""","""""""""""""""""""""""""""""""430""""""""""""""""""""""""""""""""""""""""""""""""""""""""""""""",0,"""""""""""""""""""""""""""""""""""""""""""""""""""""""""""""""3""""""""""""""""""""""""""""""","""""""""""""""""""""""""""""""583""""""""""""""""""""""""""""""""""""""""""""""""""""""""""""""","""""""""""""""""""""""""""""""""""""""""""""""""""""""""""""""54""""""""""""""""""""""""""""""","""""""""""""""""""""""""""""""040""""""""""""""""""""""""""""""""""""""""""""""""""""""""""""""",> 100%
2017-18,17,7.0,6.5,,6.5,6.5,119,"""""""""""""""""""""""""""""""""""""""""""""""""""""""""""""""3""""""""""""""""""""""""""""""","""""""""""""""""""""""""""""""395""""""""""""""""""""""""""""""""""""""""""""""""""""""""""""""",0,"""""""""""""""""""""""""""""""""""""""""""""""""""""""""""""""3""""""""""""""""""""""""""""""","""""""""""""""""""""""""""""""514""""""""""""""""""""""""""""""""""""""""""""""""""""""""""""""","""""""""""""""""""""""""""""""""""""""""""""""""""""""""""""""53""""""""""""""""""""""""""""""","""""""""""""""""""""""""""""""728""""""""""""""""""""""""""""""""""""""""""""""""""""""""""""""",> 100%
2017-18,18,6.8,6.4,,6.1,6.1,106,"""""""""""""""""""""""""""""""""""""""""""""""""""""""""""""""3""""""""""""""""""""""""""""""","""""""""""""""""""""""""""""""198""""""""""""""""""""""""""""""""""""""""""""""""""""""""""""""",0,"""""""""""""""""""""""""""""""""""""""""""""""""""""""""""""""3""""""""""""""""""""""""""""""","""""""""""""""""""""""""""""""304""""""""""""""""""""""""""""""""""""""""""""""""""""""""""""""","""""""""""""""""""""""""""""""""""""""""""""""""""""""""""""""53""""""""""""""""""""""""""""""","""""""""""""""""""""""""""""""741""""""""""""""""""""""""""""""""""""""""""""""""""""""""""""""",> 100%
2017-18,19,6.7,6.3,,5.9,5.9,53,"""""""""""""""""""""""""""""""""""""""""""""""""""""""""""""""3""""""""""""""""""""""""""""""","""""""""""""""""""""""""""""""033""""""""""""""""""""""""""""""""""""""""""""""""""""""""""""""",0,"""""""""""""""""""""""""""""""""""""""""""""""""""""""""""""""3""""""""""""""""""""""""""""""","""""""""""""""""""""""""""""""086""""""""""""""""""""""""""""""""""""""""""""""""""""""""""""""","""""""""""""""""""""""""""""""""""""""""""""""""""""""""""""""52""""""""""""""""""""""""""""""","""""""""""""""""""""""""""""""108""""""""""""""""""""""""""""""""""""""""""""""""""""""""""""""",> 100%
2017-18,20,6.6,6.1,,5.9,5.9,43,"""""""""""""""""""""""""""""""""""""""""""""""""""""""""""""""2""""""""""""""""""""""""""""""","""""""""""""""""""""""""""""""955""""""""""""""""""""""""""""""""""""""""""""""""""""""""""""""",0,"""""""""""""""""""""""""""""""""""""""""""""""""""""""""""""""2""""""""""""""""""""""""""""""","""""""""""""""""""""""""""""""998""""""""""""""""""""""""""""""""""""""""""""""""""""""""""""""","""""""""""""""""""""""""""""""""""""""""""""""""""""""""""""""50""""""""""""""""""""""""""""""","""""""""""""""""""""""""""""""622""""""""""""""""""""""""""""""""""""""""""""""""""""""""""""""",> 100%
2017-18,21,6.4,6.0,,5.8,5.8,26,"""""""""""""""""""""""""""""""""""""""""""""""""""""""""""""""2""""""""""""""""""""""""""""""","""""""""""""""""""""""""""""""951""""""""""""""""""""""""""""""""""""""""""""""""""""""""""""""",0,"""""""""""""""""""""""""""""""""""""""""""""""""""""""""""""""2""""""""""""""""""""""""""""""","""""""""""""""""""""""""""""""977""""""""""""""""""""""""""""""""""""""""""""""""""""""""""""""","""""""""""""""""""""""""""""""""""""""""""""""""""""""""""""""50""""""""""""""""""""""""""""""","""""""""""""""""""""""""""""""932""""""""""""""""""""""""""""""""""""""""""""""""""""""""""""""",> 100%
2017-18,22,6.3,5.9,,5.7,5.7,26,"""""""""""""""""""""""""""""""""""""""""""""""""""""""""""""""2""""""""""""""""""""""""""""""","""""""""""""""""""""""""""""""905""""""""""""""""""""""""""""""""""""""""""""""""""""""""""""""",0,"""""""""""""""""""""""""""""""""""""""""""""""""""""""""""""""2""""""""""""""""""""""""""""""","""""""""""""""""""""""""""""""931""""""""""""""""""""""""""""""""""""""""""""""""""""""""""""""","""""""""""""""""""""""""""""""""""""""""""""""""""""""""""""""51""""""""""""""""""""""""""""""","""""""""""""""""""""""""""""""047""""""""""""""""""""""""""""""""""""""""""""""""""""""""""""""",> 100%
2017-18,23,6.2,5.8,,5.6,5.6,14,"""""""""""""""""""""""""""""""""""""""""""""""""""""""""""""""2""""""""""""""""""""""""""""""","""""""""""""""""""""""""""""""908""""""""""""""""""""""""""""""""""""""""""""""""""""""""""""""",0,"""""""""""""""""""""""""""""""""""""""""""""""""""""""""""""""2""""""""""""""""""""""""""""""","""""""""""""""""""""""""""""""922""""""""""""""""""""""""""""""""""""""""""""""""""""""""""""""","""""""""""""""""""""""""""""""""""""""""""""""""""""""""""""""52""""""""""""""""""""""""""""""","""""""""""""""""""""""""""""""003""""""""""""""""""""""""""""""""""""""""""""""""""""""""""""""",> 100%
2017-18,24,6.1,5.7,,5.7,5.7,14,"""""""""""""""""""""""""""""""""""""""""""""""""""""""""""""""2""""""""""""""""""""""""""""""","""""""""""""""""""""""""""""""935""""""""""""""""""""""""""""""""""""""""""""""""""""""""""""""",0,"""""""""""""""""""""""""""""""""""""""""""""""""""""""""""""""2""""""""""""""""""""""""""""""","""""""""""""""""""""""""""""""949""""""""""""""""""""""""""""""""""""""""""""""""""""""""""""""","""""""""""""""""""""""""""""""""""""""""""""""""""""""""""""""51""""""""""""""""""""""""""""""","""""""""""""""""""""""""""""""390""""""""""""""""""""""""""""""""""""""""""""""""""""""""""""""",> 100%
2017-18,25,6.0,5.6,,5.6,5.6,7,"""""""""""""""""""""""""""""""""""""""""""""""""""""""""""""""2""""""""""""""""""""""""""""""","""""""""""""""""""""""""""""""866""""""""""""""""""""""""""""""""""""""""""""""""""""""""""""""",0,"""""""""""""""""""""""""""""""""""""""""""""""""""""""""""""""2""""""""""""""""""""""""""""""","""""""""""""""""""""""""""""""873""""""""""""""""""""""""""""""""""""""""""""""""""""""""""""""","""""""""""""""""""""""""""""""""""""""""""""""""""""""""""""""51""""""""""""""""""""""""""""""","""""""""""""""""""""""""""""""047""""""""""""""""""""""""""""""""""""""""""""""""""""""""""""""",> 100%
2017-18,26,5.9,5.5,,5.7,5.7,9,"""""""""""""""""""""""""""""""""""""""""""""""""""""""""""""""2""""""""""""""""""""""""""""""","""""""""""""""""""""""""""""""868""""""""""""""""""""""""""""""""""""""""""""""""""""""""""""""",0,"""""""""""""""""""""""""""""""""""""""""""""""""""""""""""""""2""""""""""""""""""""""""""""""","""""""""""""""""""""""""""""""877""""""""""""""""""""""""""""""""""""""""""""""""""""""""""""""","""""""""""""""""""""""""""""""""""""""""""""""""""""""""""""""50""""""""""""""""""""""""""""""","""""""""""""""""""""""""""""""857""""""""""""""""""""""""""""""""""""""""""""""""""""""""""""""",> 100%
2017-18,27,5.8,5.4,,5.4,5.4,10,"""""""""""""""""""""""""""""""""""""""""""""""""""""""""""""""2""""""""""""""""""""""""""""""","""""""""""""""""""""""""""""""769""""""""""""""""""""""""""""""""""""""""""""""""""""""""""""""",0,"""""""""""""""""""""""""""""""""""""""""""""""""""""""""""""""2""""""""""""""""""""""""""""""","""""""""""""""""""""""""""""""779""""""""""""""""""""""""""""""""""""""""""""""""""""""""""""""","""""""""""""""""""""""""""""""""""""""""""""""""""""""""""""""51""""""""""""""""""""""""""""""","""""""""""""""""""""""""""""""684""""""""""""""""""""""""""""""""""""""""""""""""""""""""""""""",> 100%
2017-18,28,5.8,5.3,,5.4,5.4,5,"""""""""""""""""""""""""""""""""""""""""""""""""""""""""""""""2""""""""""""""""""""""""""""""","""""""""""""""""""""""""""""""781""""""""""""""""""""""""""""""""""""""""""""""""""""""""""""""",0,"""""""""""""""""""""""""""""""""""""""""""""""""""""""""""""""2""""""""""""""""""""""""""""""","""""""""""""""""""""""""""""""786""""""""""""""""""""""""""""""""""""""""""""""""""""""""""""""","""""""""""""""""""""""""""""""""""""""""""""""""""""""""""""""51""""""""""""""""""""""""""""""","""""""""""""""""""""""""""""""193""""""""""""""""""""""""""""""""""""""""""""""""""""""""""""""",> 100%
2017-18,29,5.7,5.3,,5.4,5.4,8,"""""""""""""""""""""""""""""""""""""""""""""""""""""""""""""""2""""""""""""""""""""""""""""""","""""""""""""""""""""""""""""""706""""""""""""""""""""""""""""""""""""""""""""""""""""""""""""""",0,"""""""""""""""""""""""""""""""""""""""""""""""""""""""""""""""2""""""""""""""""""""""""""""""","""""""""""""""""""""""""""""""714""""""""""""""""""""""""""""""""""""""""""""""""""""""""""""""","""""""""""""""""""""""""""""""""""""""""""""""""""""""""""""""50""""""""""""""""""""""""""""""","""""""""""""""""""""""""""""""612""""""""""""""""""""""""""""""""""""""""""""""""""""""""""""""",> 100%
2017-18,30,5.7,5.2,,5.4,5.4,12,"""""""""""""""""""""""""""""""""""""""""""""""""""""""""""""""2""""""""""""""""""""""""""""""","""""""""""""""""""""""""""""""700""""""""""""""""""""""""""""""""""""""""""""""""""""""""""""""",0,"""""""""""""""""""""""""""""""""""""""""""""""""""""""""""""""2""""""""""""""""""""""""""""""","""""""""""""""""""""""""""""""712""""""""""""""""""""""""""""""""""""""""""""""""""""""""""""""","""""""""""""""""""""""""""""""""""""""""""""""""""""""""""""""50""""""""""""""""""""""""""""""","""""""""""""""""""""""""""""""278""""""""""""""""""""""""""""""""""""""""""""""""""""""""""""""",> 100%
2017-18,31,5.7,5.2,,5.3,5.3,4,"""""""""""""""""""""""""""""""""""""""""""""""""""""""""""""""2""""""""""""""""""""""""""""""","""""""""""""""""""""""""""""""661""""""""""""""""""""""""""""""""""""""""""""""""""""""""""""""",0,"""""""""""""""""""""""""""""""""""""""""""""""""""""""""""""""2""""""""""""""""""""""""""""""","""""""""""""""""""""""""""""""665""""""""""""""""""""""""""""""""""""""""""""""""""""""""""""""","""""""""""""""""""""""""""""""""""""""""""""""""""""""""""""""50""""""""""""""""""""""""""""""","""""""""""""""""""""""""""""""639""""""""""""""""""""""""""""""""""""""""""""""""""""""""""""""",> 100%
2017-18,32,5.7,5.2,,5.3,5.3,10,"""""""""""""""""""""""""""""""""""""""""""""""""""""""""""""""2""""""""""""""""""""""""""""""","""""""""""""""""""""""""""""""673""""""""""""""""""""""""""""""""""""""""""""""""""""""""""""""",0,"""""""""""""""""""""""""""""""""""""""""""""""""""""""""""""""2""""""""""""""""""""""""""""""","""""""""""""""""""""""""""""""683""""""""""""""""""""""""""""""""""""""""""""""""""""""""""""""","""""""""""""""""""""""""""""""""""""""""""""""""""""""""""""""50""""""""""""""""""""""""""""""","""""""""""""""""""""""""""""""967""""""""""""""""""""""""""""""""""""""""""""""""""""""""""""""",> 100%
2017-18,33,5.7,5.2,,5.2,5.2,5,"""""""""""""""""""""""""""""""""""""""""""""""""""""""""""""""2""""""""""""""""""""""""""""""","""""""""""""""""""""""""""""""616""""""""""""""""""""""""""""""""""""""""""""""""""""""""""""""",0,"""""""""""""""""""""""""""""""""""""""""""""""""""""""""""""""2""""""""""""""""""""""""""""""","""""""""""""""""""""""""""""""621""""""""""""""""""""""""""""""""""""""""""""""""""""""""""""""","""""""""""""""""""""""""""""""""""""""""""""""""""""""""""""""50""""""""""""""""""""""""""""""","""""""""""""""""""""""""""""""301""""""""""""""""""""""""""""""""""""""""""""""""""""""""""""""",> 100%
2017-18,34,5.7,5.2,,5.4,5.4,10,"""""""""""""""""""""""""""""""""""""""""""""""""""""""""""""""2""""""""""""""""""""""""""""""","""""""""""""""""""""""""""""""713""""""""""""""""""""""""""""""""""""""""""""""""""""""""""""""",0,"""""""""""""""""""""""""""""""""""""""""""""""""""""""""""""""2""""""""""""""""""""""""""""""","""""""""""""""""""""""""""""""723""""""""""""""""""""""""""""""""""""""""""""""""""""""""""""""","""""""""""""""""""""""""""""""""""""""""""""""""""""""""""""""50""""""""""""""""""""""""""""""","""""""""""""""""""""""""""""""463""""""""""""""""""""""""""""""""""""""""""""""""""""""""""""""",> 100%
2017-18,35,5.7,5.3,,5.2,5.2,6,"""""""""""""""""""""""""""""""""""""""""""""""""""""""""""""""2""""""""""""""""""""""""""""""","""""""""""""""""""""""""""""""630""""""""""""""""""""""""""""""""""""""""""""""""""""""""""""""",0,"""""""""""""""""""""""""""""""""""""""""""""""""""""""""""""""2""""""""""""""""""""""""""""""","""""""""""""""""""""""""""""""636""""""""""""""""""""""""""""""""""""""""""""""""""""""""""""""","""""""""""""""""""""""""""""""""""""""""""""""""""""""""""""""50""""""""""""""""""""""""""""""","""""""""""""""""""""""""""""""612""""""""""""""""""""""""""""""""""""""""""""""""""""""""""""""",> 100%
2017-18,36,5.8,5.3,,5.5,5.5,6,"""""""""""""""""""""""""""""""""""""""""""""""""""""""""""""""2""""""""""""""""""""""""""""""","""""""""""""""""""""""""""""""749""""""""""""""""""""""""""""""""""""""""""""""""""""""""""""""",0,"""""""""""""""""""""""""""""""""""""""""""""""""""""""""""""""2""""""""""""""""""""""""""""""","""""""""""""""""""""""""""""""755""""""""""""""""""""""""""""""""""""""""""""""""""""""""""""""","""""""""""""""""""""""""""""""""""""""""""""""""""""""""""""""50""""""""""""""""""""""""""""""","""""""""""""""""""""""""""""""300""""""""""""""""""""""""""""""""""""""""""""""""""""""""""""""",> 100%
2017-18,37,5.8,5.4,,5.4,5.4,8,"""""""""""""""""""""""""""""""""""""""""""""""""""""""""""""""2""""""""""""""""""""""""""""""","""""""""""""""""""""""""""""""761""""""""""""""""""""""""""""""""""""""""""""""""""""""""""""""",0,"""""""""""""""""""""""""""""""""""""""""""""""""""""""""""""""2""""""""""""""""""""""""""""""","""""""""""""""""""""""""""""""769""""""""""""""""""""""""""""""""""""""""""""""""""""""""""""""","""""""""""""""""""""""""""""""""""""""""""""""""""""""""""""""51""""""""""""""""""""""""""""""","""""""""""""""""""""""""""""""083""""""""""""""""""""""""""""""""""""""""""""""""""""""""""""""",> 100%
2017-18,38,5.9,5.5,,5.5,5.5,11,"""""""""""""""""""""""""""""""""""""""""""""""""""""""""""""""2""""""""""""""""""""""""""""""","""""""""""""""""""""""""""""""819""""""""""""""""""""""""""""""""""""""""""""""""""""""""""""""",0,"""""""""""""""""""""""""""""""""""""""""""""""""""""""""""""""2""""""""""""""""""""""""""""""","""""""""""""""""""""""""""""""830""""""""""""""""""""""""""""""""""""""""""""""""""""""""""""""","""""""""""""""""""""""""""""""""""""""""""""""""""""""""""""""51""""""""""""""""""""""""""""""","""""""""""""""""""""""""""""""584""""""""""""""""""""""""""""""""""""""""""""""""""""""""""""""",> 100%
2017-18,39,6.0,5.6,,5.5,5.5,14,"""""""""""""""""""""""""""""""""""""""""""""""""""""""""""""""2""""""""""""""""""""""""""""""","""""""""""""""""""""""""""""""814""""""""""""""""""""""""""""""""""""""""""""""""""""""""""""""",0,"""""""""""""""""""""""""""""""""""""""""""""""""""""""""""""""2""""""""""""""""""""""""""""""","""""""""""""""""""""""""""""""828""""""""""""""""""""""""""""""""""""""""""""""""""""""""""""""","""""""""""""""""""""""""""""""""""""""""""""""""""""""""""""""50""""""""""""""""""""""""""""""","""""""""""""""""""""""""""""""962""""""""""""""""""""""""""""""""""""""""""""""""""""""""""""""",> 100%
2016-17,40,6.3,6.0,,5.5,5.5,6,775,0,781,"""""""""""""""""""""""""""""""""""""""""""""""""""""""""""""""14""""""""""""""""""""""""""""""","""""""""""""""""""""""""""""""073""""""""""""""""""""""""""""""""""""""""""""""""""""""""""""""",29.6%,,
2016-17,41,6.4,6.1,,5.9,5.9,4,853,0,857,"""""""""""""""""""""""""""""""""""""""""""""""""""""""""""""""14""""""""""""""""""""""""""""""","""""""""""""""""""""""""""""""578""""""""""""""""""""""""""""""""""""""""""""""""""""""""""""""",30.6%,,
2016-17,42,6.5,6.1,,5.8,5.8,2,829,0,831,"""""""""""""""""""""""""""""""""""""""""""""""""""""""""""""""14""""""""""""""""""""""""""""""","""""""""""""""""""""""""""""""388""""""""""""""""""""""""""""""""""""""""""""""""""""""""""""""",30.2%,,
2016-17,43,6.6,6.3,,5.9,5.9,4,885,0,889,"""""""""""""""""""""""""""""""""""""""""""""""""""""""""""""""15""""""""""""""""""""""""""""""","""""""""""""""""""""""""""""""193""""""""""""""""""""""""""""""""""""""""""""""""""""""""""""""",31.9%,,
2016-17,44,6.7,6.4,,5.5,5.5,8,885,0,893,"""""""""""""""""""""""""""""""""""""""""""""""""""""""""""""""16""""""""""""""""""""""""""""""","""""""""""""""""""""""""""""""148""""""""""""""""""""""""""""""""""""""""""""""""""""""""""""""",33.9%,,
2016-17,45,6.8,6.5,,5.9,5.9,3,960,0,963,"""""""""""""""""""""""""""""""""""""""""""""""""""""""""""""""16""""""""""""""""""""""""""""""","""""""""""""""""""""""""""""""423""""""""""""""""""""""""""""""""""""""""""""""""""""""""""""""",34.5%,,
2016-17,46,6.9,6.6,,5.5,5.5,2,903,0,905,"""""""""""""""""""""""""""""""""""""""""""""""""""""""""""""""16""""""""""""""""""""""""""""""","""""""""""""""""""""""""""""""395""""""""""""""""""""""""""""""""""""""""""""""""""""""""""""""",34.5%,,
2016-17,47,7.1,6.7,,5.6,5.6,5,906,0,911,"""""""""""""""""""""""""""""""""""""""""""""""""""""""""""""""16""""""""""""""""""""""""""""""","""""""""""""""""""""""""""""""192""""""""""""""""""""""""""""""""""""""""""""""""""""""""""""""",34%,,
2016-17,48,7.2,6.8,,5.8,5.8,12,997,0,"""""""""""""""""""""""""""""""""""""""""""""""""""""""""""""""1""""""""""""""""""""""""""""""","""""""""""""""""""""""""""""""009""""""""""""""""""""""""""""""""""""""""""""""""""""""""""""""","""""""""""""""""""""""""""""""""""""""""""""""""""""""""""""""17""""""""""""""""""""""""""""""","""""""""""""""""""""""""""""""253""""""""""""""""""""""""""""""""""""""""""""""""""""""""""""""",36.3%,
2016-17,49,7.3,6.9,,6.4,6.4,8,"""""""""""""""""""""""""""""""""""""""""""""""""""""""""""""""1""""""""""""""""""""""""""""""","""""""""""""""""""""""""""""""186""""""""""""""""""""""""""""""""""""""""""""""""""""""""""""""",0,"""""""""""""""""""""""""""""""""""""""""""""""""""""""""""""""1""""""""""""""""""""""""""""""","""""""""""""""""""""""""""""""194""""""""""""""""""""""""""""""""""""""""""""""""""""""""""""""","""""""""""""""""""""""""""""""""""""""""""""""""""""""""""""""18""""""""""""""""""""""""""""""","""""""""""""""""""""""""""""""770""""""""""""""""""""""""""""""""""""""""""""""""""""""""""""""",39.4%
2016-17,50,7.4,7.0,,6.4,6.4,18,"""""""""""""""""""""""""""""""""""""""""""""""""""""""""""""""1""""""""""""""""""""""""""""""","""""""""""""""""""""""""""""""260""""""""""""""""""""""""""""""""""""""""""""""""""""""""""""""",0,"""""""""""""""""""""""""""""""""""""""""""""""""""""""""""""""1""""""""""""""""""""""""""""""","""""""""""""""""""""""""""""""278""""""""""""""""""""""""""""""""""""""""""""""""""""""""""""""","""""""""""""""""""""""""""""""""""""""""""""""""""""""""""""""19""""""""""""""""""""""""""""""","""""""""""""""""""""""""""""""823""""""""""""""""""""""""""""""""""""""""""""""""""""""""""""""",41.7%
2016-17,51,7.5,7.1,,6.3,6.3,36,"""""""""""""""""""""""""""""""""""""""""""""""""""""""""""""""1""""""""""""""""""""""""""""""","""""""""""""""""""""""""""""""285""""""""""""""""""""""""""""""""""""""""""""""""""""""""""""""",0,"""""""""""""""""""""""""""""""""""""""""""""""""""""""""""""""1""""""""""""""""""""""""""""""","""""""""""""""""""""""""""""""321""""""""""""""""""""""""""""""""""""""""""""""""""""""""""""""","""""""""""""""""""""""""""""""""""""""""""""""""""""""""""""""20""""""""""""""""""""""""""""""","""""""""""""""""""""""""""""""865""""""""""""""""""""""""""""""""""""""""""""""""""""""""""""""",43.9%
2016-17,52,7.6,7.2,,7.1,7.1,83,"""""""""""""""""""""""""""""""""""""""""""""""""""""""""""""""1""""""""""""""""""""""""""""""","""""""""""""""""""""""""""""""507""""""""""""""""""""""""""""""""""""""""""""""""""""""""""""""",0,"""""""""""""""""""""""""""""""""""""""""""""""""""""""""""""""1""""""""""""""""""""""""""""""","""""""""""""""""""""""""""""""590""""""""""""""""""""""""""""""""""""""""""""""""""""""""""""""","""""""""""""""""""""""""""""""""""""""""""""""""""""""""""""""22""""""""""""""""""""""""""""""","""""""""""""""""""""""""""""""433""""""""""""""""""""""""""""""""""""""""""""""""""""""""""""""",47.1%
2016-17,1,7.6,7.3,,7.7,7.7,187,"""""""""""""""""""""""""""""""""""""""""""""""""""""""""""""""1""""""""""""""""""""""""""""""","""""""""""""""""""""""""""""""953""""""""""""""""""""""""""""""""""""""""""""""""""""""""""""""",0,"""""""""""""""""""""""""""""""""""""""""""""""""""""""""""""""2""""""""""""""""""""""""""""""","""""""""""""""""""""""""""""""140""""""""""""""""""""""""""""""""""""""""""""""""""""""""""""""","""""""""""""""""""""""""""""""""""""""""""""""""""""""""""""""27""""""""""""""""""""""""""""""","""""""""""""""""""""""""""""""878""""""""""""""""""""""""""""""""""""""""""""""""""""""""""""""",58.6%
2016-17,2,7.7,7.3,,7.7,7.7,225,"""""""""""""""""""""""""""""""""""""""""""""""""""""""""""""""2""""""""""""""""""""""""""""""","""""""""""""""""""""""""""""""036""""""""""""""""""""""""""""""""""""""""""""""""""""""""""""""",0,"""""""""""""""""""""""""""""""""""""""""""""""""""""""""""""""2""""""""""""""""""""""""""""""","""""""""""""""""""""""""""""""261""""""""""""""""""""""""""""""""""""""""""""""""""""""""""""""","""""""""""""""""""""""""""""""""""""""""""""""""""""""""""""""29""""""""""""""""""""""""""""""","""""""""""""""""""""""""""""""334""""""""""""""""""""""""""""""""""""""""""""""""""""""""""""""",61.7%
2016-17,3,7.8,7.4,,8.1,8.1,236,"""""""""""""""""""""""""""""""""""""""""""""""""""""""""""""""2""""""""""""""""""""""""""""""","""""""""""""""""""""""""""""""290""""""""""""""""""""""""""""""""""""""""""""""""""""""""""""""",0,"""""""""""""""""""""""""""""""""""""""""""""""""""""""""""""""2""""""""""""""""""""""""""""""","""""""""""""""""""""""""""""""526""""""""""""""""""""""""""""""""""""""""""""""""""""""""""""""","""""""""""""""""""""""""""""""""""""""""""""""""""""""""""""""31""""""""""""""""""""""""""""""","""""""""""""""""""""""""""""""297""""""""""""""""""""""""""""""""""""""""""""""""""""""""""""""",65.8%
2016-17,4,7.8,7.4,,8.2,8.2,266,"""""""""""""""""""""""""""""""""""""""""""""""""""""""""""""""2""""""""""""""""""""""""""""""","""""""""""""""""""""""""""""""786""""""""""""""""""""""""""""""""""""""""""""""""""""""""""""""",0,"""""""""""""""""""""""""""""""""""""""""""""""""""""""""""""""3""""""""""""""""""""""""""""""","""""""""""""""""""""""""""""""052""""""""""""""""""""""""""""""""""""""""""""""""""""""""""""""","""""""""""""""""""""""""""""""""""""""""""""""""""""""""""""""37""""""""""""""""""""""""""""""","""""""""""""""""""""""""""""""159""""""""""""""""""""""""""""""""""""""""""""""""""""""""""""""",78.1%
2016-17,5,7.8,7.5,,8.1,8.1,326,"""""""""""""""""""""""""""""""""""""""""""""""""""""""""""""""3""""""""""""""""""""""""""""""","""""""""""""""""""""""""""""""872""""""""""""""""""""""""""""""""""""""""""""""""""""""""""""""",0,"""""""""""""""""""""""""""""""""""""""""""""""""""""""""""""""4""""""""""""""""""""""""""""""","""""""""""""""""""""""""""""""198""""""""""""""""""""""""""""""""""""""""""""""""""""""""""""""","""""""""""""""""""""""""""""""""""""""""""""""""""""""""""""""51""""""""""""""""""""""""""""""","""""""""""""""""""""""""""""""714""""""""""""""""""""""""""""""""""""""""""""""""""""""""""""""",> 100%
2016-17,6,7.9,7.5,,8.2,8.2,419,"""""""""""""""""""""""""""""""""""""""""""""""""""""""""""""""4""""""""""""""""""""""""""""""","""""""""""""""""""""""""""""""440""""""""""""""""""""""""""""""""""""""""""""""""""""""""""""""",0,"""""""""""""""""""""""""""""""""""""""""""""""""""""""""""""""4""""""""""""""""""""""""""""""","""""""""""""""""""""""""""""""859""""""""""""""""""""""""""""""""""""""""""""""""""""""""""""""","""""""""""""""""""""""""""""""""""""""""""""""""""""""""""""""58""""""""""""""""""""""""""""""","""""""""""""""""""""""""""""""981""""""""""""""""""""""""""""""""""""""""""""""""""""""""""""""",> 100%
2016-17,7,7.9,7.5,,8.5,8.5,545,"""""""""""""""""""""""""""""""""""""""""""""""""""""""""""""""4""""""""""""""""""""""""""""""","""""""""""""""""""""""""""""""419""""""""""""""""""""""""""""""""""""""""""""""""""""""""""""""",0,"""""""""""""""""""""""""""""""""""""""""""""""""""""""""""""""4""""""""""""""""""""""""""""""","""""""""""""""""""""""""""""""964""""""""""""""""""""""""""""""""""""""""""""""""""""""""""""""","""""""""""""""""""""""""""""""""""""""""""""""""""""""""""""""58""""""""""""""""""""""""""""""","""""""""""""""""""""""""""""""485""""""""""""""""""""""""""""""""""""""""""""""""""""""""""""""",> 100%
2016-17,8,7.8,7.5,,8.5,8.5,605,"""""""""""""""""""""""""""""""""""""""""""""""""""""""""""""""4""""""""""""""""""""""""""""""","""""""""""""""""""""""""""""""369""""""""""""""""""""""""""""""""""""""""""""""""""""""""""""""",0,"""""""""""""""""""""""""""""""""""""""""""""""""""""""""""""""4""""""""""""""""""""""""""""""","""""""""""""""""""""""""""""""974""""""""""""""""""""""""""""""""""""""""""""""""""""""""""""""","""""""""""""""""""""""""""""""""""""""""""""""""""""""""""""""58""""""""""""""""""""""""""""""","""""""""""""""""""""""""""""""288""""""""""""""""""""""""""""""""""""""""""""""""""""""""""""""",> 100%
2016-17,9,7.8,7.5,,8.4,8.4,534,"""""""""""""""""""""""""""""""""""""""""""""""""""""""""""""""4""""""""""""""""""""""""""""""","""""""""""""""""""""""""""""""260""""""""""""""""""""""""""""""""""""""""""""""""""""""""""""""",0,"""""""""""""""""""""""""""""""""""""""""""""""""""""""""""""""4""""""""""""""""""""""""""""""","""""""""""""""""""""""""""""""794""""""""""""""""""""""""""""""""""""""""""""""""""""""""""""""","""""""""""""""""""""""""""""""""""""""""""""""""""""""""""""""57""""""""""""""""""""""""""""""","""""""""""""""""""""""""""""""259""""""""""""""""""""""""""""""""""""""""""""""""""""""""""""""",> 100%
2016-17,10,7.8,7.4,,8.2,8.2,472,"""""""""""""""""""""""""""""""""""""""""""""""""""""""""""""""4""""""""""""""""""""""""""""""","""""""""""""""""""""""""""""""223""""""""""""""""""""""""""""""""""""""""""""""""""""""""""""""",0,"""""""""""""""""""""""""""""""""""""""""""""""""""""""""""""""4""""""""""""""""""""""""""""""","""""""""""""""""""""""""""""""695""""""""""""""""""""""""""""""""""""""""""""""""""""""""""""""","""""""""""""""""""""""""""""""""""""""""""""""""""""""""""""""57""""""""""""""""""""""""""""""","""""""""""""""""""""""""""""""479""""""""""""""""""""""""""""""""""""""""""""""""""""""""""""""",> 100%
2016-17,11,7.7,7.4,,7.9,7.9,376,"""""""""""""""""""""""""""""""""""""""""""""""""""""""""""""""4""""""""""""""""""""""""""""""","""""""""""""""""""""""""""""""100""""""""""""""""""""""""""""""""""""""""""""""""""""""""""""""",0,"""""""""""""""""""""""""""""""""""""""""""""""""""""""""""""""4""""""""""""""""""""""""""""""","""""""""""""""""""""""""""""""476""""""""""""""""""""""""""""""""""""""""""""""""""""""""""""""","""""""""""""""""""""""""""""""""""""""""""""""""""""""""""""""56""""""""""""""""""""""""""""""","""""""""""""""""""""""""""""""659""""""""""""""""""""""""""""""""""""""""""""""""""""""""""""""",> 100%
2016-17,12,7.7,7.3,,7.7,7.7,319,"""""""""""""""""""""""""""""""""""""""""""""""""""""""""""""""4""""""""""""""""""""""""""""""","""""""""""""""""""""""""""""""091""""""""""""""""""""""""""""""""""""""""""""""""""""""""""""""",0,"""""""""""""""""""""""""""""""""""""""""""""""""""""""""""""""4""""""""""""""""""""""""""""""","""""""""""""""""""""""""""""""410""""""""""""""""""""""""""""""""""""""""""""""""""""""""""""""","""""""""""""""""""""""""""""""""""""""""""""""""""""""""""""""57""""""""""""""""""""""""""""""","""""""""""""""""""""""""""""""051""""""""""""""""""""""""""""""""""""""""""""""""""""""""""""""",> 100%
2016-17,13,7.6,7.2,,7.6,7.6,333,"""""""""""""""""""""""""""""""""""""""""""""""""""""""""""""""3""""""""""""""""""""""""""""""","""""""""""""""""""""""""""""""887""""""""""""""""""""""""""""""""""""""""""""""""""""""""""""""",0,"""""""""""""""""""""""""""""""""""""""""""""""""""""""""""""""4""""""""""""""""""""""""""""""","""""""""""""""""""""""""""""""220""""""""""""""""""""""""""""""""""""""""""""""""""""""""""""""","""""""""""""""""""""""""""""""""""""""""""""""""""""""""""""""55""""""""""""""""""""""""""""""","""""""""""""""""""""""""""""""706""""""""""""""""""""""""""""""""""""""""""""""""""""""""""""""",> 100%
2016-17,14,7.5,7.1,,7.4,7.4,266,"""""""""""""""""""""""""""""""""""""""""""""""""""""""""""""""3""""""""""""""""""""""""""""""","""""""""""""""""""""""""""""""821""""""""""""""""""""""""""""""""""""""""""""""""""""""""""""""",0,"""""""""""""""""""""""""""""""""""""""""""""""""""""""""""""""4""""""""""""""""""""""""""""""","""""""""""""""""""""""""""""""087""""""""""""""""""""""""""""""""""""""""""""""""""""""""""""""","""""""""""""""""""""""""""""""""""""""""""""""""""""""""""""""55""""""""""""""""""""""""""""""","""""""""""""""""""""""""""""""166""""""""""""""""""""""""""""""""""""""""""""""""""""""""""""""",> 100%
2016-17,15,7.4,7.0,,7.3,7.3,208,"""""""""""""""""""""""""""""""""""""""""""""""""""""""""""""""3""""""""""""""""""""""""""""""","""""""""""""""""""""""""""""""776""""""""""""""""""""""""""""""""""""""""""""""""""""""""""""""",0,"""""""""""""""""""""""""""""""""""""""""""""""""""""""""""""""3""""""""""""""""""""""""""""""","""""""""""""""""""""""""""""""984""""""""""""""""""""""""""""""""""""""""""""""""""""""""""""""","""""""""""""""""""""""""""""""""""""""""""""""""""""""""""""""54""""""""""""""""""""""""""""""","""""""""""""""""""""""""""""""866""""""""""""""""""""""""""""""""""""""""""""""""""""""""""""""",> 100%
2016-17,16,7.3,6.9,,6.9,6.9,162,"""""""""""""""""""""""""""""""""""""""""""""""""""""""""""""""3""""""""""""""""""""""""""""""","""""""""""""""""""""""""""""""489""""""""""""""""""""""""""""""""""""""""""""""""""""""""""""""",0,"""""""""""""""""""""""""""""""""""""""""""""""""""""""""""""""3""""""""""""""""""""""""""""""","""""""""""""""""""""""""""""""651""""""""""""""""""""""""""""""""""""""""""""""""""""""""""""""","""""""""""""""""""""""""""""""""""""""""""""""""""""""""""""""53""""""""""""""""""""""""""""""","""""""""""""""""""""""""""""""074""""""""""""""""""""""""""""""""""""""""""""""""""""""""""""""",> 100%
2016-17,17,7.2,6.8,,6.7,6.7,90,"""""""""""""""""""""""""""""""""""""""""""""""""""""""""""""""3""""""""""""""""""""""""""""""","""""""""""""""""""""""""""""""458""""""""""""""""""""""""""""""""""""""""""""""""""""""""""""""",0,"""""""""""""""""""""""""""""""""""""""""""""""""""""""""""""""3""""""""""""""""""""""""""""""","""""""""""""""""""""""""""""""548""""""""""""""""""""""""""""""""""""""""""""""""""""""""""""""","""""""""""""""""""""""""""""""""""""""""""""""""""""""""""""""53""""""""""""""""""""""""""""""","""""""""""""""""""""""""""""""296""""""""""""""""""""""""""""""""""""""""""""""""""""""""""""""",> 100%
2016-17,18,7.1,6.7,,6.4,6.4,63,"""""""""""""""""""""""""""""""""""""""""""""""""""""""""""""""3""""""""""""""""""""""""""""""","""""""""""""""""""""""""""""""308""""""""""""""""""""""""""""""""""""""""""""""""""""""""""""""",0,"""""""""""""""""""""""""""""""""""""""""""""""""""""""""""""""3""""""""""""""""""""""""""""""","""""""""""""""""""""""""""""""371""""""""""""""""""""""""""""""""""""""""""""""""""""""""""""""","""""""""""""""""""""""""""""""""""""""""""""""""""""""""""""""52""""""""""""""""""""""""""""""","""""""""""""""""""""""""""""""659""""""""""""""""""""""""""""""""""""""""""""""""""""""""""""""",> 100%
2016-17,19,7.0,6.6,,6.3,6.3,50,"""""""""""""""""""""""""""""""""""""""""""""""""""""""""""""""3""""""""""""""""""""""""""""""","""""""""""""""""""""""""""""""216""""""""""""""""""""""""""""""""""""""""""""""""""""""""""""""",0,"""""""""""""""""""""""""""""""""""""""""""""""""""""""""""""""3""""""""""""""""""""""""""""""","""""""""""""""""""""""""""""""266""""""""""""""""""""""""""""""""""""""""""""""""""""""""""""""","""""""""""""""""""""""""""""""""""""""""""""""""""""""""""""""51""""""""""""""""""""""""""""""","""""""""""""""""""""""""""""""986""""""""""""""""""""""""""""""""""""""""""""""""""""""""""""""",> 100%
2016-17,20,6.8,6.5,,6.2,6.2,53,"""""""""""""""""""""""""""""""""""""""""""""""""""""""""""""""3""""""""""""""""""""""""""""""","""""""""""""""""""""""""""""""201""""""""""""""""""""""""""""""""""""""""""""""""""""""""""""""",0,"""""""""""""""""""""""""""""""""""""""""""""""""""""""""""""""3""""""""""""""""""""""""""""""","""""""""""""""""""""""""""""""254""""""""""""""""""""""""""""""""""""""""""""""""""""""""""""""","""""""""""""""""""""""""""""""""""""""""""""""""""""""""""""""52""""""""""""""""""""""""""""""","""""""""""""""""""""""""""""""480""""""""""""""""""""""""""""""""""""""""""""""""""""""""""""""",> 100%
2016-17,21,6.7,6.4,,6.1,6.1,24,"""""""""""""""""""""""""""""""""""""""""""""""""""""""""""""""3""""""""""""""""""""""""""""""","""""""""""""""""""""""""""""""091""""""""""""""""""""""""""""""""""""""""""""""""""""""""""""""",0,"""""""""""""""""""""""""""""""""""""""""""""""""""""""""""""""3""""""""""""""""""""""""""""""","""""""""""""""""""""""""""""""115""""""""""""""""""""""""""""""""""""""""""""""""""""""""""""""","""""""""""""""""""""""""""""""""""""""""""""""""""""""""""""""50""""""""""""""""""""""""""""""","""""""""""""""""""""""""""""""975""""""""""""""""""""""""""""""""""""""""""""""""""""""""""""""",> 100%
2016-17,22,6.6,6.2,,5.9,5.9,23,"""""""""""""""""""""""""""""""""""""""""""""""""""""""""""""""3""""""""""""""""""""""""""""""","""""""""""""""""""""""""""""""019""""""""""""""""""""""""""""""""""""""""""""""""""""""""""""""",0,"""""""""""""""""""""""""""""""""""""""""""""""""""""""""""""""3""""""""""""""""""""""""""""""","""""""""""""""""""""""""""""""042""""""""""""""""""""""""""""""""""""""""""""""""""""""""""""""","""""""""""""""""""""""""""""""""""""""""""""""""""""""""""""""51""""""""""""""""""""""""""""""","""""""""""""""""""""""""""""""258""""""""""""""""""""""""""""""""""""""""""""""""""""""""""""""",> 100%
2016-17,23,6.5,6.1,,6.1,6.1,17,"""""""""""""""""""""""""""""""""""""""""""""""""""""""""""""""3""""""""""""""""""""""""""""""","""""""""""""""""""""""""""""""127""""""""""""""""""""""""""""""""""""""""""""""""""""""""""""""",0,"""""""""""""""""""""""""""""""""""""""""""""""""""""""""""""""3""""""""""""""""""""""""""""""","""""""""""""""""""""""""""""""144""""""""""""""""""""""""""""""""""""""""""""""""""""""""""""""","""""""""""""""""""""""""""""""""""""""""""""""""""""""""""""""51""""""""""""""""""""""""""""""","""""""""""""""""""""""""""""""421""""""""""""""""""""""""""""""""""""""""""""""""""""""""""""""",> 100%
2016-17,24,6.4,6.0,,6.1,6.1,19,"""""""""""""""""""""""""""""""""""""""""""""""""""""""""""""""3""""""""""""""""""""""""""""""","""""""""""""""""""""""""""""""069""""""""""""""""""""""""""""""""""""""""""""""""""""""""""""""",0,"""""""""""""""""""""""""""""""""""""""""""""""""""""""""""""""3""""""""""""""""""""""""""""""","""""""""""""""""""""""""""""""088""""""""""""""""""""""""""""""""""""""""""""""""""""""""""""""","""""""""""""""""""""""""""""""""""""""""""""""""""""""""""""""50""""""""""""""""""""""""""""""","""""""""""""""""""""""""""""""798""""""""""""""""""""""""""""""""""""""""""""""""""""""""""""""",> 100%
2016-17,25,6.3,5.9,,5.9,5.9,15,"""""""""""""""""""""""""""""""""""""""""""""""""""""""""""""""2""""""""""""""""""""""""""""""","""""""""""""""""""""""""""""""982""""""""""""""""""""""""""""""""""""""""""""""""""""""""""""""",0,"""""""""""""""""""""""""""""""""""""""""""""""""""""""""""""""2""""""""""""""""""""""""""""""","""""""""""""""""""""""""""""""997""""""""""""""""""""""""""""""""""""""""""""""""""""""""""""""","""""""""""""""""""""""""""""""""""""""""""""""""""""""""""""""51""""""""""""""""""""""""""""""","""""""""""""""""""""""""""""""203""""""""""""""""""""""""""""""""""""""""""""""""""""""""""""""",> 100%
2016-17,26,6.2,5.8,,5.9,5.9,10,"""""""""""""""""""""""""""""""""""""""""""""""""""""""""""""""2""""""""""""""""""""""""""""""","""""""""""""""""""""""""""""""954""""""""""""""""""""""""""""""""""""""""""""""""""""""""""""""",0,"""""""""""""""""""""""""""""""""""""""""""""""""""""""""""""""2""""""""""""""""""""""""""""""","""""""""""""""""""""""""""""""964""""""""""""""""""""""""""""""""""""""""""""""""""""""""""""""","""""""""""""""""""""""""""""""""""""""""""""""""""""""""""""""50""""""""""""""""""""""""""""""","""""""""""""""""""""""""""""""618""""""""""""""""""""""""""""""""""""""""""""""""""""""""""""""",> 100%
2016-17,27,6.1,5.7,,5.6,5.6,18,"""""""""""""""""""""""""""""""""""""""""""""""""""""""""""""""2""""""""""""""""""""""""""""""","""""""""""""""""""""""""""""""824""""""""""""""""""""""""""""""""""""""""""""""""""""""""""""""",0,"""""""""""""""""""""""""""""""""""""""""""""""""""""""""""""""2""""""""""""""""""""""""""""""","""""""""""""""""""""""""""""""842""""""""""""""""""""""""""""""""""""""""""""""""""""""""""""""","""""""""""""""""""""""""""""""""""""""""""""""""""""""""""""""50""""""""""""""""""""""""""""""","""""""""""""""""""""""""""""""964""""""""""""""""""""""""""""""""""""""""""""""""""""""""""""""",> 100%
2016-17,28,6.0,5.7,,6.1,6.1,4,"""""""""""""""""""""""""""""""""""""""""""""""""""""""""""""""3""""""""""""""""""""""""""""""","""""""""""""""""""""""""""""""047""""""""""""""""""""""""""""""""""""""""""""""""""""""""""""""",0,"""""""""""""""""""""""""""""""""""""""""""""""""""""""""""""""3""""""""""""""""""""""""""""""","""""""""""""""""""""""""""""""051""""""""""""""""""""""""""""""""""""""""""""""""""""""""""""""","""""""""""""""""""""""""""""""""""""""""""""""""""""""""""""""49""""""""""""""""""""""""""""""","""""""""""""""""""""""""""""""974""""""""""""""""""""""""""""""""""""""""""""""""""""""""""""""",> 100%
2016-17,29,5.9,5.6,,5.5,5.5,10,"""""""""""""""""""""""""""""""""""""""""""""""""""""""""""""""2""""""""""""""""""""""""""""""","""""""""""""""""""""""""""""""756""""""""""""""""""""""""""""""""""""""""""""""""""""""""""""""",0,"""""""""""""""""""""""""""""""""""""""""""""""""""""""""""""""2""""""""""""""""""""""""""""""","""""""""""""""""""""""""""""""766""""""""""""""""""""""""""""""""""""""""""""""""""""""""""""""","""""""""""""""""""""""""""""""""""""""""""""""""""""""""""""""50""""""""""""""""""""""""""""""","""""""""""""""""""""""""""""""133""""""""""""""""""""""""""""""""""""""""""""""""""""""""""""""",> 100%
2016-17,30,5.9,5.5,,5.8,5.8,3,"""""""""""""""""""""""""""""""""""""""""""""""""""""""""""""""2""""""""""""""""""""""""""""""","""""""""""""""""""""""""""""""853""""""""""""""""""""""""""""""""""""""""""""""""""""""""""""""",0,"""""""""""""""""""""""""""""""""""""""""""""""""""""""""""""""2""""""""""""""""""""""""""""""","""""""""""""""""""""""""""""""856""""""""""""""""""""""""""""""""""""""""""""""""""""""""""""""","""""""""""""""""""""""""""""""""""""""""""""""""""""""""""""""49""""""""""""""""""""""""""""""","""""""""""""""""""""""""""""""364""""""""""""""""""""""""""""""""""""""""""""""""""""""""""""""",> 100%
2016-17,31,5.8,5.5,,5.4,5.4,4,"""""""""""""""""""""""""""""""""""""""""""""""""""""""""""""""2""""""""""""""""""""""""""""""","""""""""""""""""""""""""""""""696""""""""""""""""""""""""""""""""""""""""""""""""""""""""""""""",0,"""""""""""""""""""""""""""""""""""""""""""""""""""""""""""""""2""""""""""""""""""""""""""""""","""""""""""""""""""""""""""""""700""""""""""""""""""""""""""""""""""""""""""""""""""""""""""""""","""""""""""""""""""""""""""""""""""""""""""""""""""""""""""""""50""""""""""""""""""""""""""""""","""""""""""""""""""""""""""""""089""""""""""""""""""""""""""""""""""""""""""""""""""""""""""""""",> 100%
2016-17,32,5.8,5.5,,5.4,5.4,6,"""""""""""""""""""""""""""""""""""""""""""""""""""""""""""""""2""""""""""""""""""""""""""""""","""""""""""""""""""""""""""""""723""""""""""""""""""""""""""""""""""""""""""""""""""""""""""""""",0,"""""""""""""""""""""""""""""""""""""""""""""""""""""""""""""""2""""""""""""""""""""""""""""""","""""""""""""""""""""""""""""""729""""""""""""""""""""""""""""""""""""""""""""""""""""""""""""""","""""""""""""""""""""""""""""""""""""""""""""""""""""""""""""""50""""""""""""""""""""""""""""""","""""""""""""""""""""""""""""""239""""""""""""""""""""""""""""""""""""""""""""""""""""""""""""""",> 100%
2016-17,33,5.8,5.4,,5.4,5.4,11,"""""""""""""""""""""""""""""""""""""""""""""""""""""""""""""""2""""""""""""""""""""""""""""""","""""""""""""""""""""""""""""""689""""""""""""""""""""""""""""""""""""""""""""""""""""""""""""""",0,"""""""""""""""""""""""""""""""""""""""""""""""""""""""""""""""2""""""""""""""""""""""""""""""","""""""""""""""""""""""""""""""700""""""""""""""""""""""""""""""""""""""""""""""""""""""""""""""","""""""""""""""""""""""""""""""""""""""""""""""""""""""""""""""50""""""""""""""""""""""""""""""","""""""""""""""""""""""""""""""187""""""""""""""""""""""""""""""""""""""""""""""""""""""""""""""",> 100%
2016-17,34,5.8,5.4,,5.6,5.6,7,"""""""""""""""""""""""""""""""""""""""""""""""""""""""""""""""2""""""""""""""""""""""""""""""","""""""""""""""""""""""""""""""756""""""""""""""""""""""""""""""""""""""""""""""""""""""""""""""",0,"""""""""""""""""""""""""""""""""""""""""""""""""""""""""""""""2""""""""""""""""""""""""""""""","""""""""""""""""""""""""""""""763""""""""""""""""""""""""""""""""""""""""""""""""""""""""""""""","""""""""""""""""""""""""""""""""""""""""""""""""""""""""""""""49""""""""""""""""""""""""""""""","""""""""""""""""""""""""""""""518""""""""""""""""""""""""""""""""""""""""""""""""""""""""""""""",> 100%
2016-17,35,5.8,5.5,,5.4,5.4,7,"""""""""""""""""""""""""""""""""""""""""""""""""""""""""""""""2""""""""""""""""""""""""""""""","""""""""""""""""""""""""""""""716""""""""""""""""""""""""""""""""""""""""""""""""""""""""""""""",0,"""""""""""""""""""""""""""""""""""""""""""""""""""""""""""""""2""""""""""""""""""""""""""""""","""""""""""""""""""""""""""""""723""""""""""""""""""""""""""""""""""""""""""""""""""""""""""""""","""""""""""""""""""""""""""""""""""""""""""""""""""""""""""""""50""""""""""""""""""""""""""""""","""""""""""""""""""""""""""""""836""""""""""""""""""""""""""""""""""""""""""""""""""""""""""""""",> 100%
2016-17,36,5.8,5.5,,5.6,5.6,12,"""""""""""""""""""""""""""""""""""""""""""""""""""""""""""""""2""""""""""""""""""""""""""""""","""""""""""""""""""""""""""""""825""""""""""""""""""""""""""""""""""""""""""""""""""""""""""""""",0,"""""""""""""""""""""""""""""""""""""""""""""""""""""""""""""""2""""""""""""""""""""""""""""""","""""""""""""""""""""""""""""""837""""""""""""""""""""""""""""""""""""""""""""""""""""""""""""""","""""""""""""""""""""""""""""""""""""""""""""""""""""""""""""""50""""""""""""""""""""""""""""""","""""""""""""""""""""""""""""""982""""""""""""""""""""""""""""""""""""""""""""""""""""""""""""""",> 100%
2016-17,37,5.9,5.5,,5.9,5.9,7,"""""""""""""""""""""""""""""""""""""""""""""""""""""""""""""""3""""""""""""""""""""""""""""""","""""""""""""""""""""""""""""""021""""""""""""""""""""""""""""""""""""""""""""""""""""""""""""""",0,"""""""""""""""""""""""""""""""""""""""""""""""""""""""""""""""3""""""""""""""""""""""""""""""","""""""""""""""""""""""""""""""028""""""""""""""""""""""""""""""""""""""""""""""""""""""""""""""","""""""""""""""""""""""""""""""""""""""""""""""""""""""""""""""51""""""""""""""""""""""""""""""","""""""""""""""""""""""""""""""694""""""""""""""""""""""""""""""""""""""""""""""""""""""""""""""",> 100%
2016-17,38,5.9,5.6,,5.8,5.8,16,"""""""""""""""""""""""""""""""""""""""""""""""""""""""""""""""2""""""""""""""""""""""""""""""","""""""""""""""""""""""""""""""935""""""""""""""""""""""""""""""""""""""""""""""""""""""""""""""",0,"""""""""""""""""""""""""""""""""""""""""""""""""""""""""""""""2""""""""""""""""""""""""""""""","""""""""""""""""""""""""""""""951""""""""""""""""""""""""""""""""""""""""""""""""""""""""""""""","""""""""""""""""""""""""""""""""""""""""""""""""""""""""""""""51""""""""""""""""""""""""""""""","""""""""""""""""""""""""""""""231""""""""""""""""""""""""""""""""""""""""""""""""""""""""""""""",> 100%
2016-17,39,6.0,5.6,,5.7,5.7,19,"""""""""""""""""""""""""""""""""""""""""""""""""""""""""""""""2""""""""""""""""""""""""""""""","""""""""""""""""""""""""""""""888""""""""""""""""""""""""""""""""""""""""""""""""""""""""""""""",0,"""""""""""""""""""""""""""""""""""""""""""""""""""""""""""""""2""""""""""""""""""""""""""""""","""""""""""""""""""""""""""""""907""""""""""""""""""""""""""""""""""""""""""""""""""""""""""""""","""""""""""""""""""""""""""""""""""""""""""""""""""""""""""""""51""""""""""""""""""""""""""""""","""""""""""""""""""""""""""""""348""""""""""""""""""""""""""""""""""""""""""""""""""""""""""""""",> 100%
