"""""""""""""""""""""""""""""""""""""""""""""""""""""""""""""""*Beginning for the 2015-16 season""""""""""""""""""""""""""""""", reports from public health and clinical laboratories are presented separately in the weekly influenza update, FluView. Data from clinical laboratories include the weekly total number of specimens tested, the number of positive influenza test,""""""""""""""""""""""""""""""" and the percent positive by influenza type."""""""""""""""""""""""""""""""""""""""""""""""""""""""""""""""
TOTAL A,TOTAL B,PERCENT POSITIVE,PERCENT A,PERCENT B
2,3,0.721501,0.2886,0.4329
5,0,0.409836,0.409836,0
0,1,0.111607,0,0.111607
24,16,1.60901,0.965406,0.643604
14,3,0.795136,0.654818,0.140318
8,16,1.35364,0.451213,0.902425
2,1,0.483092,0.322061,0.161031
1,1,0.242718,0.121359,0.121359
25,2,2.75229,2.54842,0.203874
3,0,0.755668,0.755668,0
11,4,1.99468,1.46277,0.531915
4,2,0.438917,0.292612,0.146306
2,4,0.546946,0.182315,0.364631
38,14,1.88474,1.37731,0.50743
15,6,0.890963,0.636402,0.254561
10,16,1.33197,0.512295,0.819672
5,5,1.44928,0.724638,0.724638
3,0,0.355872,0.355872,0
23,3,2.80778,2.4838,0.323974
5,0,1.3587,1.3587,0
4,3,0.988701,0.564972,0.423729
1,2,0.215054,0.0716846,0.143369
5,9,1.38203,0.493583,0.88845
61,13,2.48239,2.04629,0.436095
5,8,0.523349,0.201288,0.322061
6,15,1.08415,0.309757,0.774393
6,0,0.828729,0.828729,0
2,2,0.456621,0.228311,0.228311
6,0,0.641711,0.641711,0
1,0,0.257732,0.257732,0
1,1,0.27933,0.139665,0.139665
7,3,0.707214,0.49505,0.212164
1,3,0.386847,0.0967118,0.290135
47,26,2.52945,1.62855,0.900901
13,6,0.73246,0.501157,0.231303
20,5,1.40924,1.1274,0.281849
4,5,1.21294,0.539084,0.673854
1,1,0.212089,0.106045,0.106045
3,1,0.412797,0.309598,0.103199
1,1,0.430108,0.215054,0.215054
0,1,0.128041,0,0.128041
6,2,0.585652,0.439239,0.146413
2,6,0.683177,0.170794,0.512383
45,33,2.33184,1.34529,0.986547
13,10,0.869565,0.491493,0.378072
16,7,1.15869,0.806045,0.352645
2,4,0.766284,0.255428,0.510856
1,1,0.194553,0.0972763,0.0972763
11,3,1.26468,0.993677,0.271003
1,1,0.420168,0.210084,0.210084
2,1,0.439883,0.293255,0.146628
6,2,0.554401,0.4158,0.1386
3,0,0.249377,0.249377,0
57,59,3.41076,1.67598,1.73478
23,3,0.991231,0.876859,0.114373
20,15,1.5528,0.887311,0.665484
1,0,0.13986,0.13986,0
2,0,0.181488,0.181488,0
8,5,1.11972,0.689061,0.430663
0,1,0.215517,0,0.215517
1,1,0.256739,0.12837,0.12837
4,3,0.462963,0.26455,0.198413
2,6,0.645682,0.161421,0.484262
36,56,2.71146,1.06101,1.65046
15,8,0.840951,0.548446,0.292505
20,17,1.74858,0.94518,0.803403
2,4,0.870827,0.290276,0.580552
0,0,0,0,0
4,2,0.5,0.333333,0.166667
0,1,0.182149,0,0.182149
2,1,0.380711,0.253807,0.126904
11,4,1.0917,0.800582,0.291121
1,3,0.384246,0.0960615,0.288184
75,64,3.73154,2.01342,1.71812
10,5,0.59312,0.395413,0.197707
12,11,0.933442,0.487013,0.446429
0,1,0.162075,0,0.162075
2,1,0.271985,0.181324,0.0906618
5,1,0.566038,0.471698,0.0943396
1,1,0.375235,0.187617,0.187617
2,1,0.384615,0.25641,0.128205
15,2,1.02348,0.90307,0.120409
4,2,0.498339,0.332226,0.166113
66,49,3.51682,2.01835,1.49847
15,4,0.659036,0.520291,0.138744
12,11,0.922213,0.481155,0.441059
4,0,0.531915,0.531915,0
4,1,0.399042,0.319234,0.0798085
12,7,1.48554,0.938233,0.547303
11,4,2.4,1.76,0.64
2,5,0.852619,0.243605,0.609013
14,4,1.07784,0.838323,0.239521
2,1,0.224383,0.149589,0.0747943
66,62,3.58242,1.84719,1.73524
15,7,0.74124,0.505391,0.235849
14,13,1.08827,0.564289,0.523982
6,2,1.06809,0.801068,0.267023
6,5,0.88853,0.484653,0.403877
8,3,0.906096,0.658979,0.247117
7,4,1.76849,1.1254,0.643087
1,2,0.356295,0.118765,0.23753
12,5,0.926431,0.653951,0.27248
2,2,0.30888,0.15444,0.15444
162,130,7.19566,3.99211,3.20355
16,5,0.7109,0.541638,0.169262
13,15,1.07157,0.497512,0.574053
8,2,1.321,1.0568,0.264201
4,14,1.45749,0.323887,1.1336
14,10,1.94647,1.13544,0.81103
12,7,3.54478,2.23881,1.30597
9,2,1.24153,1.0158,0.225734
11,4,0.881834,0.646678,0.235156
8,7,1.1583,0.617761,0.540541
92,84,4.86457,2.54284,2.32172
25,7,1.13034,0.88308,0.247262
27,25,1.86047,0.966011,0.894454
1,3,0.578035,0.144509,0.433526
18,13,2.58118,1.49875,1.08243
23,18,3.07577,1.72543,1.35034
6,3,1.71103,1.14068,0.570342
6,1,0.706357,0.605449,0.100908
23,13,2.02931,1.29651,0.732807
10,6,1.00251,0.626566,0.37594
109,108,5.49367,2.75949,2.73418
15,6,0.633293,0.452352,0.180941
20,16,1.28205,0.712251,0.569801
4,0,0.514801,0.514801,0
24,19,2.85525,1.59363,1.26162
40,19,4.0273,2.73038,1.29693
13,12,3.66569,1.90616,1.75953
12,5,1.43946,1.01609,0.42337
27,5,1.36986,1.15582,0.214041
6,3,0.549786,0.366524,0.183262
94,54,4.2322,2.68802,1.54418
56,12,1.93732,1.59544,0.34188
34,17,1.79704,1.19803,0.599013
7,3,1.30378,0.912647,0.391134
43,25,4.29564,2.71636,1.57928
99,36,7.87631,5.77596,2.10035
18,24,5.80913,2.48963,3.3195
35,3,3.70732,3.41463,0.292683
53,9,2.91627,2.49294,0.42333
7,5,0.83045,0.484429,0.346021
197,63,7.69003,5.82668,1.86335
52,5,1.76361,1.60891,0.154703
43,22,2.34911,1.55403,0.795085
13,1,1.8543,1.72185,0.13245
20,29,3.26885,1.33422,1.93462
128,42,9.85507,7.42029,2.43478
23,45,9.26431,3.13351,6.13079
39,9,4.37557,3.55515,0.820419
64,7,3.74868,3.37909,0.369588
7,4,0.870253,0.553797,0.316456
211,79,8.62838,6.27789,2.35049
84,10,2.92653,2.61519,0.311333
56,30,3.0991,2.01802,1.08108
17,2,2.45161,2.19355,0.258065
46,34,4.80192,2.7611,2.04082
163,74,12.4475,8.56092,3.88655
29,66,11.1765,3.41176,7.76471
67,7,5.81304,5.26316,0.549882
98,13,5.4869,4.84429,0.64261
17,4,1.62917,1.31885,0.310318
281,96,9.90541,7.38308,2.52233
175,21,5.38166,4.80505,0.576606
76,48,4.07761,2.49918,1.57843
18,2,2.6178,2.35602,0.26178
68,68,7.3079,3.65395,3.65395
193,87,12.7737,8.80474,3.96898
42,66,12,4.66667,7.33333
102,4,8.37283,8.05687,0.315956
160,21,8.49765,7.51174,0.985915
28,6,2.70916,2.23108,0.478088
448,140,14.3555,10.9375,3.41797
296,42,8.18997,7.17228,1.01769
90,83,5.53777,2.88092,2.65685
27,6,3.76712,3.08219,0.684932
121,108,11.1762,5.90532,5.27086
245,103,14.665,10.3245,4.3405
55,74,13.3679,5.69948,7.66839
85,28,8.05991,6.06277,1.99715
254,38,12.0066,10.4441,1.5625
46,11,3.88548,3.13565,0.74983
574,152,15.8481,12.53,3.31805
422,50,10.6667,9.53672,1.12994
202,143,9.75127,5.70944,4.04183
40,2,4.01914,3.82775,0.191388
177,127,14.0936,8.20584,5.88781
382,195,20.6958,13.7016,6.99426
83,118,18.2894,7.55232,10.737
161,24,14.1114,12.2807,1.83066
387,43,16.431,14.7879,1.6431
84,37,7.9085,5.4902,2.4183
638,137,16.166,13.3083,2.85774
687,80,14.9164,13.3606,1.55581
354,282,15.9759,8.89224,7.08365
65,10,6.62544,5.74205,0.883392
231,138,14.3023,8.95349,5.34884
436,229,22.5042,14.7547,7.74958
92,112,17.4957,7.89022,9.60549
260,26,16.5701,15.0637,1.50637
626,64,21.9396,19.9046,2.03498
201,28,12.5548,11.0197,1.53509
979,203,20.5102,16.9877,3.52247
1094,119,19.5866,17.6651,1.92152
412,261,16.1701,9.89909,6.27102
89,8,7.82889,7.18321,0.645682
262,154,15.8779,10,5.87786
388,285,22.0583,12.7171,9.3412
99,128,18.2623,7.9646,10.2977
332,69,20.0801,16.6249,3.45518
906,103,27.7732,24.9381,2.83512
271,48,15.2924,12.9914,2.30105
1036,243,20.6058,16.6908,3.91493
1474,171,23.297,20.8752,2.42175
496,359,19.2438,11.1636,8.08013
113,21,10.859,9.15721,1.70178
388,200,20.0272,13.2153,6.81199
351,277,21.3243,11.9185,9.40577
156,138,21.9731,11.6592,10.3139
565,102,26.8952,22.7823,4.1129
1055,197,30.1469,25.4033,4.74356
534,132,26.1381,20.9576,5.18053
1144,346,22.0251,16.9106,5.11456
1835,259,25.6461,22.474,3.17208
532,399,20.6843,11.8196,8.8647
158,28,13.1728,11.1898,1.983
442,193,21.5036,14.9678,6.53573
268,213,19.1329,10.6603,8.47255
146,149,22.8682,11.3178,11.5504
469,118,23.2291,18.5596,4.66957
870,213,27.8693,22.3881,5.48121
421,146,21.228,15.7619,5.46612
805,275,18.5249,13.8079,4.71698
1201,251,20.2907,16.7831,3.50755
436,326,18.2166,10.4231,7.79345
92,19,8.71956,7.22702,1.49254
414,143,19.5028,14.4958,5.007
181,179,13.9914,7.03459,6.95686
158,120,21.7527,12.3631,9.38967
398,128,21.3647,16.1657,5.19903
678,213,24.6201,18.7345,5.8856
373,155,20.9857,14.8251,6.16057
643,241,17.092,12.4323,4.65971
773,220,17.2606,13.4365,3.82409
364,265,17.5063,10.1308,7.37545
82,20,8.46473,6.80498,1.65975
329,134,17.9388,12.747,5.19179
137,131,13.016,6.65372,6.36231
142,145,23.8968,11.8235,12.0733
352,141,20.7143,14.7899,5.92437
458,205,20.1949,13.9507,6.24429
277,145,18.1897,11.9397,6.25
401,242,14.0639,8.77078,5.29309
570,168,14.611,11.2849,3.32607
360,291,17.6136,9.74026,7.87338
76,31,9.35315,6.64336,2.70979
253,101,16.0181,11.448,4.57014
100,71,9.61755,5.6243,3.99325
118,119,20.2737,10.0941,10.1796
184,132,16.0896,9.36864,6.72098
274,204,16.9684,9.72666,7.24175
147,125,14.7186,7.95455,6.76407
307,258,13.1487,7.14452,6.00419
374,156,11.6817,8.24333,3.4384
284,241,17.7425,9.59784,8.14464
49,28,8.20896,5.22388,2.98507
191,89,14.6444,9.98954,4.65481
65,68,7.91196,3.86675,4.04521
96,89,18.0312,9.35673,8.67446
142,154,16.9822,8.14687,8.83534
188,211,16.2857,7.67347,8.61224
128,142,15.6522,7.42029,8.23188
232,254,12.0267,5.74115,6.28557
393,178,14.372,9.89177,4.48024
177,223,13.7883,6.10134,7.687
40,39,8.8565,4.4843,4.3722
102,72,10.5968,6.21194,4.3849
48,33,5.72438,3.39223,2.33216
56,58,12.6526,6.21532,6.43729
114,147,16.2921,7.1161,9.17603
150,220,16.5474,6.70841,9.839
119,206,18.9284,6.93069,11.9977
181,244,11.2345,4.78456,6.44991
223,184,11.8763,6.50715,5.36913
147,162,10.911,5.19068,5.72034
27,40,7.68349,3.09633,4.58716
79,65,10.0279,5.50139,4.52646
35,23,4.73856,2.85948,1.87908
48,38,11.7647,6.56635,5.19836
79,127,15.2142,5.83456,9.37962
80,179,12.1768,3.76117,8.41561
58,167,14.1066,3.63636,10.4702
108,231,9.68295,3.08483,6.59811
137,191,11.0104,4.59886,6.41155
108,121,9.04066,4.26372,4.77694
16,36,7.06522,2.17391,4.8913
44,40,7.21649,3.78007,3.43643
31,26,4.34451,2.3628,1.98171
40,25,9.71599,5.97907,3.73692
45,92,12.0281,3.95083,8.07726
48,154,10.9962,2.61296,8.38323
23,84,8.9916,1.93277,7.05882
80,203,9.12903,2.58065,6.54839
58,113,6.88406,2.33494,4.54911
79,99,8.03249,3.56498,4.46751
10,15,3.93701,1.5748,2.3622
39,22,5.82061,3.72137,2.09924
21,24,4.13223,1.92837,2.20386
24,16,6.23053,3.73832,2.49221
27,86,10.9922,2.62646,8.36576
27,92,7.30061,1.65644,5.64417
20,82,8.5213,1.67084,6.85046
57,179,8.23735,1.98953,6.24782
29,98,5.86605,1.33949,4.52656
66,78,6.61461,3.03169,3.58291
6,15,3.36,0.96,2.4
17,11,2.97872,1.80851,1.17021
17,13,3.27154,1.85387,1.41767
14,8,4.0293,2.5641,1.4652
13,70,9.75323,1.52761,8.22562
21,73,6.25,1.39628,4.85372
10,33,4.37882,1.01833,3.36049
50,152,7.84466,1.94175,5.90291
27,72,5.27719,1.43923,3.83795
71,70,7.14648,3.59858,3.5479
2,3,0.980392,0.392157,0.588235
11,16,2.97357,1.21145,1.76211
13,8,2.34114,1.44928,0.891862
6,8,2.98507,1.27932,1.70576
5,35,5.70613,0.713267,4.99287
8,67,5.85023,0.624025,5.22621
15,27,5.03597,1.79856,3.23741
45,149,7.36802,1.70908,5.65894
11,43,3.21046,0.653983,2.55648
35,55,4.83092,1.87869,2.95223
2,4,1.1811,0.393701,0.787402
9,9,2.2113,1.10565,1.10565
8,17,2.85388,0.913242,1.94064
1,2,0.753769,0.251256,0.502513
3,9,2.30326,0.575816,1.72745
8,28,2.95082,0.655738,2.29508
4,17,2.78515,0.530504,2.25464
28,95,5.4764,1.24666,4.22974
2,18,1.53492,0.153492,1.38143
25,39,3.81406,1.48987,2.3242
3,7,2.19298,0.657895,1.53509
0,6,0.827586,0,0.827586
4,6,1.28535,0.514139,0.771208
5,1,1.5544,1.29534,0.259067
0,7,1.79028,0,1.79028
3,10,1.09612,0.252951,0.84317
1,5,0.993377,0.165563,0.827815
18,114,6.4833,0.884086,5.59921
2,12,1.12,0.16,0.96
29,39,4.49141,1.91546,2.57596
1,3,0.985222,0.246305,0.738916
6,4,1.42045,0.852273,0.568182
7,8,2.06327,0.962861,1.10041
3,5,2.25989,0.847458,1.41243
3,2,1.3624,0.817439,0.544959
8,9,1.60985,0.757576,0.852273
0,2,0.359712,0,0.359712
20,55,4.39883,1.17302,3.22581
4,3,0.590219,0.337268,0.252951
14,20,2.37264,0.976971,1.39567
0,0,0,0,0
1,0,0.164474,0.164474,0
6,3,1.31387,0.875912,0.437956
3,0,0.817439,0.817439,0
1,2,1.01351,0.337838,0.675676
2,8,1.02249,0.204499,0.817996
0,1,0.181159,0,0.181159
17,49,4.35644,1.12211,3.23432
3,3,0.55607,0.278035,0.278035
15,15,2.52313,1.26156,1.26156
0,0,0,0,0
2,2,0.742115,0.371058,0.371058
1,3,0.572246,0.143062,0.429185
3,0,1.04167,1.04167,0
1,0,0.373134,0.373134,0
1,2,0.333704,0.111235,0.222469
0,3,0.678733,0,0.678733
13,27,3.38983,1.10169,2.28814
1,2,0.352526,0.117509,0.235018
3,12,1.70261,0.340522,1.36209
0,1,0.323625,0,0.323625
2,0,0.346021,0.346021,0
4,4,1.26582,0.632911,0.632911
1,0,0.387597,0.387597,0
1,0,0.406504,0.406504,0
2,1,0.404858,0.269906,0.134953
1,3,1.00251,0.250627,0.75188
12,17,2.40265,0.9942,1.40845
0,1,0.124378,0,0.124378
4,4,0.776699,0.38835,0.38835
0,3,0.879765,0,0.879765
2,0,0.369004,0.369004,0
1,0,0.258398,0.258398,0
1,1,0.711744,0.355872,0.355872
0,0,0,0,0
2,2,0.531915,0.265957,0.265957
0,1,0.209644,0,0.209644
11,8,1.65794,0.95986,0.69808
1,1,0.203666,0.101833,0.101833
6,11,1.76349,0.622407,1.14108
1,1,0.643087,0.321543,0.321543
1,1,0.35524,0.17762,0.17762
2,6,1.26183,0.315457,0.946372
0,0,0,0,0
1,1,2.10526,1.05263,1.05263
0,3,0.426743,0,0.426743
0,0,0,0,0
7,17,2.13333,0.622222,1.51111
2,0,0.248139,0.248139,0
2,3,0.550661,0.220264,0.330396
1,1,0.687285,0.343643,0.343643
3,1,0.767754,0.575816,0.191939
7,0,1.02339,1.02339,0
1,0,0.387597,0.387597,0
0,0,0,0,0
1,0,0.140252,0.140252,0
0,0,0,0,0
10,16,2.32975,0.896057,1.43369
2,0,0.247219,0.247219,0
4,7,1.24434,0.452489,0.791855
0,0,0,0,0
0,0,0,0,0
2,1,0.527241,0.351494,0.175747
1,1,0.77821,0.389105,0.389105
0,1,0.492611,0,0.492611
0,0,0,0,0
1,0,0.220751,0.220751,0
12,11,2.10238,1.09689,1.00548
7,1,0.986436,0.863132,0.123305
5,6,1.39594,0.634518,0.761421
0,0,0,0,0
5,0,0.910747,0.910747,0
2,1,0.529101,0.352734,0.176367
1,0,0.440529,0.440529,0
0,0,0,0,0
0,0,0,0,0
0,0,0,0,0
11,21,2.70957,0.931414,1.77815
3,0,0.334076,0.334076,0
4,4,1.00376,0.501882,0.501882
0,0,0,0,0
1,0,0.196464,0.196464,0
1,5,1.23711,0.206186,1.03093
2,0,0.790514,0.790514,0
1,0,0.531915,0.531915,0
5,1,0.882353,0.735294,0.147059
1,0,0.225225,0.225225,0
12,13,1.96386,0.942655,1.02121
6,0,0.752823,0.752823,0
2,6,0.997506,0.249377,0.74813
0,0,0,0,0
0,0,0,0,0
0,1,0.154083,0,0.154083
0,0,0,0,0
0,0,0,0,0
0,1,0.152207,0,0.152207
2,0,0.484262,0.484262,0
20,18,2.71041,1.42653,1.28388
2,1,0.322581,0.215054,0.107527
31,4,3.61197,3.19917,0.412797
0,0,0,0,0
1,0,0.171821,0.171821,0
5,1,1.14943,0.957854,0.191571
2,0,0.826446,0.826446,0
2,0,1.11111,1.11111,0
2,0,0.299401,0.299401,0
4,1,1.00604,0.804829,0.201207
6,26,2.08062,0.390117,1.69051
5,2,0.766703,0.547645,0.219058
45,12,4.28571,3.38346,0.902256
0,0,0,0,0
3,0,0.453858,0.453858,0
9,0,1.32743,1.32743,0
2,0,0.823045,0.823045,0
1,0,0.41841,0.41841,0
0,1,0.148588,0,0.148588
1,1,0.341297,0.170648,0.170648
20,35,3.12323,1.13572,1.98751
3,1,0.387973,0.29098,0.0969932
21,17,2.69504,1.48936,1.20567
2,0,0.44843,0.44843,0
2,0,0.284091,0.284091,0
5,1,0.928793,0.773994,0.154799
2,0,0.847458,0.847458,0
0,0,0,0,0
6,2,0.933489,0.700117,0.233372
1,0,0.192308,0.192308,0
33,36,3.59562,1.71965,1.87598
8,4,0.942655,0.628437,0.314218
10,15,1.6372,0.654879,0.982318
0,0,0,0,0
3,0,0.375,0.375,0
8,1,1.22449,1.08844,0.136054
5,0,1.45349,1.45349,0
2,0,0.481928,0.481928,0
1,1,0.213675,0.106838,0.106838
3,0,0.491803,0.491803,0
38,38,3.74384,1.87192,1.87192
9,5,1.05422,0.677711,0.376506
13,19,2.01765,0.819672,1.19798
1,0,0.214592,0.214592,0
4,0,0.493218,0.493218,0
15,4,2.39295,1.88917,0.503778
11,0,2.48869,2.48869,0
2,0,0.430108,0.430108,0
6,2,0.761905,0.571429,0.190476
2,1,0.430416,0.286944,0.143472
45,53,4.13677,1.89954,2.23723
8,3,0.702875,0.511182,0.191693
15,18,2.05993,0.93633,1.1236
0,0,0,0,0
3,2,0.632911,0.379747,0.253165
5,4,0.99889,0.554939,0.443951
20,0,4.0404,4.0404,0
5,1,0.917431,0.764526,0.152905
10,3,0.994644,0.765111,0.229533
1,4,0.53135,0.10627,0.42508
46,63,3.68243,1.55405,2.12838
8,5,0.544845,0.335289,0.209556
22,13,1.82863,1.14943,0.679206
0,0,0,0,0
8,0,0.876232,0.876232,0
6,1,0.705645,0.604839,0.100806
14,0,2.37288,2.37288,0
5,1,0.740741,0.617284,0.123457
2,3,0.381679,0.152672,0.229008
3,1,0.419727,0.314795,0.104932
47,46,3.22469,1.62968,1.59501
8,7,0.560957,0.299177,0.26178
18,21,1.93165,0.89153,1.04012
1,0,0.127389,0.127389,0
10,1,1.13872,1.0352,0.10352
10,1,1.06178,0.965251,0.0965251
4,2,0.974026,0.649351,0.324675
1,0,0.114943,0.114943,0
17,1,1.02798,0.970874,0.0571102
0,1,0.098912,0,0.098912
42,62,3.35484,1.35484,2
13,14,0.939457,0.452331,0.487126
11,13,1.17245,0.537372,0.635076
0,2,0.2442,0,0.2442
7,0,0.693756,0.693756,0
6,3,0.877193,0.584795,0.292398
18,1,3.15091,2.98507,0.165837
2,2,0.506329,0.253165,0.253165
8,4,0.708801,0.472534,0.236267
0,2,0.189573,0,0.189573
41,52,3.01556,1.32944,1.68612
6,5,0.373261,0.203597,0.169664
20,18,1.8018,0.948317,0.853485
1,1,0.225989,0.112994,0.112994
10,0,0.94518,0.94518,0
14,2,1.63934,1.43443,0.204918
41,2,6.01399,5.73427,0.27972
10,3,1.64557,1.26582,0.379747
15,2,0.953449,0.841279,0.11217
0,1,0.0874126,0,0.0874126
79,87,4.61752,2.1975,2.42003
18,9,0.843486,0.562324,0.281162
21,12,1.44168,0.917431,0.524246
1,2,0.353774,0.117925,0.235849
15,0,1.40977,1.40977,0
13,1,1.2951,1.20259,0.0925069
29,1,3.50058,3.3839,0.116686
7,2,1.01925,0.792752,0.226501
20,1,1.1212,1.06781,0.0533903
2,2,0.317712,0.158856,0.158856
95,86,4.89586,2.56965,2.32621
10,6,0.477612,0.298507,0.179104
22,21,1.65767,0.848111,0.809561
1,0,0.113507,0.113507,0
26,0,2.17573,2.17573,0
16,2,1.48148,1.31687,0.164609
72,1,8.44907,8.33333,0.115741
12,1,1.41458,1.30577,0.108814
25,4,1.52471,1.31441,0.210305
7,2,0.704777,0.54816,0.156617
108,90,4.79071,2.61311,2.17759
22,14,1.03986,0.635471,0.404391
45,27,2.38885,1.49303,0.89582
6,3,0.943396,0.628931,0.314465
19,1,1.71969,1.63371,0.0859845
15,1,1.30826,1.22649,0.0817661
88,1,8.78578,8.68707,0.0987167
8,4,1.31148,0.874317,0.437158
39,3,2.24359,2.08333,0.160256
12,4,1.30187,0.976404,0.325468
149,118,6.40749,3.57571,2.83177
37,9,1.39436,1.12155,0.27281
39,21,2.20022,1.43014,0.770077
13,2,1.70261,1.4756,0.227015
30,1,2.59631,2.51256,0.0837521
26,6,2.72805,2.21654,0.511509
98,1,9.31326,9.21919,0.0940734
29,3,2.81938,2.55507,0.264317
69,14,3.58531,2.98056,0.604752
23,6,1.945,1.54259,0.402414
154,108,5.84691,3.43673,2.41018
36,13,1.21227,0.890648,0.321623
35,27,2.01626,1.13821,0.878049
20,3,2.29084,1.99203,0.298805
49,0,3.48259,3.48259,0
37,8,2.94889,2.42464,0.524246
80,1,7.5985,7.50469,0.0938086
18,5,2.20729,1.72745,0.479846
62,2,3.65714,3.54286,0.114286
31,5,2.38727,2.0557,0.331565
223,102,7.30501,5.01236,2.29265
73,20,2.33258,1.83095,0.50163
56,31,3.10825,2.00071,1.10754
18,1,1.76252,1.66976,0.0927644
60,4,4.58125,4.29492,0.286328
55,10,4.54228,3.84347,0.698812
100,0,8.90472,8.90472,0
40,4,3.94619,3.58744,0.358744
146,8,6.44891,6.1139,0.335008
52,3,3.45261,3.26428,0.188324
401,135,11.0175,8.24255,2.77492
101,19,2.84495,2.3945,0.45045
138,28,4.70922,3.91489,0.794326
33,1,3.15107,3.05839,0.0926784
128,3,8.15184,7.96515,0.186683
92,7,5.69948,5.29649,0.402994
228,2,17.0497,16.9014,0.148258
96,9,8.13323,7.4361,0.697134
365,17,13.2501,12.6604,0.589664
81,14,5.60803,4.78158,0.826446
656,161,13.6189,10.9352,2.68378
194,41,5.17735,4.27407,0.903283
216,73,7.90698,5.90971,1.99726
70,4,6.17696,5.84307,0.33389
303,11,15.6297,15.0821,0.547536
137,6,7.52632,7.21053,0.315789
445,5,25.4813,25.1982,0.283126
234,13,12.6602,11.9938,0.666325
792,15,21.076,20.6843,0.391747
206,28,10.8635,9.5636,1.29991
666,155,13.2805,10.7732,2.50728
386,55,7.80669,6.83307,0.973624
274,78,7.93508,6.17674,1.75834
99,7,7.81135,7.2955,0.515844
528,7,19.9776,19.7162,0.261389
195,28,9.81082,8.57897,1.23185
890,2,32.2721,32.1997,0.0723589
223,20,11.7391,10.7729,0.966184
703,28,17.5342,16.8626,0.671624
203,32,9.71878,8.39537,1.32341
542,117,11.6658,9.59462,2.07116
462,70,8.57373,7.44561,1.12812
325,82,9.36709,7.47986,1.88723
141,10,10,9.33775,0.662252
397,5,14.7903,14.6063,0.183959
330,10,13.4494,13.0538,0.39557
962,12,28.5129,28.1616,0.351288
300,16,14.7319,13.986,0.745921
846,52,20.7582,19.5562,1.20203
221,45,11.0465,9.17774,1.86877
542,110,13.3252,11.077,2.24811
633,106,11.3938,9.75948,1.63429
477,98,12.7806,10.6024,2.17826
201,12,12.8082,12.0866,0.721587
415,13,15.9821,15.4966,0.485437
354,12,14.0661,13.6049,0.461184
946,12,27.3871,27.044,0.343053
388,22,17.7489,16.7965,0.952381
1064,61,25.6967,24.3033,1.39333
330,59,14.9558,12.6874,2.26836
889,166,18.4054,15.5094,2.89602
893,155,15.0791,12.8489,2.23022
625,117,15.737,13.2556,2.48144
251,25,16.5269,15.0299,1.49701
408,9,16.6268,16.2679,0.358852
276,17,12.3109,11.5966,0.714286
938,24,27.5803,26.8922,0.688073
445,25,17.9732,17.0172,0.956023
1234,81,26.4215,24.7941,1.62749
384,79,18.6093,15.4341,3.17524
849,178,17.7959,14.7115,3.08439
1001,227,17.1221,13.9571,3.16509
778,119,16.782,14.5557,2.22638
267,24,16.3944,15.0423,1.35211
361,15,15.04,14.44,0.6
244,17,11.3577,10.6179,0.739774
691,32,23.2401,22.2115,1.02861
552,31,22.5969,21.3953,1.20155
1317,77,28.0765,26.5257,1.55086
535,62,22.4183,20.0901,2.3282
1206,259,20.5326,16.9026,3.62999
1307,297,20.8637,17.0005,3.86316
1228,226,22.4764,18.9828,3.49358
370,63,21.2986,18.1997,3.09887
431,26,16.8884,15.9276,0.960828
299,16,13.0597,12.3964,0.66335
534,40,20.6178,19.181,1.43678
762,53,28.0744,26.2487,1.8257
1425,115,30.4468,28.1732,2.27363
733,125,27.3161,23.3365,3.97962
1451,341,21.3004,17.2471,4.05325
2064,695,27.2898,20.4154,6.87438
1679,363,25.2848,20.79,4.4948
483,105,23.3519,19.1819,4.16998
472,41,17.3135,15.9298,1.38373
315,25,13.6218,12.6202,1.0016
318,27,14.8899,13.7246,1.1653
664,73,25.5903,23.0556,2.53472
1050,143,24.4117,21.4856,2.92613
779,153,28.2767,23.6347,4.64199
1452,509,22.2336,16.4626,5.77098
2636,997,31.0407,22.5222,8.51846
1621,383,25.5384,20.6576,4.88085
474,151,23.5405,17.8531,5.68738
446,63,17.6247,15.4432,2.18144
226,28,10.6187,9.44816,1.17057
198,52,12.5818,9.96477,2.61701
650,91,27.3836,24.0207,3.3629
928,154,23.7959,20.4091,3.38685
858,234,30.5711,24.0202,6.55095
1313,530,22.1808,15.8021,6.37863
2689,1262,32.0959,21.844,10.2518
1360,356,23.9933,19.0157,4.97763
349,168,22.866,15.4356,7.43034
299,88,14.1189,10.9084,3.21051
178,20,9.2827,8.34505,0.937647
139,49,11.3939,8.42424,2.9697
416,113,21.7338,17.0912,4.64256
483,119,16.2177,13.0119,3.20582
473,155,21.2809,16.0285,5.25246
902,419,18.491,12.626,5.86506
1549,946,24.7618,15.3732,9.38865
1149,358,22.7095,17.3146,5.39482
191,117,16.7573,10.3917,6.36561
211,96,13.6323,9.36945,4.26288
129,22,7.56513,6.46293,1.1022
102,44,10.4885,7.32759,3.16092
322,127,20.5492,14.7368,5.81236
255,135,11.9963,7.84374,4.15257
383,206,22.0105,14.3124,7.69806
804,474,18.1818,11.4383,6.74349
1258,1105,24.4769,13.0309,11.446
1120,374,23.6955,17.7637,5.9318
132,141,16.2597,7.86182,8.39786
168,138,13.3333,7.32026,6.01307
122,30,7.3501,5.89942,1.45068
68,55,9.14498,5.05576,4.08922
231,143,18.2084,11.2463,6.96203
204,173,13.3688,7.23404,6.13475
315,249,21.9285,12.2473,9.68118
693,570,18.2225,9.99856,8.22392
1023,1225,24.2765,11.0475,13.2289
944,400,22.9547,16.123,6.83177
111,154,15.9735,6.69078,9.2827
107,166,12.5402,4.91502,7.62517
117,33,7.67656,5.98772,1.68884
50,58,8.20669,3.79939,4.40729
212,229,20.8906,10.0426,10.8479
133,225,12.6726,4.70796,7.9646
307,294,22.7565,11.6244,11.1321
890,746,22.2706,12.1154,10.1552
1026,1530,26.7504,10.7378,16.0126
371,291,15.0591,8.43949,6.61965
75,156,15.7464,5.11247,10.6339
94,158,12.844,4.79103,8.05301
84,30,6.65888,4.90654,1.75234
29,56,7.24638,2.47229,4.77408
202,331,24.7792,9.39098,15.3882
117,331,14.8788,3.88575,10.993
241,305,23.0672,10.1817,12.8855
532,612,18.0984,8.41639,9.68201
796,1441,25.1461,8.94784,16.1983
267,256,13.0294,6.65172,6.37768
47,149,14.8372,3.55791,11.2793
51,157,11.3848,2.79146,8.59332
72,36,6.6055,4.40367,2.20183
20,40,6.39659,2.1322,4.26439
170,416,24.5496,7.12191,17.4277
66,373,14.3558,2.15827,12.1975
111,257,17.8988,5.39883,12.5
351,448,15.8281,6.95325,8.8748
438,936,18.8452,6.00741,12.8377
182,205,11.5764,5.44421,6.13222
16,107,9.76966,1.27085,8.49881
30,134,9.1314,1.67038,7.46102
63,51,7.38342,4.08031,3.30311
16,59,8.05585,1.71858,6.33727
126,354,21.4957,5.64263,15.8531
43,333,13.5106,1.5451,11.9655
63,157,12.4858,3.57548,8.91033
237,347,13.4315,5.45078,7.98068
252,628,14.8875,4.26324,10.6243
114,168,9.5723,3.86965,5.70265
10,79,8.17264,0.918274,7.25436
21,116,7.57743,1.1615,6.41593
27,56,6.27362,2.04082,4.2328
9,45,6.76692,1.12782,5.6391
64,259,16.9554,3.35958,13.5958
28,201,9.219,1.12721,8.09179
30,102,9.47595,2.15363,7.32233
160,247,10.5005,4.12797,6.37255
126,425,10.7849,2.46624,8.31865
99,118,7.38598,3.36964,4.01634
5,49,5.53846,0.512821,5.02564
16,81,6.94345,1.14531,5.79814
31,56,6.6769,2.37913,4.29777
8,37,6.32911,1.12518,5.20394
30,180,13.6364,1.94805,11.6883
21,105,6.81081,1.13514,5.67568
15,39,4.81713,1.33809,3.47904
115,171,8.27307,3.32658,4.94649
46,200,6.12245,1.14485,4.9776
50,87,5.30391,1.93573,3.36818
3,27,3.61446,0.361446,3.25301
15,66,5.27687,0.977199,4.29967
24,43,5.54177,1.98511,3.55666
7,28,5.3681,1.07362,4.29448
12,87,9,1.09091,7.90909
14,59,4.41889,0.847458,3.57143
3,26,3.13175,0.323974,2.80778
98,168,8.57511,3.15925,5.41586
19,124,4.284,0.569203,3.7148
40,75,5.20127,1.80914,3.39213
1,19,2.48756,0.124378,2.36318
32,65,6.99856,2.3088,4.68975
27,47,6.89655,2.51631,4.38024
6,38,6.97306,0.950872,6.02219
15,41,5.28302,1.41509,3.86792
6,41,3.09618,0.395257,2.70092
6,17,2.81863,0.735294,2.08333
102,185,9.21348,3.27448,5.939
29,87,3.87571,0.968927,2.90678
27,73,4.70146,1.26939,3.43206
3,10,1.77839,0.410397,1.36799
23,47,5.66802,1.86235,3.80567
19,59,6.9395,1.69039,5.24911
2,24,4.45969,0.343053,4.11664
7,36,4.74614,0.772627,3.97351
13,33,3.01639,0.852459,2.16393
6,6,1.62822,0.814111,0.814111
102,142,8.91813,3.72807,5.19006
13,65,2.98051,0.496752,2.48376
34,69,4.69676,1.55039,3.14637
1,12,1.7931,0.137931,1.65517
17,36,4.51833,1.44928,3.06905
22,59,7.33696,1.99275,5.3442
1,21,3.81944,0.173611,3.64583
1,9,1.47059,0.147059,1.32353
5,17,1.66163,0.377644,1.28399
0,3,0.497512,0,0.497512
112,142,9.14327,4.03168,5.11159
11,41,2.31317,0.489324,1.82384
22,47,3.43113,1.09398,2.33715
4,6,1.70068,0.680272,1.02041
8,23,3.125,0.806452,2.31855
17,77,8.83459,1.59774,7.23684
0,13,2.43902,0,2.43902
2,6,1.33333,0.333333,1
8,4,1.01954,0.679694,0.339847
1,3,0.688468,0.172117,0.516351
112,142,9.63947,4.25047,5.38899
7,16,1.17287,0.356961,0.81591
25,57,4.70994,1.43596,3.27398
1,1,0.39604,0.19802,0.19802
7,21,2.82258,0.705645,2.11694
6,55,6.17409,0.607287,5.5668
2,9,2.37069,0.431034,1.93966
0,3,0.668151,0,0.668151
1,5,0.506329,0.0843882,0.421941
11,1,1.85185,1.69753,0.154321
94,96,8.35532,4.13369,4.22164
3,11,0.819193,0.175541,0.643651
12,37,2.88745,0.70713,2.18032
1,3,0.767754,0.191939,0.575816
5,15,2.41255,0.603136,1.80941
9,43,5.54371,0.959488,4.58422
0,11,2.6699,0,2.6699
0,0,0,0,0
9,4,1.17647,0.81448,0.361991
1,5,0.969305,0.161551,0.807754
92,93,8.94152,4.44659,4.49493
8,5,0.84801,0.521853,0.326158
8,15,1.66185,0.578035,1.08382
0,1,0.196078,0,0.196078
4,12,2.16216,0.540541,1.62162
9,21,3.39367,1.0181,2.37557
0,6,2.04082,0,2.04082
5,0,1.42857,1.42857,0
5,5,0.951475,0.475737,0.475737
3,0,0.707547,0.707547,0
70,64,7.30643,3.81679,3.48964
7,8,1.06686,0.497866,0.56899
8,8,1.25589,0.627943,0.627943
1,2,0.655022,0.218341,0.436681
1,7,1.30719,0.163399,1.14379
6,18,3.16206,0.790514,2.37154
1,5,2.09059,0.348432,1.74216
1,1,0.664452,0.332226,0.332226
5,1,0.630252,0.52521,0.105042
2,1,0.837989,0.558659,0.27933
58,56,7.41222,3.77113,3.64109
9,4,0.95518,0.661278,0.293902
2,8,0.934579,0.186916,0.747664
1,0,0.273973,0.273973,0
3,4,1.19048,0.510204,0.680272
8,17,3.5868,1.14778,2.43902
5,4,3.35821,1.86567,1.49254
1,0,0.350877,0.350877,0
2,1,0.384615,0.25641,0.128205
0,1,0.239808,0,0.239808
51,47,6.11735,3.18352,2.93383
2,2,0.360685,0.180343,0.180343
4,6,1.0627,0.42508,0.63762
1,0,0.265252,0.265252,0
4,8,1.83206,0.610687,1.22137
9,11,3.09598,1.39319,1.70279
1,3,1.5444,0.3861,1.1583
4,0,1.55642,1.55642,0
4,2,0.705882,0.470588,0.235294
1,1,0.421941,0.21097,0.21097
59,46,6.50558,3.65551,2.85006
7,4,0.876494,0.557769,0.318725
7,7,1.34615,0.673077,0.673077
0,0,0,0,0
1,2,0.474684,0.158228,0.316456
6,6,1.69252,0.846262,0.846262
3,0,1.5,1.5,0
1,0,0.401606,0.401606,0
4,0,0.513479,0.513479,0
1,0,0.235294,0.235294,0
51,25,4.86556,3.26504,1.60051
14,6,1.64204,1.14943,0.492611
7,7,1.36852,0.684262,0.684262
1,1,0.511509,0.255754,0.255754
2,2,0.631912,0.315956,0.315956
6,2,1.21766,0.913242,0.304414
0,2,0.829876,0,0.829876
3,0,1.03448,1.03448,0
2,3,0.647668,0.259067,0.388601
0,0,0,0,0
41,29,4.89853,2.86914,2.02939
9,7,1.43498,0.807175,0.627803
7,1,0.869565,0.76087,0.108696
1,0,0.258398,0.258398,0
4,3,1.21951,0.696864,0.522648
3,7,1.51976,0.455927,1.06383
2,0,0.925926,0.925926,0
2,1,1.22951,0.819672,0.409836
4,1,0.648508,0.518807,0.129702
0,0,0,0,0
54,26,5.55556,3.75,1.80556
14,1,1.27443,1.18946,0.0849618
12,4,1.65119,1.23839,0.412797
2,0,0.566572,0.566572,0
4,1,0.931099,0.744879,0.18622
4,1,0.822368,0.657895,0.164474
0,0,0,0,0
3,1,1.4652,1.0989,0.3663
1,1,0.249688,0.124844,0.124844
0,0,0,0,0
48,43,5.7888,3.05344,2.73537
8,3,1.01103,0.735294,0.275735
7,1,0.778968,0.681597,0.097371
0,0,0,0,0
1,0,0.175747,0.175747,0
7,5,1.96078,1.14379,0.816993
1,1,1.25,0.625,0.625
1,1,0.677966,0.338983,0.338983
1,0,0.119048,0.119048,0
0,1,0.206612,0,0.206612
36,23,3.43023,2.09302,1.33721
5,2,0.563154,0.402253,0.160901
11,8,1.63511,0.946644,0.688468
0,0,0,0,0
2,1,0.487805,0.325203,0.162602
6,4,1.57233,0.943396,0.628931
0,0,0,0,0
1,1,0.699301,0.34965,0.34965
4,1,0.616523,0.493218,0.123305
1,0,0.21097,0.21097,0
44,23,3.39584,2.23011,1.16574
11,1,0.898876,0.82397,0.0749064
8,6,1.10847,0.633413,0.475059
0,0,0,0,0
5,0,0.792393,0.792393,0
5,5,1.34228,0.671141,0.671141
1,0,0.438596,0.438596,0
1,0,0.332226,0.332226,0
4,0,0.5,0.5,0
2,1,0.544465,0.362976,0.181488
69,43,4.73173,2.91508,1.81665
11,3,0.906736,0.712435,0.194301
16,10,1.822,1.12123,0.700771
4,0,0.77821,0.77821,0
2,0,0.291545,0.291545,0
4,4,1.04167,0.520833,0.520833
7,1,1.79372,1.56951,0.224215
5,0,1.44092,1.44092,0
4,1,0.530786,0.424628,0.106157
3,1,0.657895,0.493421,0.164474
59,46,4.23729,2.38095,1.85634
17,2,1.03939,0.929978,0.109409
21,11,1.88902,1.23967,0.649351
0,0,0,0,0
5,1,0.809717,0.674764,0.134953
10,3,1.60891,1.23762,0.371287
4,3,1.65094,0.943396,0.707547
7,0,1.6092,1.6092,0
17,1,1.60571,1.5165,0.0892061
4,0,0.5,0.5,0
58,46,4.38449,2.44519,1.93929
29,3,1.39921,1.26804,0.131176
13,15,1.39234,0.646445,0.745898
3,1,0.687285,0.515464,0.171821
4,1,0.637755,0.510204,0.127551
8,5,1.54394,0.950119,0.593824
5,0,1.3587,1.3587,0
3,1,0.724638,0.543478,0.181159
7,4,0.982143,0.625,0.357143
2,0,0.238095,0.238095,0
53,41,3.63215,2.04791,1.58423
25,6,1.20062,0.968242,0.232378
17,20,1.71694,0.788863,0.928074
4,1,0.88968,0.711744,0.177936
9,1,1.12108,1.00897,0.112108
10,1,1.22222,1.11111,0.111111
7,0,1.37795,1.37795,0
4,0,0.686106,0.686106,0
11,3,1.16183,0.912863,0.248963
20,0,2.1692,2.1692,0
43,36,2.88216,1.56877,1.31339
19,2,0.767544,0.694444,0.0730994
31,27,2.59857,1.38889,1.20968
1,0,0.171821,0.171821,0
5,2,0.744681,0.531915,0.212766
12,5,1.60075,1.12994,0.47081
9,2,1.77706,1.45396,0.323102
3,1,0.512164,0.384123,0.128041
15,3,1.12994,0.94162,0.188324
4,0,0.379507,0.379507,0
106,65,5.33541,3.30733,2.02808
22,11,1.11298,0.74199,0.370995
52,19,3.36333,2.46329,0.900047
2,0,0.266667,0.266667,0
7,3,0.944287,0.661001,0.283286
7,5,1.0989,0.641026,0.457875
12,5,1.84382,1.30152,0.542299
5,0,0.591017,0.591017,0
17,4,1.27893,1.03532,0.243605
10,3,1.15556,0.888889,0.266667
94,62,4.46735,2.69187,1.77549
20,5,0.769704,0.615764,0.153941
44,17,2.78539,2.00913,0.776256
2,0,0.254777,0.254777,0
18,0,1.64835,1.64835,0
18,5,2.01401,1.57618,0.437828
20,2,2.21106,2.01005,0.201005
7,1,0.910125,0.796359,0.113766
18,4,1.22563,1.00279,0.222841
6,0,0.489396,0.489396,0
110,71,4.78583,2.90851,1.87731
31,6,1.09177,0.914724,0.177043
45,14,2.36663,1.80505,0.561572
4,1,0.555556,0.444444,0.111111
14,3,1.55109,1.27737,0.273723
23,5,2.36287,1.94093,0.421941
20,5,2.31054,1.84843,0.462107
2,4,0.636267,0.212089,0.424178
24,4,1.44553,1.23903,0.206505
8,2,0.796178,0.636943,0.159236
141,90,6.01876,3.67379,2.34497
22,3,0.722543,0.635838,0.0867052
66,22,3.24603,2.43453,0.811509
2,0,0.248756,0.248756,0
13,0,1.1535,1.1535,0
41,3,3.53698,3.29582,0.241158
21,7,2.61438,1.96078,0.653595
12,1,1.32653,1.22449,0.102041
19,5,1.21029,0.958144,0.252143
8,0,0.589102,0.589102,0
134,110,5.78473,3.17686,2.60787
44,9,1.47838,1.22734,0.251046
124,59,5.65513,3.83189,1.82324
35,3,4.14395,3.81679,0.327154
40,1,3.34421,3.26264,0.0815661
63,19,5.70633,4.38413,1.3222
24,12,3.34884,2.23256,1.11628
20,1,1.92484,1.83318,0.091659
21,6,1.18369,0.920649,0.263043
7,3,0.745156,0.52161,0.223547
208,113,6.72815,4.35967,2.36848
54,10,1.61902,1.36605,0.252972
184,76,7.54279,5.33798,2.20482
14,8,2.30126,1.46444,0.83682
46,0,3.50343,3.50343,0
96,16,7.29167,6.25,1.04167
39,7,3.84615,3.26087,0.585284
18,4,1.73776,1.4218,0.315956
20,14,1.47826,0.869565,0.608696
30,3,2.14425,1.94932,0.194932
240,131,7.31611,4.73279,2.58332
102,18,2.76689,2.35186,0.415033
255,95,8.65266,6.30408,2.34858
22,19,3.76147,2.01835,1.74312
85,3,6.49926,6.2777,0.221566
116,18,8.09179,7.00483,1.08696
51,17,5.98592,4.48944,1.49648
22,4,2.03602,1.72279,0.313234
38,30,3.09513,1.72963,1.3655
57,6,4.03587,3.65151,0.384369
326,156,9.42142,6.37217,3.04926
144,24,4.12169,3.53288,0.588813
300,84,9.48382,7.40924,2.07459
32,9,4.29769,3.3543,0.943396
125,7,8.82943,8.3612,0.468227
207,16,12.6561,11.748,0.908059
85,17,7.59494,6.32911,1.26582
28,13,2.88326,1.96906,0.914205
54,40,3.43693,1.97441,1.46252
47,11,3.44009,2.78766,0.652432
241,159,7.22282,4.35175,2.87107
267,38,5.90742,5.17141,0.736006
386,100,11.1187,8.83093,2.28781
53,8,5.23605,4.54936,0.686695
139,9,9.30233,8.73664,0.565682
239,28,13.1722,11.7908,1.38135
98,30,8.44884,6.46865,1.9802
31,14,3.0654,2.11172,0.953678
72,58,4.4905,2.48705,2.00345
70,12,4.51045,3.85039,0.660066
345,156,8.98171,6.18501,2.7967
384,45,7.5105,6.72269,0.787815
750,412,18.2848,11.8017,6.48308
98,34,10.8285,8.03938,2.78917
152,6,9.74106,9.37115,0.369914
407,47,18.8773,16.9231,1.95426
170,43,12.5664,10.0295,2.53687
97,17,6.70194,5.70253,0.999412
121,78,6.56549,3.99208,2.57341
155,24,8.51975,7.37744,1.14231
568,188,11.7282,8.81167,2.91654
821,97,13.2162,11.8198,1.39649
1419,240,25.0566,21.4318,3.62483
128,12,9.63524,8.80936,0.825877
219,16,13.0556,12.1667,0.888889
694,77,25.5891,23.0335,2.55559
338,95,20.7973,16.2344,4.56292
146,42,9.76623,7.58442,2.18182
248,129,10.9086,7.17593,3.73264
311,52,14.048,12.0356,2.01238
1290,400,18.5816,14.1836,4.39802
1743,142,20.295,18.7661,1.52885
2944,448,32.948,28.5964,4.35163
357,41,21.238,19.0502,2.18783
458,48,20.1193,18.2107,1.90855
1070,166,31.971,27.6772,4.29384
670,230,28.9296,21.5365,7.39312
266,54,14.7059,12.2243,2.48162
400,214,15.2395,9.92802,5.31149
658,78,21.5709,19.2849,2.28605
1598,439,19.8615,15.5811,4.28042
2898,205,26.3502,24.6094,1.74083
2866,449,31.9303,27.6055,4.32479
456,54,23.6111,21.1111,2.5
713,75,24.6945,22.3441,2.35036
1331,225,35.8691,30.6823,5.18672
816,299,29.3576,21.485,7.87256
388,78,15.8557,13.2018,2.65396
625,253,18.9306,13.4756,5.45494
609,107,20.0504,17.054,2.99636
2069,415,22.9321,19.1008,3.83124
3577,301,27.3099,25.1901,2.11972
2558,562,30.0578,24.6435,5.41426
545,100,26.0817,22.038,4.04367
711,135,23.7307,19.9439,3.78682
1066,227,29.2865,24.145,5.14156
870,357,28.515,20.2185,8.29654
547,105,21.0052,17.6224,3.38273
888,326,21.7914,15.9397,5.85173
908,149,24.941,21.4252,3.51581
2899,567,26.3094,22.0055,4.30393
4288,373,29.2556,26.9144,2.3412
2752,783,31.6529,24.6418,7.0111
640,135,28.3571,23.4175,4.93963
746,149,23.2709,19.3968,3.87415
629,203,21.7516,16.4444,5.30719
852,456,27.9189,18.1857,9.73319
672,140,23.4886,19.4388,4.04975
1044,453,25.7172,17.9351,7.78217
930,212,24.3809,19.8548,4.52605
2861,745,26.2771,20.8482,5.42884
4511,479,30.4305,27.5095,2.92109
2601,995,32.4461,23.4684,8.97771
531,152,25.8712,20.1136,5.75758
639,159,21.5559,17.2609,4.29498
357,166,15.8677,10.8313,5.03641
636,404,24.0741,14.7222,9.35185
1007,262,27.557,21.8675,5.68947
1571,836,29.8154,19.4599,10.3555
1140,279,25.1551,20.2092,4.94593
3402,739,24.9804,20.5224,4.45798
4996,683,31.48,27.694,3.78603
2445,1531,32.6544,20.0805,12.5739
582,173,24.7866,19.107,5.67958
667,236,20.7253,15.3087,5.41657
283,213,15.1914,8.66769,6.52374
541,398,20.6737,11.9111,8.76266
1177,348,29.2988,22.6129,6.68588
1798,976,31.2704,20.2683,11.0021
1313,462,27.6308,20.439,7.19178
2749,1044,24.3797,17.6694,6.71037
4386,798,29.589,25.0342,4.55479
1941,1957,31.0054,15.4391,15.5663
564,320,24.7411,15.7851,8.95606
602,341,20.8998,13.3422,7.55762
250,260,15.2421,7.47161,7.77047
413,409,20.0195,10.0585,9.96103
1317,515,32.9496,23.6871,9.26259
1947,1147,32.7269,20.5945,12.1324
1259,621,29.8129,19.9651,9.84776
2527,1324,23.9,15.683,8.21697
4098,961,29.4487,23.8547,5.59404
1513,1859,28.3171,12.7057,15.6114
458,408,26.5644,14.0491,12.5153
421,330,18.0399,10.1129,7.92698
218,363,15.9879,5.9989,9.98899
358,330,18.0388,9.38647,8.65233
1323,604,33.8426,23.235,10.6077
1782,1244,31.7291,18.6851,13.0439
1010,580,28.0028,17.788,10.2149
1641,1128,21.1843,12.5545,8.62979
3439,1290,29.1986,21.2336,7.96493
1012,1867,26.8588,9.44118,17.4177
381,466,25.5505,11.4932,14.0573
355,381,18.93,9.13066,9.79938
168,351,14.7401,4.77137,9.96876
260,299,16.6667,7.75194,8.91473
904,513,29.819,19.0236,10.7955
1048,913,27.5112,14.7026,12.8086
528,424,22.4793,12.4675,10.0118
816,723,16.2017,8.59038,7.61133
2416,1360,27.1987,17.4026,9.79615
593,1141,21.2448,7.26538,13.9794
286,434,24.0964,9.57162,14.5248
242,304,16.2694,7.21097,9.0584
111,242,12.0191,3.77937,8.2397
233,346,18.7136,7.5307,11.1829
605,355,25.5795,16.1204,9.4591
442,422,17.7961,9.10402,8.69207
305,261,16.4106,8.84314,7.56741
460,439,12.4429,6.36678,6.07612
1507,1051,22.9747,13.5351,9.43955
319,702,15.9208,4.97427,10.9465
182,390,23.7049,7.54248,16.1625
244,364,17.5115,7.02765,10.4839
112,292,14.6536,4.06239,10.5912
229,283,16.9649,7.58781,9.37707
297,256,18.1788,9.76331,8.41552
274,271,13.808,6.94198,6.86597
180,181,13.4051,6.684,6.72113
351,331,10.9242,5.6223,5.30194
904,941,20.0261,9.81222,10.2138
165,394,10.9565,3.23403,7.72246
132,273,19.1852,6.25296,12.9323
223,304,17.044,7.21216,9.83182
119,256,13.9978,4.44196,9.5558
252,327,20.2731,8.82353,11.4496
230,202,17.6255,9.38392,8.24153
199,245,12.5353,5.61829,6.917
151,225,13.788,5.53722,8.25083
297,324,10.7981,5.16432,5.6338
815,1056,21.6001,9.40891,12.1912
97,264,9.03856,2.42864,6.60991
94,193,16.6184,5.44296,11.1754
198,276,16.8924,7.05631,9.83607
104,271,14.3899,3.99079,10.3991
164,328,19.462,6.48734,12.9747
188,184,15.5975,7.8826,7.71488
208,212,12.7003,6.28969,6.41064
124,242,15.8373,5.36564,10.4717
293,328,11.5171,5.43398,6.08309
765,1212,23.3357,9.02975,14.3059
70,161,7.07721,2.14461,4.9326
52,143,12.9225,3.44599,9.47647
131,201,14.5359,5.73555,8.80035
51,150,9.07859,2.30352,6.77507
141,270,17.8385,6.11979,11.7188
159,201,17.341,7.65896,9.68208
236,249,15.2949,7.44245,7.85241
131,256,16.2879,5.51347,10.7744
219,265,10.393,4.7026,5.69036
624,1280,23.0118,7.5417,15.4701
40,74,4.23634,1.48644,2.74991
34,100,10.0828,2.55831,7.52445
84,147,11.2136,4.07767,7.13592
26,102,7.03297,1.42857,5.6044
155,253,18.4282,7.0009,11.4273
125,224,16.8112,6.02119,10.79
180,192,14.7736,7.14853,7.6251
73,212,12.7232,3.25893,9.46429
137,236,8.73332,3.20768,5.52564
376,951,17.9082,5.07422,12.834
21,61,3.5284,0.903614,2.62478
27,81,8.96266,2.24066,6.72199
65,114,10.0056,3.63331,6.37228
22,75,6.47098,1.46765,5.00334
106,191,14.7982,5.28151,9.51669
115,197,16.2585,5.9927,10.2658
123,117,10.1824,5.2185,4.96394
56,154,11.0643,2.95047,8.1138
137,211,8.59259,3.38272,5.20988
307,894,17.2831,4.4179,12.8652
12,50,2.85057,0.551724,2.29885
26,46,6.31579,2.2807,4.03509
57,66,7.25236,3.36085,3.89151
13,45,4.61416,1.03421,3.57995
55,137,11.9181,3.41403,8.50403
73,153,13.6638,4.41354,9.2503
117,74,8.70159,5.3303,3.3713
46,127,9.65402,2.56696,7.08705
80,133,5.89701,2.21484,3.68217
178,693,14.7203,3.00828,11.712
7,36,2.18163,0.35515,1.82648
24,38,6.09037,2.35756,3.73281
30,64,7.25309,2.31481,4.93827
9,21,3.21888,0.965665,2.25322
31,85,10.5839,2.82847,7.75547
48,101,10.4561,3.36842,7.08772
92,76,8.49343,4.65116,3.84226
19,104,7.81449,1.20712,6.60737
73,128,5.85494,2.12642,3.72852
130,484,12.12,2.56613,9.55389
12,29,2.42317,0.70922,1.71395
17,23,4.50958,1.91657,2.59301
32,41,6.13961,2.69134,3.44828
18,24,3.88889,1.66667,2.22222
31,64,9.46215,3.08765,6.3745
15,50,5.9415,1.37112,4.57038
56,37,5.0516,3.04183,2.00978
23,77,6.96379,1.60167,5.36212
66,110,5.47094,2.0516,3.41933
121,350,10.8776,2.79446,8.08314
4,14,1.1658,0.259067,0.906736
14,21,4.56323,1.82529,2.73794
31,29,5.54529,2.86506,2.68022
7,15,2.23124,0.709939,1.5213
9,21,3.7594,1.12782,2.63158
4,20,2.84698,0.474496,2.37248
33,45,4.60721,1.9492,2.658
8,36,3.9819,0.723982,3.25792
65,98,5.42069,2.16162,3.25906
44,206,6.82501,1.2012,5.62381
8,12,1.41143,0.564573,0.84686
4,8,1.59574,0.531915,1.06383
13,20,3.39506,1.33745,2.05761
4,5,1.02041,0.453515,0.566893
8,17,3.88199,1.24224,2.63975
12,10,2.86458,1.5625,1.30208
26,18,2.85529,1.68722,1.16807
12,30,4.24242,1.21212,3.0303
74,64,4.89883,2.62691,2.27192
33,81,4.0155,1.16238,2.85312
4,8,0.965406,0.321802,0.643604
2,1,0.483871,0.322581,0.16129
7,11,2.0339,0.79096,1.24294
2,8,1.24224,0.248447,0.993789
4,5,1.78218,0.792079,0.990099
8,4,1.84615,1.23077,0.615385
16,6,1.58273,1.15108,0.431655
3,9,1.41343,0.353357,1.06007
62,73,4.87893,2.24069,2.63824
16,40,2.24809,0.642312,1.60578
2,5,0.636364,0.181818,0.454545
1,4,0.854701,0.17094,0.683761
2,5,0.864198,0.246914,0.617284
5,11,2.33236,0.728863,1.6035
4,6,2.12314,0.849257,1.27389
2,3,0.85034,0.340136,0.510204
12,2,1.06302,0.911162,0.15186
2,2,0.614439,0.30722,0.30722
48,57,4.01837,1.83697,2.1814
1,12,0.564236,0.0434028,0.520833
4,1,0.48216,0.385728,0.096432
0,0,0,0,0
3,3,0.862069,0.431034,0.431034
4,8,1.76471,0.588235,1.17647
0,1,0.26738,0,0.26738
1,2,0.60241,0.200803,0.401606
5,2,0.546448,0.39032,0.156128
1,2,0.544465,0.181488,0.362976
49,48,4.28445,2.16431,2.12014
9,8,0.94392,0.499722,0.444198
3,4,0.713558,0.30581,0.407747
0,0,0,0,0
1,0,0.13624,0.13624,0
0,14,2.24359,0,2.24359
4,0,0.934579,0.934579,0
0,1,0.203666,0,0.203666
3,0,0.255319,0.255319,0
0,2,0.327869,0,0.327869
41,53,4.52794,1.97495,2.55299
2,2,0.240674,0.120337,0.120337
1,1,0.221239,0.110619,0.110619
0,0,0,0,0
3,1,0.614439,0.460829,0.15361
1,4,0.972763,0.194553,0.77821
0,1,0.268097,0,0.268097
0,0,0,0,0
0,0,0,0,0
0,0,0,0,0
39,29,3.51603,2.01655,1.49948
4,1,0.318674,0.254939,0.0637349
4,3,0.863132,0.493218,0.369914
0,0,0,0,0
1,2,0.480769,0.160256,0.320513
1,3,0.731261,0.182815,0.548446
0,0,0,0,0
2,0,0.655738,0.655738,0
1,0,0.105152,0.105152,0
0,2,0.35461,0,0.35461
42,22,3.52423,2.31278,1.21145
4,1,0.337382,0.269906,0.0674764
3,2,0.626566,0.37594,0.250627
1,1,0.383142,0.191571,0.191571
1,1,0.340716,0.170358,0.170358
2,0,0.515464,0.515464,0
1,0,0.322581,0.322581,0
0,0,0,0,0
0,0,0,0,0
1,3,0.713012,0.178253,0.534759
36,14,3.05998,2.20318,0.856793
1,1,0.163265,0.0816327,0.0816327
1,2,0.449775,0.149925,0.29985
0,1,0.330033,0,0.330033
3,0,0.559701,0.559701,0
0,4,0.829876,0,0.829876
2,0,0.83682,0.83682,0
1,0,0.311526,0.311526,0
6,0,0.60423,0.60423,0
2,0,0.351494,0.351494,0
34,10,2.88147,2.22659,0.654879
1,1,0.155885,0.0779423,0.0779423
1,0,0.143678,0.143678,0
1,0,0.217391,0.217391,0
1,0,0.191205,0.191205,0
2,0,0.581395,0.581395,0
2,2,1.48148,0.740741,0.740741
0,0,0,0,0
7,0,0.734523,0.734523,0
2,1,0.536673,0.357782,0.178891
32,13,3.05292,2.17096,0.881954
6,0,0.445434,0.445434,0
5,0,0.755287,0.755287,0
0,0,0,0,0
2,0,0.394477,0.394477,0
0,0,0,0,0
3,1,1.72414,1.2931,0.431034
2,1,0.970874,0.647249,0.323625
3,1,0.432432,0.324324,0.108108
1,0,0.195695,0.195695,0
28,14,2.88462,1.92308,0.961538
5,2,0.530705,0.379075,0.15163
3,0,0.444444,0.444444,0
1,0,0.231481,0.231481,0
1,0,0.185529,0.185529,0
2,0,0.576369,0.576369,0
2,1,1.36364,0.909091,0.454545
0,0,0,0,0
1,1,0.236686,0.118343,0.118343
3,1,0.915332,0.686499,0.228833
29,12,2.8063,1.98494,0.821355
4,0,0.33389,0.33389,0
3,1,0.634921,0.47619,0.15873
0,1,0.268817,0,0.268817
0,0,0,0,0
3,0,0.887574,0.887574,0
0,1,0.537634,0,0.537634
0,0,0,0,0
1,1,0.2079,0.10395,0.10395
1,0,0.228311,0.228311,0
30,15,2.90698,1.93798,0.968992
2,0,0.159744,0.159744,0
1,3,0.584795,0.146199,0.438596
1,1,0.424628,0.212314,0.212314
2,2,0.724638,0.362319,0.362319
3,0,0.877193,0.877193,0
2,0,0.909091,0.909091,0
0,0,0,0,0
0,0,0,0,0
0,0,0,0,0
24,17,2.53713,1.48515,1.05198
2,1,0.21978,0.14652,0.0732601
5,0,0.641849,0.641849,0
0,0,0,0,0
2,0,0.392927,0.392927,0
3,0,0.765306,0.765306,0
0,0,0,0,0
0,0,0,0,0
2,0,0.204082,0.204082,0
0,0,0,0,0
53,21,3.70556,2.65398,1.05158
14,3,1.27341,1.04869,0.224719
5,1,0.706714,0.588928,0.117786
0,0,0,0,0
0,1,0.173611,0,0.173611
0,0,0,0,0
3,1,1.60643,1.20482,0.401606
0,0,0,0,0
1,2,0.326087,0.108696,0.217391
0,2,0.355872,0,0.355872
89,25,4.53461,3.54018,0.994431
2,1,0.211864,0.141243,0.0706215
3,3,0.574163,0.287081,0.287081
0,0,0,0,0
0,0,0,0,0
2,0,0.479616,0.479616,0
1,0,0.3367,0.3367,0
1,0,0.288184,0.288184,0
4,0,0.436681,0.436681,0
2,1,0.46875,0.3125,0.15625
88,32,4.37637,3.20934,1.16703
10,1,0.623229,0.566572,0.0566572
8,15,1.86537,0.648824,1.21655
0,0,0,0,0
1,0,0.143062,0.143062,0
1,2,0.655022,0.218341,0.436681
4,1,1.67224,1.33779,0.334448
0,0,0,0,0
1,0,0.0749625,0.0749625,0
5,2,0.918635,0.656168,0.262467
120,36,5.13158,3.94737,1.18421
14,2,0.723327,0.632911,0.0904159
4,6,0.671592,0.268637,0.402955
2,0,0.227531,0.227531,0
2,0,0.237248,0.237248,0
3,1,0.728597,0.546448,0.182149
4,1,1.14679,0.917431,0.229358
1,1,0.328407,0.164204,0.164204
5,1,0.446429,0.372024,0.0744048
2,2,0.453001,0.226501,0.226501
113,39,4.54545,3.37919,1.16627
11,8,0.712678,0.412603,0.300075
11,10,1.25673,0.658288,0.598444
6,2,0.921659,0.691244,0.230415
1,0,0.130548,0.130548,0
0,1,0.196078,0,0.196078
8,2,1.91939,1.53551,0.383877
8,1,1.13493,1.00883,0.126103
8,3,0.661058,0.480769,0.180288
5,0,0.486381,0.486381,0
112,35,4.24733,3.23606,1.01127
16,4,0.65445,0.52356,0.13089
7,4,0.639163,0.40674,0.232423
2,0,0.21322,0.21322,0
3,0,0.326087,0.326087,0
5,0,0.909091,0.909091,0
3,5,1.26582,0.474684,0.791139
2,1,0.32538,0.21692,0.10846
10,3,0.74928,0.576369,0.172911
3,1,0.338696,0.254022,0.084674
163,45,5.20651,4.0801,1.12641
7,6,0.398773,0.214724,0.184049
15,12,1.38604,0.770021,0.616016
3,0,0.318471,0.318471,0
4,1,0.501002,0.400802,0.1002
4,1,0.747384,0.597907,0.149477
7,1,0.911162,0.797267,0.113895
2,2,0.411946,0.205973,0.205973
11,2,0.570175,0.482456,0.0877193
4,3,0.562701,0.321543,0.241158
148,48,4.87805,3.68342,1.19462
14,6,0.553557,0.38749,0.166067
17,16,1.50892,0.777321,0.731596
0,0,0,0,0
7,0,0.666032,0.666032,0
9,1,1.43266,1.2894,0.143266
11,5,1.6632,1.14345,0.519751
2,0,0.18018,0.18018,0
7,0,0.292398,0.292398,0
10,2,0.912548,0.760456,0.152091
246,57,6.31908,5.13034,1.18874
10,5,0.369094,0.246063,0.123031
19,19,1.58136,0.790678,0.790678
3,0,0.262238,0.262238,0
4,0,0.341006,0.341006,0
5,5,1.287,0.643501,0.643501
6,3,0.860421,0.573614,0.286807
12,4,1.38889,1.04167,0.347222
11,3,0.557547,0.438072,0.119474
7,1,0.527009,0.461133,0.0658762
251,67,6.29205,4.96636,1.32568
21,8,0.676306,0.489739,0.186567
21,14,1.36719,0.820313,0.546875
3,0,0.248963,0.248963,0
4,1,0.392773,0.314218,0.0785546
4,0,0.492611,0.492611,0
6,3,0.830258,0.553506,0.276753
19,5,1.87647,1.48554,0.39093
12,2,0.574241,0.492207,0.0820345
2,1,0.188798,0.125865,0.0629327
257,50,5.7859,4.84357,0.942329
36,6,0.952813,0.816697,0.136116
34,26,1.95185,1.10605,0.845804
0,0,0,0,0
8,4,0.916031,0.610687,0.305344
14,3,1.87225,1.54185,0.330396
8,2,1.05708,0.845666,0.211416
25,0,1.97161,1.97161,0
25,1,1.05863,1.01792,0.0407166
4,4,0.493827,0.246914,0.246914
367,61,7.68954,6.5936,1.09594
49,10,1.29273,1.07362,0.219106
36,15,1.57944,1.1149,0.46454
6,0,0.459418,0.459418,0
12,1,0.95729,0.883652,0.0736377
14,2,1.6444,1.43885,0.20555
8,4,0.981194,0.654129,0.327065
14,4,1.45867,1.13452,0.324149
32,1,1.32424,1.28411,0.0401284
9,2,0.64554,0.528169,0.117371
418,60,8.19475,7.16612,1.02863
81,12,1.89796,1.65306,0.244898
37,22,1.76225,1.10514,0.657109
23,0,1.57534,1.57534,0
23,1,1.76211,1.68869,0.0734214
18,0,1.80905,1.80905,0
13,4,1.42737,1.09152,0.335852
24,0,1.91083,1.91083,0
40,4,1.71674,1.56067,0.156067
26,1,1.5808,1.52225,0.058548
497,40,9.05565,8.38111,0.674536
87,8,2.01058,1.84127,0.169312
98,18,3.24385,2.74049,0.503356
35,0,2.61976,2.61976,0
25,3,2.04082,1.82216,0.218659
38,1,3.94338,3.84226,0.101112
27,1,2.12604,2.05011,0.0759301
39,3,2.70793,2.51451,0.193424
75,7,2.75445,2.51931,0.235136
30,3,1.65083,1.50075,0.150075
483,56,8.7344,7.82693,0.90747
126,6,2.40044,2.29133,0.109111
86,25,2.66251,2.06284,0.599664
30,1,1.89024,1.82927,0.0609756
44,1,2.79677,2.73462,0.0621504
69,3,6.01504,5.76441,0.250627
20,2,1.45119,1.31926,0.131926
72,5,4.91071,4.59184,0.318878
108,11,3.72108,3.37711,0.343965
49,3,2.70833,2.55208,0.15625
767,77,12.7647,11.6001,1.16455
181,12,3.4117,3.19958,0.212127
148,27,4.53603,3.83618,0.699844
55,4,3.45838,3.22392,0.234467
90,7,5.97659,5.54529,0.4313
148,5,10.8897,10.5338,0.355872
42,1,2.80862,2.74331,0.0653168
136,5,8.06636,7.78032,0.286041
207,10,6.06315,5.78374,0.279408
103,4,5.12698,4.93531,0.191663
1441,95,19.1736,17.9878,1.18587
306,22,5.44489,5.07968,0.365206
357,43,8.77963,7.83582,0.94381
142,1,7.68404,7.63031,0.0537346
193,9,10.8895,10.4043,0.485175
284,5,16.6571,16.3689,0.288184
73,0,4.30425,4.30425,0
264,1,12.0784,12.0328,0.0455789
354,5,8.94593,8.82133,0.124595
183,2,7.53564,7.45418,0.0814664
2134,95,24.2916,23.2563,1.03531
605,25,9.29341,8.92462,0.368786
816,43,15.9428,15.1448,0.79807
223,1,9.45946,9.41723,0.0422297
307,13,13.7221,13.1647,0.557461
272,6,15.2162,14.8878,0.328407
131,1,6.98043,6.92755,0.0528821
465,5,17.2098,17.0267,0.183083
628,9,14.647,14.4401,0.206944
276,12,10.9547,10.4983,0.456447
2246,114,23.0762,21.9615,1.1147
1005,17,12.8651,12.6511,0.213998
940,54,18.4999,17.4949,1.00503
320,2,11.2156,11.1459,0.0696621
475,18,16.3951,15.7965,0.598603
287,9,15.2499,14.7862,0.463679
207,4,9.15401,8.98048,0.173536
552,1,16.6868,16.6566,0.030175
680,4,13.5151,13.4361,0.0790358
247,4,8.43697,8.30252,0.134454
1055,55,13.5152,12.8455,0.66967
856,12,9.1234,8.99727,0.12613
612,53,13.2523,12.1961,1.0562
268,2,9.95575,9.88201,0.0737463
469,9,14.9142,14.6334,0.280811
240,7,13.3514,12.973,0.378378
264,6,10.4207,10.1891,0.231571
596,6,18.2148,18.0333,0.181543
712,11,14.368,14.1494,0.218601
242,8,9.06454,8.77447,0.290065
759,62,11.2868,10.4344,0.852351
766,28,9.65115,9.31081,0.340343
654,68,14.7528,13.3633,1.38946
292,2,11.2947,11.2178,0.0768344
484,20,17.734,17.0303,0.70373
296,6,14.4498,14.1627,0.287081
274,7,10.8873,10.616,0.271213
702,5,21.073,20.924,0.149031
858,0,17.3089,17.3089,0
446,7,15.382,15.1443,0.237691
926,74,13.7287,12.7128,1.01593
1084,18,13.5414,13.3202,0.221185
1001,47,20.4568,19.5393,0.917431
332,3,13.2254,13.107,0.118437
648,16,20.9068,20.403,0.503778
272,8,14.5833,14.1667,0.416667
404,9,15.8238,15.4789,0.344828
921,5,26.173,26.0317,0.141323
1088,9,22.2832,22.1003,0.182815
540,13,17.1739,16.7702,0.403727
1171,77,16.1973,15.1979,0.999351
1255,30,15.8583,15.4881,0.370233
1345,66,23.8991,22.7812,1.11789
402,4,15.4608,15.3085,0.152323
797,24,23.7695,23.0747,0.694847
226,9,12.1888,11.722,0.466805
578,10,21.0526,20.6946,0.358038
978,8,26.7354,26.5184,0.21692
1123,4,21.6772,21.6003,0.0769379
733,12,22.7411,22.3748,0.3663
1539,91,18.4139,17.3859,1.02802
1558,27,19.5897,19.256,0.333704
2187,93,30.465,29.2223,1.24265
604,5,21.5194,21.3428,0.176678
962,39,26.0406,25.026,1.01457
289,10,13.7282,13.2691,0.459137
703,3,22.0763,21.9825,0.0938086
1004,6,25.9707,25.8164,0.154281
1561,10,26.6046,26.4352,0.169348
936,17,26.3332,25.8635,0.469743
1972,116,21.0696,19.8991,1.17053
1721,51,20.2145,19.6327,0.581793
3117,134,33.2277,31.8581,1.36958
661,6,22.8268,22.6215,0.205339
1206,65,30.9849,29.4003,1.58459
243,12,12.051,11.4839,0.567108
730,12,24.594,24.1962,0.397746
805,11,23.9788,23.6556,0.323244
1609,85,27.9123,26.5118,1.40056
1001,22,26.0372,25.4772,0.559939
1623,81,18.7976,17.904,0.893547
2362,60,25.7852,25.1464,0.638774
2743,121,32.0322,30.6789,1.35332
827,11,26.6624,26.3124,0.349984
1377,104,33.7588,31.3882,2.37064
259,5,12.9985,12.7523,0.246184
748,15,26.0587,25.5464,0.512295
677,8,21.2535,21.0053,0.248216
1507,17,28.0818,27.7686,0.313249
1091,14,28.1816,27.8245,0.357052
1558,116,18.4158,17.1397,1.27613
2866,61,27.5872,27.0123,0.574929
2363,124,29.5825,28.1075,1.47496
923,8,28.6815,28.435,0.246457
1432,107,34.7639,32.347,2.41699
284,12,13.4119,12.8681,0.543725
1007,11,29.0608,28.7468,0.314017
567,20,20.2205,19.5315,0.688942
1138,19,22.3402,21.9734,0.366866
1003,17,26.3702,25.9307,0.439504
1198,72,15.3995,14.5265,0.873045
3292,81,30.0624,29.3405,0.721925
2204,137,28.8585,27.1696,1.68886
1004,15,31.705,31.2383,0.466708
1570,65,36.3253,34.8811,1.44412
318,7,14.6661,14.3502,0.315884
1142,8,30.577,30.3643,0.212709
475,20,18.9583,18.1923,0.76599
1068,16,20.6555,20.3506,0.304878
843,20,24.6571,24.0857,0.571429
920,89,13.5019,12.311,1.19095
3977,104,31.9277,31.1141,0.813644
1957,138,27.4466,25.6387,1.80794
985,9,27.8978,27.6452,0.252596
1222,25,30.267,29.6602,0.606796
283,4,13.123,12.9401,0.182899
1469,13,35.8058,35.4917,0.314086
480,46,19.4527,17.7515,1.70118
1152,20,22.806,22.4168,0.389181
775,23,22.9508,22.2893,0.66149
923,91,13.6474,12.4226,1.22476
4468,148,33.0541,31.9943,1.05979
1422,126,25.0364,22.9985,2.03785
1044,26,30.5104,29.769,0.741374
927,47,27.3365,26.0174,1.31911
224,11,11.4411,10.9056,0.53554
1961,31,37.2894,36.7091,0.580307
465,90,21.0946,17.6739,3.42075
972,28,19.857,19.301,0.555997
542,32,18.9252,17.8701,1.05506
771,107,12.5788,11.0458,1.53295
3519,177,29.2985,27.8954,1.40309
735,102,15.9035,13.9654,1.93806
747,13,25.6065,25.1685,0.438005
664,35,22.2046,21.0928,1.11182
234,8,11.9388,11.5442,0.394672
1687,31,34.0333,33.4192,0.614105
417,110,19.9773,15.8074,4.16983
853,21,18.4078,17.9655,0.442291
478,24,16.9252,16.116,0.809171
501,44,10.7771,9.90706,0.870081
2984,205,26.8434,25.1178,1.72559
444,125,12.7037,9.91293,2.7908
473,17,18.738,18.088,0.650096
358,31,15.4365,14.2063,1.23016
164,6,9.61538,9.27602,0.339367
1000,15,24.3347,23.9751,0.359626
380,139,21.2444,15.5546,5.68973
392,26,11.8481,11.1111,0.736961
352,13,14.2079,13.7018,0.506033
513,94,10.2275,8.64364,1.58382
1903,179,21.3407,19.5059,1.83477
229,80,9.0219,6.68613,2.33577
275,15,12.8774,12.2114,0.666075
228,16,11.3015,10.5604,0.741084
143,14,9.82478,8.94869,0.876095
477,21,16.2215,15.5375,0.684039
316,172,19.9591,12.9243,7.03476
521,37,13.7033,12.7947,0.908644
192,20,8.9527,8.10811,0.844595
189,35,5.5336,4.66897,0.864625
1237,154,16.6189,14.779,1.8399
167,98,9.07845,5.72114,3.35731
171,10,9.29635,8.78274,0.513611
144,18,8.37642,7.44571,0.930714
72,5,5.4417,5.08834,0.353357
202,18,9.97732,9.161,0.816327
150,129,13.957,7.50375,6.45323
305,30,9.52516,8.67216,0.853
79,11,5.2356,4.5957,0.639907
228,93,6.74087,4.7879,1.95296
666,103,11.6075,10.0528,1.55472
126,93,7.95207,4.57516,3.37691
63,13,4.78589,3.96725,0.81864
88,23,6.4199,5.08965,1.33025
105,10,8.48708,7.74908,0.738007
83,13,4.92055,4.25423,0.666325
69,85,9.40171,4.21245,5.18926
133,28,5.48178,4.52843,0.953354
31,9,2.71555,2.10455,0.610998
197,68,5.72602,4.2567,1.46932
317,116,7.70326,5.63957,2.06369
77,67,5.39326,2.8839,2.50936
37,11,3.70943,2.85935,0.850077
50,11,4.09121,3.35345,0.73776
84,9,6.72938,6.07815,0.65123
36,9,2.85352,2.28282,0.570704
35,44,5.4785,2.42718,3.05132
36,11,2.29045,1.75439,0.536062
18,6,1.80723,1.35542,0.451807
159,63,5.59476,4.00706,1.5877
190,83,5.87729,4.09042,1.78687
55,87,6.06578,2.34942,3.71636
24,5,3.80577,3.14961,0.656168
40,11,3.63766,2.85307,0.784593
50,21,6.09966,4.29553,1.80412
27,7,3.19849,2.53998,0.658514
28,35,5.4735,2.43267,3.04083
34,5,2.43598,2.12367,0.312305
4,2,0.519481,0.34632,0.17316
112,84,5.27449,3.01399,2.2605
95,67,4.14216,2.42905,1.71312
51,61,5.25328,2.39212,2.86116
5,3,0.935673,0.584795,0.350877
17,14,2.59414,1.42259,1.17155
42,6,4.27807,3.74332,0.534759
16,0,1.78372,1.78372,0
12,29,3.53448,1.03448,2.5
22,4,1.47895,1.25142,0.227531
4,5,0.850662,0.378072,0.47259
128,90,5.87918,3.452,2.42718
66,71,3.76477,1.81369,1.95109
37,48,4.31034,1.87627,2.43408
18,3,2.18069,1.86916,0.311526
11,8,1.83575,1.0628,0.772947
28,6,3.38645,2.78884,0.59761
7,5,1.71184,0.998573,0.713267
6,20,2.51451,0.580271,1.93424
20,4,1.47874,1.23229,0.246457
4,3,0.726141,0.414938,0.311203
116,98,5.91487,3.20619,2.70868
39,52,2.98263,1.27827,1.70436
32,51,4.58057,1.766,2.81457
8,2,1.11857,0.894855,0.223714
14,11,2.51762,1.40987,1.10775
29,17,4.41883,2.78578,1.63305
8,2,1.5528,1.24224,0.310559
5,14,2.32274,0.611247,1.71149
21,4,1.55666,1.3076,0.249066
8,2,1.13379,0.907029,0.226757
99,104,6.18337,3.01553,3.16783
21,36,2.00704,0.739437,1.26761
14,34,2.86396,0.835322,2.02864
4,2,0.745342,0.496894,0.248447
15,12,3.09989,1.72216,1.37773
20,17,3.74873,2.02634,1.72239
5,6,1.82421,0.829187,0.995025
4,8,1.66898,0.556328,1.11266
8,0,0.589102,0.589102,0
2,1,0.395257,0.263505,0.131752
66,100,5.69078,2.2626,3.42818
11,31,1.66799,0.436855,1.23114
12,34,3.13993,0.819113,2.32082
1,9,1.32275,0.132275,1.19048
15,5,2.47525,1.85644,0.618812
19,16,3.96376,2.15176,1.812
6,4,2.30415,1.38249,0.921659
6,5,1.61054,0.878477,0.732064
6,2,0.631912,0.473934,0.157978
1,2,0.408163,0.136054,0.272109
68,73,5.48852,2.64694,2.84157
12,13,1.19732,0.574713,0.622605
5,13,1.3751,0.381971,0.993125
0,0,0,0,0
14,3,2.37762,1.95804,0.41958
14,21,4.09836,1.63934,2.45902
3,3,1.23967,0.619835,0.619835
5,1,1.0101,0.841751,0.16835
7,0,0.523952,0.523952,0
2,0,0.281294,0.281294,0
63,57,5.27704,2.77045,2.5066
7,8,0.837521,0.390843,0.446678
7,8,1.15652,0.539707,0.616808
1,1,0.328947,0.164474,0.164474
9,4,1.88953,1.30814,0.581395
5,10,2.07469,0.691563,1.38313
3,1,0.907029,0.680272,0.226757
5,2,1.87668,1.34048,0.536193
2,0,0.171969,0.171969,0
0,1,0.156495,0,0.156495
44,58,4.73538,2.04271,2.69266
16,8,1.40433,0.93622,0.46811
14,13,2.35602,1.22164,1.13438
1,1,0.689655,0.344828,0.344828
2,1,0.478469,0.318979,0.15949
4,10,2.25443,0.644122,1.61031
5,3,1.95122,1.21951,0.731707
8,0,1.87793,1.87793,0
2,0,0.194363,0.194363,0
5,1,0.946372,0.788644,0.157729
60,58,5.34178,2.71616,2.62562
17,3,1.35501,1.15176,0.203252
17,7,2.25989,1.60075,0.659134
3,1,0.754717,0.566038,0.188679
6,2,1.49813,1.1236,0.374532
6,13,3.42342,1.08108,2.34234
5,1,1.51134,1.25945,0.251889
3,0,0.655022,0.655022,0
5,0,0.460829,0.460829,0
2,0,0.295858,0.295858,0
62,56,5.28437,2.77653,2.50784
3,2,0.34965,0.20979,0.13986
8,2,0.959693,0.767754,0.191939
0,0,0,0,0
4,2,0.996678,0.664452,0.332226
10,18,4.31433,1.54083,2.7735
5,1,1.7341,1.44509,0.289017
2,0,0.505051,0.505051,0
7,1,0.764088,0.668577,0.095511
2,0,0.342466,0.342466,0
52,62,5.86722,2.67627,3.19094
12,3,1.08225,0.865801,0.21645
16,3,1.90763,1.60643,0.301205
5,0,0.88968,0.88968,0
2,0,0.378072,0.378072,0
2,10,2.22635,0.371058,1.85529
5,1,1.68067,1.40056,0.280112
4,0,1.05541,1.05541,0
6,0,0.664452,0.664452,0
2,0,0.324149,0.324149,0
53,69,6.17722,2.68354,3.49367
4,1,0.385505,0.308404,0.077101
14,4,1.86335,1.44928,0.414079
2,0,0.411523,0.411523,0
12,4,3.11284,2.33463,0.77821
2,7,1.66052,0.369004,1.29151
5,0,1.83824,1.83824,0
5,0,1.51515,1.51515,0
3,1,0.429646,0.322234,0.107411
1,1,0.380952,0.190476,0.190476
60,62,6.09086,2.99551,3.09536
11,1,0.926641,0.849421,0.0772201
10,7,1.82992,1.07643,0.753498
2,0,0.402414,0.402414,0
5,2,1.47368,1.05263,0.421053
1,8,1.56794,0.174216,1.39373
6,3,2.79503,1.86335,0.931677
0,2,0.564972,0,0.564972
4,1,0.514933,0.411946,0.102987
4,1,0.775194,0.620155,0.155039
56,71,6.32155,2.78746,3.5341
2,0,0.138985,0.138985,0
3,4,0.761697,0.326442,0.435256
1,0,0.196464,0.196464,0
1,0,0.208768,0.208768,0
5,5,2.04499,1.02249,1.02249
3,3,2.25564,1.12782,1.12782
1,2,0.773196,0.257732,0.515464
4,1,0.498504,0.398804,0.0997009
1,1,0.341297,0.170648,0.170648
47,75,5.70894,2.19934,3.50959
1,1,0.15015,0.0750751,0.0750751
3,5,0.902935,0.3386,0.564334
2,1,0.603622,0.402414,0.201207
8,2,1.75747,1.40598,0.351494
9,6,2.3511,1.41066,0.940439
2,1,1.09489,0.729927,0.364964
0,1,0.286533,0,0.286533
10,1,1.2035,1.09409,0.109409
0,0,0,0,0
61,101,6.34796,2.39028,3.95768
9,1,0.726744,0.65407,0.0726744
2,11,1.14035,0.175439,0.964912
3,0,0.518135,0.518135,0
3,0,0.578035,0.578035,0
5,1,0.983607,0.819672,0.163934
1,0,0.4,0.4,0
3,0,0.740741,0.740741,0
9,2,1.0989,0.899101,0.1998
1,0,0.142248,0.142248,0
89,200,8.91425,2.74522,6.16903
11,3,0.898012,0.705581,0.192431
6,7,1.07172,0.494641,0.577082
2,1,0.443787,0.295858,0.147929
4,1,0.793651,0.634921,0.15873
9,7,2.05656,1.15681,0.899743
8,0,2.67559,2.67559,0
6,0,1.2959,1.2959,0
11,0,1.04463,1.04463,0
2,0,0.244798,0.244798,0
75,207,8.12212,2.16014,5.96198
17,1,0.976668,0.922409,0.0542594
12,10,1.30564,0.712166,0.593472
1,0,0.137931,0.137931,0
5,2,0.992908,0.70922,0.283688
6,8,1.90476,0.816327,1.08844
1,2,0.943396,0.314465,0.628931
10,0,1.38504,1.38504,0
12,1,1.01325,0.935308,0.0779423
4,0,0.433839,0.433839,0
58,160,6.38734,1.69938,4.68796
44,3,1.89899,1.77778,0.121212
7,12,1.08324,0.399088,0.684151
1,0,0.120773,0.120773,0
2,1,0.424929,0.283286,0.141643
8,3,1.38365,1.00629,0.377358
6,0,1.28205,1.28205,0
10,2,1.45278,1.21065,0.242131
12,2,0.912052,0.781759,0.130293
4,1,0.484966,0.387973,0.0969932
75,208,7.49868,1.98728,5.51139
29,7,1.22867,0.989761,0.238908
14,20,1.85387,0.763359,1.09051
3,0,0.3367,0.3367,0
4,2,0.733496,0.488998,0.244499
3,9,1.53453,0.383632,1.1509
8,2,1.57729,1.26183,0.315457
6,1,0.641613,0.549954,0.091659
11,2,0.743707,0.629291,0.114416
2,0,0.176056,0.176056,0
73,271,8.1652,1.73273,6.43247
24,7,0.93599,0.724638,0.211353
10,33,2.15972,0.50226,1.65746
1,1,0.204918,0.102459,0.102459
6,1,0.783875,0.671892,0.111982
7,2,1.02857,0.8,0.228571
13,5,1.6158,1.16697,0.448833
3,1,0.373483,0.280112,0.0933707
7,0,0.406268,0.406268,0
5,4,0.80429,0.446828,0.357462
30,37,2.12496,0.951475,1.17349
12,7,0.497512,0.314218,0.183294
24,46,2.59933,0.891199,1.70813
2,1,0.280112,0.186741,0.0933707
12,3,1.36612,1.0929,0.273224
21,20,1.72777,0.884956,0.842815
20,5,1.44425,1.1554,0.28885
8,2,0.838926,0.671141,0.167785
7,5,0.625326,0.364773,0.260552
1,5,0.512383,0.0853971,0.426985
36,59,2.80567,1.0632,1.74247
14,5,0.461277,0.339888,0.121389
17,73,2.75398,0.520196,2.23378
7,0,0.563154,0.563154,0
10,5,1.30321,0.86881,0.434405
33,19,2.07254,1.31527,0.757274
13,8,0.974478,0.603248,0.37123
5,0,0.42735,0.42735,0
7,4,0.535019,0.340467,0.194553
9,2,0.791937,0.647948,0.143988
40,32,2.05011,1.13895,0.911162
13,9,0.499546,0.295186,0.20436
26,95,3.63036,0.780078,2.85029
0,0,0,0,0
10,13,1.72543,0.750188,0.975244
38,24,2.44866,1.50079,0.947867
24,8,1.57094,1.1782,0.392734
9,3,0.912548,0.684411,0.228137
18,7,1.18821,0.855513,0.3327
4,9,0.866667,0.266667,0.6
49,76,3.24507,1.27207,1.973
20,19,0.776583,0.398248,0.378335
33,169,5.87209,0.959302,4.91279
3,0,0.206327,0.206327,0
12,15,2.01493,0.895522,1.1194
36,42,2.98965,1.37984,1.60981
17,14,1.55466,0.852558,0.702106
4,2,0.46875,0.3125,0.15625
24,8,1.44928,1.08696,0.362319
4,5,0.598007,0.265781,0.332226
47,88,3.4005,1.18388,2.21662
18,19,0.723504,0.351975,0.371529
43,324,9.51763,1.11515,8.40249
3,2,0.341997,0.205198,0.136799
11,19,2.30592,0.845503,1.46042
49,62,4.21252,1.85958,2.35294
18,27,2.15724,0.862895,1.29434
5,4,0.658858,0.366032,0.292826
27,16,1.75941,1.10475,0.654664
7,14,1.22306,0.407688,0.815376
69,129,4.29967,1.49837,2.8013
31,16,0.836746,0.551896,0.28485
90,623,14.206,1.79319,12.4128
7,1,0.75543,0.661001,0.0944287
25,55,5.28053,1.65017,3.63036
141,167,9.22432,4.22282,5.0015
12,50,2.86904,0.555298,2.31374
7,5,0.758054,0.442198,0.315856
27,27,2.2113,1.10565,1.10565
7,13,1.05208,0.368227,0.683851
101,230,6.2394,1.90386,4.33553
46,49,1.67224,0.809717,0.862524
114,775,15.6184,2.00281,13.6156
20,12,2.94931,1.84332,1.10599
22,79,6.15478,1.34065,4.81414
165,274,11.5954,4.35816,7.23719
26,125,6.50022,1.11924,5.38097
18,9,1.59386,1.06257,0.531287
50,35,3.27175,1.92456,1.34719
10,19,1.53928,0.530786,1.00849
213,440,10.663,3.47812,7.18485
99,116,3.34787,1.54158,1.80629
216,1311,20.801,2.94238,17.8586
62,22,4.05405,2.99228,1.06178
28,118,7.76596,1.48936,6.2766
176,340,13.0106,4.43772,8.57287
31,171,8.02862,1.23211,6.7965
46,19,3.89222,2.75449,1.13772
91,71,6.13172,3.44436,2.68736
23,42,3.28947,1.16397,2.12551
273,521,13.2245,4.54697,8.67755
114,218,5.04176,1.73121,3.31055
230,987,20.0132,3.78227,16.2309
59,52,5.35714,2.84749,2.50965
37,188,11.8483,1.94839,9.89995
170,372,15.0222,4.71175,10.3104
36,323,12.5481,1.2583,11.2898
55,49,5.01688,2.65316,2.36372
115,98,6.99737,3.77792,3.21945
34,103,6.16007,1.52878,4.63129
296,425,11.0804,4.54895,6.53143
182,409,7.19241,2.21492,4.97749
297,990,18.4226,4.25136,14.1712
67,91,6.79278,2.88048,3.9123
77,230,13.5541,3.39956,10.1545
236,495,16.4122,5.29861,11.1136
67,571,16.6449,1.74798,14.8969
86,71,7.28538,3.99072,3.29466
211,217,12.7533,6.28725,6.46603
56,125,7.49793,2.3198,5.17813
602,651,17.1691,8.24884,8.92025
282,795,11.964,3.13264,8.83137
329,975,22.8933,5.77598,17.1173
130,288,14.5038,4.51076,9.99306
75,331,15.9403,2.94464,12.9957
279,582,18.0768,5.85765,12.2192
108,1062,24.3852,2.25094,22.1342
140,164,12.997,5.98546,7.01154
279,281,14.5379,7.24299,7.29491
124,275,13.7824,4.28325,9.49914
964,861,22.2046,11.7289,10.4757
560,1688,19.5614,4.87296,14.6885
626,1832,31.0746,7.91403,23.1606
192,561,22.3177,5.69057,16.6271
176,550,22.4005,5.43042,16.9701
468,831,26.4508,9.52963,16.9212
168,1536,27.2771,2.68929,24.5878
294,297,19.1386,9.52073,9.61788
489,531,23.4645,11.2491,12.2153
215,556,20.6758,5.76562,14.9102
1617,1127,26.9231,15.8654,11.0577
1034,2830,26.8166,7.17607,19.6405
1001,2118,36.1372,11.5977,24.5395
321,809,27.9842,7.94948,20.0347
298,685,27.1098,8.21842,18.8913
498,682,22.5062,9.49838,13.0078
213,1629,27.4066,3.16917,24.2375
357,466,22.7789,9.88099,12.8979
579,628,22.6412,10.861,11.7802
275,532,20.1649,6.87156,13.2934
1049,684,19.5908,11.8585,7.73231
972,2477,23.0056,6.48346,16.5221
794,1543,29.489,10.0189,19.47
294,619,23.2079,7.47331,15.7346
355,724,27.0697,8.90617,18.1636
661,691,23.9929,11.7303,12.2626
309,1300,23.275,4.46984,18.8051
414,614,25.8421,10.4072,15.4349
594,536,21.5567,11.3316,10.2251
303,464,20.5025,8.09944,12.4031
892,437,18.3767,12.3341,6.04259
1071,2049,22.1497,7.60329,14.5464
973,1160,30.3846,13.8604,16.5242
263,502,21.9261,7.53798,14.3881
400,577,25.2585,10.3413,14.9173
863,674,25.2547,14.1801,11.0746
336,915,20.9372,5.62343,15.3138
506,833,32.0642,12.1169,19.9473
668,546,23.7434,13.0647,10.6787
392,471,23.2427,10.5575,12.6852
877,359,18.4947,13.1228,5.37184
1473,2144,26.8125,10.9192,15.8933
1376,1071,32.033,18.0128,14.0202
277,599,25.296,7.99884,17.2971
579,657,29.9782,14.0432,15.935
1166,743,28.8064,17.5947,11.2117
398,597,18.8126,7.52505,11.2876
575,1160,35.6117,11.8021,23.8095
711,558,25.2487,14.1464,11.1023
450,547,25.7889,11.6399,14.149
906,389,18.8172,13.1648,5.65243
1952,2631,30.6023,13.0342,17.5681
1620,807,30.1154,20.1017,10.0136
460,654,31.0739,12.8312,18.2427
753,726,31.827,16.204,15.623
1465,726,30.5536,20.4295,10.1241
586,566,21.2625,10.8158,10.4467
807,1336,38.3981,14.4598,23.9384
840,657,27.1984,15.2616,11.9368
743,715,30.6689,15.6289,15.04
1176,446,20.6361,14.9618,5.6743
2776,3041,33.8276,16.1433,17.6843
2158,1075,33.1013,22.0948,11.0065
662,717,33.9823,16.3135,17.6688
864,664,30.9249,17.4863,13.4386
1507,612,28.4544,20.2363,8.21807
569,408,19.097,11.122,7.97498
902,1177,37.0787,16.087,20.9916
827,658,28.2534,15.7344,12.519
696,813,31.9365,14.7302,17.2063
1235,498,21.1755,15.0904,6.08504
3782,2881,36.6522,20.8042,15.848
1879,661,28.5201,21.0981,7.42196
812,809,36.7157,18.3918,18.3239
998,515,31.3445,20.6754,10.6692
1345,507,25.8154,18.7483,7.06719
484,268,16.3656,10.5332,5.83243
821,912,34.9748,16.5691,18.4057
856,477,25.9036,16.6343,9.26934
738,624,30.5793,16.5694,14.0099
963,348,17.4544,12.8212,4.6332
4133,2462,37.4206,23.451,13.9696
1808,538,28.1025,21.6579,6.44466
947,690,35.587,20.587,15
1134,460,31.3841,22.3272,9.0569
1455,437,27.1917,20.9112,6.28054
517,232,16.3466,11.2833,5.06329
785,588,30.7503,17.5812,13.1691
711,354,22.7224,15.1696,7.55281
671,407,26.5976,16.5556,10.0419
707,294,14.9918,10.5886,4.40318
4396,2139,36.4026,24.4875,11.9151
1779,448,27.1552,21.6925,5.46275
927,611,35.7924,21.5732,14.2192
1061,358,30.8612,23.0753,7.78599
1142,364,24.831,18.8293,6.00165
535,192,17.2397,12.6867,4.553
664,429,26.6846,16.2109,10.4736
755,308,21.7605,15.4555,6.30502
684,277,23.7636,16.9139,6.84965
590,215,13.5819,9.95445,3.62747
3991,1560,33.2316,23.8925,9.33908
1312,280,23.4428,19.3197,4.1231
879,513,32.2222,20.3472,11.875
1005,290,28.7012,22.2739,6.4273
1092,334,22.8051,17.4636,5.34144
741,157,18.3453,15.1379,3.20735
539,252,21.4189,14.5952,6.82372
614,189,16.4078,12.546,3.86187
665,228,22.5562,16.7972,5.75903
710,213,13.07,10.0538,3.01614
3836,1242,30.2748,22.8701,7.40476
1219,298,20.42,16.4087,4.01131
553,320,30.062,19.0427,11.0193
1049,194,26.1629,22.0796,4.08335
877,281,18.8507,14.2764,4.57431
988,161,17.5661,15.1047,2.4614
475,214,18.1698,12.5264,5.64346
532,145,12.7208,9.99624,2.72454
600,150,16.8086,13.4469,3.36172
604,264,9.75939,6.7911,2.96829
3294,966,22.011,17.0197,4.99122
856,259,14.1677,10.8767,3.29098
561,311,20.2179,13.0072,7.21076
871,139,17.032,14.688,2.34401
488,131,10.121,7.97907,2.14192
796,111,10.8454,9.51812,1.32727
201,100,8.26015,5.51592,2.74424
260,93,6.49016,4.78029,1.70987
354,72,8.5013,7.06446,1.43684
302,148,4.66031,3.12759,1.53273
1501,509,10.0732,7.5223,2.55087
315,97,5.21849,3.98987,1.22863
208,146,8.0163,4.71014,3.30616
556,101,9.5522,8.08375,1.46845
134,45,4.35311,3.25875,1.09436
300,41,5.60394,4.93016,0.673788
32,18,2.18914,1.40105,0.788091
44,12,1.5959,1.25392,0.341978
75,15,2.42196,2.0183,0.40366
65,53,1.902,1.04771,0.854288
237,98,2.88843,2.04346,0.844973
50,27,1.43416,0.931272,0.502887
22,12,2.94118,1.90311,1.03806
125,21,3.10242,2.65618,0.446239
45,11,2.36887,1.90355,0.465313
64,13,2.00104,1.6632,0.337838
13,11,1.00671,0.545302,0.461409
12,8,0.980392,0.588235,0.392157
21,7,1.33971,1.00478,0.334928
19,14,0.794033,0.45717,0.336862
48,40,1.04712,0.571157,0.475964
9,13,0.8577,0.350877,0.506823
10,10,1.12233,0.561167,0.561167
14,4,0.622837,0.484429,0.138408
40,14,3.28867,2.43605,0.852619
10,1,0.381282,0.34662,0.034662
1,5,0.382166,0.0636943,0.318471
0,0,0,0,0
4,1,0.476644,0.381316,0.0953289
13,11,0.778968,0.421941,0.357027
15,8,0.50672,0.330469,0.17625
8,10,0.918367,0.408163,0.510204
3,1,0.336417,0.252313,0.0841043
2,2,0.226116,0.113058,0.113058
28,8,2.83912,2.2082,0.630915
1,0,0.0524384,0.0524384,0
7,12,1.30495,0.480769,0.824176
1,0,0.138504,0.138504,0
1,0,0.144718,0.144718,0
11,1,0.548446,0.502742,0.0457038
3,4,0.220334,0.0944287,0.125905
1,4,0.315259,0.0630517,0.252207
5,2,0.870647,0.621891,0.248756
2,1,0.214746,0.143164,0.071582
27,8,2.9191,2.25188,0.667223
0,0,0,0,0
1,1,0.161681,0.0808407,0.0808407
1,0,0.196078,0.196078,0
0,0,0,0,0
5,1,0.310398,0.258665,0.0517331
4,4,0.276817,0.138408,0.138408
3,1,0.267201,0.200401,0.0668003
0,0,0,0,0
3,1,0.324675,0.243506,0.0811688
1,0,0.0933707,0.0933707,0
2,0,0.184672,0.184672,0
2,2,0.475624,0.237812,0.237812
0,0,0,0,0
0,0,0,0,0
5,0,0.298507,0.298507,0
5,3,0.367985,0.229991,0.137994
2,0,0.126823,0.126823,0
2,1,0.595238,0.396825,0.198413
1,0,0.0993049,0.0993049,0
0,0,0,0,0
2,2,0.505051,0.252525,0.252525
0,1,0.139276,0,0.139276
1,0,0.231481,0.231481,0
0,0,0,0,0
7,6,0.831202,0.44757,0.383632
3,2,0.259471,0.155682,0.103788
3,4,0.637523,0.273224,0.364299
0,2,0.421941,0,0.421941
0,0,0,0,0
0,0,0,0,0
0,0,0,0,0
0,2,0.334448,0,0.334448
1,1,0.426439,0.21322,0.21322
1,0,0.226244,0.226244,0
7,2,0.670141,0.521221,0.14892
2,2,0.225225,0.112613,0.112613
1,3,0.459242,0.114811,0.344432
0,0,0,0,0
0,0,0,0,0
1,0,0.155763,0.155763,0
1,0,0.148368,0.148368,0
1,1,0.364964,0.182482,0.182482
0,0,0,0,0
0,0,0,0,0
3,3,0.481155,0.240577,0.240577
2,0,0.134499,0.134499,0
1,3,0.381316,0.0953289,0.285987
1,1,0.4914,0.2457,0.2457
0,0,0,0,0
0,0,0,0,0
0,0,0,0,0
0,1,0.251256,0,0.251256
0,0,0,0,0
0,0,0,0,0
5,0,0.45045,0.45045,0
0,2,0.157978,0,0.157978
1,0,0.104275,0.104275,0
0,0,0,0,0
1,0,0.162338,0.162338,0
0,0,0,0,0
0,0,0,0,0
0,0,0,0,0
0,0,0,0,0
0,0,0,0,0
1,5,0.547945,0.0913242,0.456621
1,0,0.0814996,0.0814996,0
0,1,0.13369,0,0.13369
1,0,0.266667,0.266667,0
6,6,2.00334,1.00167,1.00167
0,0,0,0,0
0,0,0,0,0
0,0,0,0,0
0,1,0.229358,0,0.229358
0,0,0,0,0
5,2,0.730689,0.521921,0.208768
1,1,0.196271,0.0981354,0.0981354
2,4,0.667408,0.222469,0.444939
0,0,0,0,0
0,0,0,0,0
0,0,0,0,0
0,0,0,0,0
0,0,0,0,0
0,0,0,0,0
0,0,0,0,0
2,1,0.274725,0.18315,0.0915751
6,3,0.947368,0.631579,0.315789
4,4,0.856531,0.428266,0.428266
0,0,0,0,0
0,0,0,0,0
0,0,0,0,0
0,0,0,0,0
0,0,0,0,0
0,0,0,0,0
0,0,0,0,0
2,0,0.173762,0.173762,0
1,2,0.27027,0.0900901,0.18018
6,4,1.18064,0.708383,0.472255
0,1,0.276243,0,0.276243
0,0,0,0,0
0,0,0,0,0
0,0,0,0,0
0,0,0,0,0
1,0,0.271003,0.271003,0
0,0,0,0,0
3,1,0.28777,0.215827,0.0719424
1,1,0.199203,0.0996016,0.0996016
1,3,0.441501,0.110375,0.331126
0,0,0,0,0
0,0,0,0,0
2,0,0.255102,0.255102,0
0,0,0,0,0
0,0,0,0,0
0,0,0,0,0
0,0,0,0,0
0,2,0.151745,0,0.151745
2,1,0.255537,0.170358,0.0851789
1,2,0.357143,0.119048,0.238095
0,0,0,0,0
0,0,0,0,0
2,0,0.23753,0.23753,0
1,0,0.384615,0.384615,0
0,0,0,0,0
0,0,0,0,0
0,0,0,0,0
4,4,0.767018,0.383509,0.383509
2,0,0.182648,0.182648,0
4,5,1.08565,0.482509,0.603136
0,2,0.470588,0,0.470588
1,1,0.314961,0.15748,0.15748
0,0,0,0,0
0,0,0,0,0
0,0,0,0,0
1,1,0.384615,0.192308,0.192308
0,0,0,0,0
1,0,0.0996016,0.0996016,0
3,0,0.30426,0.30426,0
0,3,0.610998,0,0.610998
0,0,0,0,0
0,0,0,0,0
0,0,0,0,0
0,0,0,0,0
0,0,0,0,0
0,0,0,0,0
0,0,0,0,0
0,1,0.118765,0,0.118765
0,0,0,0,0
0,3,0.385109,0,0.385109
0,1,0.239234,0,0.239234
1,0,0.119904,0.119904,0
2,0,0.263505,0.263505,0
0,0,0,0,0
0,0,0,0,0
0,0,0,0,0
0,0,0,0,0
2,0,0.209644,0.209644,0
1,0,0.0905797,0.0905797,0
0,3,0.389105,0,0.389105
1,0,0.215517,0.215517,0
0,0,0,0,0
2,1,0.371747,0.247831,0.123916
1,0,0.671141,0.671141,0
0,0,0,0,0
0,0,0,0,0
0,0,0,0,0
2,1,0.315789,0.210526,0.105263
1,1,0.192308,0.0961538,0.0961538
0,2,0.396825,0,0.396825
0,0,0,0,0
0,0,0,0,0
1,0,0.125471,0.125471,0
0,0,0,0,0
0,0,0,0,0
0,0,0,0,0
0,0,0,0,0
1,4,0.551268,0.110254,0.441014
4,1,0.469484,0.375587,0.0938967
0,2,0.343053,0,0.343053
0,0,0,0,0
0,0,0,0,0
1,1,0.266667,0.133333,0.133333
0,0,0,0,0
0,0,0,0,0
0,0,0,0,0
0,0,0,0,0
4,12,1.64271,0.410678,1.23203
2,0,0.185185,0.185185,0
1,1,0.29985,0.149925,0.149925
0,0,0,0,0
0,0,0,0,0
0,0,0,0,0
0,0,0,0,0
0,0,0,0,0
0,0,0,0,0
0,0,0,0,0
1,1,0.215517,0.107759,0.107759
3,0,0.260643,0.260643,0
2,4,0.745342,0.248447,0.496894
0,0,0,0,0
0,0,0,0,0
1,1,0.31348,0.15674,0.15674
0,0,0,0,0
0,1,0.245098,0,0.245098
0,0,0,0,0
0,0,0,0,0
4,2,0.642398,0.428266,0.214133
0,0,0,0,0
1,3,0.492005,0.123001,0.369004
0,0,0,0,0
0,0,0,0,0
2,0,0.285714,0.285714,0
0,0,0,0,0
0,0,0,0,0
2,2,0.470588,0.235294,0.235294
0,0,0,0,0
1,8,0.897308,0.0997009,0.797607
2,2,0.289855,0.144928,0.144928
7,5,1.30293,0.760043,0.542888
1,0,0.171821,0.171821,0
0,1,0.0892061,0,0.0892061
1,0,0.13369,0.13369,0
0,0,0,0,0
0,0,0,0,0
0,0,0,0,0
0,0,0,0,0
3,2,0.450857,0.270514,0.180343
0,0,0,0,0
8,7,1.2931,0.689655,0.603448
0,0,0,0,0
0,0,0,0,0
0,0,0,0,0
0,0,0,0,0
0,0,0,0,0
0,0,0,0,0
4,3,0.507246,0.289855,0.217391
5,6,0.73187,0.332668,0.399202
2,2,0.168919,0.0844595,0.0844595
7,10,1.1236,0.462657,0.660939
0,0,0,0,0
0,0,0,0,0
1,0,0.114025,0.114025,0
0,0,0,0,0
0,1,0.126904,0,0.126904
0,0,0,0,0
0,1,0.0667111,0,0.0667111
8,8,0.888395,0.444198,0.444198
9,3,0.382897,0.287173,0.0957243
11,10,1.1615,0.608407,0.553097
0,1,0.104932,0,0.104932
0,0,0,0,0
1,2,0.267618,0.0892061,0.178412
1,2,0.365408,0.121803,0.243605
0,2,0.272851,0,0.272851
2,3,0.291206,0.116482,0.174723
1,0,0.0643087,0.0643087,0
9,6,0.846024,0.507614,0.338409
5,4,0.291829,0.162127,0.129702
4,9,0.731159,0.224972,0.506187
1,0,0.166945,0.166945,0
2,1,0.192926,0.128617,0.0643087
1,0,0.0691085,0.0691085,0
2,1,0.344432,0.229621,0.114811
0,0,0,0,0
4,2,0.352113,0.234742,0.117371
0,0,0,0,0
2,5,0.367454,0.104987,0.262467
6,6,0.350672,0.175336,0.175336
4,7,0.610094,0.221852,0.388242
0,0,0,0,0
1,0,0.0575705,0.0575705,0
2,0,0.138122,0.138122,0
2,1,0.299103,0.199402,0.0997009
0,0,0,0,0
0,0,0,0,0
0,1,0.0597372,0,0.0597372
7,2,0.43881,0.341297,0.0975134
4,0,0.107267,0.107267,0
5,8,0.648379,0.249377,0.399002
0,0,0,0,0
0,2,0.0822707,0,0.0822707
5,4,0.565327,0.31407,0.251256
1,2,0.259067,0.0863558,0.172712
0,0,0,0,0
4,0,0.152672,0.152672,0
1,1,0.114745,0.0573723,0.0573723
10,9,0.890764,0.468823,0.421941
11,2,0.138726,0.117383,0.0213424
4,10,0.592467,0.169276,0.423191
0,0,0,0,0
0,0,0,0,0
0,2,0.121803,0,0.121803
1,1,0.107759,0.0538793,0.0538793
1,1,0.15674,0.0783699,0.0783699
3,0,0.0870322,0.0870322,0
0,3,0.154959,0,0.154959
4,9,0.550847,0.169492,0.381356
6,6,0.120361,0.0601805,0.0601805
9,16,0.796686,0.286807,0.509879
0,1,0.0862813,0,0.0862813
2,1,0.0838692,0.0559128,0.0279564
6,3,0.161319,0.107546,0.0537731
1,4,0.20284,0.040568,0.162272
1,1,0.141443,0.0707214,0.0707214
1,1,0.0466744,0.0233372,0.0233372
0,2,0.100452,0,0.100452
8,17,1.11907,0.358102,0.760967
13,5,0.173494,0.125301,0.0481928
6,24,0.84507,0.169014,0.676056
0,0,0,0,0
0,1,0.0316256,0,0.0316256
3,2,0.0673401,0.040404,0.026936
2,1,0.0949067,0.0632711,0.0316356
0,0,0,0,0
0,1,0.0270563,0,0.0270563
0,1,0.0475511,0,0.0475511
9,10,0.798991,0.378469,0.420521
4,5,0.0975927,0.0433745,0.0542182
4,18,0.723208,0.131492,0.591716
0,0,0,0,0
0,0,0,0,0
2,0,0.0313676,0.0313676,0
0,1,0.0327225,0,0.0327225
2,1,0.154639,0.103093,0.0515464
2,0,0.0388727,0.0388727,0
0,2,0.0894454,0,0.0894454
10,15,0.823995,0.329598,0.494397
5,0,0.0521648,0.0521648,0
7,31,1.25041,0.230339,1.02007
0,3,0.15949,0,0.15949
1,3,0.0971817,0.0242954,0.0728863
2,6,0.100075,0.0250188,0.0750563
2,4,0.168729,0.056243,0.112486
0,0,0,0,0
3,2,0.108366,0.0650195,0.0433463
1,1,0.0859107,0.0429553,0.0429553
7,13,0.56164,0.196574,0.365066
7,4,0.114931,0.0731376,0.0417929
5,42,1.5857,0.168691,1.417
1,1,0.0765697,0.0382848,0.0382848
0,1,0.041806,0,0.041806
1,7,0.0896258,0.0112032,0.0784226
1,5,0.186047,0.0310078,0.155039
1,2,0.178891,0.0596303,0.119261
2,0,0.0430478,0.0430478,0
2,4,0.28103,0.0936768,0.187354
11,13,0.686892,0.314825,0.372066
2,3,0.0581463,0.0232585,0.0348878
12,55,2.22888,0.399202,1.82967
0,2,0.0820681,0,0.0820681
0,0,0,0,0
5,2,0.0723439,0.0516742,0.0206697
1,0,0.0323939,0.0323939,0
0,0,0,0,0
1,1,0.0428816,0.0214408,0.0214408
2,5,0.336377,0.0961076,0.240269
7,10,0.536955,0.221099,0.315856
6,9,0.20083,0.080332,0.120498
11,36,1.69859,0.397542,1.30105
1,1,0.0981354,0.0490677,0.0490677
0,0,0,0,0
5,1,0.079639,0.0663658,0.0132732
1,4,0.175439,0.0350877,0.140351
0,1,0.0591366,0,0.0591366
1,1,0.040032,0.020016,0.020016
1,0,0.041511,0.041511,0
11,10,0.573144,0.300218,0.272926
2,1,0.0387948,0.0258632,0.0129316
8,56,1.15858,0.144823,1.01376
0,0,0,0,0
0,1,0.0544366,0,0.0544366
10,1,0.150417,0.136743,0.0136743
1,2,0.0974026,0.0324675,0.0649351
0,0,0,0,0
1,1,0.0359002,0.0179501,0.0179501
0,1,0.0402576,0,0.0402576
9,6,0.428694,0.257216,0.171478
1,3,0.0458558,0.0114639,0.0343918
11,75,1.44611,0.184967,1.26114
0,1,0.04095,0,0.04095
0,0,0,0,0
4,4,0.0869565,0.0434783,0.0434783
2,4,0.18276,0.0609199,0.12184
0,0,0,0,0
2,0,0.0413736,0.0413736,0
3,4,0.271845,0.116505,0.15534
8,6,0.400916,0.229095,0.171821
0,2,0.02552,0,0.02552
9,33,0.787697,0.168792,0.618905
0,0,0,0,0
0,0,0,0,0
2,0,0.0229121,0.0229121,0
0,3,0.0927357,0,0.0927357
0,1,0.0605327,0,0.0605327
1,1,0.0438308,0.0219154,0.0219154
1,2,0.113379,0.0377929,0.0755858
7,12,0.569715,0.209895,0.35982
2,3,0.0671141,0.0268456,0.0402685
8,42,0.978665,0.156586,0.822079
1,0,0.0475737,0.0475737,0
0,0,0,0,0
1,0,0.0133316,0.0133316,0
0,1,0.0341647,0,0.0341647
0,0,0,0,0
2,0,0.0553403,0.0553403,0
3,2,0.227894,0.136737,0.0911577
4,13,0.555919,0.130804,0.425114
0,3,0.0414536,0,0.0414536
2,28,0.587889,0.0391926,0.548697
0,1,0.0495786,0,0.0495786
0,0,0,0,0
0,1,0.0145751,0,0.0145751
1,2,0.0971188,0.0323729,0.0647459
0,0,0,0,0
1,0,0.0236911,0.0236911,0
0,0,0,0,0
9,3,0.387973,0.29098,0.0969932
3,5,0.125078,0.0469043,0.0781739
4,41,0.889152,0.0790358,0.810117
0,1,0.0391083,0,0.0391083
0,0,0,0,0
2,2,0.0603318,0.0301659,0.0301659
2,1,0.0999334,0.0666223,0.0333111
0,2,0.139665,0,0.139665
0,0,0,0,0
0,1,0.0412882,0,0.0412882
3,7,0.344709,0.103413,0.241296
2,4,0.0894055,0.0298018,0.0596036
4,18,0.471395,0.0857082,0.385687
0,1,0.0462535,0,0.0462535
0,0,0,0,0
2,2,0.0633914,0.0316957,0.0316957
0,0,0,0,0
1,0,0.0746269,0.0746269,0
2,1,0.0762583,0.0508388,0.0254194
2,1,0.135135,0.0900901,0.045045
3,2,0.190114,0.114068,0.0760456
1,2,0.0490036,0.0163345,0.0326691
9,6,0.420168,0.252101,0.168067
0,0,0,0,0
0,0,0,0,0
1,7,0.130442,0.0163052,0.114137
0,3,0.120676,0,0.120676
0,0,0,0,0
4,2,0.138857,0.0925712,0.0462856
0,0,0,0,0
6,5,0.415251,0.226501,0.18875
3,5,0.127592,0.0478469,0.0797448
2,8,0.217533,0.0435066,0.174027
0,1,0.0418936,0,0.0418936
1,0,0.0611621,0.0611621,0
0,3,0.0484496,0,0.0484496
1,1,0.0796813,0.0398406,0.0398406
0,1,0.0737463,0,0.0737463
0,0,0,0,0
0,1,0.0423908,0,0.0423908
7,5,0.448096,0.261389,0.186706
3,4,0.112994,0.0484262,0.0645682
2,2,0.0890274,0.0445137,0.0445137
1,0,0.0409668,0.0409668,0
0,0,0,0,0
0,4,0.060652,0,0.060652
1,0,0.0405186,0.0405186,0
0,3,0.184843,0,0.184843
2,2,0.0980152,0.0490076,0.0490076
0,0,0,0,0
7,3,0.37037,0.259259,0.111111
1,3,0.0665447,0.0166362,0.0499085
4,9,0.27957,0.0860215,0.193548
0,0,0,0,0
0,0,0,0,0
0,1,0.016218,0,0.016218
1,0,0.0361402,0.0361402,0
2,2,0.281492,0.140746,0.140746
1,1,0.0497512,0.0248756,0.0248756
0,1,0.0388048,0,0.0388048
8,2,0.375235,0.300188,0.0750469
2,3,0.0812348,0.0324939,0.0487409
8,5,0.276302,0.170032,0.10627
1,2,0.12837,0.0427899,0.0855798
0,0,0,0,0
3,1,0.0649035,0.0486776,0.0162259
1,2,0.102459,0.034153,0.068306
0,0,0,0,0
0,1,0.0248942,0,0.0248942
1,2,0.125576,0.0418585,0.083717
3,6,0.307798,0.102599,0.205198
4,4,0.126422,0.0632111,0.0632111
3,3,0.121384,0.0606919,0.0606919
0,1,0.0424989,0,0.0424989
0,0,0,0,0
1,0,0.0161082,0.0161082,0
1,0,0.0336134,0.0336134,0
0,2,0.128617,0,0.128617
1,0,0.0237812,0.0237812,0
2,0,0.0615195,0.0615195,0
7,3,0.397456,0.278219,0.119237
1,1,0.0352423,0.0176211,0.0176211
1,3,0.0853971,0.0213493,0.0640478
0,0,0,0,0
0,0,0,0,0
0,0,0,0,0
1,0,0.0344709,0.0344709,0
0,0,0,0,0
0,0,0,0,0
0,1,0.0417711,0,0.0417711
7,6,0.450139,0.242382,0.207756
0,0,0,0,0
0,5,0.101051,0,0.101051
0,1,0.0472813,0,0.0472813
0,0,0,0,0
2,1,0.14985,0.0999001,0.04995
1,0,0.0315159,0.0315159,0
0,1,0.0749625,0,0.0749625
0,1,0.0214592,0,0.0214592
0,1,0.0389408,0,0.0389408
4,4,0.266489,0.133245,0.133245
3,2,0.0913576,0.0548145,0.036543
1,1,0.0427259,0.021363,0.021363
0,2,0.175593,0,0.175593
0,0,0,0,0
0,1,0.0514933,0,0.0514933
0,0,0,0,0
0,0,0,0,0
1,0,0.0222124,0.0222124,0
0,1,0.0440529,0,0.0440529
5,4,0.310131,0.172295,0.137836
4,4,0.169133,0.0845666,0.0845666
0,5,0.0962094,0,0.0962094
1,0,0.04,0.04,0
0,0,0,0,0
0,2,0.0878735,0,0.0878735
1,0,0.0342231,0.0342231,0
0,1,0.0786782,0,0.0786782
0,0,0,0,0
0,0,0,0,0
5,4,0.330154,0.183419,0.146735
5,2,0.142537,0.101812,0.0407249
4,2,0.113679,0.0757863,0.0378931
0,0,0,0,0
0,0,0,0,0
2,0,0.0817661,0.0817661,0
0,1,0.0315756,0,0.0315756
2,3,0.428082,0.171233,0.256849
0,0,0,0,0
0,1,0.0513875,0,0.0513875
5,8,0.470844,0.181094,0.28975
0,1,0.0223864,0,0.0223864
3,1,0.0771307,0.0578481,0.0192827
0,0,0,0,0
0,0,0,0,0
0,1,0.0418585,0,0.0418585
0,0,0,0,0
2,0,0.186047,0.186047,0
1,0,0.0251636,0.0251636,0
0,1,0.0523013,0,0.0523013
10,8,0.635593,0.353107,0.282486
2,1,0.0693161,0.0462107,0.0231054
2,1,0.0612245,0.0408163,0.0204082
0,0,0,0,0
0,0,0,0,0
0,1,0.050813,0,0.050813
0,1,0.0318573,0,0.0318573
0,0,0,0,0
3,0,0.0709555,0.0709555,0
0,0,0,0,0
12,7,0.731332,0.461894,0.269438
3,7,0.246366,0.0739098,0.172456
2,4,0.119641,0.0398804,0.0797607
0,0,0,0,0
0,0,0,0,0
2,2,0.214477,0.107239,0.107239
1,0,0.0338181,0.0338181,0
0,0,0,0,0
0,0,0,0,0
1,0,0.0526593,0.0526593,0
5,5,0.488281,0.244141,0.244141
0,13,0.351351,0,0.351351
6,3,0.297521,0.198347,0.0991736
0,0,0,0,0
0,1,0.0625391,0,0.0625391
1,0,0.0539374,0.0539374,0
1,1,0.0675219,0.033761,0.033761
0,0,0,0,0
1,0,0.0302755,0.0302755,0
0,0,0,0,0
4,3,0.358056,0.204604,0.153453
1,8,0.256046,0.0284495,0.227596
1,3,0.131105,0.0327761,0.0983284
0,0,0,0,0
0,0,0,0,0
0,0,0,0,0
0,1,0.0339789,0,0.0339789
0,0,0,0,0
1,1,0.0641026,0.0320513,0.0320513
0,0,0,0,0
2,3,0.272183,0.108873,0.16331
2,9,0.316365,0.0575209,0.258844
3,4,0.136852,0.058651,0.0782014
0,1,0.0305717,0,0.0305717
0,0,0,0,0
0,0,0,0,0
0,0,0,0,0
0,0,0,0,0
7,2,0.289482,0.225153,0.0643294
3,0,0.152983,0.152983,0
2,1,0.158562,0.105708,0.0528541
3,8,0.307951,0.0839866,0.223964
2,1,0.0597253,0.0398168,0.0199084
0,0,0,0,0
0,0,0,0,0
0,0,0,0,0
0,0,0,0,0
0,0,0,0,0
1,1,0.0619771,0.0309885,0.0309885
0,0,0,0,0
3,2,0.280741,0.168445,0.112296
2,10,0.339655,0.0566091,0.283046
2,3,0.14758,0.0590319,0.0885478
1,1,0.0852152,0.0426076,0.0426076
0,0,0,0,0
2,0,0.11217,0.11217,0
1,0,0.0357526,0.0357526,0
0,0,0,0,0
0,1,0.0323102,0,0.0323102
0,0,0,0,0
2,5,0.420673,0.120192,0.300481
0,1,0.0282167,0,0.0282167
1,4,0.0976753,0.0195351,0.0781403
0,0,0,0,0
0,0,0,0,0
0,0,0,0,0
0,2,0.0886918,0,0.0886918
0,0,0,0,0
3,0,0.126689,0.126689,0
0,0,0,0,0
0,1,0.0667557,0,0.0667557
0,0,0,0,0
2,5,0.124334,0.035524,0.0888099
0,0,0,0,0
0,0,0,0,0
0,0,0,0,0
0,3,0.10218,0,0.10218
1,2,0.303644,0.101215,0.202429
1,1,0.0648298,0.0324149,0.0324149
0,1,0.0618812,0,0.0618812
1,1,0.113507,0.0567537,0.0567537
2,1,0.0774793,0.0516529,0.0258264
3,10,0.217573,0.0502092,0.167364
0,0,0,0,0
1,0,0.0824402,0.0824402,0
1,1,0.0963855,0.0481928,0.0481928
1,0,0.0319795,0.0319795,0
0,1,0.087184,0,0.087184
0,0,0,0,0
1,0,0.0564016,0.0564016,0
2,3,0.266809,0.106724,0.160085
1,1,0.0495295,0.0247647,0.0247647
1,8,0.132314,0.0147016,0.117612
0,0,0,0,0
0,0,0,0,0
0,0,0,0,0
0,0,0,0,0
0,0,0,0,0
0,0,0,0,0
0,0,0,0,0
1,5,0.263043,0.0438404,0.219202
3,0,0.0663277,0.0663277,0
6,6,0.163066,0.0815328,0.0815328
0,1,0.0559284,0,0.0559284
0,0,0,0,0
1,0,0.0484262,0.0484262,0
0,0,0,0,0
0,0,0,0,0
0,0,0,0,0
0,0,0,0,0
1,6,0.497866,0.0711238,0.426743
3,0,0.0603986,0.0603986,0
8,7,0.30494,0.162635,0.142305
0,1,0.0528541,0,0.0528541
0,1,0.0536193,0,0.0536193
2,3,0.220264,0.0881057,0.132159
0,0,0,0,0
0,0,0,0,0
0,0,0,0,0
0,0,0,0,0
4,3,0.348779,0.199302,0.149477
0,1,0.0172861,0,0.0172861
3,7,0.117069,0.0351206,0.081948
0,0,0,0,0
0,0,0,0,0
1,0,0.0412541,0.0412541,0
0,0,0,0,0
0,0,0,0,0
2,0,0.0466744,0.0466744,0
0,0,0,0,0
5,3,0.528053,0.330033,0.19802
2,2,0.063002,0.031501,0.031501
5,4,0.159716,0.0887311,0.0709849
0,0,0,0,0
0,0,0,0,0
0,0,0,0,0
0,1,0.0230468,0,0.0230468
0,0,0,0,0
0,0,0,0,0
0,0,0,0,0
4,5,0.40965,0.182066,0.227583
2,2,0.0543774,0.0271887,0.0271887
4,2,0.0590319,0.0393546,0.0196773
0,0,0,0,0
1,1,0.079968,0.039984,0.039984
1,1,0.073046,0.036523,0.036523
1,0,0.0296384,0.0296384,0
0,0,0,0,0
1,0,0.0216076,0.0216076,0
0,1,0.0283849,0,0.0283849
4,2,0.311042,0.207361,0.103681
5,3,0.104384,0.0652401,0.0391441
5,4,0.0916217,0.0509009,0.0407208
0,1,0.0413052,0,0.0413052
0,0,0,0,0
6,2,0.336417,0.252313,0.0841043
1,0,0.023218,0.023218,0
0,0,0,0,0
1,0,0.0223264,0.0223264,0
0,0,0,0,0
0,0,0,0,0
1,2,0.0353482,0.0117827,0.0235655
5,5,0.193536,0.096768,0.096768
0,0,0,0,0
0,0,0,0,0
3,2,0.204834,0.1229,0.0819336
1,0,0.0235738,0.0235738,0
1,1,0.128535,0.0642674,0.0642674
1,1,0.0404531,0.0202265,0.0202265
2,0,0.0539374,0.0539374,0
5,2,0.256598,0.183284,0.0733138
1,0,0.0100664,0.0100664,0
1,4,0.0609385,0.0121877,0.0487508
0,1,0.0325098,0,0.0325098
0,2,0.0749625,0,0.0749625
0,2,0.0855798,0,0.0855798
0,1,0.0229674,0,0.0229674
0,0,0,0,0
0,0,0,0,0
3,1,0.111514,0.0836353,0.0278784
0,3,0.105116,0,0.105116
5,5,0.13101,0.065505,0.065505
3,5,0.102472,0.0384271,0.0640451
0,0,0,0,0
0,1,0.0386847,0,0.0386847
1,2,0.146341,0.0487805,0.097561
0,0,0,0,0
1,2,0.1443,0.0481,0.0962001
3,2,0.0907935,0.0544761,0.0363174
0,2,0.0570125,0,0.0570125
4,5,0.311526,0.138456,0.17307
9,2,0.102003,0.083457,0.018546
4,6,0.129166,0.0516662,0.0774994
0,1,0.0445236,0,0.0445236
1,0,0.0334225,0.0334225,0
7,3,0.441306,0.308914,0.132392
0,0,0,0,0
1,1,0.0956938,0.0478469,0.0478469
5,3,0.141668,0.0885426,0.0531256
1,2,0.0966806,0.0322269,0.0644538
8,7,0.468019,0.24961,0.218409
13,10,0.21253,0.120126,0.0924044
5,5,0.0856311,0.0428156,0.0428156
0,1,0.0373552,0,0.0373552
1,2,0.0990099,0.0330033,0.0660066
6,5,0.412448,0.224972,0.187477
1,1,0.0419375,0.0209688,0.0209688
0,1,0.0453926,0,0.0453926
4,2,0.113336,0.0755572,0.0377786
2,2,0.126064,0.0630318,0.0630318
1,8,0.250836,0.0278707,0.222965
7,7,0.144033,0.0720165,0.0720165
3,6,0.104191,0.0347303,0.0694605
0,0,0,0,0
0,2,0.0693481,0,0.0693481
7,4,0.367156,0.233645,0.133511
0,0,0,0,0
0,1,0.045977,0,0.045977
4,4,0.151057,0.0755287,0.0755287
0,1,0.0301296,0,0.0301296
1,4,0.139704,0.0279408,0.111763
9,12,0.215872,0.0925164,0.123355
5,12,0.177917,0.0523286,0.125589
1,1,0.0623441,0.0311721,0.0311721
1,1,0.0564493,0.0282247,0.0282247
5,1,0.192123,0.160102,0.0320205
0,2,0.0371264,0,0.0371264
3,0,0.155844,0.155844,0
2,2,0.0724506,0.0362253,0.0362253
42,0,1.41557,1.41557,0
12,9,0.538186,0.307535,0.230651
10,4,0.140309,0.10022,0.0400882
7,9,0.176639,0.0772798,0.0993597
0,2,0.0618812,0,0.0618812
2,1,0.0976563,0.0651042,0.0325521
19,2,0.322829,0.292083,0.0307456
2,4,0.104275,0.0347584,0.0695169
8,1,0.408905,0.363471,0.0454339
16,1,0.297203,0.27972,0.0174825
15,0,0.449506,0.449506,0
28,11,0.87739,0.629921,0.247469
24,11,0.288469,0.197808,0.0906618
4,4,0.0875274,0.0437637,0.0437637
3,1,0.114548,0.0859107,0.0286369
3,1,0.100503,0.0753769,0.0251256
23,5,0.411341,0.337887,0.0734538
0,2,0.0346021,0,0.0346021
59,3,2.57368,2.44915,0.124533
45,2,0.753205,0.721154,0.0320513
29,2,0.938257,0.877724,0.0605327
63,10,1.44469,1.24678,0.197902
34,4,0.267945,0.239741,0.0282048
28,4,0.293443,0.256763,0.0366804
7,0,0.191518,0.191518,0
8,2,0.221533,0.177226,0.0443066
33,2,0.502513,0.473798,0.028715
3,7,0.165536,0.0496607,0.115875
72,1,2.61836,2.5825,0.035868
66,7,1.22074,1.10368,0.117057
30,1,0.823811,0.797236,0.0265745
75,14,1.81226,1.52718,0.285074
251,7,1.18305,1.15095,0.0320983
112,6,1.02023,0.968356,0.0518762
8,1,0.200579,0.178293,0.0222866
19,1,0.43592,0.414124,0.021796
47,4,0.745287,0.686833,0.0584539
7,3,0.162048,0.113434,0.0486145
95,1,3.39823,3.36283,0.0353982
90,0,1.58814,1.58814,0
49,1,1.34626,1.31933,0.0269251
127,7,2.58937,2.45411,0.135266
617,8,2.7973,2.76149,0.0358054
153,9,1.57726,1.48963,0.0876254
45,1,1.05918,1.03615,0.0230256
16,2,0.444006,0.394672,0.049334
77,5,1.09304,1.02639,0.0666489
16,5,0.35035,0.266934,0.0834168
273,1,6.32648,6.30339,0.0230894
222,3,3.09448,3.05323,0.0412598
108,1,2.64756,2.62327,0.0242895
247,15,3.58413,3.37893,0.205198
787,13,3.73919,3.67843,0.0607619
340,16,2.68537,2.56468,0.120691
155,1,2.38934,2.37402,0.0153163
59,1,1.26342,1.24237,0.0210571
184,11,2.13488,2.01445,0.120429
20,9,0.405311,0.279525,0.125786
489,5,10.4794,10.3734,0.106067
317,1,4.17652,4.16338,0.0131337
174,3,3.6952,3.63257,0.0626305
366,5,5.70857,5.63164,0.0769349
1423,25,4.40711,4.33102,0.0760896
595,5,4.38308,4.34656,0.0365257
248,0,3.55913,3.55913,0
74,0,1.76738,1.76738,0
190,2,2.06474,2.04323,0.0215077
37,5,0.586101,0.516327,0.0697739
513,3,9.57151,9.51586,0.0556483
448,2,5.76627,5.74065,0.0256279
361,0,6.59843,6.59843,0
531,12,7.35972,7.19707,0.162646
2846,20,7.47483,7.42267,0.0521621
1013,10,7.00397,6.93551,0.068465
471,1,6.04276,6.02996,0.0128025
206,0,5.0814,5.0814,0
244,5,2.57391,2.52222,0.0516849
48,8,0.730594,0.626223,0.104371
442,5,7.1201,7.04046,0.0796432
405,3,4.01931,3.98975,0.0295537
305,2,5.02291,4.99018,0.0327225
506,27,4.7936,4.55077,0.242828
3270,12,7.12441,7.09836,0.026049
1005,13,6.73369,6.6477,0.0859902
655,0,7.59332,7.59332,0
333,0,6.65335,6.65335,0
243,4,2.36093,2.32269,0.0382336
76,12,1.10469,0.954055,0.15064
356,3,4.75812,4.71836,0.0397614
284,6,2.58007,2.52669,0.0533808
282,1,3.85769,3.84406,0.0136314
407,42,2.31551,2.09891,0.216595
2786,31,5.72724,5.66421,0.0630261
822,15,4.42904,4.34967,0.0793735
566,1,6.27074,6.25968,0.0110595
362,2,5.47039,5.44034,0.0300571
156,0,1.84158,1.84158,0
67,8,0.808451,0.722216,0.0862348
163,1,2.50305,2.48779,0.0152625
136,2,1.24145,1.22346,0.0179921
127,1,1.86807,1.85347,0.0145943
147,20,1.10326,0.97113,0.132127
1595,21,3.47027,3.42517,0.0450963
546,9,2.78126,2.73616,0.0451015
405,0,3.22555,3.22555,0
278,1,4.34512,4.32954,0.0155739
165,1,1.08988,1.08332,0.00656556
44,12,0.534096,0.419647,0.114449
70,1,1.32389,1.30524,0.0186463
52,0,0.56271,0.56271,0
104,2,1.46187,1.43428,0.0275824
106,13,0.871923,0.776671,0.0952521
989,29,2.89032,2.80798,0.0823372
462,9,2.44244,2.39577,0.0466708
270,0,2.49492,2.49492,0
410,4,5.79994,5.74391,0.0560381
87,2,0.702336,0.686553,0.0157828
50,12,0.705829,0.569217,0.136612
56,0,1.36752,1.36752,0
32,2,0.473208,0.445372,0.0278358
54,1,1.02881,1.0101,0.0187056
98,16,0.93804,0.806385,0.131655
937,10,3.07827,3.04577,0.0325055
346,16,2.31695,2.21454,0.102407
241,2,2.74174,2.71917,0.0225657
340,2,5.80448,5.77054,0.0339443
64,0,0.661225,0.661225,0
22,23,0.627615,0.306834,0.320781
38,1,1.13208,1.10305,0.0290276
22,0,0.360774,0.360774,0
59,0,1.1236,1.1236,0
96,9,1.04623,0.956556,0.0896772
731,12,3.02907,2.98015,0.0489217
284,2,2.29461,2.27856,0.0160462
221,1,3.13294,3.11883,0.0141123
193,2,4.73531,4.68674,0.0485673
46,1,0.656608,0.642638,0.0139704
32,18,0.720565,0.461162,0.259403
41,0,1.34294,1.34294,0
36,1,0.675799,0.657534,0.0182648
61,3,1.48045,1.41106,0.0693963
86,5,1.16502,1.10101,0.0640123
612,14,3.37103,3.29564,0.0753904
278,6,3.16435,3.09749,0.0668524
212,2,3.9615,3.92447,0.0370233
188,2,5.71772,5.65754,0.0601866
39,3,0.659134,0.612053,0.047081
17,5,0.39363,0.304169,0.0894614
35,0,1.18443,1.18443,0
30,1,0.53393,0.516707,0.0172236
89,3,2.35114,2.27447,0.0766675
103,13,1.65007,1.46515,0.184922
640,17,4.02796,3.92373,0.104224
401,5,4.47235,4.41727,0.0550782
267,1,5.17574,5.15643,0.0193125
220,0,4.98076,4.98076,0
38,1,0.756254,0.736863,0.0193911
32,6,0.766902,0.645812,0.12109
38,0,1.32821,1.32821,0
47,1,0.851366,0.833629,0.0177368
97,3,2.67809,2.59775,0.0803428
168,9,2.13227,2.02385,0.108421
849,27,5.82796,5.64833,0.179629
593,6,6.35881,6.29512,0.0636943
415,2,8.12232,8.08337,0.038956
215,1,7.51566,7.48086,0.0347947
49,0,0.969337,0.969337,0
54,16,1.42712,1.10092,0.326198
38,0,1.43396,1.43396,0
55,0,1.02249,1.02249,0
160,0,4.12584,4.12584,0
160,7,1.95596,1.87398,0.0819864
897,16,6.25771,6.14805,0.109664
774,5,8.48954,8.43505,0.05449
470,0,9.54315,9.54315,0
132,0,5.74413,5.74413,0
62,1,1.27945,1.25914,0.0203087
65,4,1.44654,1.36268,0.0838574
55,0,1.9414,1.9414,0
75,0,1.3105,1.3105,0
160,0,4.20389,4.20389,0
173,5,2.36106,2.29473,0.0663218
1051,30,8.05454,7.83101,0.22353
1230,3,12.149,12.1194,0.0295596
524,0,10.4445,10.4445,0
117,1,5,4.95763,0.0423729
97,0,1.88789,1.88789,0
130,4,2.63106,2.55252,0.0785392
70,1,2.36194,2.32868,0.0332668
114,0,1.92016,1.92016,0
218,4,6.0507,5.94167,0.109022
146,8,1.85007,1.75396,0.0961076
1200,13,8.87085,8.77578,0.0950709
1536,15,14.3478,14.2091,0.13876
553,3,12.7231,12.6545,0.0686499
123,0,5.64998,5.64998,0
116,0,2.25286,2.25286,0
130,10,2.86123,2.65686,0.204374
124,1,3.68623,3.65674,0.0294898
216,0,3.40694,3.40694,0
224,0,6.57084,6.57084,0
219,12,3.09237,2.93173,0.160643
1433,14,10.4303,10.3294,0.100915
1798,10,16.6039,16.5121,0.0918358
441,0,9.70297,9.70297,0
137,1,6.79468,6.74545,0.0492368
185,2,3.37667,3.34056,0.0361141
174,12,3.65064,3.41511,0.235525
165,0,4.92832,4.92832,0
424,0,6.13781,6.13781,0
239,0,6.91551,6.91551,0
229,9,3.03494,2.92017,0.114767
1728,8,10.897,10.8468,0.0502166
1735,5,15.2806,15.2367,0.0439097
370,0,8.28853,8.28853,0
121,0,5.98122,5.98122,0
266,0,4.65686,4.65686,0
206,14,3.99274,3.73866,0.254083
225,0,6.0032,6.0032,0
618,1,8.03687,8.02389,0.0129836
183,1,5.68428,5.65338,0.0308928
298,5,3.97325,3.90768,0.0655652
1575,82,11.0732,10.5253,0.547982
1722,13,15.4469,15.3312,0.115741
328,1,7.00447,6.98318,0.0212902
168,0,8.50202,8.50202,0
255,0,4.43555,4.43555,0
192,12,3.72875,3.50941,0.219338
424,0,9.49821,9.49821,0
933,0,10.8488,10.8488,0
301,0,8.83994,8.83994,0
336,4,4.76057,4.70456,0.0560067
2052,7,11.8075,11.7674,0.0401422
1629,14,14.4401,14.3171,0.123044
351,1,7.78073,7.75862,0.0221043
153,1,7.97514,7.92336,0.0517866
311,2,5.008,4.976,0.032
170,5,3.26188,3.16869,0.0931966
501,1,10.4977,10.4768,0.0209118
910,0,10.9113,10.9113,0
273,0,7.40038,7.40038,0
370,2,5.32417,5.29555,0.0286246
1993,7,12.2812,12.2383,0.0429843
1703,6,15.1763,15.123,0.0532812
305,0,7.02118,7.02118,0
200,1,9.69142,9.6432,0.048216
327,2,5.61913,5.58497,0.0341588
262,7,4.58106,4.46185,0.11921
461,0,9.35471,9.35471,0
676,0,7.84223,7.84223,0
217,0,5.90959,5.90959,0
421,9,5.95403,5.82941,0.124619
1850,23,10.2647,10.1387,0.126048
1394,6,13.3422,13.285,0.057181
229,0,6.15923,6.15923,0
217,0,10.1782,10.1782,0
459,1,7.38837,7.37231,0.0160617
379,13,5.88854,5.69326,0.195283
407,1,7.84917,7.82993,0.0192382
564,0,6.7279,6.7279,0
219,0,5.82292,5.82292,0
508,13,6.99329,6.81879,0.174497
1928,16,9.44974,9.37196,0.0777756
1212,7,11.5721,11.5056,0.0664515
247,0,5.48889,5.48889,0
233,0,9.03451,9.03451,0
537,2,7.60118,7.57298,0.0282048
380,4,5.5628,5.50485,0.0579458
590,2,10.6112,10.5754,0.0358487
649,0,7.69504,7.69504,0
244,0,6.15695,6.15695,0
544,8,7.08874,6.986,0.102735
2062,21,9.81529,9.71633,0.0989539
1095,13,10.7115,10.5858,0.125677
152,0,3.28507,3.28507,0
264,0,10.2009,10.2009,0
669,3,8.6531,8.61447,0.0386299
433,4,5.76365,5.71089,0.0527565
741,3,12.1133,12.0645,0.048844
517,0,6.08665,6.08665,0
172,0,4.06619,4.06619,0
621,3,6.8821,6.84901,0.033087
1645,37,7.37816,7.21586,0.162302
850,5,8.52953,8.47965,0.0498803
129,0,2.84705,2.84705,0
165,1,6.56905,6.52948,0.0395726
811,2,9.14099,9.11851,0.0224871
435,12,5.69572,5.54281,0.152905
449,2,8.01208,7.97655,0.0355303
430,0,5.37702,5.37702,0
146,0,3.40644,3.40644,0
535,3,6.20817,6.17355,0.034618
992,5,4.71819,4.69452,0.0236619
680,7,6.29871,6.23453,0.064179
70,0,1.62037,1.62037,0
166,0,4.82698,4.82698,0
1123,4,11.3953,11.3549,0.0404449
468,6,5.61412,5.54305,0.0710648
268,0,5.15881,5.15881,0
293,6,3.90696,3.82856,0.0784006
96,0,2.25458,2.25458,0
927,4,9.78147,9.73944,0.0420256
621,6,3.31185,3.28016,0.0316924
508,15,4.86829,4.72866,0.139626
51,0,1.22449,1.22449,0
162,1,7.07465,7.03125,0.0434028
1327,2,12.0391,12.021,0.0181176
503,5,5.62258,5.56724,0.0553403
163,1,3.42308,3.40221,0.0208725
179,0,2.58932,2.58932,0
75,0,1.93299,1.93299,0
857,11,9.26855,9.15109,0.117459
362,10,2.19702,2.13796,0.0590598
339,10,3.33238,3.23689,0.0954836
43,0,1.05781,1.05781,0
96,0,3.46071,3.46071,0
1291,0,12.2695,12.2695,0
380,14,4.66659,4.50077,0.165818
81,3,1.73196,1.6701,0.0618557
83,1,1.19692,1.18267,0.0142491
44,0,1.19858,1.19858,0
527,6,5.85843,5.79248,0.0659486
218,11,1.46513,1.39475,0.0703775
203,6,1.95711,1.90093,0.056185
15,0,0.373599,0.373599,0
58,0,2.17228,2.17228,0
984,2,9.65625,9.63667,0.0195867
238,5,3.37453,3.3051,0.0694348
64,0,1.44372,1.44372,0
56,0,0.868486,0.868486,0
34,3,1.05383,0.968385,0.0854457
320,11,3.77897,3.65339,0.125585
145,16,1.15363,1.03898,0.114646
139,5,1.34066,1.29411,0.0465506
14,0,0.364583,0.364583,0
26,0,1.08741,1.08741,0
574,1,6.62442,6.6129,0.0115207
228,6,3.4837,3.39437,0.0893256
40,1,1.05047,1.02485,0.0256213
41,0,0.648221,0.648221,0
30,1,0.896991,0.868056,0.0289352
146,5,1.97102,1.90576,0.0652656
102,13,0.884207,0.784253,0.0999539
84,11,0.861834,0.762043,0.0997913
9,0,0.229241,0.229241,0
19,0,0.79698,0.79698,0
449,3,5.68053,5.64283,0.0377027
164,6,2.47489,2.38754,0.087349
15,3,0.448878,0.374065,0.074813
32,0,0.506489,0.506489,0
10,0,0.320102,0.320102,0
136,17,1.80382,1.6034,0.200424
57,11,0.566525,0.474881,0.0916438
66,5,0.667481,0.620476,0.0470057
8,0,0.203822,0.203822,0
9,0,0.390456,0.390456,0
353,1,4.51358,4.50083,0.0127502
94,0,1.62574,1.62574,0
8,0,0.215343,0.215343,0
16,0,0.255061,0.255061,0
6,0,0.171969,0.171969,0
102,10,1.45568,1.32571,0.129971
26,1,0.24855,0.239345,0.00920556
47,14,0.568712,0.438188,0.130524
7,0,0.177665,0.177665,0
5,0,0.215889,0.215889,0
290,3,3.68461,3.64688,0.0377264
86,2,1.25213,1.22368,0.0284576
11,2,0.363128,0.307263,0.0558659
14,1,0.241313,0.225225,0.0160875
8,3,0.30454,0.221484,0.0830565
68,17,1.12034,0.89627,0.224067
36,15,0.498485,0.351872,0.146613
44,9,0.502322,0.417022,0.0853
7,1,0.185314,0.16215,0.0231642
2,0,0.0937207,0.0937207,0
166,1,2.26349,2.24993,0.0135538
82,1,1.39449,1.37769,0.0168011
5,1,0.175285,0.146071,0.0292141
9,0,0.142721,0.142721,0
8,0,0.219419,0.219419,0
62,11,0.801493,0.68072,0.120773
24,4,0.272692,0.233736,0.038956
37,13,0.476781,0.352818,0.123963
7,1,0.181694,0.158983,0.0227118
3,0,0.134953,0.134953,0
165,7,2.46242,2.3622,0.100215
28,1,0.536838,0.518327,0.0185117
9,1,0.292056,0.26285,0.0292056
8,0,0.12802,0.12802,0
9,0,0.26178,0.26178,0
29,17,0.656486,0.413872,0.242615
29,4,0.322392,0.283314,0.0390778
37,5,0.432054,0.380619,0.051435
4,1,0.123335,0.098668,0.024667
3,0,0.150981,0.150981,0
111,3,1.82751,1.77942,0.0480923
29,0,0.519434,0.519434,0
4,0,0.124533,0.124533,0
6,1,0.113342,0.0971503,0.0161917
9,0,0.258695,0.258695,0
23,14,0.572933,0.356147,0.216785
25,0,0.26928,0.26928,0
33,10,0.469176,0.360065,0.109111
3,0,0.0769823,0.0769823,0
3,2,0.270124,0.162075,0.10805
112,1,1.7476,1.73214,0.0154655
22,1,0.475108,0.454452,0.0206569
8,0,0.249454,0.249454,0
9,0,0.170584,0.170584,0
6,0,0.179104,0.179104,0
28,11,0.666781,0.478714,0.188066
12,3,0.178423,0.142738,0.0356845
24,10,0.384181,0.271186,0.112994
4,0,0.102775,0.102775,0
2,0,0.111919,0.111919,0
109,2,1.72307,1.69202,0.0310463
22,1,0.450186,0.430613,0.0195733
5,0,0.149165,0.149165,0
13,0,0.26509,0.26509,0
3,0,0.0921942,0.0921942,0
27,17,0.722259,0.443204,0.279054
17,4,0.238609,0.19316,0.0454494
37,9,0.459403,0.36952,0.0898832
9,0,0.241676,0.241676,0
1,0,0.0566893,0.0566893,0
95,3,1.45207,1.40762,0.044451
16,1,0.34116,0.321092,0.0200682
10,1,0.335468,0.304971,0.0304971
11,0,0.229453,0.229453,0
6,0,0.17321,0.17321,0
47,19,0.87836,0.625499,0.252861
13,8,0.219987,0.136183,0.0838047
61,7,0.574713,0.515551,0.0591616
3,0,0.0797236,0.0797236,0
1,0,0.0412541,0.0412541,0
134,5,1.97471,1.90368,0.0710328
14,1,0.390523,0.364488,0.0260349
11,1,0.374649,0.343428,0.0312207
15,0,0.314005,0.314005,0
6,0,0.155966,0.155966,0
46,12,0.82798,0.656674,0.171306
23,3,0.251353,0.222351,0.0290023
95,15,0.864168,0.746327,0.117841
3,0,0.071736,0.071736,0
1,0,0.0507099,0.0507099,0
121,2,1.64835,1.62155,0.0268025
14,2,0.357302,0.31264,0.0446628
11,0,0.325155,0.325155,0
14,0,0.286357,0.286357,0
9,0,0.228079,0.228079,0
78,4,1.21338,1.15419,0.0591891
18,3,0.189309,0.162264,0.0270441
119,6,1.05708,1.00634,0.05074
5,0,0.119218,0.119218,0
4,1,0.254972,0.203978,0.0509944
154,7,2.24172,2.14425,0.0974659
16,1,0.376356,0.354217,0.0221386
7,0,0.185087,0.185087,0
23,0,0.410202,0.410202,0
12,1,0.32557,0.300526,0.0250438
114,14,1.90165,1.69366,0.207993
27,1,0.258924,0.249676,0.00924727
164,13,1.42157,1.31716,0.104409
5,0,0.118371,0.118371,0
0,2,0.108814,0,0.108814
140,4,1.91235,1.85923,0.0531208
11,2,0.245329,0.207586,0.037743
18,0,0.454316,0.454316,0
22,0,0.350989,0.350989,0
19,0,0.442994,0.442994,0
214,28,3.69466,3.26718,0.427481
73,15,0.645493,0.535465,0.110027
239,14,2.03458,1.92199,0.112585
3,1,0.100175,0.0751315,0.0250438
2,0,0.0911162,0.0911162,0
167,6,2.08008,2.00794,0.0721414
18,1,0.326854,0.309651,0.0172028
18,0,0.425532,0.425532,0
21,2,0.354446,0.323625,0.0308214
40,0,0.951249,0.951249,0
364,28,8.13785,7.55657,0.581275
77,25,0.84096,0.634842,0.206118
404,17,3.29756,3.16441,0.133156
6,1,0.186071,0.15949,0.0265816
2,0,0.100806,0.100806,0
290,6,3.43387,3.36427,0.0696056
46,4,0.633392,0.582721,0.0506714
30,0,0.640478,0.640478,0
31,1,0.418191,0.405123,0.0130685
67,1,1.4978,1.47577,0.0220264
619,38,8.69853,8.19542,0.503111
127,22,1.06611,0.908701,0.157413
680,22,5.48738,5.31541,0.171969
28,11,0.604276,0.433839,0.170437
3,0,0.148295,0.148295,0
356,7,2.95795,2.90091,0.0570404
43,3,0.729927,0.682323,0.0476039
35,2,0.786063,0.743573,0.0424899
58,1,0.753801,0.741025,0.0127763
151,0,3.02423,3.02423,0
708,30,9.71308,9.31824,0.394841
263,18,1.7336,1.62256,0.111049
1138,21,6.63195,6.51179,0.120165
38,3,0.624049,0.578387,0.0456621
11,2,0.686741,0.581088,0.105652
520,6,3.74537,3.70265,0.0427229
39,5,0.653013,0.578807,0.074206
61,2,1.20436,1.16613,0.0382336
116,1,1.37276,1.36102,0.011733
288,0,5.1752,5.1752,0
1376,22,14.5899,14.3603,0.229597
566,18,3.13473,3.03811,0.0966184
1699,31,11.8599,11.6474,0.212518
101,10,1.54941,1.40983,0.139587
29,2,1.61795,1.51357,0.104384
745,15,4.73934,4.6458,0.0935395
99,7,1.29379,1.20835,0.0854388
124,4,2.17502,2.10705,0.0679694
335,1,3.37519,3.36514,0.0100452
806,1,12.3376,12.3223,0.0152882
2069,38,17.3816,17.0681,0.31348
1291,13,6.01559,5.95562,0.0599714
3037,24,16.6848,16.554,0.130819
270,13,3.88256,3.70421,0.178351
50,0,2.27583,2.27583,0
1109,9,5.62969,5.58437,0.0453195
250,10,2.89532,2.78396,0.111359
298,2,4.64324,4.61229,0.030955
734,4,6.69995,6.66364,0.0363141
1393,2,18.1617,18.1357,0.0260383
3369,45,22.3869,22.0918,0.295082
2811,32,10.9633,10.8399,0.1234
4641,24,21.2577,21.1483,0.109364
620,15,6.97036,6.80571,0.164654
180,3,6.51942,6.41254,0.106876
2240,10,10.0138,9.96929,0.0445058
667,8,6.16045,6.08743,0.0730127
467,2,6.86878,6.83948,0.0292912
1140,5,10.4385,10.3929,0.045583
1481,1,19.7837,19.7704,0.0133494
2660,66,19.7766,19.2977,0.478816
3943,45,14.5272,14.3633,0.163922
4882,25,21.1235,21.0159,0.107619
933,12,9.70724,9.58398,0.123267
358,1,11.0837,11.0528,0.0308737
3863,18,13.8746,13.8102,0.0643501
1611,13,12.0959,11.9991,0.0968271
815,3,10.5562,10.5175,0.0387147
1740,1,14.046,14.0379,0.00806777
1531,5,21.2067,21.1377,0.0690322
1929,56,16.8577,16.3822,0.475584
6648,58,21.4592,21.2736,0.1856
4983,29,21.0509,20.9291,0.121803
1780,18,16.226,16.0635,0.16244
687,2,16.5824,16.5343,0.0481348
5401,11,16.6272,16.5934,0.0337952
3236,6,20.5593,20.5213,0.0380493
1959,4,22.46,22.4142,0.0457666
3094,4,24.3553,24.3239,0.0314465
2052,6,28.4215,28.3386,0.0828615
2465,61,20.2534,19.7643,0.489096
9674,34,30.0483,29.943,0.105237
5739,28,26.1068,25.9801,0.126754
3238,13,27.5649,27.4546,0.110226
904,2,20.8564,20.8103,0.0460405
6151,10,20.8961,20.8622,0.0339167
5320,17,31.8304,31.729,0.10139
3069,6,26.8044,26.7521,0.0523013
4119,2,26.2017,26.189,0.0127162
2237,2,25.6208,25.5979,0.0228859
2092,48,17.1488,16.7642,0.384646
12681,26,30.285,30.2231,0.0619667
5437,34,22.6683,22.5274,0.140874
4185,21,28.0008,27.861,0.139804
1117,2,24.4057,24.3621,0.0436205
7766,17,21.1328,21.0866,0.0461593
6132,14,29.4928,29.4256,0.0671817
3049,4,28.4742,28.4369,0.0373065
3793,5,25.4865,25.453,0.0335525
1748,4,22.6825,22.6308,0.0517866
1424,39,12.6689,12.3311,0.337721
13090,48,31.7343,31.6184,0.115942
6125,56,25.8598,25.6255,0.23429
5098,12,32.0376,31.9624,0.0752351
1157,5,25.6909,25.5804,0.110546
6835,18,20.7309,20.6764,0.0544514
5408,17,28.8994,28.8089,0.0905604
2758,15,26.3118,26.1695,0.142328
3168,2,21.9666,21.9527,0.0138591
1275,2,17.1248,17.098,0.0268204
851,40,8.18107,7.81379,0.367276
13437,42,31.2209,31.1236,0.097283
5035,65,23.6264,23.3253,0.301121
5080,25,35.9836,35.8074,0.176218
1191,4,25.3446,25.2598,0.0848356
5411,10,18.0435,18.0103,0.0332845
3867,11,24.5412,24.4716,0.0696114
2307,14,23.1706,23.0308,0.139762
2417,3,18.4325,18.4096,0.0228502
777,1,12.4063,12.3904,0.0159464
745,31,7.62803,7.32331,0.304728
9007,29,27.3553,27.2675,0.0877937
3922,33,20.0823,19.9147,0.167564
3647,8,29.991,29.9253,0.0656437
875,7,22.2671,22.0904,0.176723
4610,9,16.487,16.4549,0.0321245
3002,8,20.1959,20.1422,0.0536769
1504,10,16.2813,16.1738,0.107538
1585,5,13.668,13.625,0.0429812
652,1,10.453,10.437,0.0160077
669,46,6.46182,6.04609,0.415725
5414,24,19.3868,19.3012,0.0855615
2732,38,14.4784,14.2797,0.19862
2323,18,21.3225,21.1586,0.163949
714,6,18.5567,18.4021,0.154639
2976,18,12.3459,12.2717,0.0742237
1932,7,13.6348,13.5855,0.049223
789,20,9.63325,9.39509,0.238152
883,9,7.93383,7.85378,0.0800498
364,0,5.47863,5.47863,0
436,35,4.50804,4.17305,0.334992
2767,20,11.3662,11.2847,0.0815661
1458,40,8.5693,8.34048,0.22882
1106,11,12.5056,12.3824,0.123153
394,4,12.7933,12.6647,0.128576
1348,9,7.4226,7.37337,0.0492287
723,5,6.09562,6.05376,0.0418655
337,24,4.81654,4.49633,0.320213
342,13,3.31962,3.19805,0.121563
129,4,2.34527,2.27473,0.0705343
272,24,3.11842,2.86557,0.252845
1281,20,6.13708,6.04274,0.0943441
712,29,4.93901,4.74572,0.193295
584,22,7.29505,7.03022,0.264837
208,2,8.08937,8.01233,0.0770416
632,13,3.71844,3.64349,0.0749452
355,5,3.15596,3.11212,0.0438327
217,30,3.64737,3.20437,0.443001
175,10,1.908,1.80487,0.103135
95,1,1.75087,1.73263,0.0182382
204,19,2.70763,2.47693,0.230695
817,29,4.29878,4.15142,0.147358
451,29,2.21382,2.08007,0.133751
352,15,4.80241,4.60612,0.196284
142,7,6.06678,5.78176,0.285016
342,13,2.35646,2.27016,0.0862927
187,5,1.90514,1.85553,0.049613
125,19,2.07075,1.79753,0.273224
100,22,1.28828,1.05597,0.232313
85,0,1.53846,1.53846,0
158,26,2.0474,1.7581,0.289307
481,35,2.68904,2.50664,0.182396
330,28,2.40285,2.21491,0.187932
213,19,3.10576,2.85141,0.254351
88,2,3.91134,3.82442,0.0869187
268,16,1.78931,1.68851,0.100806
95,2,1.08392,1.06157,0.0223489
80,12,1.45042,1.26123,0.189185
65,23,0.898142,0.663401,0.234742
66,3,1.27849,1.2229,0.0555864
159,32,2.17689,1.81217,0.364714
322,24,1.87159,1.74176,0.129821
253,59,2.21685,1.79764,0.419213
120,20,2.03844,1.74723,0.291206
54,6,2.62582,2.36324,0.262582
234,21,1.60498,1.47281,0.132175
73,0,0.788848,0.788848,0
61,14,1.15225,0.937164,0.215087
54,42,0.946092,0.532177,0.413915
48,5,0.938219,0.849708,0.0885112
124,37,1.71386,1.31999,0.393868
292,46,1.79979,1.55485,0.244941
159,65,1.58237,1.1232,0.459169
73,26,1.37081,1.0108,0.360011
41,6,1.95833,1.70833,0.25
192,23,1.32888,1.18672,0.14216
67,5,0.69781,0.649351,0.048459
45,30,1.14784,0.688705,0.459137
52,28,0.782702,0.508756,0.273946
51,3,1.00204,0.946372,0.055669
78,52,1.46859,0.881157,0.587438
174,37,1.22874,1.01328,0.215467
139,45,1.38502,1.04629,0.338728
64,29,1.31523,0.905105,0.410126
30,12,1.75512,1.25366,0.501463
111,16,0.827901,0.723598,0.104302
36,9,0.463154,0.370523,0.0926307
60,23,1.36919,0.989772,0.379413
57,26,0.877286,0.602473,0.274812
22,2,0.472162,0.432815,0.0393468
74,36,1.31516,0.884744,0.430416
140,24,0.983567,0.839631,0.143937
142,48,1.37711,1.02921,0.347902
46,23,0.962075,0.641383,0.320692
26,3,1.21136,1.08605,0.125313
126,28,1.0169,0.832013,0.184892
32,6,0.444705,0.374488,0.0702165
39,14,0.897089,0.660122,0.236967
42,28,0.736609,0.441966,0.294644
19,6,0.510621,0.388072,0.122549
40,23,0.877193,0.556948,0.320245
139,41,1.07296,0.828565,0.244397
150,47,1.48511,1.1308,0.354316
38,29,0.935885,0.5308,0.405085
16,7,0.985855,0.685812,0.300043
94,29,0.817602,0.624834,0.192768
32,3,0.408211,0.373221,0.0349895
31,25,0.939125,0.519873,0.419252
62,41,1.11195,0.66933,0.442621
19,4,0.484925,0.40059,0.0843348
27,24,0.759833,0.402265,0.357569
113,49,1.04766,0.730777,0.316885
138,59,1.55547,1.08962,0.465851
41,42,1.19908,0.592314,0.606761
16,9,1.11757,0.715244,0.402325
105,38,1.07365,0.788347,0.285307
50,7,0.627132,0.550116,0.0770162
28,20,0.828729,0.483425,0.345304
50,43,1.03093,0.554262,0.476666
18,4,0.486618,0.398142,0.088476
41,30,0.999296,0.577058,0.422238
106,33,0.973594,0.742453,0.231141
99,51,1.2959,0.855292,0.440605
32,35,0.978817,0.467495,0.511322
13,11,1.12782,0.610902,0.516917
66,28,0.68111,0.478226,0.202884
37,9,0.497674,0.400303,0.097371
24,22,0.792147,0.413294,0.378853
54,51,1.11655,0.574224,0.542322
26,3,0.671141,0.601713,0.0694284
45,44,1.26636,0.640296,0.626067
99,54,1.02198,0.661278,0.360697
90,44,1.20018,0.80609,0.394089
44,36,1.26342,0.694883,0.568541
17,10,1.2682,0.798497,0.469704
55,33,0.676715,0.422947,0.253768
23,7,0.369777,0.283496,0.0862813
21,41,1.0824,0.36662,0.715782
39,80,1.38035,0.452384,0.927967
12,11,0.590501,0.308087,0.282413
34,24,1.02673,0.601876,0.424854
65,91,1.09038,0.454323,0.636052
72,36,1.00456,0.669705,0.334853
38,24,1.08316,0.663871,0.419287
15,9,1.2945,0.809061,0.485437
62,29,0.735651,0.501213,0.234438
22,11,0.423457,0.282305,0.141152
14,41,0.99891,0.254268,0.744642
52,70,1.46547,0.624625,0.840841
19,5,0.663533,0.525297,0.138236
45,37,1.43332,0.786576,0.64674
99,85,1.39267,0.749319,0.643355
47,50,0.9737,0.471793,0.501907
29,26,1.04246,0.549659,0.492798
25,15,2.06825,1.29266,0.775595
61,25,0.713515,0.506098,0.207417
10,11,0.303337,0.144446,0.158891
16,27,0.820924,0.30546,0.515464
24,72,1.18636,0.296589,0.889768
14,5,0.741319,0.546235,0.195084
32,46,1.41999,0.58256,0.837429
73,75,1.33803,0.659976,0.678058
39,56,0.971966,0.399018,0.572949
24,16,0.790045,0.474027,0.316018
18,15,1.73684,0.947368,0.789474
25,20,0.810227,0.450126,0.360101
16,10,0.388002,0.23877,0.149231
10,17,0.58734,0.217533,0.369806
21,51,1.00237,0.292357,0.71001
14,6,0.642261,0.449583,0.192678
16,40,1.17771,0.336488,0.84122
54,47,1.03654,0.554187,0.482348
37,52,0.902545,0.375215,0.52733
20,21,1.0548,0.514536,0.540262
8,8,0.903955,0.451977,0.451977
24,9,0.619253,0.450366,0.168887
5,15,0.30955,0.0773874,0.232162
9,14,0.541559,0.211914,0.329644
24,56,1.27267,0.381801,0.890869
9,2,0.396682,0.324558,0.0721241
20,52,1.37799,0.382775,0.995215
72,63,1.41258,0.753374,0.659203
36,43,0.857856,0.390922,0.466935
10,19,0.877724,0.302663,0.575061
6,14,1.16279,0.348837,0.813953
29,16,0.883046,0.569074,0.313972
6,10,0.26556,0.0995851,0.165975
9,25,0.86426,0.228775,0.635486
22,48,1.09994,0.345695,0.754243
6,5,0.363757,0.198413,0.165344
17,46,1.31305,0.354314,0.958733
69,55,1.33076,0.740502,0.590255
24,53,0.858513,0.267588,0.590924
13,22,0.8863,0.329197,0.557103
7,13,1.21729,0.42605,0.791236
20,25,0.894988,0.397772,0.497216
12,8,0.341239,0.204743,0.136495
5,24,0.723372,0.124719,0.598653
25,74,1.64616,0.415697,1.23046
10,3,0.482017,0.370782,0.111235
22,94,1.13127,0.21455,0.916715
64,44,1.29465,0.767202,0.527451
29,60,1.11613,0.363682,0.752445
9,19,0.761283,0.244698,0.516585
2,10,0.827016,0.137836,0.68918
19,28,0.94245,0.380991,0.56146
13,3,0.301489,0.244959,0.0565291
10,17,0.753979,0.279252,0.474728
31,66,1.6536,0.528469,1.12513
4,3,0.289376,0.165358,0.124018
24,91,2.28537,0.476948,1.80843
30,48,0.94294,0.362669,0.580271
32,65,1.24535,0.410836,0.83451
8,21,0.796047,0.219599,0.576448
4,16,1.45455,0.290909,1.16364
26,37,1.28703,0.531154,0.755873
23,8,0.609516,0.452222,0.157295
17,18,1.00835,0.489772,0.518583
27,62,1.68242,0.510397,1.17202
5,5,0.423908,0.211954,0.211954
33,59,2.16115,0.775194,1.38595
35,40,0.994695,0.464191,0.530504
34,58,1.28456,0.474728,0.80983
4,14,0.527086,0.11713,0.409956
10,8,1.41844,0.788022,0.630418
34,36,1.47152,0.714736,0.756779
26,2,0.60698,0.563625,0.0433557
13,16,0.900621,0.403727,0.496894
49,55,2.03483,0.958716,1.07611
4,2,0.281558,0.187705,0.0938527
29,114,2.98103,0.604545,2.37649
37,24,0.89561,0.543239,0.352371
33,40,1.10841,0.501063,0.607349
8,8,0.504732,0.252366,0.252366
6,6,0.982801,0.4914,0.4914
37,36,1.56518,0.79331,0.77187
34,4,0.790843,0.707596,0.0832466
17,13,0.92564,0.524529,0.401111
23,28,1.04167,0.469771,0.571895
4,6,0.487805,0.195122,0.292683
18,54,1.62675,0.406688,1.22006
27,33,0.97229,0.43753,0.534759
27,26,0.881131,0.448878,0.432253
9,8,0.617284,0.326797,0.290487
3,1,0.349345,0.262009,0.0873362
44,35,1.76576,0.98346,0.782298
52,4,1.30293,1.20987,0.0930665
8,9,0.532915,0.250784,0.282132
19,16,0.886525,0.481256,0.405268
4,4,0.444198,0.222099,0.222099
16,51,1.64862,0.393701,1.25492
31,34,1.11492,0.531732,0.58319
30,26,1.01394,0.543183,0.470759
17,8,1.002,0.681363,0.320641
9,3,1.13422,0.850662,0.283554
46,29,1.74866,1.07251,0.676148
32,6,1.01604,0.855615,0.160428
6,6,0.448096,0.224048,0.224048
9,6,0.490517,0.29431,0.196207
5,1,0.345622,0.288018,0.0576037
12,20,0.886427,0.33241,0.554017
31,15,0.82853,0.558357,0.270173
37,23,1.14855,0.70827,0.440276
12,10,0.94583,0.515907,0.429923
3,2,0.489237,0.293542,0.195695
41,37,1.86335,0.979455,0.883899
34,2,1.01523,0.958827,0.0564016
12,5,0.750883,0.530035,0.220848
14,7,0.595069,0.396713,0.198356
2,4,0.348028,0.116009,0.232019
6,18,0.728819,0.182205,0.546614
32,6,0.731332,0.615858,0.115473
21,19,0.825423,0.433347,0.392076
8,11,0.900474,0.379147,0.521327
10,3,1.31846,1.0142,0.30426
66,38,2.82686,1.79397,1.03289
50,3,1.96006,1.84911,0.110947
13,8,1.1242,0.695931,0.428266
15,3,0.462368,0.385307,0.0770614
2,4,0.372671,0.124224,0.248447
10,17,0.830003,0.307409,0.522595
114,5,2.49738,2.39244,0.104932
21,23,0.89613,0.427699,0.468432
8,1,0.422337,0.375411,0.0469263
2,1,0.32967,0.21978,0.10989
61,34,2.67983,1.72073,0.959097
22,2,0.705053,0.646298,0.0587544
18,4,1.1022,0.901804,0.200401
18,3,0.52356,0.448766,0.0747943
6,3,0.520532,0.347021,0.173511
24,24,1.45808,0.72904,0.72904
20,7,0.55567,0.411607,0.144063
30,26,1.18921,0.637078,0.552134
9,10,0.845948,0.400712,0.445236
7,5,1.27389,0.7431,0.530786
43,34,2.08616,1.165,0.92116
12,3,0.47081,0.376648,0.094162
9,4,0.760679,0.526624,0.234055
10,3,0.348432,0.268025,0.0804074
5,0,0.30656,0.30656,0
21,14,1.0216,0.61296,0.40864
27,9,0.70285,0.527138,0.175713
40,25,1.25193,0.770416,0.48151
5,11,0.741084,0.231589,0.509495
5,0,0.539957,0.539957,0
56,39,2.61924,1.54398,1.07527
22,3,0.74985,0.659868,0.089982
9,3,0.647249,0.485437,0.161812
10,7,0.491898,0.289352,0.202546
8,3,0.698413,0.507937,0.190476
15,13,0.682927,0.365854,0.317073
20,9,0.561907,0.387522,0.174385
32,19,0.967742,0.607211,0.360531
7,10,0.896152,0.369004,0.527148
1,3,0.418848,0.104712,0.314136
65,57,3.16554,1.68656,1.47898
16,5,0.643185,0.490046,0.153139
5,5,0.518135,0.259067,0.259067
18,5,0.650452,0.50905,0.141403
9,2,0.60241,0.492881,0.109529
14,21,0.801099,0.320439,0.480659
35,4,0.698174,0.626566,0.0716076
34,30,1.40659,0.747253,0.659341
4,11,0.660502,0.176134,0.484368
3,1,0.416667,0.3125,0.104167
61,59,3.01432,1.53228,1.48204
20,4,0.702576,0.58548,0.117096
7,1,0.360848,0.315742,0.045106
20,4,0.625,0.520833,0.104167
6,2,0.422386,0.31679,0.105597
10,20,0.699138,0.233046,0.466092
21,4,0.41799,0.351112,0.0668784
30,22,0.802469,0.462963,0.339506
6,9,0.617538,0.247015,0.370523
5,3,0.797607,0.498504,0.299103
55,49,2.39687,1.26757,1.12929
24,11,0.956546,0.655917,0.300629
13,6,0.826087,0.565217,0.26087
16,2,0.412939,0.367057,0.0458821
9,0,0.446429,0.446429,0
13,20,0.680834,0.268207,0.412626
31,14,0.673854,0.464211,0.209644
37,44,0.992039,0.453154,0.538885
10,28,1.32312,0.348189,0.97493
6,2,0.676819,0.507614,0.169205
58,33,2.14168,1.36503,0.776653
19,2,0.554382,0.501584,0.0527983
14,3,0.70132,0.577558,0.123762
15,3,0.417246,0.347705,0.069541
6,0,0.248653,0.248653,0
32,33,0.971019,0.47804,0.492979
28,8,0.460005,0.357782,0.102223
48,38,0.805017,0.449312,0.355705
15,13,1.10454,0.591716,0.512821
4,0,0.298507,0.298507,0
51,33,1.63998,0.995705,0.64428
20,1,0.516605,0.492005,0.0246002
10,6,0.60652,0.379075,0.227445
20,9,0.58456,0.403145,0.181415
4,0,0.131926,0.131926,0
30,15,0.715421,0.476948,0.238474
32,6,0.418917,0.352773,0.0661449
60,33,0.763171,0.492368,0.270803
10,7,0.519243,0.305437,0.213806
4,0,0.277585,0.277585,0
81,34,1.98687,1.39945,0.587422
15,5,0.45683,0.342622,0.114207
10,3,0.403476,0.310366,0.0931099
21,4,0.489045,0.410798,0.0782473
9,0,0.279503,0.279503,0
37,10,0.720969,0.567572,0.153398
28,4,0.303174,0.265277,0.0378967
43,50,0.818014,0.378221,0.439792
5,10,0.421348,0.140449,0.280899
5,3,0.483092,0.301932,0.181159
73,40,2.05791,1.32945,0.728465
31,2,0.713051,0.669836,0.0432152
5,7,0.373134,0.155473,0.217662
21,4,0.426985,0.358668,0.0683177
6,0,0.182648,0.182648,0
30,27,0.875442,0.460759,0.414683
53,14,0.537764,0.425395,0.112369
52,36,0.856698,0.506231,0.350467
6,12,0.477454,0.159151,0.318302
5,0,0.308261,0.308261,0
89,45,2.28318,1.51644,0.766741
47,3,0.92098,0.865721,0.0552588
10,16,0.694444,0.267094,0.42735
30,6,0.501463,0.417885,0.0835771
12,2,0.427611,0.366524,0.0610874
56,45,1.39253,0.772094,0.620433
62,22,0.593933,0.438379,0.155554
33,48,0.942847,0.384123,0.558724
8,7,0.406174,0.216626,0.189548
11,3,0.779944,0.612813,0.167131
83,64,2.49448,1.40845,1.08603
42,4,0.761968,0.69571,0.0662581
17,12,0.821297,0.48145,0.339847
17,5,0.318794,0.246341,0.0724533
12,4,0.484115,0.363086,0.121029
47,31,1.23672,0.745204,0.491517
56,34,0.673653,0.419162,0.254491
76,59,1.27805,0.719493,0.558553
8,1,0.2693,0.239378,0.0299222
13,5,0.961025,0.694074,0.266951
79,64,2.46424,1.36136,1.10288
35,2,0.542125,0.512821,0.029304
17,4,0.419329,0.339457,0.0798722
28,8,0.494505,0.384615,0.10989
21,5,0.793651,0.641026,0.152625
68,78,1.94485,0.905821,1.03903
53,30,0.589531,0.376447,0.213083
71,63,1.29144,0.684271,0.60717
19,3,0.488021,0.421473,0.0665484
18,5,1.0916,0.854295,0.237304
94,84,3.13712,1.65668,1.48044
41,5,0.897736,0.800156,0.09758
18,13,0.654146,0.379827,0.274319
33,7,0.593824,0.489905,0.103919
9,2,0.369004,0.301912,0.0670916
91,68,2.04607,1.17102,0.875048
81,29,0.758725,0.558698,0.200028
124,83,1.95099,1.16871,0.782281
27,4,0.652769,0.568541,0.0842283
29,12,1.79353,1.26859,0.524934
135,67,3.4589,2.31164,1.14726
47,5,0.980392,0.886124,0.0942685
19,8,0.567943,0.399663,0.168279
58,10,0.988228,0.842901,0.145328
21,3,0.778715,0.681376,0.0973394
99,95,2.73278,1.39456,1.33822
85,22,0.698798,0.55512,0.143678
143,87,2.05853,1.27987,0.778663
31,3,0.689376,0.628548,0.0608273
23,4,1.24195,1.05796,0.183993
159,68,3.6773,2.57573,1.10157
55,18,1.3982,1.05344,0.344762
48,13,1.26189,0.992966,0.268928
61,9,1.00129,0.87255,0.128737
43,1,1.33536,1.30501,0.030349
122,100,2.81369,1.54626,1.26743
98,24,0.757905,0.608809,0.149096
183,136,2.69403,1.54548,1.14855
19,14,0.664251,0.382448,0.281804
33,10,2.08232,1.59806,0.484262
201,77,4.57237,3.30592,1.26645
54,9,1.21904,1.04489,0.174149
79,21,1.97394,1.55942,0.414528
85,11,1.34116,1.18748,0.153674
53,2,1.6472,1.5873,0.0598982
204,146,4.03179,2.34996,1.68183
137,24,1.01481,0.863536,0.151276
254,224,3.78914,2.01348,1.77566
38,17,1.04127,0.719424,0.321848
68,16,4.02106,3.25515,0.765917
460,93,4.68049,3.89336,0.787135
78,12,1.70358,1.47643,0.227144
111,39,2.66099,1.96913,0.691857
132,21,2.05894,1.77634,0.2826
74,8,2.15733,1.94686,0.210471
379,317,7.11002,3.87169,3.23833
295,45,1.84652,1.60213,0.244393
459,414,5.96067,3.13396,2.82671
81,29,1.76877,1.30246,0.466313
118,42,6.52263,4.81044,1.71219
831,132,5.29557,4.5697,0.725873
102,25,2.21757,1.78104,0.436529
162,42,3.30525,2.62476,0.680493
188,27,2.64778,2.31527,0.332512
100,7,2.66501,2.49066,0.174346
342,330,7.1194,3.62327,3.49613
545,69,3.05655,2.71306,0.343489
673,485,7.27753,4.22951,3.04801
92,32,1.94724,1.44472,0.502513
228,92,11.0919,7.90295,3.18891
1173,124,6.2105,5.61674,0.593756
144,42,2.74579,2.12578,0.620018
214,28,3.99142,3.52961,0.461818
277,23,3.9427,3.64043,0.302274
105,8,2.81164,2.61259,0.199054
495,423,9.5446,5.1466,4.398
742,83,4.20061,3.778,0.422607
636,475,7.76597,4.44569,3.32029
117,47,2.58146,1.84165,0.739808
310,76,13.1831,10.5874,2.59563
1199,116,7.04905,6.42723,0.621817
239,68,4.53203,3.5282,1.00384
291,51,4.90815,4.17623,0.731917
517,43,5.83881,5.39047,0.448337
198,19,4.36883,3.98631,0.382525
722,467,10.2095,6.19955,4.00996
1107,149,4.99562,4.40299,0.592634
969,551,9.13956,5.82647,3.31309
222,72,3.56018,2.6883,0.871882
359,91,12.7515,10.1729,2.57863
1857,172,8.59527,7.86664,0.728628
329,90,4.9798,3.91015,1.06965
443,67,6.91901,6.01004,0.908968
850,61,9.16868,8.55475,0.613929
314,28,7.09985,6.51858,0.581275
1009,518,11.8134,7.80597,4.00743
1719,188,7.30819,6.58772,0.720472
1696,756,13.5268,9.35621,4.17057
384,142,5.69943,4.1608,1.53863
468,144,16.8967,12.921,3.9757
2822,187,11.6119,10.8903,0.721646
464,116,7.01839,5.61471,1.40368
672,65,9.67573,8.82237,0.853354
1455,129,13.4854,12.3872,1.09825
538,46,10.8732,10.0168,0.856451
1725,748,16.174,11.2819,4.89209
2685,337,10.3749,9.21793,1.15696
2433,1118,19.7717,13.5468,6.22494
574,311,8.40536,5.45161,2.95375
683,215,24.1398,18.3602,5.77957
3908,249,14.3776,13.5164,0.861204
583,122,8.16445,6.75159,1.41285
1047,82,13.3027,12.3365,0.966184
2156,127,18.066,17.061,1.00499
833,98,15.592,13.9508,1.64127
2033,1092,19.4438,12.6493,6.79443
4080,496,14.3462,12.7912,1.55501
4044,1563,25.2,18.1753,7.02472
876,412,11.3942,7.74947,3.64473
671,300,25.3194,17.4967,7.82269
5646,347,17.6852,16.6613,1.02399
899,171,11.4048,9.58218,1.82264
1454,75,16.0172,15.2315,0.785669
2433,191,20.2625,18.7876,1.4749
1074,138,18.3692,16.2777,2.09154
2644,1346,22.1531,14.6799,7.47321
4835,652,17.0467,15.0211,2.0256
3446,1359,23.7015,16.998,6.7035
977,459,12.8683,8.74899,4.11033
683,356,27.9076,18.3454,9.56218
4537,336,15.7488,14.6629,1.0859
834,123,11.2271,9.78414,1.44298
1053,79,11.9296,11.0971,0.832543
1558,125,13.4211,12.4242,0.99681
599,95,14.3034,12.3454,1.95796
1334,774,13.8193,8.74525,5.07408
3275,586,12.7434,10.8093,1.93412
1866,984,22.4498,14.6987,7.75108
825,341,11.8927,8.38585,3.46615
606,266,22.428,15.5864,6.84156
3378,276,12.3534,11.4203,0.933094
880,140,10.6963,9.22819,1.46812
944,77,12.2554,11.3312,0.924259
1381,149,12.9694,11.7064,1.26303
486,97,13.8119,11.5139,2.29803
1111,698,14.1472,8.68851,5.45867
3215,641,13.903,11.5919,2.31116
2577,1061,21.1487,14.9808,6.16789
838,351,13.9984,9.85766,4.12893
543,235,21.8233,15.2314,6.59187
2586,285,10.4014,9.36889,1.03253
695,112,9.31656,8.02355,1.293
902,77,13.3707,12.319,1.05163
1065,127,11.9871,10.71,1.27715
374,146,15.2269,10.9517,4.27526
875,686,13.7243,7.69298,6.0313
2885,805,15.826,12.3735,3.45256
2731,1166,23.2504,16.2938,6.95663
690,349,14.3014,9.46113,4.78541
461,225,21.1859,14.2372,6.94873
2557,390,11.7075,10.1581,1.54934
673,113,9.54695,8.17442,1.37253
1017,71,14.673,13.7154,0.957519
883,157,11.9719,10.1646,1.8073
364,126,13.3551,9.92096,3.43418
952,796,14.1814,7.72351,6.45789
3049,1156,17.9555,13.0193,4.93616
3961,1725,27.111,18.8862,8.22486
827,441,15.8085,10.3104,5.49807
450,231,20.7243,13.6945,7.02982
1947,456,9.8238,7.95961,1.86419
701,124,10.0316,8.52383,1.50778
1073,104,15.4523,14.0869,1.36537
839,223,11.4157,9.0186,2.39708
302,202,14.3019,8.56981,5.73212
716,667,11.8662,6.14329,5.72287
3273,1672,18.9015,12.5105,6.39095
3766,2215,26.6949,16.8087,9.88619
1138,773,20.8533,12.4182,8.43518
389,266,20.241,12.021,8.22002
1438,452,8.21311,6.24891,1.96419
591,113,8.94423,7.50858,1.43565
1129,143,16.5517,14.691,1.86077
824,294,11.8332,8.72142,3.11177
396,298,17.0474,9.72734,7.32007
700,686,12.0574,6.0896,5.96781
3497,2207,20.6256,12.6451,7.98047
2559,1998,21.4266,12.0322,9.3944
1255,1083,22.7964,12.2367,10.5597
350,306,20.3028,10.8158,9.45612
942,380,6.22088,4.43273,1.78815
493,131,8.07036,6.3761,1.69426
1047,160,16.4352,14.2565,2.17865
812,360,13.3683,9.26201,4.10631
359,368,17.6285,8.70514,8.92338
481,518,9.17861,4.41933,4.75928
3453,2491,21.5222,12.5027,9.01948
1877,1723,19.0577,9.93647,9.12123
1339,1146,24.4082,13.1519,11.2563
254,257,17.8671,8.88112,8.98601
991,480,6.71874,4.52635,2.19238
429,159,7.7501,5.65441,2.09569
915,192,15.8007,13.0602,2.74051
775,402,13.2904,8.75113,4.5393
301,415,17.5361,7.37203,10.1641
451,470,8.76475,4.29197,4.47278
3398,2956,22.7905,12.1879,10.6026
1509,1568,16.915,8.29531,8.61965
1415,1311,26.0388,13.5161,12.5227
238,235,17.2754,8.69248,8.58291
748,455,5.81806,3.61755,2.20051
393,181,7.45551,5.10456,2.35095
856,197,15.3588,12.4854,2.8734
684,351,12.0489,7.96275,4.08615
289,405,17.4328,7.25948,10.1733
437,355,7.99354,4.41058,3.58296
3084,3029,23.0758,11.6417,11.4341
1089,1306,14.406,6.55038,7.85564
1264,1018,27.9966,15.5073,12.4893
222,181,14.7457,8.12294,6.62276
674,434,5.85376,3.56086,2.2929
345,171,6.97297,4.66216,2.31081
765,203,15.0826,11.9196,3.16298
540,350,11.5345,6.99844,4.53603
256,356,16.3287,6.83031,9.4984
376,269,7.27827,4.24283,3.03543
2783,2821,22.4609,11.1543,11.3066
940,1285,14.1064,5.95955,8.14683
1014,880,27.7794,14.8724,12.907
158,168,12.5966,6.1051,6.4915
595,394,5.18344,3.11845,2.06499
353,175,7.28778,4.87233,2.41546
453,168,10.416,7.59812,2.81785
345,267,9.18781,5.1794,4.00841
138,267,12.1076,4.12556,7.98206
221,169,4.73876,2.6853,2.05346
1938,2397,18.8445,8.42462,10.4199
716,970,11.6856,4.96257,6.72304
886,817,22.4167,11.6625,10.7542
151,148,12.3045,6.21399,6.09053
516,421,5.08134,2.79826,2.28308
434,216,8.63673,5.76668,2.87005
412,183,10.2817,7.11941,3.16226
270,248,9.41476,4.90731,4.50745
114,208,9.65228,3.41727,6.23501
227,132,4.5443,2.87342,1.67089
1525,1939,16.442,7.23847,9.20353
572,673,9.37571,4.30755,5.06815
620,510,17.1785,9.42536,7.75312
108,109,9.49672,4.72648,4.77024
512,426,5.30423,2.89527,2.40896
406,184,8.33569,5.73608,2.5996
325,219,9.54051,5.69975,3.84076
331,349,10.1055,4.91901,5.18651
114,165,8.9942,3.67505,5.31915
160,74,3.37906,2.31047,1.06859
1276,1542,14.3842,6.51319,7.87096
415,519,7.44995,3.3102,4.13975
580,442,16.3625,9.28594,7.07653
96,72,8.06529,4.60874,3.45655
399,330,4.41658,2.4173,1.99927
305,172,7.08872,4.53262,2.5561
298,191,8.87477,5.40835,3.46642
251,270,7.93482,3.82272,4.11209
147,146,8.14341,4.0856,4.05781
163,59,3.26183,2.39495,0.866882
904,1137,11.1335,4.93127,6.20227
300,316,5.16172,2.51383,2.6479
526,323,16.683,10.336,6.34702
69,71,6.96171,3.43113,3.53058
376,285,4.23609,2.40964,1.82645
209,125,5.26067,3.29186,1.96881
235,193,7.82736,4.29773,3.52963
163,184,6.11131,2.87073,3.24058
90,62,4.75892,2.81778,1.94114
75,40,1.74031,1.13499,0.605327
656,763,8.34755,3.85905,4.4885
221,251,4.05463,1.89846,2.15617
349,195,12.1077,7.76764,4.34008
83,54,6.68293,4.04878,2.63415
381,282,4.1748,2.39909,1.77571
136,104,4.02617,2.2815,1.74467
168,127,6.32911,3.60438,2.72474
94,125,4.0904,1.7557,2.3347
48,44,3.15501,1.64609,1.50892
71,33,1.84071,1.25664,0.584071
392,529,6.02197,2.5631,3.45887
191,195,3.5348,1.74908,1.78571
264,107,9.07312,6.45635,2.61678
46,34,4.47427,2.57271,1.90157
465,267,4.72228,2.99981,1.72247
127,90,3.84139,2.24819,1.5932
137,80,4.96681,3.13573,1.83108
109,81,3.46147,1.98579,1.47568
31,39,2.43902,1.08014,1.35889
50,26,1.36641,0.898957,0.467458
272,385,4.52698,1.87418,2.65279
131,169,2.81981,1.23132,1.5885
213,70,5.79799,4.36386,1.43413
31,22,2.90889,1.70143,1.20746
357,227,4.05274,2.47745,1.57529
165,73,4.20792,2.91726,1.29066
110,79,4.61877,2.68817,1.9306
126,65,3.60038,2.37512,1.22526
25,23,1.77253,0.923191,0.849335
61,17,1.51192,1.1824,0.329521
180,258,3.26719,1.34268,1.92451
135,92,2.42392,1.44154,0.982381
101,43,4.18848,2.93775,1.25073
31,19,2.8393,1.76036,1.07893
192,173,3.85306,2.02681,1.82624
145,47,3.53917,2.67281,0.866359
72,48,2.92113,1.75268,1.16845
71,36,2.11129,1.40095,0.710339
9,21,1.04749,0.314246,0.73324
41,15,0.99804,0.730708,0.267332
116,107,1.79448,0.933451,0.861028
114,51,1.83885,1.27048,0.568372
62,25,2.79383,1.99101,0.802826
33,6,2.22476,1.88249,0.34227
102,76,3.75448,2.15144,1.60304
187,66,4.67134,3.45273,1.21861
45,31,1.93977,1.14855,0.79122
34,21,1.18254,0.731026,0.451516
13,10,0.894942,0.505837,0.389105
39,8,0.84761,0.703336,0.144274
87,62,1.24634,0.727729,0.518611
99,52,1.67685,1.09939,0.577457
29,19,1.79038,1.08169,0.708691
29,2,1.91595,1.79234,0.123609
54,82,2.95075,1.17162,1.77913
166,67,4.24408,3.02368,1.2204
39,21,1.56576,1.01775,0.548017
49,25,1.5056,0.996948,0.508647
5,4,0.369307,0.20517,0.164136
24,9,0.693569,0.504414,0.189155
64,45,0.962642,0.565221,0.397421
88,31,1.33873,0.989988,0.348746
17,7,1.03627,0.734024,0.302245
21,2,1.45019,1.32409,0.126103
85,90,3.71392,1.8039,1.91002
146,54,3.57526,2.60994,0.96532
31,22,1.51602,0.886728,0.629291
40,5,0.988576,0.878735,0.109842
8,1,0.355591,0.316081,0.0395101
23,8,0.788804,0.585242,0.203562
72,19,0.872232,0.690118,0.182114
72,28,1.33209,0.959105,0.372985
23,1,1.19462,1.14485,0.049776
24,0,1.65631,1.65631,0
108,72,3.70752,2.22451,1.48301
161,26,4.03713,3.47582,0.561313
16,6,0.735048,0.534581,0.200468
24,8,0.768492,0.576369,0.192123
5,1,0.265252,0.221043,0.0442087
17,6,0.618446,0.457112,0.161334
83,23,1.07888,0.844784,0.234097
71,17,1.04612,0.844032,0.202092
15,1,0.806452,0.756048,0.0504032
10,1,0.826446,0.751315,0.0751315
116,58,3.82502,2.55001,1.27501
146,24,3.73626,3.20879,0.527473
18,4,0.76762,0.628053,0.139567
26,8,0.867568,0.663435,0.204134
9,2,0.48651,0.398054,0.0884564
26,2,0.732984,0.680628,0.052356
60,13,0.786638,0.646552,0.140086
62,11,0.987287,0.838518,0.148769
8,1,0.458716,0.407747,0.0509684
18,0,1.60571,1.60571,0
92,41,2.82858,1.95661,0.871969
106,31,2.96537,2.29437,0.670996
17,2,0.658807,0.589459,0.0693481
31,7,0.88475,0.721769,0.16298
5,0,0.237417,0.237417,0
14,6,0.586166,0.410317,0.17585
43,5,0.570207,0.51081,0.0593965
40,4,0.609587,0.55417,0.055417
11,0,0.612472,0.612472,0
7,1,0.635425,0.555997,0.0794281
84,31,2.70716,1.9774,0.729755
89,20,2.62587,2.14406,0.481812
21,3,0.825877,0.722643,0.103235
22,3,0.642508,0.565407,0.077101
4,0,0.194742,0.194742,0
12,2,0.359897,0.308483,0.0514139
44,6,0.610799,0.537503,0.0732959
40,4,0.591716,0.537924,0.0537924
4,1,0.286533,0.229226,0.0573066
11,0,0.900164,0.900164,0
57,16,2.69671,2.10565,0.59106
79,9,2.24891,2.01891,0.230003
19,1,0.69979,0.664801,0.0349895
27,1,0.704225,0.679074,0.0251509
8,0,0.395452,0.395452,0
15,6,0.556881,0.397772,0.159109
40,3,0.533962,0.496709,0.0372532
47,5,0.705659,0.637807,0.0678518
14,2,0.963855,0.843373,0.120482
18,4,1.85654,1.51899,0.337553
101,9,2.98913,2.74457,0.244565
55,2,1.56507,1.51016,0.0549149
20,1,0.669216,0.637349,0.0318674
17,0,0.449141,0.449141,0
16,2,0.815217,0.724638,0.0905797
21,10,0.733728,0.497041,0.236686
38,4,0.45283,0.409704,0.0431267
48,6,0.701846,0.623863,0.0779828
7,2,0.460594,0.35824,0.102354
11,2,0.885559,0.749319,0.13624
96,4,2.62536,2.52035,0.105014
30,8,1.01171,0.798722,0.212993
17,1,0.600801,0.567423,0.0333778
22,3,0.648508,0.570687,0.077821
5,2,0.319927,0.228519,0.0914077
16,6,0.557244,0.405268,0.151976
32,2,0.348539,0.328037,0.0205023
40,5,0.556174,0.494376,0.0617971
4,1,0.26001,0.208008,0.0520021
12,1,0.880759,0.813008,0.0677507
87,6,2.4953,2.33432,0.160987
21,4,0.721293,0.605886,0.115407
11,1,0.368437,0.337734,0.0307031
16,0,0.3999,0.3999,0
6,0,0.251995,0.251995,0
11,10,0.475543,0.249094,0.226449
37,7,0.423892,0.356455,0.0674374
41,5,0.5084,0.453139,0.0552608
0,0,0,0,0
8,0,0.518135,0.518135,0
77,4,2.27592,2.16353,0.112391
32,0,0.920069,0.920069,0
16,1,0.497221,0.467973,0.0292483
11,1,0.294262,0.26974,0.0245218
4,0,0.158353,0.158353,0
11,12,0.520009,0.2487,0.271309
30,6,0.349481,0.291234,0.0582468
35,6,0.435337,0.371629,0.0637078
1,0,0.0458295,0.0458295,0
9,0,0.6,0.6,0
76,8,2.22576,2.01378,0.211977
22,3,0.71347,0.627854,0.0856164
11,0,0.307091,0.307091,0
10,0,0.242836,0.242836,0
11,0,0.36448,0.36448,0
13,8,0.440621,0.272765,0.167856
39,5,0.40737,0.361078,0.046292
29,3,0.342246,0.31016,0.0320856
5,1,0.252207,0.210172,0.0420345
6,0,0.405132,0.405132,0
56,6,1.65687,1.49653,0.160342
19,4,0.687388,0.567842,0.119546
5,5,0.272628,0.136314,0.136314
21,0,0.483537,0.483537,0
3,0,0.097056,0.097056,0
13,12,0.426621,0.221843,0.204778
31,3,0.287041,0.261714,0.0253271
44,0,0.439209,0.439209,0
4,0,0.162404,0.162404,0
2,1,0.176367,0.117578,0.0587889
51,4,1.3917,1.29049,0.101215
27,2,0.813008,0.756939,0.0560695
9,2,0.294118,0.240642,0.0534759
9,0,0.205903,0.205903,0
4,0,0.119261,0.119261,0
20,10,0.469484,0.312989,0.156495
31,5,0.306201,0.263673,0.0425279
54,6,0.500334,0.4503,0.0500334
4,1,0.179921,0.143937,0.0359842
4,0,0.222346,0.222346,0
59,4,1.53173,1.43448,0.0972526
11,2,0.369844,0.312945,0.056899
4,7,0.301866,0.109769,0.192097
9,0,0.201117,0.201117,0
7,0,0.193638,0.193638,0
13,5,0.199468,0.14406,0.0554078
36,7,0.322653,0.270128,0.0525249
54,13,0.524257,0.422535,0.101721
10,0,0.329056,0.329056,0
4,0,0.190749,0.190749,0
58,4,1.50595,1.40879,0.0971581
16,1,0.478065,0.449944,0.0281215
17,4,0.553797,0.448312,0.105485
9,0,0.200178,0.200178,0
6,0,0.165883,0.165883,0
18,10,0.334328,0.214925,0.119403
33,5,0.274904,0.238733,0.0361716
57,4,0.511402,0.477867,0.0335345
3,1,0.0964088,0.0723066,0.0241022
8,0,0.394867,0.394867,0
61,1,1.58893,1.5633,0.0256279
22,4,0.729517,0.617284,0.112233
14,3,0.39953,0.329025,0.0705053
10,1,0.211864,0.192604,0.0192604
5,0,0.131027,0.131027,0
14,7,0.340909,0.227273,0.113636
56,3,0.362988,0.344531,0.018457
61,4,0.563112,0.528459,0.034653
6,3,0.195695,0.130463,0.0652316
8,1,0.436681,0.388161,0.0485201
61,1,1.41909,1.3962,0.0228885
36,3,0.95122,0.878049,0.0731707
8,5,0.264174,0.162569,0.101605
22,4,0.425045,0.359653,0.0653915
1,0,0.0267738,0.0267738,0
22,8,0.492773,0.361367,0.131406
59,15,0.444071,0.354057,0.0900144
79,4,0.738171,0.702597,0.0355745
18,2,0.454442,0.408998,0.0454442
3,0,0.185529,0.185529,0
59,1,1.46484,1.44043,0.0244141
24,2,0.597426,0.551471,0.0459559
8,7,0.320102,0.170721,0.149381
10,4,0.231826,0.16559,0.0662361
8,1,0.280811,0.24961,0.0312012
23,11,0.668502,0.452222,0.21628
43,17,0.393468,0.281986,0.111483
55,4,0.68287,0.636574,0.0462963
15,2,0.413022,0.364431,0.0485909
5,3,0.451467,0.282167,0.1693
52,9,1.50357,1.28174,0.221839
25,2,0.59068,0.546926,0.0437541
16,3,0.389025,0.3276,0.0614251
16,1,0.31227,0.293902,0.0183688
6,0,0.15715,0.15715,0
27,9,0.567197,0.425398,0.141799
51,21,0.431577,0.3057,0.125877
70,4,0.790936,0.748183,0.0427533
10,5,0.329236,0.219491,0.109745
9,0,0.492881,0.492881,0
139,5,1.71164,1.6522,0.0594318
46,8,1.11593,0.95061,0.165323
9,4,0.265523,0.183824,0.0816993
6,3,0.163339,0.108893,0.0544465
7,1,0.207577,0.181629,0.0259471
20,9,0.525553,0.36245,0.163103
57,15,0.418848,0.331588,0.08726
86,6,0.975299,0.911693,0.0636065
14,2,0.325733,0.285016,0.0407166
14,0,0.773054,0.773054,0
168,10,1.48469,1.40128,0.0834098
33,4,0.803474,0.716612,0.0868621
14,4,0.365779,0.284495,0.0812843
13,3,0.296956,0.241277,0.0556793
14,0,0.355781,0.355781,0
30,9,0.585234,0.45018,0.135054
46,10,0.321728,0.264277,0.0574515
93,14,1.13396,0.985587,0.148368
14,2,0.257773,0.225552,0.0322217
10,1,0.639163,0.581058,0.0581058
182,13,1.59067,1.48462,0.106045
49,7,1.15966,1.0147,0.144958
32,9,0.767216,0.598802,0.168413
17,1,0.28472,0.268902,0.0158178
25,3,0.667143,0.595664,0.0714796
43,16,0.957948,0.698165,0.259782
63,23,0.479215,0.351053,0.128162
127,15,1.46709,1.31212,0.154975
25,1,0.411523,0.395695,0.0158278
13,1,0.716479,0.665302,0.0511771
250,11,2.01482,1.92991,0.0849159
49,6,1.16279,1.03594,0.12685
26,9,0.747065,0.554963,0.192102
28,1,0.556195,0.537016,0.0191791
20,3,0.559067,0.486145,0.0729217
64,8,1.00153,0.890249,0.111281
116,22,0.758617,0.637678,0.120939
153,7,1.60176,1.53168,0.0700771
50,6,0.902498,0.805802,0.0966962
19,0,0.95,0.95,0
300,15,2.40037,2.28606,0.114303
67,3,1.56705,1.49989,0.0671592
30,8,0.751731,0.593472,0.158259
37,5,0.826446,0.72806,0.0983865
27,3,0.737101,0.663391,0.0737101
54,8,1.00846,0.878334,0.130124
134,7,0.798822,0.759164,0.0396578
226,13,2.27945,2.15546,0.123987
32,7,0.61052,0.500939,0.10958
28,0,1.44703,1.44703,0
432,28,3.07775,2.89041,0.187341
88,5,1.87613,1.77527,0.100867
22,11,0.670323,0.446882,0.223441
25,5,0.55535,0.462792,0.0925583
42,3,1,0.933333,0.0666667
82,10,1.23159,1.09772,0.133869
184,15,1.05565,0.976076,0.0795714
322,23,2.96672,2.76894,0.197781
27,7,0.558384,0.443423,0.114961
37,0,1.84631,1.84631,0
702,44,4.6736,4.39795,0.275655
161,8,3.29499,3.13901,0.155976
32,17,0.930321,0.607556,0.322764
51,6,1.06205,0.950252,0.111794
53,6,1.22789,1.10302,0.12487
63,11,1.12839,0.960659,0.167734
225,9,1.15464,1.11023,0.0444094
468,25,3.8327,3.63834,0.194356
47,7,0.774749,0.674319,0.10043
36,4,2.02369,1.7769,0.197433
1031,66,6.28365,5.9056,0.37805
284,16,5.81959,5.50921,0.310378
53,8,1.21417,1.05494,0.159236
90,6,1.939,1.81781,0.121188
70,3,1.67508,1.60624,0.0688389
151,12,2.10949,1.95419,0.1553
268,12,1.54457,1.47838,0.0661959
605,22,5.11294,4.93354,0.179401
93,9,1.37745,1.25591,0.12154
82,1,4.14378,4.09386,0.0499251
1415,84,8.95139,8.44978,0.501612
295,30,6.244,5.66763,0.576369
103,22,2.11113,1.73957,0.371559
160,13,2.98224,2.75815,0.224099
165,2,3.42353,3.38253,0.0410004
193,9,2.44522,2.33628,0.108946
560,22,2.61632,2.51742,0.0988986
802,33,5.96812,5.73226,0.235866
236,9,3.12102,3.00637,0.11465
115,2,5.054,4.9676,0.0863931
1991,119,10.0591,9.4918,0.567315
512,30,8.93947,8.44466,0.494805
204,37,4.00266,3.38814,0.614516
268,16,4.57991,4.32188,0.258023
222,2,4.26423,4.22616,0.0380735
514,16,5.83187,5.65581,0.176056
1239,24,5.30427,5.20348,0.100794
1660,34,11.5395,11.3079,0.231608
461,20,5.75565,5.51633,0.23932
163,2,6.68016,6.59919,0.0809717
3046,186,13.8321,13.036,0.796028
983,31,14.5418,14.0972,0.444572
346,44,6.06721,5.3827,0.684505
487,26,7.43586,7.05899,0.376866
454,5,8.76121,8.66578,0.0954381
1124,19,11.1122,10.9275,0.184717
2772,34,10.0136,9.89223,0.121333
2978,50,18.0388,17.741,0.297867
1081,44,11.9796,11.511,0.468534
467,0,15.5874,15.5874,0
5517,251,19.748,18.8887,0.859354
1778,40,21.9433,21.4605,0.4828
739,57,11.1578,10.3588,0.798991
977,50,14.1188,13.4314,0.68738
768,7,15.3709,15.2321,0.138834
1149,12,11.9309,11.8076,0.123317
4472,47,15.0463,14.8898,0.156489
3832,51,21.9813,21.6926,0.288706
2044,48,19.3632,18.9189,0.44428
756,9,21.4948,21.2419,0.25288
6647,289,22.3152,21.3854,0.929799
1832,42,23.2506,22.7295,0.521092
1168,76,14.5565,13.6672,0.889305
1156,52,14.9228,14.2804,0.642372
851,6,17.0921,16.9725,0.119665
1660,17,14.3309,14.1856,0.145274
5033,54,15.9262,15.7572,0.169062
4097,59,23.7825,23.4449,0.337625
1930,57,17.5903,17.0857,0.504603
819,14,22.1601,21.7877,0.372439
6287,293,20.4819,19.5698,0.912034
1613,32,18.7443,18.3797,0.364631
1189,69,16.0705,15.1891,0.881451
1188,45,15.0844,14.5339,0.550526
766,17,17.7753,17.3893,0.385925
1162,19,12.6391,12.4358,0.203339
6120,44,18.3863,18.255,0.131245
3161,34,22.7014,22.4599,0.24158
1930,78,18.7104,17.9836,0.726798
721,5,20.0719,19.9336,0.138236
6230,339,19.8297,18.8064,1.02333
1299,47,16.4668,15.8919,0.574994
1864,111,22.3695,21.1122,1.25722
1734,65,21.3126,20.5426,0.770051
1024,8,21.2215,21.057,0.164508
2077,26,19.8584,19.6128,0.245515
9649,79,27.2348,27.0136,0.221171
4250,42,28.2592,27.9826,0.276534
2539,118,22.6803,21.6731,1.00726
844,11,24.5549,24.2389,0.31591
7209,403,22.7564,21.5516,1.20478
1287,60,17.0722,16.3118,0.760456
2706,141,30.1174,28.6258,1.49159
2362,97,28.6563,27.5259,1.1304
1162,24,27.0098,26.4632,0.546573
2817,26,25.2263,24.9956,0.230701
11279,92,32.6772,32.4128,0.264383
4833,59,32.3118,31.9221,0.389696
3155,113,27.9842,27.0166,0.967631
948,8,25.2776,25.0661,0.211528
8287,627,25.3678,23.5835,1.78434
1670,92,22.4344,21.2631,1.17138
3422,197,32.7778,30.9936,1.78426
2703,144,29.5148,28.022,1.49285
1690,28,31.9094,31.3893,0.520059
3591,40,27.272,26.9716,0.300436
13459,156,34.0452,33.6551,0.390088
6784,78,37.8322,37.4021,0.430036
5387,202,36.217,34.908,1.30897
1125,12,31.0232,30.6958,0.327422
9716,1041,26.6229,24.0465,2.57641
2286,153,26.2767,24.6283,1.64835
3409,279,33.7605,31.2065,2.55401
2449,128,31.608,30.038,1.56997
1971,45,33.218,32.4765,0.741473
3577,42,26.5576,26.2494,0.308212
14438,229,35.3805,34.8281,0.552406
6205,132,32.9932,32.3059,0.687249
5530,230,35.2035,33.7978,1.4057
1415,24,30.7544,30.2415,0.51293
8794,1417,25.6777,22.1144,3.56335
2381,251,27.6413,25.0053,2.636
2690,287,29.4694,26.6284,2.84102
2427,171,32.3134,30.1866,2.12687
1453,39,29.0952,28.3346,0.76053
2078,37,20.0341,19.6836,0.350478
12500,236,33.5017,32.8809,0.620791
3755,102,25.4688,24.7953,0.673534
4342,199,30.9122,29.5575,1.35466
1180,30,27.191,26.5169,0.674157
6293,1590,22.8288,18.2242,4.60456
1637,197,25.4298,22.6983,2.73156
1787,290,26.8242,23.0789,3.74532
1614,184,26.9525,24.1943,2.75821
740,34,26.2818,25.1273,1.1545
947,23,16.004,15.6245,0.379475
8420,247,25.6481,24.9171,0.730942
2281,138,21.8855,20.6369,1.24853
2880,151,26.9926,25.6479,1.34473
689,28,23.0844,22.1829,0.901481
227,101,13.3009,9.20519,4.0957
1510,237,25.5484,22.0825,3.46593
