"""""""""""""""""""""""""""""""""""""""""""""""""""""""""""""""""""""""""""""""""""""""""""""""""""""""""""""""""""""""""""""""*Beginning for the 2015-16 season""""""""""""""""""""""""""""""""""""""""""""""""""""""""""""""", reports from public health and clinical laboratories are presented separately in the weekly influenza update, FluView. Data from clinical laboratories include the weekly total number of specimens tested, the number of positive influenza test,""""""""""""""""""""""""""""""""""""""""""""""""""""""""""""""" and the percent positive by influenza type."""""""""""""""""""""""""""""""""""""""""""""""""""""""""""""""""""""""""""""""""""""""""""""""""""""""""""""""""""""""""""""""
TOTAL A,TOTAL B,PERCENT POSITIVE,PERCENT A,PERCENT B
2,3,2.99,1.2,1.8
X,X,X,X,X
0,0,0,0,0
0,1,3.85,0,3.85
2,0,0.29,0.29,0
0,1,0.39,0,0.39
1,0,0.33,0.33,0
0,0,0,0,0
X,X,X,X,X
14,6,1.87,1.31,0.56
6,5,2.12,1.16,0.97
23,2,10.68,9.83,0.85
0,0,0,0,0
3,0,1.13,1.13,0
0,0,0,0,0
0,0,0,0,0
2,1,3.33,2.22,1.11
1,0,0.49,0.49,0
1,2,0.98,0.33,0.65
X,X,X,X,X
0,0,0,0,0
1,2,1.16,0.39,0.77
9,0,1.83,1.83,0
1,0,0.45,0.45,0
1,0,0.71,0.71,0
0,0,0,0,0
0,0,0,0,0
0,0,0,0,0
X,X,X,X,X
0,0,0,0,0
X,X,X,X,X
0,0,0,0,0
4,0,0.37,0.37,0
0,1,0.75,0,0.75
X,X,X,X,X
0,2,0.52,0,0.52
1,0,0.76,0.76,0
0,0,0,0,0
0,1,0.27,0,0.27
X,X,X,X,X
0,0,0,0,0
0,0,0,0,0
0,1,0.97,0,0.97
6,13,1.68,0.53,1.15
0,0,0,0,0
0,1,1.1,0,1.1
0,0,0,0,0
3,0,1.22,1.22,0
0,0,0,0,0
1,1,0.29,0.15,0.15
X,X,X,X,X
X,X,X,X,X
X,X,X,X,X
X,X,X,X,X
2,1,1.8,1.2,0.6
X,X,X,X,X
0,0,0,0,0
1,0,2.78,2.78,0
3,2,0.76,0.45,0.3
2,0,0.71,0.71,0
10,3,3.75,2.88,0.86
0,0,0,0,0
X,X,X,X,X
33,7,3.12,2.57,0.55
0,2,0.41,0,0.41
20,1,11.54,10.99,0.55
X,X,X,X,X
3,0,1.11,1.11,0
1,1,2.08,1.04,1.04
1,0,1.82,1.82,0
2,1,3.23,2.15,1.08
0,0,0,0,0
2,1,0.77,0.51,0.26
X,X,X,X,X
0,0,0,0,0
1,1,0.78,0.39,0.39
8,2,1.87,1.5,0.37
2,0,0.82,0.82,0
2,0,1.36,1.36,0
2,2,0.82,0.41,0.41
0,0,0,0,0
0,2,3.64,0,3.64
0,0,0,0,0
0,0,0,0,0
X,X,X,X,X
0,0,0,0,0
4,2,0.48,0.32,0.16
0,2,1.37,0,1.37
X,X,X,X,X
1,1,0.32,0.16,0.16
0,0,0,0,0
1,0,0.85,0.85,0
1,1,0.43,0.22,0.22
X,X,X,X,X
0,0,0,0,0
0,0,0,0,0
1,2,2.5,0.83,1.67
7,15,1.91,0.61,1.3
0,0,0,0,0
0,0,0,0,0
1,0,0.57,0.57,0
4,0,1.67,1.67,0
0,3,0.8,0,0.8
0,2,0.34,0,0.34
1,0,6.67,6.67,0
X,X,X,X,X
X,X,X,X,X
X,X,X,X,X
4,1,2.59,2.07,0.52
X,X,X,X,X
0,0,0,0,0
0,0,0,0,0
2,0,0.33,0.33,0
1,1,0.71,0.36,0.36
4,2,1.92,1.28,0.64
1,0,2.17,2.17,0
X,X,X,X,X
47,8,4.06,3.47,0.59
2,3,0.99,0.4,0.6
4,0,1.59,1.59,0
0,0,0,0,0
3,3,2.18,1.09,1.09
0,0,0,0,0
3,0,3.23,3.23,0
2,0,2.9,2.9,0
1,0,0.43,0.43,0
1,0,0.25,0.25,0
X,X,X,X,X
0,0,0,0,0
0,1,0.41,0,0.41
0,0,0,0,0
1,1,0.76,0.38,0.38
1,0,0.68,0.68,0
1,0,0.2,0.2,0
0,0,0,0,0
0,0,0,0,0
X,X,X,X,X
0,0,0,0,0
X,X,X,X,X
0,0,0,0,0
1,2,0.24,0.08,0.16
1,0,0.63,0.63,0
0,0,0,0,0
0,4,0.59,0,0.59
1,1,1.17,0.58,0.58
0,0,0,0,0
3,1,0.91,0.68,0.23
X,X,X,X,X
3,0,1.37,1.37,0
0,0,0,0,0
2,1,1.75,1.17,0.58
4,14,1.66,0.37,1.29
1,1,0.55,0.28,0.28
0,0,0,0,0
0,0,0,0,0
1,0,0.45,0.45,0
1,8,2.2,0.24,1.96
1,0,0.15,0.15,0
0,0,0,0,0
X,X,X,X,X
X,X,X,X,X
X,X,X,X,X
3,4,4.27,1.83,2.44
X,X,X,X,X
0,0,0,0,0
0,0,0,0,0
0,0,0,0,0
0,1,0.3,0,0.3
0,0,0,0,0
0,0,0,0,0
X,X,X,X,X
37,15,4.12,2.93,1.19
3,5,1.57,0.59,0.98
3,1,1.75,1.32,0.44
0,0,0,0,0
8,5,3.55,2.19,1.37
0,0,0,0,0
3,0,2.86,2.86,0
1,2,3.09,1.03,2.06
0,0,0,0,0
2,1,1.02,0.68,0.34
X,X,X,X,X
X,X,X,X,X
0,1,0.43,0,0.43
0,0,0,0,0
1,0,0.41,0.41,0
2,0,1.13,1.13,0
0,2,0.41,0,0.41
0,0,0,0,0
0,1,1.85,0,1.85
X,X,X,X,X
0,0,0,0,0
X,X,X,X,X
1,0,0.48,0.48,0
6,3,0.7,0.47,0.23
1,0,0.68,0.68,0
0,0,0,0,0
3,1,0.51,0.38,0.13
1,0,0.68,0.68,0
0,1,0.61,0,0.61
1,2,0.73,0.24,0.49
X,X,X,X,X
1,1,0.83,0.41,0.41
0,0,0,0,0
0,1,0.65,0,0.65
16,4,1.83,1.46,0.37
1,0,0.26,0.26,0
0,0,0,0,0
0,0,0,0,0
1,0,0.36,0.36,0
0,1,0.24,0,0.24
1,0,0.17,0.17,0
0,0,0,0,0
X,X,X,X,X
X,X,X,X,X
X,X,X,X,X
2,3,1.97,0.79,1.18
X,X,X,X,X
1,0,1.04,1.04,0
2,0,4.26,4.26,0
9,0,1.11,1.11,0
0,0,0,0,0
0,0,0,0,0
0,0,0,0,0
X,X,X,X,X
39,16,4.12,2.92,1.2
3,5,1.22,0.46,0.76
1,3,2.11,0.53,1.58
0,1,5.88,0,5.88
5,3,2.11,1.32,0.79
0,0,0,0,0
1,0,1.1,1.1,0
1,3,3.48,0.87,2.61
0,0,0,0,0
1,1,0.63,0.31,0.31
X,X,X,X,X
X,X,X,X,X
0,0,0,0,0
3,0,0.54,0.54,0
0,1,0.32,0,0.32
1,0,0.61,0.61,0
0,0,0,0,0
1,0,1.18,1.18,0
0,1,1.27,0,1.27
0,0,0,0,0
0,0,0,0,0
X,X,X,X,X
2,0,0.87,0.87,0
4,2,0.49,0.32,0.16
0,0,0,0,0
X,X,X,X,X
5,6,1.48,0.67,0.81
0,0,0,0,0
0,0,0,0,0
2,1,0.61,0.41,0.2
X,X,X,X,X
0,1,0.35,0,0.35
0,0,0,0,0
0,8,3.48,0,3.48
11,6,1.4,0.9,0.49
0,1,0.24,0,0.24
0,1,0.85,0,0.85
0,0,0,0,0
1,0,0.34,0.34,0
0,5,1.02,0,1.02
0,0,0,0,0
0,0,0,0,0
X,X,X,X,X
X,X,X,X,X
X,X,X,X,X
3,3,2.4,1.2,1.2
X,X,X,X,X
0,0,0,0,0
0,0,0,0,0
6,3,1.03,0.69,0.34
1,0,0.26,0.26,0
1,0,0.34,0.34,0
0,0,0,0,0
X,X,X,X,X
41,31,4.87,2.77,2.1
7,18,3.83,1.07,2.76
1,2,1.6,0.53,1.06
0,0,0,0,0
17,1,4.8,4.53,0.27
0,0,0,0,0
0,0,0,0,0
1,0,0.96,0.96,0
0,0,0,0,0
4,0,0.91,0.91,0
X,X,X,X,X
0,0,0,0,0
1,1,0.92,0.46,0.46
2,1,0.54,0.36,0.18
0,0,0,0,0
5,1,3.41,2.84,0.57
0,0,0,0,0
0,0,0,0,0
0,0,0,0,0
1,0,9.09,9.09,0
0,0,0,0,0
X,X,X,X,X
0,0,0,0,0
2,2,0.3,0.15,0.15
0,0,0,0,0
0,0,0,0,0
4,1,0.7,0.56,0.14
0,0,0,0,0
0,0,0,0,0
2,0,0.43,0.43,0
X,X,X,X,X
1,0,0.39,0.39,0
0,0,0,0,0
0,6,3.03,0,3.03
16,15,2.31,1.19,1.12
0,0,0,0,0
0,0,0,0,0
1,0,0.45,0.45,0
0,1,0.38,0,0.38
0,0,0,0,0
0,0,0,0,0
1,0,5,5,0
X,X,X,X,X
X,X,X,X,X
X,X,X,X,X
4,1,1.79,1.43,0.36
X,X,X,X,X
0,0,0,0,0
0,0,0,0,0
4,2,0.64,0.42,0.21
0,0,0,0,0
1,1,0.56,0.28,0.28
0,0,0,0,0
X,X,X,X,X
22,24,4.36,2.08,2.27
5,21,3.11,0.6,2.51
0,0,0,0,0
0,0,0,0,0
7,4,3.02,1.92,1.1
0,0,0,0,0
0,0,0,0,0
2,3,5.38,2.15,3.23
0,2,0.77,0,0.77
4,0,0.89,0.89,0
X,X,X,X,X
X,X,X,X,X
0,0,0,0,0
4,1,0.86,0.69,0.17
0,0,0,0,0
1,0,0.48,0.48,0
0,1,0.21,0,0.21
0,0,0,0,0
0,0,0,0,0
X,X,X,X,X
0,0,0,0,0
X,X,X,X,X
0,0,0,0,0
1,2,0.23,0.08,0.15
3,1,2.29,1.71,0.57
0,0,0,0,0
3,3,0.73,0.37,0.37
0,0,0,0,0
0,0,0,0,0
1,3,0.79,0.2,0.59
X,X,X,X,X
1,4,1.56,0.31,1.25
0,0,0,0,0
0,3,1.17,0,1.17
16,17,2.89,1.4,1.49
0,0,0,0,0
0,0,0,0,0
0,0,0,0,0
0,1,0.33,0,0.33
1,3,0.88,0.22,0.66
1,0,0.17,0.17,0
0,0,0,0,0
X,X,X,X,X
X,X,X,X,X
X,X,X,X,X
0,3,1.11,0,1.11
X,X,X,X,X
1,0,1.03,1.03,0
1,0,2.5,2.5,0
4,1,0.58,0.47,0.12
2,0,0.48,0.48,0
0,0,0,0,0
0,1,1.56,0,1.56
X,X,X,X,X
68,47,7.6,4.49,3.1
2,2,0.54,0.27,0.27
0,0,0,0,0
1,0,3.85,3.85,0
4,2,2,1.33,0.67
0,0,0,0,0
0,0,0,0,0
0,1,1.05,0,1.05
0,1,0.36,0,0.36
3,0,0.64,0.64,0
X,X,X,X,X
X,X,X,X,X
2,0,0.7,0.7,0
3,0,0.54,0.54,0
1,0,0.38,0.38,0
2,0,1.05,1.05,0
0,0,0,0,0
0,0,0,0,0
0,0,0,0,0
X,X,X,X,X
0,0,0,0,0
X,X,X,X,X
0,0,0,0,0
4,4,0.66,0.33,0.33
1,4,2.28,0.46,1.83
X,X,X,X,X
0,1,0.14,0,0.14
0,0,0,0,0
0,0,0,0,0
0,1,0.22,0,0.22
X,X,X,X,X
2,0,0.67,0.67,0
0,0,0,0,0
0,7,3.23,0,3.23
8,11,1.27,0.54,0.74
0,1,0.21,0,0.21
0,1,0.96,0,0.96
0,0,0,0,0
0,1,0.34,0,0.34
1,1,0.52,0.26,0.26
2,2,0.7,0.35,0.35
0,0,0,0,0
X,X,X,X,X
X,X,X,X,X
X,X,X,X,X
5,4,2.8,1.56,1.25
0,0,0,0,0
1,0,1.14,1.14,0
0,0,0,0,0
9,7,1.58,0.89,0.69
2,0,0.44,0.44,0
1,0,0.29,0.29,0
0,0,0,0,0
X,X,X,X,X
49,27,6.1,3.94,2.17
2,3,1.11,0.44,0.66
1,0,0.63,0.63,0
5,2,16.28,11.63,4.65
3,2,1.37,0.82,0.55
2,0,1.79,1.79,0
0,0,0,0,0
3,0,2.86,2.86,0
0,1,0.35,0,0.35
2,0,0.41,0.41,0
X,X,X,X,X
0,0,0,0,0
1,1,0.7,0.35,0.35
7,0,1.15,1.15,0
0,0,0,0,0
4,1,2.75,2.2,0.55
1,0,0.2,0.2,0
0,0,0,0,0
0,0,0,0,0
1,0,5.56,5.56,0
0,0,0,0,0
X,X,X,X,X
0,1,0.38,0,0.38
6,2,0.55,0.41,0.14
2,2,1.79,0.89,0.89
X,X,X,X,X
1,2,0.39,0.13,0.26
0,0,0,0,0
1,0,0.45,0.45,0
4,2,1.23,0.82,0.41
X,X,X,X,X
0,3,0.98,0,0.98
1,1,1.54,0.77,0.77
4,8,4.69,1.56,3.13
10,10,1.35,0.68,0.68
1,0,0.18,0.18,0
0,0,0,0,0
0,0,0,0,0
5,2,2.02,1.45,0.58
0,0,0,0,0
2,0,0.28,0.28,0
0,0,0,0,0
X,X,X,X,X
X,X,X,X,X
X,X,X,X,X
3,1,1.44,1.08,0.36
0,0,0,0,0
2,0,2.78,2.78,0
0,0,0,0,0
6,3,0.91,0.61,0.3
2,3,1.1,0.44,0.66
1,1,0.58,0.29,0.29
0,0,0,0,0
X,X,X,X,X
57,38,7.05,4.23,2.82
2,5,1.02,0.29,0.73
0,0,0,0,0
2,1,8.11,5.41,2.7
3,0,0.84,0.84,0
0,0,0,0,0
0,0,0,0,0
4,1,3.65,2.92,0.73
0,2,0.74,0,0.74
2,0,0.5,0.5,0
X,X,X,X,X
0,0,0,0,0
0,3,0.99,0,0.99
9,1,1.67,1.5,0.17
1,1,0.68,0.34,0.34
2,0,1.12,1.12,0
2,1,0.66,0.44,0.22
0,0,0,0,0
0,0,0,0,0
0,0,0,0,0
0,0,0,0,0
X,X,X,X,X
0,1,0.38,0,0.38
8,4,0.84,0.56,0.28
0,4,1.88,0,1.88
0,0,0,0,0
1,2,0.37,0.12,0.25
0,0,0,0,0
3,2,2.34,1.4,0.93
2,0,0.34,0.34,0
X,X,X,X,X
0,2,0.65,0,0.65
0,0,0,0,0
2,10,4.08,0.68,3.4
12,12,1.54,0.77,0.77
4,2,1.1,0.73,0.37
0,1,0.81,0,0.81
0,0,0,0,0
2,1,0.84,0.56,0.28
0,1,0.23,0,0.23
1,3,0.53,0.13,0.4
0,0,0,0,0
X,X,X,X,X
X,X,X,X,X
X,X,X,X,X
3,6,3.6,1.2,2.4
X,X,X,X,X
2,1,3.45,2.3,1.15
0,1,2.33,0,2.33
11,8,1.87,1.08,0.79
1,0,0.22,0.22,0
0,2,0.57,0,0.57
0,0,0,0,0
X,X,X,X,X
154,100,14.06,8.53,5.54
1,10,1.46,0.13,1.33
1,1,1.75,0.88,0.88
X,X,X,X,X
5,1,1.61,1.34,0.27
0,0,0,0,0
2,0,2.27,2.27,0
2,1,2.54,1.69,0.85
0,3,1.05,0,1.05
2,0,0.47,0.47,0
X,X,X,X,X
0,0,0,0,0
1,0,0.29,0.29,0
4,0,0.73,0.73,0
2,1,0.96,0.64,0.32
3,0,1.91,1.91,0
4,1,1.02,0.82,0.2
0,0,0,0,0
0,0,0,0,0
0,0,0,0,0
0,0,0,0,0
X,X,X,X,X
2,0,0.68,0.68,0
5,5,0.62,0.31,0.31
1,5,2.61,0.43,2.17
0,0,0,0,0
3,3,0.73,0.37,0.37
0,1,0.52,0,0.52
8,4,5.69,3.79,1.9
1,1,0.35,0.18,0.18
X,X,X,X,X
0,0,0,0,0
0,0,0,0,0
0,6,2.16,0,2.16
9,13,1.33,0.54,0.79
3,14,3.04,0.54,2.5
0,0,0,0,0
0,0,0,0,0
4,3,2.22,1.27,0.95
1,1,0.47,0.24,0.24
2,0,0.26,0.26,0
0,0,0,0,0
X,X,X,X,X
X,X,X,X,X
X,X,X,X,X
2,1,1.17,0.78,0.39
X,X,X,X,X
1,0,1.28,1.28,0
0,1,2.04,0,2.04
22,18,3.6,1.98,1.62
9,1,2.38,2.14,0.24
4,0,1.22,1.22,0
1,0,1.16,1.16,0
X,X,X,X,X
82,72,11.45,6.1,5.35
4,3,0.95,0.55,0.41
0,0,0,0,0
X,X,X,X,X
6,1,1.79,1.53,0.26
0,0,0,0,0
0,1,1.03,0,1.03
1,0,0.91,0.91,0
0,1,0.39,0,0.39
6,1,1.22,1.04,0.17
1,0,2,2,0
0,0,0,0,0
2,1,0.99,0.66,0.33
10,1,1.91,1.74,0.17
5,0,1.68,1.68,0
1,0,0.65,0.65,0
0,1,0.23,0,0.23
0,0,0,0,0
0,1,2.22,0,2.22
0,0,0,0,0
0,0,0,0,0
X,X,X,X,X
6,1,2.53,2.17,0.36
5,4,0.6,0.33,0.27
2,3,2.2,0.88,1.32
0,0,0,0,0
2,5,0.9,0.26,0.64
0,1,0.48,0,0.48
5,1,2.64,2.2,0.44
0,2,0.36,0,0.36
X,X,X,X,X
0,0,0,0,0
0,1,0.74,0,0.74
1,4,1.55,0.31,1.24
15,21,2.14,0.89,1.25
9,11,3.62,1.63,1.99
0,1,0.7,0,0.7
7,0,3.2,3.2,0
1,2,1.05,0.35,0.7
0,5,1.21,0,1.21
2,0,0.3,0.3,0
0,0,0,0,0
X,X,X,X,X
X,X,X,X,X
X,X,X,X,X
2,3,1.74,0.7,1.05
0,0,0,0,0
3,1,4.6,3.45,1.15
0,0,0,0,0
34,18,4.12,2.69,1.43
9,0,1.76,1.76,0
5,0,1.24,1.24,0
2,0,1.47,1.47,0
X,X,X,X,X
100,82,11.24,6.18,5.06
3,8,1.51,0.41,1.1
3,0,3.06,3.06,0
X,X,X,X,X
4,2,1.5,1,0.5
0,0,0,0,0
0,0,0,0,0
2,0,1.63,1.63,0
0,2,0.65,0,0.65
2,1,0.44,0.29,0.15
0,0,0,0,0
0,0,0,0,0
0,0,0,0,0
5,2,0.96,0.69,0.28
2,0,0.63,0.63,0
1,0,0.63,0.63,0
2,0,0.42,0.42,0
0,0,0,0,0
0,0,0,0,0
0,0,0,0,0
0,0,0,0,0
X,X,X,X,X
3,1,1.5,1.13,0.38
14,13,1.72,0.89,0.83
3,3,2.64,1.32,1.32
0,0,0,0,0
1,1,0.23,0.11,0.11
2,5,3.85,1.1,2.75
8,5,4.94,3.04,1.9
6,4,1.56,0.94,0.62
X,X,X,X,X
0,1,0.34,0,0.34
0,2,1.28,0,1.28
0,9,2.74,0,2.74
13,9,1.35,0.8,0.55
15,17,4.6,2.16,2.44
0,1,0.63,0,0.63
1,0,0.4,0.4,0
5,7,2.99,1.25,1.75
1,2,0.54,0.18,0.36
3,1,0.46,0.34,0.11
0,0,0,0,0
X,X,X,X,X
X,X,X,X,X
X,X,X,X,X
3,2,1.91,1.15,0.76
X,X,X,X,X
11,1,9.92,9.09,0.83
0,0,0,0,0
85,35,8.39,5.94,2.45
15,0,2.72,2.72,0
8,0,1.87,1.87,0
1,0,0.88,0.88,0
X,X,X,X,X
78,37,8.38,5.68,2.69
3,4,1.15,0.49,0.66
2,0,1.47,1.47,0
3,0,25,25,0
27,3,6.83,6.15,0.68
1,1,1.41,0.7,0.7
0,0,0,0,0
4,3,5.65,3.23,2.42
0,1,0.31,0,0.31
4,0,0.7,0.7,0
0,0,0,0,0
0,0,0,0,0
1,3,0.9,0.23,0.68
11,1,1.69,1.55,0.14
2,1,0.72,0.48,0.24
2,0,1.44,1.44,0
3,0,0.59,0.59,0
0,0,0,0,0
0,0,0,0,0
1,0,3.85,3.85,0
2,0,11.76,11.76,0
X,X,X,X,X
2,4,1.79,0.6,1.19
16,4,0.97,0.77,0.19
3,3,3.19,1.6,1.6
0,0,0,0,0
3,5,0.92,0.35,0.58
1,1,0.96,0.48,0.48
7,9,5.95,2.6,3.35
3,2,0.72,0.43,0.29
X,X,X,X,X
4,0,1.27,1.27,0
0,0,0,0,0
1,7,2.79,0.35,2.44
27,12,2.34,1.62,0.72
28,25,7.17,3.79,3.38
1,2,1.86,0.62,1.24
2,0,0.67,0.67,0
7,15,5.06,1.61,3.45
0,1,0.19,0,0.19
12,1,1.39,1.28,0.11
0,0,0,0,0
X,X,X,X,X
X,X,X,X,X
X,X,X,X,X
5,3,2.94,1.84,1.1
X,X,X,X,X
12,2,15.38,13.19,2.2
0,0,0,0,0
109,39,10.02,7.38,2.64
7,1,1.57,1.37,0.2
16,1,4.43,4.17,0.26
1,0,0.88,0.88,0
X,X,X,X,X
171,47,14.88,11.67,3.21
5,1,1.05,0.87,0.17
6,1,5.38,4.62,0.77
X,X,X,X,X
15,1,3.76,3.53,0.24
0,0,0,0,0
1,0,1.14,1.14,0
0,1,0.88,0,0.88
3,3,2.05,1.03,1.03
7,3,1.58,1.11,0.47
1,0,1.82,1.82,0
0,0,0,0,0
8,1,2.5,2.22,0.28
21,2,3.54,3.23,0.31
4,0,1.2,1.2,0
2,0,1.68,1.68,0
12,0,2.45,2.45,0
0,0,0,0,0
0,0,0,0,0
1,0,3.7,3.7,0
1,0,4.55,4.55,0
X,X,X,X,X
7,4,3.65,2.33,1.33
37,9,2.48,1.99,0.48
5,3,4.73,2.96,1.78
0,1,5.26,0,5.26
3,2,0.59,0.36,0.24
1,2,1.59,0.53,1.06
12,20,11.23,4.21,7.02
3,3,0.99,0.49,0.49
X,X,X,X,X
1,0,0.37,0.37,0
0,0,0,0,0
5,6,4.98,2.26,2.71
28,13,2.56,1.75,0.81
11,27,5.32,1.54,3.78
1,1,1.37,0.68,0.68
1,0,0.42,0.42,0
11,24,8.03,2.52,5.5
2,2,0.87,0.44,0.44
9,0,1.05,1.05,0
2,0,8,8,0
X,X,X,X,X
X,X,X,X,X
X,X,X,X,X
5,4,3.11,1.73,1.38
X,X,X,X,X
19,4,23.47,19.39,4.08
0,1,1.85,0,1.85
137,68,12.6,8.42,4.18
19,2,3.55,3.21,0.34
23,2,6,5.52,0.48
0,0,0,0,0
X,X,X,X,X
178,57,15.82,11.99,3.84
16,4,3.47,2.77,0.69
6,2,4.82,3.61,1.2
X,X,X,X,X
25,1,6.5,6.25,0.25
1,0,0.85,0.85,0
2,0,1.96,1.96,0
3,1,3.54,2.65,0.88
1,2,1.22,0.41,0.82
8,2,1.64,1.31,0.33
0,0,0,0,0
0,0,0,0,0
6,4,2.62,1.57,1.05
27,3,4.17,3.76,0.42
7,0,2.15,2.15,0
3,1,2.99,2.24,0.75
11,0,2.25,2.25,0
0,1,1.15,0,1.15
1,1,2.82,1.41,1.41
1,0,7.69,7.69,0
0,0,0,0,0
X,X,X,X,X
19,4,6.8,5.62,1.18
53,5,3.49,3.19,0.3
1,6,4.76,0.68,4.08
0,0,0,0,0
3,5,1.04,0.39,0.65
2,2,1.97,0.99,0.99
18,32,15.38,5.54,9.85
4,3,1.1,0.63,0.47
X,X,X,X,X
4,3,2.32,1.32,0.99
2,0,1.28,1.28,0
3,2,2.75,1.65,1.1
27,21,3.06,1.72,1.34
23,30,7.03,3.05,3.98
1,1,1.46,0.73,0.73
1,1,1.1,0.55,0.55
11,34,8.84,2.16,6.68
2,0,0.64,0.64,0
21,1,2.49,2.37,0.11
2,1,9.09,6.06,3.03
X,X,X,X,X
X,X,X,X,X
X,X,X,X,X
3,2,1.87,1.12,0.75
X,X,X,X,X
13,2,12.61,10.92,1.68
0,4,5.26,0,5.26
172,83,13.44,9.07,4.38
26,6,5.28,4.29,0.99
32,1,6.57,6.37,0.2
4,1,4.81,3.85,0.96
X,X,X,X,X
236,73,17.94,13.7,4.24
14,4,2.68,2.08,0.6
7,2,5.7,4.43,1.27
0,3,15,0,15
43,10,10.66,8.65,2.01
4,2,4.58,3.05,1.53
3,0,3.09,3.09,0
5,0,4.35,4.35,0
7,2,2.86,2.22,0.63
12,5,2.75,1.94,0.81
1,1,2.99,1.49,1.49
0,0,0,0,0
15,4,4.28,3.38,0.9
54,6,7.72,6.95,0.77
16,3,5.76,4.85,0.91
4,0,2.94,2.94,0
8,2,2.21,1.77,0.44
3,1,4.12,3.09,1.03
2,0,2,2,0
1,0,5.56,5.56,0
0,0,0,0,0
X,X,X,X,X
17,6,5.87,4.34,1.53
85,9,5.37,4.86,0.51
4,4,5.71,2.86,2.86
0,0,0,0,0
11,0,1.17,1.17,0
3,6,3.75,1.25,2.5
20,25,12.36,5.49,6.87
5,0,0.87,0.87,0
X,X,X,X,X
11,3,3.89,3.06,0.83
0,1,0.51,0,0.51
2,8,5.15,1.03,4.12
44,27,4.14,2.57,1.57
34,60,10.77,3.89,6.87
0,1,0.75,0,0.75
6,0,3.23,3.23,0
22,38,11.74,4.31,7.44
2,3,1.23,0.49,0.74
47,0,4.87,4.87,0
5,0,10.87,10.87,0
X,X,X,X,X
X,X,X,X,X
X,X,X,X,X
4,2,2.38,1.59,0.79
X,X,X,X,X
26,2,17.18,15.95,1.23
0,4,4.82,0,4.82
205,100,14.97,10.06,4.91
32,3,5.48,5.01,0.47
44,2,10.09,9.65,0.44
4,2,5.26,3.51,1.75
X,X,X,X,X
393,115,23.54,18.21,5.33
32,11,6.45,4.8,1.65
13,1,8.86,8.23,0.63
2,2,17.39,8.7,8.7
67,13,13.03,10.91,2.12
10,1,7.43,6.76,0.68
3,0,4.92,4.92,0
7,3,6.21,4.35,1.86
5,2,2.55,1.82,0.73
8,6,2.94,1.68,1.26
2,0,3.64,3.64,0
1,0,4.35,4.35,0
39,0,7.91,7.91,0
77,11,8.71,7.62,1.09
16,3,4.66,3.92,0.74
1,2,2.65,0.88,1.77
14,3,3.03,2.5,0.53
6,5,7.64,4.17,3.47
3,0,3.23,3.23,0
1,0,6.67,6.67,0
0,2,8.33,0,8.33
X,X,X,X,X
22,19,6.95,3.73,3.22
134,17,8.01,7.1,0.9
3,2,4,2.4,1.6
0,0,0,0,0
27,9,3.79,2.84,0.95
5,1,2.36,1.97,0.39
27,39,14.57,5.96,8.61
16,3,3.39,2.85,0.53
X,X,X,X,X
5,1,1.99,1.66,0.33
3,1,1.95,1.46,0.49
5,5,4.9,2.45,2.45
55,53,6.28,3.2,3.08
74,99,17.55,7.51,10.04
1,0,0.69,0.69,0
6,0,3.06,3.06,0
26,33,12.22,5.38,6.83
1,1,0.55,0.28,0.28
99,5,10.44,9.94,0.5
6,0,13.95,13.95,0
X,X,X,X,X
X,X,X,X,X
X,X,X,X,X
3,6,3.53,1.18,2.35
X,X,X,X,X
44,6,24.51,21.57,2.94
2,9,10.89,1.98,8.91
316,183,21.13,13.38,7.75
54,3,7.64,7.24,0.4
31,2,6.5,6.1,0.39
9,2,11.11,9.09,2.02
X,X,X,X,X
478,115,24.36,19.64,4.72
46,12,7.64,6.06,1.58
19,4,11.5,9.5,2
3,11,40,8.57,31.43
83,13,15.09,13.05,2.04
14,0,8.54,8.54,0
6,0,5,5,0
9,0,4.55,4.55,0
5,9,4.75,1.69,3.05
13,8,3.65,2.26,1.39
1,5,10.17,1.69,8.47
1,0,5.88,5.88,0
39,13,9.83,7.37,2.46
153,12,14.16,13.13,1.03
33,7,10,8.25,1.75
6,2,5.8,4.35,1.45
14,2,2.61,2.28,0.33
9,4,9.09,6.29,2.8
11,0,9.65,9.65,0
3,2,22.73,13.64,9.09
0,2,10.53,0,10.53
X,X,X,X,X
86,34,15.13,10.84,4.29
213,34,11.4,9.83,1.57
10,3,8.78,6.76,2.03
2,0,4.17,4.17,0
37,7,4.43,3.72,0.7
5,4,3.46,1.92,1.54
42,45,17.23,8.32,8.91
27,5,4.61,3.89,0.72
X,X,X,X,X
16,4,5.51,4.41,1.1
3,0,1.3,1.3,0
10,1,5.82,5.29,0.53
96,88,10.18,5.31,4.87
106,119,23.76,11.19,12.57
4,2,2.94,1.96,0.98
8,3,4.62,3.36,1.26
37,62,17.81,6.65,11.15
1,1,0.48,0.24,0.24
102,11,10.6,9.57,1.03
3,1,9.3,6.98,2.33
X,X,X,X,X
X,X,X,X,X
X,X,X,X,X
18,3,7.09,6.08,1.01
X,X,X,X,X
32,3,16.67,15.24,1.43
5,10,14.02,4.67,9.35
387,222,23.95,15.22,8.73
66,11,9.9,8.48,1.41
71,6,14.23,13.12,1.11
14,2,13.68,11.97,1.71
X,X,X,X,X
416,89,23.08,19.01,4.07
89,25,11.92,9.31,2.62
11,3,8.24,6.47,1.76
8,9,42.5,20,22.5
128,13,19.21,17.44,1.77
28,3,14.42,13.02,1.4
6,1,4.86,4.17,0.69
17,5,10.58,8.17,2.4
11,2,4.48,3.79,0.69
43,26,12.73,7.93,4.8
6,2,11.76,8.82,2.94
1,0,3.85,3.85,0
53,12,15.15,12.35,2.8
212,28,16.52,14.59,1.93
57,8,13.66,11.97,1.68
18,1,10.61,10.06,0.56
34,4,5.79,5.18,0.61
12,9,11.54,6.59,4.95
8,0,6.45,6.45,0
6,1,21.88,18.75,3.13
1,0,5.56,5.56,0
X,X,X,X,X
129,47,18.72,13.72,5
321,39,15.71,14.01,1.7
29,9,18.01,13.74,4.27
7,0,10.14,10.14,0
75,12,7.82,6.74,1.08
12,7,6.96,4.4,2.56
50,40,15.76,8.76,7.01
36,27,8.51,4.86,3.65
X,X,X,X,X
38,5,10.29,9.09,1.2
14,1,6.1,5.69,0.41
19,3,8.59,7.42,1.17
165,192,16.85,7.79,9.06
127,117,19.44,10.12,9.32
7,3,6.37,4.46,1.91
29,5,13.49,11.51,1.98
34,63,17.67,6.19,11.48
4,3,1.77,1.01,0.76
187,16,17.62,16.23,1.39
5,0,10,10,0
X,X,X,X,X
X,X,X,X,X
X,X,X,X,X
29,1,8.5,8.22,0.28
1,1,18.18,9.09,9.09
42,3,20.93,19.53,1.4
4,11,15.79,4.21,11.58
317,275,23.33,12.49,10.84
92,7,12.36,11.49,0.87
125,15,20.77,18.55,2.23
22,3,17.01,14.97,2.04
X,X,X,X,X
589,120,26,21.6,4.4
143,28,16.43,13.74,2.69
29,7,12.08,9.73,2.35
5,2,18.42,13.16,5.26
145,26,20.88,17.7,3.17
42,4,16.97,15.5,1.48
16,3,14.29,12.03,2.26
18,3,8.82,7.56,1.26
32,15,14.03,9.55,4.48
110,25,17.51,14.27,3.24
13,2,15.15,13.13,2.02
2,0,10.53,10.53,0
82,8,16.64,15.16,1.48
327,26,23.01,21.32,1.69
95,6,18.2,17.12,1.08
20,5,13.89,11.11,2.78
36,1,5.15,5.01,0.14
5,4,6,3.33,2.67
19,1,13.33,12.67,0.67
X,X,X,X,X
3,0,12.5,12.5,0
X,X,X,X,X
96,73,16.55,9.4,7.15
508,54,21.1,19.08,2.03
58,9,22.56,19.53,3.03
12,0,17.91,17.91,0
103,30,11.14,8.63,2.51
6,7,5.02,2.32,2.7
41,62,16.89,6.72,10.16
103,11,12.38,11.18,1.19
X,X,X,X,X
73,10,15.93,14.01,1.92
12,4,6.27,4.71,1.57
35,15,16.18,11.33,4.85
196,145,16.91,9.72,7.19
137,138,21.45,10.69,10.76
22,0,7.89,7.89,0
50,6,22.13,19.76,2.37
52,63,19.69,8.9,10.79
24,8,6.61,4.96,1.65
382,27,22.47,20.99,1.48
4,1,7.69,6.15,1.54
X,X,X,X,X
X,X,X,X,X
X,X,X,X,X
44,2,14.33,13.71,0.62
3,0,27.27,27.27,0
28,4,14.29,12.5,1.79
6,16,19.13,5.22,13.91
304,265,22.79,12.17,10.61
157,20,17.4,15.44,1.97
132,23,21.56,18.36,3.2
59,3,27.93,26.58,1.35
X,X,X,X,X
599,147,26.09,20.95,5.14
187,40,17.85,14.7,3.14
16,6,11.22,8.16,3.06
17,5,44,34,10
166,24,19.73,17.24,2.49
58,4,20.2,18.89,1.3
23,3,14.13,12.5,1.63
29,7,14.81,11.93,2.88
33,15,12.9,8.87,4.03
88,32,15.21,11.15,4.06
13,6,15.57,10.66,4.92
5,0,10.64,10.64,0
140,34,24.4,19.64,4.77
334,38,24.11,21.65,2.46
121,15,20.33,18.09,2.24
25,7,13.06,10.2,2.86
39,9,7.54,6.12,1.41
21,17,21.11,11.67,9.44
22,2,14.12,12.94,1.18
3,2,18.52,11.11,7.41
4,0,12.12,12.12,0
X,X,X,X,X
158,86,22.36,14.48,7.88
744,94,27.62,24.52,3.1
53,8,18.94,16.46,2.48
4,3,12.73,7.27,5.45
199,34,17.17,14.66,2.51
11,11,9.65,4.82,4.82
73,77,22.35,10.88,11.48
137,30,16.52,13.55,2.97
X,X,X,X,X
73,12,15.29,13.13,2.16
16,5,7.75,5.9,1.85
22,12,13.08,8.46,4.62
233,214,20.13,10.49,9.64
177,155,24.61,13.12,11.49
17,3,6.6,5.61,0.99
54,8,20.74,18.06,2.68
63,56,19.64,10.4,9.24
16,7,4.54,3.16,1.38
596,56,29.34,26.82,2.52
13,0,20.31,20.31,0
X,X,X,X,X
X,X,X,X,X
X,X,X,X,X
70,1,17.4,17.16,0.25
14,0,56,56,0
24,1,17.61,16.9,0.7
10,15,22.52,9.01,13.51
199,201,19.46,9.68,9.78
159,27,18.34,15.68,2.66
188,42,26.65,21.78,4.87
139,11,39.58,36.68,2.9
X,X,X,X,X
498,204,23.69,16.81,6.88
257,50,22.89,19.16,3.73
40,10,17.73,14.18,3.55
13,1,30.43,28.26,2.17
162,35,21.3,17.51,3.78
60,2,19.14,18.52,0.62
23,2,12.2,11.22,0.98
53,17,22.65,17.15,5.5
52,25,19.2,12.97,6.23
91,34,14.93,10.87,4.06
21,8,24.58,17.8,6.78
9,0,19.57,19.57,0
275,39,32.74,28.68,4.07
386,59,24.63,21.36,3.27
156,23,22.89,19.95,2.94
25,3,10.73,9.58,1.15
53,7,8.24,7.28,0.96
46,24,29.66,19.49,10.17
29,2,18.24,17.06,1.18
5,1,17.14,14.29,2.86
X,X,X,X,X
X,X,X,X,X
176,92,24.95,16.39,8.57
845,154,29.04,24.56,4.48
71,14,23.74,19.83,3.91
14,3,16.83,13.86,2.97
361,88,25.85,20.78,5.07
12,21,13.36,4.86,8.5
56,88,22.97,8.93,14.04
231,58,24.57,19.64,4.93
X,X,X,X,X
123,24,22.86,19.13,3.73
45,15,18.46,13.85,4.62
48,25,18.72,12.31,6.41
243,237,21.51,10.89,10.62
162,121,23.39,13.39,10
38,5,11.88,10.5,1.38
99,37,37.99,27.65,10.34
63,60,20.78,10.64,10.14
56,26,13.92,9.51,4.41
710,52,29.42,27.41,2.01
16,3,28.36,23.88,4.48
X,X,X,X,X
X,X,X,X,X
X,X,X,X,X
34,4,9.74,8.72,1.03
20,0,48.78,48.78,0
11,7,14.29,8.73,5.56
2,14,18.39,2.3,16.09
121,165,13.61,5.76,7.85
160,31,17.87,14.97,2.9
142,42,22.58,17.42,5.15
92,17,28.99,24.47,4.52
X,X,X,X,X
366,137,20.55,14.95,5.6
185,53,20.36,15.83,4.53
44,5,16.01,14.38,1.63
8,2,30.3,24.24,6.06
90,19,14.46,11.94,2.52
30,4,13.13,11.58,1.54
17,2,9.74,8.72,1.03
24,7,11.07,8.57,2.5
51,35,19.59,11.62,7.97
66,28,13.3,9.34,3.96
19,9,20,13.57,6.43
1,3,17.39,4.35,13.04
232,47,26.7,22.2,4.5
241,67,20.63,16.14,4.49
112,25,18.92,15.47,3.45
33,1,13.55,13.15,0.4
33,8,6.29,5.06,1.23
26,28,21.69,10.44,11.24
18,2,13.7,12.33,1.37
5,2,17.95,12.82,5.13
6,5,34.38,18.75,15.63
X,X,X,X,X
148,101,23.78,14.14,9.65
748,177,27.94,22.59,5.35
39,12,16.14,12.34,3.8
13,3,18.6,15.12,3.49
284,102,22.31,16.42,5.9
10,10,9.05,4.52,4.52
67,70,22.03,10.77,11.25
209,72,22.48,16.72,5.76
X,X,X,X,X
70,21,17.95,13.81,4.14
38,12,16.5,12.54,3.96
27,12,12.58,8.71,3.87
210,173,18.06,9.9,8.16
156,68,20.84,14.51,6.33
35,7,12.73,10.61,2.12
61,22,24.92,18.32,6.61
63,48,19.07,10.82,8.25
58,32,13.06,8.42,4.64
444,34,21.77,20.22,1.55
21,1,29.73,28.38,1.35
X,X,X,X,X
X,X,X,X,X
X,X,X,X,X
54,1,14.14,13.88,0.26
7,0,23.33,23.33,0
2,2,3.57,1.79,1.79
1,6,13.73,1.96,11.76
83,124,13.04,5.23,7.81
121,23,14.63,12.3,2.34
85,41,16.09,10.86,5.24
75,18,29.71,23.96,5.75
X,X,X,X,X
296,138,19.8,13.5,6.3
120,33,15.52,12.17,3.35
48,5,15.96,14.46,1.51
10,11,44.68,21.28,23.4
44,24,11.56,7.48,4.08
22,8,11.41,8.37,3.04
24,2,14.36,13.26,1.1
20,8,10.65,7.6,3.04
44,23,17.05,11.2,5.85
52,32,14.53,9,5.54
22,7,20.28,15.38,4.9
1,2,13.64,4.55,9.09
200,66,28.33,21.3,7.03
127,56,14.07,9.76,4.3
82,17,16.78,13.9,2.88
14,3,8.99,7.41,1.59
20,8,4.49,3.21,1.28
37,30,28.39,15.68,12.71
18,2,14.6,13.14,1.46
3,0,11.11,11.11,0
5,2,13.21,9.43,3.77
X,X,X,X,X
172,78,25.83,17.77,8.06
602,169,24.94,19.48,5.47
44,12,18.01,14.15,3.86
10,1,13.25,12.05,1.2
209,75,20.24,14.9,5.35
4,8,5.77,1.92,3.85
48,77,22.56,8.66,13.9
190,65,20.25,15.09,5.16
X,X,X,X,X
41,15,13.21,9.67,3.54
34,5,16.53,14.41,2.12
30,16,15.97,10.42,5.56
136,141,15.48,7.6,7.88
116,72,19.3,11.91,7.39
51,5,14.25,12.98,1.27
58,21,24.01,17.63,6.38
77,57,23.51,13.51,10
49,49,16.53,8.26,8.26
289,40,20.46,17.97,2.49
11,3,20.59,16.18,4.41
X,X,X,X,X
X,X,X,X,X
X,X,X,X,X
28,2,7.35,6.86,0.49
4,1,18.52,14.81,3.7
2,2,4.26,2.13,2.13
2,4,7.59,2.53,5.06
61,60,8.79,4.43,4.36
57,25,10.35,7.2,3.16
61,41,15.99,9.56,6.43
62,23,27.24,19.87,7.37
X,X,X,X,X
173,113,16.21,9.81,6.41
84,49,15.45,9.76,5.69
36,7,15.14,12.68,2.46
1,2,17.65,5.88,11.76
42,13,10.72,8.19,2.53
20,6,10.44,8.03,2.41
11,1,7.59,6.96,0.63
21,12,14.86,9.46,5.41
26,24,13.74,7.14,6.59
25,25,7.66,3.83,3.83
36,10,22.44,17.56,4.88
3,4,10.45,4.48,5.97
193,68,26.96,19.94,7.02
130,34,13.61,10.79,2.82
60,14,13.58,11.01,2.57
24,4,13.53,11.59,1.93
17,14,5.01,2.75,2.26
23,28,23.29,10.5,12.79
27,4,21.38,18.62,2.76
1,2,12.5,4.17,8.33
X,X,X,X,X
X,X,X,X,X
146,94,26.55,16.15,10.4
398,165,20.08,14.19,5.88
28,10,14.9,10.98,3.92
5,3,12.9,8.06,4.84
161,65,18.99,13.53,5.46
9,9,7.89,3.95,3.95
55,74,21.79,9.29,12.5
137,62,17.53,12.07,5.46
X,X,X,X,X
23,17,10.08,5.79,4.28
27,3,12.93,11.64,1.29
15,23,12.03,4.75,7.28
178,159,18.4,9.72,8.68
130,41,20.12,15.29,4.82
45,11,13.4,10.77,2.63
38,8,14.38,11.88,2.5
58,42,18.76,10.88,7.88
37,48,17.49,7.61,9.88
157,36,14.31,11.64,2.67
11,1,21.82,20,1.82
X,X,X,X,X
X,X,X,X,X
X,X,X,X,X
19,1,7.41,7.04,0.37
2,4,15.38,5.13,10.26
2,2,4.88,2.44,2.44
4,4,14.55,7.27,7.27
40,55,7.13,3,4.13
46,30,10.61,6.42,4.19
37,41,14.74,6.99,7.75
26,20,20.81,11.76,9.05
X,X,X,X,X
160,141,15.37,8.17,7.2
43,45,11.2,5.47,5.73
21,9,12.71,8.9,3.81
X,X,X,X,X
18,18,8.31,4.16,4.16
10,6,9.09,5.68,3.41
6,2,6.11,4.58,1.53
12,11,12.71,6.63,6.08
16,9,8.5,5.44,3.06
31,11,8.14,6.01,2.13
40,21,26.64,17.47,9.17
0,5,20.83,0,20.83
71,56,17.33,9.69,7.64
65,36,10,6.44,3.56
30,16,9.52,6.21,3.31
9,10,15.2,7.2,8
17,13,5.76,3.26,2.5
19,12,19.02,11.66,7.36
14,2,15.24,13.33,1.9
2,2,12.9,6.45,6.45
1,2,10.34,3.45,6.9
X,X,X,X,X
81,63,34.7,19.52,15.18
247,175,17.15,10.04,7.11
21,11,14.22,9.33,4.89
4,1,9.26,7.41,1.85
110,54,15.3,10.26,5.04
9,9,9.47,4.74,4.74
63,51,22.98,12.7,10.28
69,32,13.22,9.03,4.19
X,X,X,X,X
14,17,9.31,4.2,5.11
18,8,12.94,8.96,3.98
25,24,16.01,8.17,7.84
159,154,17.55,8.92,8.64
99,34,18.1,13.47,4.63
24,6,8.75,7,1.75
26,16,17.14,10.61,6.53
31,34,13.49,6.43,7.05
26,52,13.13,4.38,8.75
141,26,12.25,10.34,1.91
5,4,20.93,11.63,9.3
X,X,X,X,X
X,X,X,X,X
X,X,X,X,X
10,1,4.04,3.68,0.37
4,3,20,11.43,8.57
3,1,6.06,4.55,1.52
2,5,11.67,3.33,8.33
29,23,4.98,2.78,2.2
39,22,9.61,6.14,3.46
17,39,12.17,3.7,8.48
16,14,17.54,9.36,8.19
X,X,X,X,X
131,143,14.47,6.92,7.55
27,36,8.84,3.79,5.05
16,8,8.28,5.52,2.76
X,X,X,X,X
24,24,12.4,6.2,6.2
14,2,10.53,9.21,1.32
3,1,3.96,2.97,0.99
9,24,16.92,4.62,12.31
15,10,9.51,5.7,3.8
13,17,6.54,2.83,3.7
31,17,25,16.15,8.85
0,2,12.5,0,12.5
64,77,22.42,10.17,12.24
60,49,12.06,6.64,5.42
45,12,12.69,10.02,2.67
4,5,9.18,4.08,5.1
16,12,5.49,3.14,2.35
8,11,13.97,5.88,8.09
12,2,16.28,13.95,2.33
0,1,7.14,0,7.14
1,2,12.5,4.17,8.33
X,X,X,X,X
49,42,17.3,9.32,7.98
166,183,16.02,7.62,8.4
24,16,17.02,10.21,6.81
3,1,7.27,5.45,1.82
163,61,20.66,15.04,5.63
3,10,6.53,1.51,5.03
33,30,15.4,8.07,7.33
62,52,15.49,8.42,7.07
X,X,X,X,X
9,13,7.41,3.03,4.38
9,6,9.8,5.88,3.92
12,30,15.56,4.44,11.11
110,149,15.63,6.64,8.99
42,29,11.22,6.64,4.58
21,12,9.79,6.23,3.56
20,18,15.14,7.97,7.17
19,25,9.76,4.21,5.54
30,56,15.61,5.44,10.16
87,30,11.74,8.73,3.01
1,3,13.33,3.33,10
X,X,X,X,X
X,X,X,X,X
X,X,X,X,X
6,0,3,3,0
2,4,30,10,20
2,5,15.22,4.35,10.87
0,3,4.55,0,4.55
23,16,3.96,2.33,1.62
19,18,7.91,4.06,3.85
27,35,11.99,5.22,6.77
12,27,23.78,7.32,16.46
X,X,X,X,X
91,137,13.36,5.33,8.03
21,18,6.37,3.43,2.94
10,2,6.59,5.49,1.1
X,X,X,X,X
14,16,8.52,3.98,4.55
10,4,7.95,5.68,2.27
4,1,6.17,4.94,1.23
4,20,12.37,2.06,10.31
10,13,8.3,3.61,4.69
13,14,6.41,3.09,3.33
21,15,27.07,15.79,11.28
0,6,10.71,0,10.71
43,82,20.59,7.08,13.51
41,56,12.37,5.23,7.14
15,20,8.6,3.69,4.91
8,3,10.68,7.77,2.91
12,15,5.09,2.26,2.83
7,16,15.33,4.67,10.67
7,4,16.42,10.45,5.97
0,0,0,0,0
0,3,12,0,12
X,X,X,X,X
19,42,14.39,4.48,9.91
139,182,16.08,6.96,9.12
21,27,17.58,7.69,9.89
3,2,10.64,6.38,4.26
104,54,17.48,11.5,5.97
3,6,5.08,1.69,3.39
23,18,11.92,6.69,5.23
36,70,15.77,5.36,10.42
X,X,X,X,X
5,16,6.93,1.65,5.28
9,1,8.13,7.32,0.81
19,30,15.91,6.17,9.74
112,97,11.98,6.42,5.56
35,23,9.34,5.64,3.7
17,5,8.84,6.83,2.01
20,29,19.22,7.84,11.37
23,16,10.74,6.34,4.41
51,74,21.93,8.95,12.98
39,34,9.08,4.85,4.23
6,5,40.74,22.22,18.52
X,X,X,X,X
X,X,X,X,X
X,X,X,X,X
2,0,1.1,1.1,0
0,3,23.08,0,23.08
1,2,4.48,1.49,2.99
2,3,8.33,3.33,5
20,15,3.29,1.88,1.41
13,22,8.25,3.07,5.19
9,37,10.6,2.07,8.53
6,21,17.76,3.95,13.82
X,X,X,X,X
62,128,11.73,3.83,7.9
11,30,7.24,1.94,5.3
10,9,11.05,5.81,5.23
X,X,X,X,X
5,22,9.09,1.68,7.41
1,3,3.39,0.85,2.54
1,2,4.05,1.35,2.7
2,14,10.39,1.3,9.09
5,12,7.23,2.13,5.11
19,12,8.33,5.11,3.23
17,9,23.64,15.45,8.18
2,10,13.95,2.33,11.63
34,60,18.32,6.63,11.7
21,47,10.3,3.18,7.12
7,13,6.54,2.29,4.25
4,5,9.47,4.21,5.26
5,15,4.72,1.18,3.54
4,9,10.83,3.33,7.5
8,5,15.48,9.52,5.95
X,X,X,X,X
0,3,20,0,20
X,X,X,X,X
5,16,5.92,1.41,4.51
68,149,11.58,3.63,7.95
16,21,14.02,6.06,7.95
1,1,5.26,2.63,2.63
73,64,15.38,8.19,7.18
4,4,4.52,2.26,2.26
23,11,13.55,9.16,4.38
23,52,12.65,3.88,8.77
X,X,X,X,X
6,20,8.7,2.01,6.69
5,0,4.85,4.85,0
2,15,7.08,0.83,6.25
78,86,10.45,4.97,5.48
17,8,5.58,3.79,1.79
15,8,10.95,7.14,3.81
14,27,17.23,5.88,11.34
17,11,6.93,4.21,2.72
13,57,13.31,2.47,10.84
30,42,10.18,4.24,5.94
4,0,12.9,12.9,0
X,X,X,X,X
X,X,X,X,X
X,X,X,X,X
9,1,5.65,5.08,0.56
0,2,11.76,0,11.76
0,3,5.88,0,5.88
3,2,12.2,7.32,4.88
9,14,2.93,1.15,1.78
19,10,8.08,5.29,2.79
6,22,7.87,1.69,6.18
3,13,16.67,3.13,13.54
X,X,X,X,X
42,115,10.89,2.91,7.98
7,36,8.1,1.32,6.78
12,7,7.85,4.96,2.89
X,X,X,X,X
2,4,2.67,0.89,1.78
0,3,3.16,0,3.16
1,1,3.13,1.56,1.56
3,5,8.25,3.09,5.15
3,6,3.96,1.32,2.64
7,10,4.71,1.94,2.77
13,7,20,13,7
1,12,15.29,1.18,14.12
16,48,15.69,3.92,11.76
17,53,11.74,2.85,8.89
3,4,2.62,1.12,1.5
2,7,10.71,2.38,8.33
4,4,1.96,0.98,0.98
5,6,9.91,4.5,5.41
2,5,10.77,3.08,7.69
0,0,0,0,0
X,X,X,X,X
X,X,X,X,X
9,15,9.06,3.4,5.66
42,121,10.12,2.61,7.51
7,11,12.59,4.9,7.69
1,0,2.86,2.86,0
31,34,8.88,4.23,4.64
3,7,6.1,1.83,4.27
11,9,7.35,4.04,3.31
11,25,8.22,2.51,5.71
X,X,X,X,X
5,13,6.87,1.91,4.96
3,2,4.39,2.63,1.75
5,14,8.12,2.14,5.98
57,65,8.81,4.12,4.69
11,4,3.67,2.69,0.98
6,5,5.19,2.83,2.36
5,14,8.6,2.26,6.33
13,5,5.1,3.68,1.42
3,20,6.57,0.86,5.71
5,15,3.51,0.88,2.64
0,0,0,0,0
X,X,X,X,X
X,X,X,X,X
X,X,X,X,X
3,0,1.96,1.96,0
X,X,X,X,X
0,0,0,0,0
0,0,0,0,0
11,4,2.31,1.69,0.62
4,4,2.55,1.27,1.27
7,18,6.93,1.94,4.99
3,5,10,3.75,6.25
X,X,X,X,X
35,115,10.54,2.46,8.08
4,30,7.42,0.87,6.55
6,9,7.21,2.88,4.33
X,X,X,X,X
2,7,3.52,0.78,2.73
0,3,2.88,0,2.88
0,0,0,0,0
0,1,1,0,1
1,1,0.95,0.47,0.47
6,9,3.93,1.57,2.36
11,7,24,14.67,9.33
0,7,7.29,0,7.29
5,49,13.85,1.28,12.56
9,46,10.46,1.71,8.75
0,1,0.46,0,0.46
5,4,11.84,6.58,5.26
4,11,3.61,0.96,2.65
3,1,4.82,3.61,1.2
2,3,8.93,3.57,5.36
X,X,X,X,X
X,X,X,X,X
X,X,X,X,X
1,9,3.88,0.39,3.49
24,81,7.15,1.63,5.51
4,4,7.62,3.81,3.81
0,0,0,0,0
13,34,7.31,2.02,5.29
1,2,2.08,0.69,1.39
6,5,6.15,3.35,2.79
7,30,9.02,1.71,7.32
X,X,X,X,X
3,10,5.46,1.26,4.2
1,1,2.15,1.08,1.08
2,15,8.46,1,7.46
58,58,8.6,4.3,4.3
7,4,2.74,1.74,1
4,4,5.33,2.67,2.67
5,9,6.51,2.33,4.19
8,3,3.08,2.24,0.84
5,31,9.09,1.26,7.83
5,7,2.87,1.2,1.67
2,1,13.64,9.09,4.55
X,X,X,X,X
X,X,X,X,X
X,X,X,X,X
0,1,0.81,0,0.81
X,X,X,X,X
0,1,2.08,0,2.08
0,0,0,0,0
9,3,1.79,1.35,0.45
6,9,4.87,1.95,2.92
1,13,4.95,0.35,4.59
4,3,9.46,5.41,4.05
X,X,X,X,X
27,98,9.95,2.15,7.8
9,16,6.6,2.37,4.22
4,4,4.55,2.27,2.27
X,X,X,X,X
2,4,3.21,1.07,2.14
1,0,1.56,1.56,0
0,0,0,0,0
1,0,1.69,1.69,0
1,5,3.16,0.53,2.63
5,12,5.78,1.7,4.08
3,6,14.06,4.69,9.38
0,2,3.33,0,3.33
4,44,15.05,1.25,13.79
9,20,7.2,2.23,4.96
7,3,4.17,2.92,1.25
7,4,12.5,7.95,4.55
0,3,0.8,0,0.8
1,1,2.6,1.3,1.3
1,0,2.5,2.5,0
X,X,X,X,X
X,X,X,X,X
X,X,X,X,X
0,5,2.63,0,2.63
17,59,5.62,1.26,4.36
4,7,10.09,3.67,6.42
0,0,0,0,0
8,28,6.34,1.41,4.93
1,1,1.64,0.82,0.82
2,4,4.05,1.35,2.7
2,12,4.12,0.59,3.53
X,X,X,X,X
1,9,4.31,0.43,3.88
0,1,0.93,0,0.93
1,12,6.6,0.51,6.09
65,52,8.78,4.88,3.9
4,5,2.31,1.03,1.28
3,6,6.29,2.1,4.2
2,3,2.96,1.18,1.78
4,4,2.56,1.28,1.28
2,13,4.42,0.59,3.83
0,17,4.11,0,4.11
0,0,0,0,0
X,X,X,X,X
X,X,X,X,X
X,X,X,X,X
0,0,0,0,0
X,X,X,X,X
0,1,1.43,0,1.43
0,0,0,0,0
6,5,1.85,1.01,0.84
2,5,2.68,0.77,1.92
1,6,2.92,0.42,2.5
0,6,12,0,12
X,X,X,X,X
31,114,10.61,2.27,8.35
5,14,4.62,1.22,3.41
2,11,6.31,0.97,5.34
X,X,X,X,X
1,2,1.66,0.55,1.1
0,0,0,0,0
0,2,4.76,0,4.76
1,0,2.08,2.08,0
1,2,1.4,0.47,0.93
4,14,4.79,1.06,3.72
1,2,7.14,2.38,4.76
1,2,13.64,4.55,9.09
2,23,8.5,0.68,7.82
8,11,4.91,2.07,2.84
0,3,1.55,0,1.55
2,4,9.52,3.17,6.35
0,2,0.51,0,0.51
2,1,3.19,2.13,1.06
1,0,3.85,3.85,0
X,X,X,X,X
0,0,0,0,0
X,X,X,X,X
0,5,3.01,0,3.01
6,58,5.56,0.52,5.04
3,1,5.19,3.9,1.3
0,0,0,0,0
1,19,4.2,0.21,3.99
0,0,0,0,0
1,0,0.81,0.81,0
1,5,2.04,0.34,1.7
X,X,X,X,X
3,6,3.7,1.23,2.47
1,1,2.15,1.08,1.08
0,8,5.88,0,5.88
31,36,5.88,2.72,3.16
4,2,1.74,1.16,0.58
1,2,3.41,1.14,2.27
1,5,3.82,0.64,3.18
0,2,0.75,0,0.75
12,9,6.75,3.86,2.89
1,8,2.47,0.27,2.2
X,X,X,X,X
X,X,X,X,X
X,X,X,X,X
X,X,X,X,X
0,0,0,0,0
X,X,X,X,X
0,0,0,0,0
0,1,2.33,0,2.33
2,3,1.02,0.41,0.61
0,4,1.73,0,1.73
0,2,0.83,0,0.83
0,2,8,0,8
X,X,X,X,X
18,74,8.06,1.58,6.48
5,10,3.96,1.32,2.64
2,3,2.17,0.87,1.3
X,X,X,X,X
0,1,0.82,0,0.82
0,0,0,0,0
0,3,12.5,0,12.5
0,0,0,0,0
1,1,1.05,0.52,0.52
0,3,1.03,0,1.03
X,X,X,X,X
0,0,0,0,0
2,7,4.89,1.09,3.8
1,6,2.67,0.38,2.29
0,1,0.54,0,0.54
1,4,10.87,2.17,8.7
1,4,1.32,0.26,1.05
0,0,0,0,0
2,0,8.7,8.7,0
X,X,X,X,X
X,X,X,X,X
X,X,X,X,X
0,0,0,0,0
6,26,2.9,0.54,2.36
1,1,3.45,1.72,1.72
X,X,X,X,X
0,4,1.15,0,1.15
0,0,0,0,0
2,1,2.75,1.83,0.92
0,2,0.77,0,0.77
X,X,X,X,X
1,0,0.47,0.47,0
0,1,1.15,0,1.15
1,5,5,0.83,4.17
25,35,5.62,2.34,3.28
0,1,0.29,0,0.29
0,0,0,0,0
0,5,3.09,0,3.09
3,0,1.12,1.12,0
4,8,4.23,1.41,2.82
1,6,2.19,0.31,1.88
X,X,X,X,X
X,X,X,X,X
X,X,X,X,X
X,X,X,X,X
0,0,0,0,0
X,X,X,X,X
0,0,0,0,0
0,0,0,0,0
4,1,0.99,0.8,0.2
1,3,1.87,0.47,1.4
0,0,0,0,0
X,X,X,X,X
X,X,X,X,X
17,99,10.18,1.49,8.69
1,6,2.44,0.35,2.09
3,7,5.32,1.6,3.72
X,X,X,X,X
0,0,0,0,0
0,0,0,0,0
0,1,4.17,0,4.17
0,0,0,0,0
0,0,0,0,0
3,4,2.64,1.13,1.51
X,X,X,X,X
0,0,0,0,0
0,6,3.61,0,3.61
1,4,1.93,0.39,1.54
1,0,0.56,0.56,0
0,1,2.5,0,2.5
1,2,0.91,0.3,0.61
0,0,0,0,0
0,0,0,0,0
X,X,X,X,X
X,X,X,X,X
X,X,X,X,X
X,X,X,X,X
1,9,0.93,0.09,0.84
0,3,5.66,0,5.66
0,0,0,0,0
0,7,2.06,0,2.06
0,0,0,0,0
0,3,2.4,0,2.4
1,1,0.99,0.49,0.49
X,X,X,X,X
0,4,1.97,0,1.97
3,0,3.23,3.23,0
0,1,1.22,0,1.22
26,35,5.44,2.32,3.12
2,1,0.94,0.63,0.31
X,X,X,X,X
0,2,1.37,0,1.37
3,2,2.22,1.33,0.89
0,2,0.85,0,0.85
0,1,0.33,0,0.33
X,X,X,X,X
X,X,X,X,X
X,X,X,X,X
X,X,X,X,X
2,0,2.86,2.86,0
X,X,X,X,X
0,0,0,0,0
0,0,0,0,0
5,0,0.99,0.99,0
0,0,0,0,0
3,0,1.52,1.52,0
0,0,0,0,0
X,X,X,X,X
15,46,6.8,1.67,5.13
3,3,2.12,1.06,1.06
1,3,3.08,0.77,2.31
X,X,X,X,X
1,1,1.52,0.76,0.76
0,0,0,0,0
0,0,0,0,0
0,0,0,0,0
0,0,0,0,0
2,3,2.15,0.86,1.29
X,X,X,X,X
0,0,0,0,0
0,2,1.33,0,1.33
1,1,0.96,0.48,0.48
2,0,1.56,1.56,0
0,0,0,0,0
0,0,0,0,0
0,0,0,0,0
0,0,0,0,0
X,X,X,X,X
X,X,X,X,X
X,X,X,X,X
0,0,0,0,0
6,9,1.51,0.6,0.9
0,1,2.94,0,2.94
X,X,X,X,X
0,1,0.29,0,0.29
0,0,0,0,0
1,0,0.93,0.93,0
0,1,0.57,0,0.57
X,X,X,X,X
0,0,0,0,0
0,0,0,0,0
0,5,7.69,0,7.69
12,17,2.88,1.19,1.69
1,0,0.3,0.3,0
X,X,X,X,X
0,0,0,0,0
2,0,0.78,0.78,0
0,1,0.47,0,0.47
0,0,0,0,0
X,X,X,X,X
X,X,X,X,X
X,X,X,X,X
X,X,X,X,X
0,1,1.35,0,1.35
X,X,X,X,X
0,0,0,0,0
0,0,0,0,0
0,2,0.39,0,0.39
1,1,1.32,0.66,0.66
1,0,0.63,0.63,0
0,0,0,0,0
X,X,X,X,X
14,45,7.7,1.83,5.87
2,2,1.65,0.83,0.83
1,1,1.16,0.58,0.58
X,X,X,X,X
0,0,0,0,0
1,0,1.59,1.59,0
0,0,0,0,0
0,0,0,0,0
0,0,0,0,0
4,4,4.06,2.03,2.03
X,X,X,X,X
0,0,0,0,0
0,0,0,0,0
0,0,0,0,0
1,1,1.33,0.67,0.67
0,0,0,0,0
0,0,0,0,0
0,0,0,0,0
0,0,0,0,0
X,X,X,X,X
X,X,X,X,X
X,X,X,X,X
0,0,0,0,0
2,6,0.88,0.22,0.66
0,0,0,0,0
X,X,X,X,X
1,2,0.95,0.32,0.63
1,1,2,1,1
1,0,1.05,1.05,0
0,0,0,0,0
X,X,X,X,X
0,0,0,0,0
0,1,1.3,0,1.3
1,1,3.08,1.54,1.54
10,10,2.47,1.23,1.23
1,0,0.39,0.39,0
X,X,X,X,X
0,0,0,0,0
2,0,1.06,1.06,0
0,1,0.44,0,0.44
0,0,0,0,0
X,X,X,X,X
X,X,X,X,X
X,X,X,X,X
X,X,X,X,X
0,1,2.08,0,2.08
X,X,X,X,X
0,0,0,0,0
0,0,0,0,0
0,1,0.25,0,0.25
1,0,0.62,0.62,0
1,0,0.6,0.6,0
0,0,0,0,0
X,X,X,X,X
13,23,5.5,1.99,3.52
0,3,1.29,0,1.29
4,3,3.5,2,1.5
X,X,X,X,X
0,0,0,0,0
0,0,0,0,0
0,0,0,0,0
X,X,X,X,X
0,0,0,0,0
0,2,1.5,0,1.5
X,X,X,X,X
0,0,0,0,0
0,0,0,0,0
0,0,0,0,0
0,0,0,0,0
0,0,0,0,0
0,0,0,0,0
0,0,0,0,0
0,1,3.13,0,3.13
X,X,X,X,X
0,0,0,0,0
X,X,X,X,X
0,0,0,0,0
0,2,0.24,0,0.24
X,X,X,X,X
X,X,X,X,X
0,2,0.73,0,0.73
0,1,1.12,0,1.12
0,0,0,0,0
0,2,1.64,0,1.64
X,X,X,X,X
0,0,0,0,0
0,0,0,0,0
0,0,0,0,0
3,9,2.16,0.54,1.62
1,0,0.37,0.37,0
X,X,X,X,X
0,1,0.74,0,0.74
1,0,0.52,0.52,0
0,0,0,0,0
1,0,0.4,0.4,0
X,X,X,X,X
X,X,X,X,X
X,X,X,X,X
X,X,X,X,X
0,0,0,0,0
X,X,X,X,X
0,0,0,0,0
0,0,0,0,0
1,0,0.27,0.27,0
0,0,0,0,0
0,0,0,0,0
X,X,X,X,X
X,X,X,X,X
10,16,4.09,1.57,2.52
1,1,0.99,0.49,0.49
X,X,X,X,X
X,X,X,X,X
0,1,1.1,0,1.1
0,0,0,0,0
0,1,5.26,0,5.26
0,0,0,0,0
1,0,0.69,0.69,0
1,0,0.62,0.62,0
X,X,X,X,X
1,0,5.56,5.56,0
0,0,0,0,0
0,0,0,0,0
0,0,0,0,0
0,0,0,0,0
0,1,0.35,0,0.35
0,0,0,0,0
0,1,4.35,0,4.35
X,X,X,X,X
X,X,X,X,X
X,X,X,X,X
0,0,0,0,0
1,1,0.29,0.14,0.14
0,0,0,0,0
X,X,X,X,X
0,0,0,0,0
0,0,0,0,0
0,0,0,0,0
0,0,0,0,0
X,X,X,X,X
0,0,0,0,0
0,0,0,0,0
0,0,0,0,0
3,4,0.96,0.41,0.55
2,0,0.7,0.7,0
1,0,6.67,6.67,0
0,0,0,0,0
1,1,1.02,0.51,0.51
0,3,1.9,0,1.9
0,0,0,0,0
X,X,X,X,X
X,X,X,X,X
X,X,X,X,X
X,X,X,X,X
0,0,0,0,0
X,X,X,X,X
0,0,0,0,0
0,0,0,0,0
2,2,0.83,0.42,0.42
1,1,1.24,0.62,0.62
0,0,0,0,0
X,X,X,X,X
X,X,X,X,X
10,8,3.38,1.88,1.5
0,0,0,0,0
0,4,3.08,0,3.08
X,X,X,X,X
0,0,0,0,0
0,0,0,0,0
0,0,0,0,0
X,X,X,X,X
1,0,0.54,0.54,0
1,3,2.34,0.58,1.75
X,X,X,X,X
0,0,0,0,0
0,0,0,0,0
1,0,0.79,0.79,0
0,0,0,0,0
0,0,0,0,0
1,0,0.37,0.37,0
0,0,0,0,0
0,0,0,0,0
X,X,X,X,X
X,X,X,X,X
X,X,X,X,X
0,0,0,0,0
2,2,0.56,0.28,0.28
0,0,0,0,0
X,X,X,X,X
0,1,0.34,0,0.34
0,0,0,0,0
0,0,0,0,0
0,0,0,0,0
X,X,X,X,X
0,0,0,0,0
0,0,0,0,0
0,0,0,0,0
5,8,2.09,0.81,1.29
0,0,0,0,0
0,0,0,0,0
0,0,0,0,0
0,0,0,0,0
0,1,0.6,0,0.6
0,0,0,0,0
X,X,X,X,X
X,X,X,X,X
X,X,X,X,X
X,X,X,X,X
1,0,2.38,2.38,0
X,X,X,X,X
0,0,0,0,0
0,0,0,0,0
4,0,0.77,0.77,0
3,1,3.13,2.34,0.78
X,X,X,X,X
X,X,X,X,X
X,X,X,X,X
4,15,3.3,0.69,2.6
0,0,0,0,0
3,0,2.03,2.03,0
X,X,X,X,X
0,0,0,0,0
0,0,0,0,0
1,0,5,5,0
X,X,X,X,X
0,0,0,0,0
0,1,0.62,0,0.62
X,X,X,X,X
0,0,0,0,0
1,1,2.78,1.39,1.39
1,0,0.83,0.83,0
1,0,0.89,0.89,0
0,0,0,0,0
0,0,0,0,0
0,0,0,0,0
0,1,3.57,0,3.57
X,X,X,X,X
X,X,X,X,X
X,X,X,X,X
0,0,0,0,0
0,3,0.45,0,0.45
X,X,X,X,X
X,X,X,X,X
0,0,0,0,0
0,0,0,0,0
0,0,0,0,0
0,0,0,0,0
X,X,X,X,X
0,2,1.83,0,1.83
0,0,0,0,0
0,0,0,0,0
2,2,0.72,0.36,0.36
0,0,0,0,0
X,X,X,X,X
0,0,0,0,0
1,0,0.52,0.52,0
0,0,0,0,0
0,0,0,0,0
X,X,X,X,X
X,X,X,X,X
X,X,X,X,X
X,X,X,X,X
0,0,0,0,0
X,X,X,X,X
0,0,0,0,0
0,0,0,0,0
2,1,0.69,0.46,0.23
0,0,0,0,0
0,0,0,0,0
X,X,X,X,X
X,X,X,X,X
8,16,4.3,1.43,2.87
0,0,0,0,0
0,0,0,0,0
X,X,X,X,X
0,0,0,0,0
1,0,2.44,2.44,0
0,0,0,0,0
X,X,X,X,X
2,0,1.35,1.35,0
2,2,2.55,1.27,1.27
X,X,X,X,X
0,0,0,0,0
0,0,0,0,0
0,0,0,0,0
0,0,0,0,0
0,0,0,0,0
0,0,0,0,0
0,0,0,0,0
0,0,0,0,0
X,X,X,X,X
X,X,X,X,X
X,X,X,X,X
0,0,0,0,0
1,0,0.15,0.15,0
X,X,X,X,X
X,X,X,X,X
0,0,0,0,0
0,0,0,0,0
0,0,0,0,0
0,0,0,0,0
X,X,X,X,X
0,0,0,0,0
0,0,0,0,0
0,0,0,0,0
2,5,1.25,0.36,0.89
0,0,0,0,0
X,X,X,X,X
0,0,0,0,0
1,1,1.04,0.52,0.52
0,0,0,0,0
1,0,0.56,0.56,0
X,X,X,X,X
X,X,X,X,X
X,X,X,X,X
X,X,X,X,X
0,0,0,0,0
X,X,X,X,X
0,0,0,0,0
0,0,0,0,0
1,0,0.22,0.22,0
0,0,0,0,0
0,0,0,0,0
X,X,X,X,X
X,X,X,X,X
9,9,3.28,1.64,1.64
1,2,1.69,0.56,1.12
1,1,2.33,1.16,1.16
X,X,X,X,X
0,1,0.95,0,0.95
0,0,0,0,0
0,0,0,0,0
X,X,X,X,X
1,0,0.74,0.74,0
0,1,0.63,0,0.63
X,X,X,X,X
X,X,X,X,X
0,1,1.49,0,1.49
0,0,0,0,0
3,0,3.66,3.66,0
0,0,0,0,0
0,0,0,0,0
0,0,0,0,0
0,0,0,0,0
X,X,X,X,X
X,X,X,X,X
X,X,X,X,X
0,0,0,0,0
0,0,0,0,0
0,0,0,0,0
X,X,X,X,X
2,0,0.76,0.76,0
X,X,X,X,X
0,0,0,0,0
1,0,0.6,0.6,0
X,X,X,X,X
1,0,0.85,0.85,0
0,0,0,0,0
0,0,0,0,0
5,5,1.8,0.9,0.9
4,0,1.4,1.4,0
X,X,X,X,X
0,0,0,0,0
1,0,0.6,0.6,0
0,0,0,0,0
2,0,1.05,1.05,0
X,X,X,X,X
X,X,X,X,X
X,X,X,X,X
X,X,X,X,X
0,0,0,0,0
X,X,X,X,X
0,0,0,0,0
0,0,0,0,0
0,1,0.28,0,0.28
0,0,0,0,0
0,0,0,0,0
X,X,X,X,X
X,X,X,X,X
7,18,4.34,1.22,3.13
1,0,0.5,0.5,0
1,4,4.72,0.94,3.77
X,X,X,X,X
0,0,0,0,0
0,0,0,0,0
0,0,0,0,0
X,X,X,X,X
2,0,1.21,1.21,0
1,1,1.37,0.68,0.68
X,X,X,X,X
X,X,X,X,X
0,0,0,0,0
1,0,0.9,0.9,0
0,0,0,0,0
0,0,0,0,0
0,0,0,0,0
0,0,0,0,0
0,0,0,0,0
X,X,X,X,X
X,X,X,X,X
X,X,X,X,X
0,0,0,0,0
0,0,0,0,0
0,2,18.18,0,18.18
X,X,X,X,X
1,0,0.35,0.35,0
0,0,0,0,0
0,0,0,0,0
0,0,0,0,0
X,X,X,X,X
0,0,0,0,0
0,0,0,0,0
1,1,6.25,3.13,3.13
3,3,1.21,0.61,0.61
1,0,0.41,0.41,0
0,0,0,0,0
0,0,0,0,0
2,0,1.04,1.04,0
0,0,0,0,0
1,0,0.48,0.48,0
X,X,X,X,X
X,X,X,X,X
X,X,X,X,X
X,X,X,X,X
0,0,0,0,0
X,X,X,X,X
0,0,0,0,0
0,0,0,0,0
0,1,0.21,0,0.21
0,0,0,0,0
1,0,0.81,0.81,0
X,X,X,X,X
X,X,X,X,X
10,12,3.97,1.81,2.17
0,1,0.33,0,0.33
0,0,0,0,0
X,X,X,X,X
0,0,0,0,0
0,0,0,0,0
0,0,0,0,0
X,X,X,X,X
1,0,0.59,0.59,0
0,2,1.12,0,1.12
X,X,X,X,X
1,0,9.09,9.09,0
0,0,0,0,0
0,0,0,0,0
0,0,0,0,0
0,0,0,0,0
0,0,0,0,0
0,0,0,0,0
0,0,0,0,0
X,X,X,X,X
X,X,X,X,X
X,X,X,X,X
0,0,0,0,0
5,0,0.77,0.77,0
0,0,0,0,0
X,X,X,X,X
5,0,1.81,1.81,0
0,0,0,0,0
0,0,0,0,0
0,0,0,0,0
X,X,X,X,X
1,0,0.83,0.83,0
0,0,0,0,0
0,0,0,0,0
2,4,1.23,0.41,0.82
0,0,0,0,0
X,X,X,X,X
0,0,0,0,0
0,0,0,0,0
0,0,0,0,0
1,0,0.53,0.53,0
X,X,X,X,X
X,X,X,X,X
X,X,X,X,X
X,X,X,X,X
0,0,0,0,0
X,X,X,X,X
0,0,0,0,0
0,0,0,0,0
3,1,1.05,0.79,0.26
0,0,0,0,0
0,0,0,0,0
X,X,X,X,X
X,X,X,X,X
14,16,4.79,2.24,2.56
3,0,0.97,0.97,0
2,0,1.92,1.92,0
X,X,X,X,X
0,0,0,0,0
0,0,0,0,0
0,0,0,0,0
X,X,X,X,X
1,0,0.49,0.49,0
1,0,0.52,0.52,0
X,X,X,X,X
X,X,X,X,X
0,0,0,0,0
1,0,0.93,0.93,0
0,0,0,0,0
0,0,0,0,0
0,0,0,0,0
0,0,0,0,0
0,0,0,0,0
X,X,X,X,X
X,X,X,X,X
X,X,X,X,X
0,0,0,0,0
0,1,0.16,0,0.16
1,0,5.56,5.56,0
X,X,X,X,X
1,1,0.58,0.29,0.29
0,0,0,0,0
0,0,0,0,0
0,0,0,0,0
X,X,X,X,X
1,1,1.59,0.79,0.79
0,0,0,0,0
0,1,1.89,0,1.89
30,4,5.65,4.98,0.66
1,0,0.34,0.34,0
X,X,X,X,X
1,0,1.02,1.02,0
2,0,1.02,1.02,0
1,0,0.54,0.54,0
0,0,0,0,0
X,X,X,X,X
X,X,X,X,X
X,X,X,X,X
X,X,X,X,X
0,0,0,0,0
X,X,X,X,X
0,0,0,0,0
0,0,0,0,0
3,0,0.69,0.69,0
0,0,0,0,0
1,0,0.94,0.94,0
X,X,X,X,X
X,X,X,X,X
5,20,3.71,0.74,2.97
0,3,0.91,0,0.91
6,0,3.61,3.61,0
X,X,X,X,X
2,0,1.8,1.8,0
1,0,2.27,2.27,0
0,0,0,0,0
X,X,X,X,X
0,0,0,0,0
0,0,0,0,0
X,X,X,X,X
0,0,0,0,0
0,0,0,0,0
1,0,0.88,0.88,0
0,0,0,0,0
0,0,0,0,0
0,0,0,0,0
0,0,0,0,0
0,0,0,0,0
X,X,X,X,X
X,X,X,X,X
X,X,X,X,X
0,0,0,0,0
2,0,0.32,0.32,0
0,0,0,0,0
X,X,X,X,X
1,2,0.94,0.31,0.63
0,0,0,0,0
1,0,1.82,1.82,0
1,1,1.16,0.58,0.58
X,X,X,X,X
0,1,0.78,0,0.78
0,0,0,0,0
1,2,3.66,1.22,2.44
45,12,6.52,5.15,1.37
3,0,0.9,0.9,0
0,0,0,0,0
3,0,2.75,2.75,0
1,0,0.53,0.53,0
0,0,0,0,0
0,0,0,0,0
X,X,X,X,X
X,X,X,X,X
X,X,X,X,X
X,X,X,X,X
0,0,0,0,0
X,X,X,X,X
0,0,0,0,0
0,0,0,0,0
5,1,1.32,1.1,0.22
0,0,0,0,0
0,0,0,0,0
X,X,X,X,X
X,X,X,X,X
17,30,5.62,2.03,3.58
2,4,1.72,0.57,1.15
0,0,0,0,0
X,X,X,X,X
0,0,0,0,0
1,0,1.12,1.12,0
0,0,0,0,0
0,0,0,0,0
0,0,0,0,0
3,1,1.76,1.32,0.44
X,X,X,X,X
0,0,0,0,0
0,0,0,0,0
0,0,0,0,0
1,0,0.71,0.71,0
0,0,0,0,0
1,0,0.26,0.26,0
0,0,0,0,0
1,0,3.7,3.7,0
X,X,X,X,X
X,X,X,X,X
X,X,X,X,X
1,0,0.81,0.81,0
0,1,0.16,0,0.16
1,0,2.7,2.7,0
X,X,X,X,X
0,1,0.3,0,0.3
0,0,0,0,0
0,0,0,0,0
0,1,0.56,0,0.56
X,X,X,X,X
0,1,0.75,0,0.75
0,0,0,0,0
0,0,0,0,0
17,16,3.62,1.86,1.75
2,0,0.65,0.65,0
0,0,0,0,0
1,0,0.84,0.84,0
2,0,1.16,1.16,0
0,0,0,0,0
1,0,0.45,0.45,0
X,X,X,X,X
X,X,X,X,X
X,X,X,X,X
X,X,X,X,X
1,0,1.2,1.2,0
X,X,X,X,X
0,0,0,0,0
0,0,0,0,0
3,0,0.53,0.53,0
1,0,0.4,0.4,0
0,0,0,0,0
0,0,0,0,0
X,X,X,X,X
20,32,5.93,2.28,3.65
6,1,1.94,1.67,0.28
5,1,4.84,4.03,0.81
X,X,X,X,X
0,1,0.68,0,0.68
0,1,1.1,0,1.1
0,0,0,0,0
0,0,0,0,0
4,0,1.73,1.73,0
0,1,0.38,0,0.38
X,X,X,X,X
1,0,9.09,9.09,0
0,0,0,0,0
1,0,0.51,0.51,0
0,0,0,0,0
0,0,0,0,0
0,0,0,0,0
0,0,0,0,0
0,0,0,0,0
X,X,X,X,X
0,0,0,0,0
X,X,X,X,X
0,0,0,0,0
5,2,0.85,0.61,0.24
1,0,1.18,1.18,0
X,X,X,X,X
3,2,1.18,0.71,0.47
0,0,0,0,0
1,0,1.35,1.35,0
0,0,0,0,0
X,X,X,X,X
0,1,0.68,0,0.68
0,0,0,0,0
1,2,3.33,1.11,2.22
10,14,2.47,1.03,1.44
2,0,0.5,0.5,0
0,0,0,0,0
0,0,0,0,0
4,0,1.49,1.49,0
0,0,0,0,0
4,0,1.44,1.44,0
X,X,X,X,X
X,X,X,X,X
X,X,X,X,X
X,X,X,X,X
1,0,1.3,1.3,0
X,X,X,X,X
0,0,0,0,0
0,1,2.7,0,2.7
9,4,2.3,1.6,0.71
1,0,0.36,0.36,0
2,0,1.01,1.01,0
0,0,0,0,0
X,X,X,X,X
29,34,7.2,3.31,3.89
5,0,1.29,1.29,0
6,0,3.13,3.13,0
X,X,X,X,X
1,1,1.4,0.7,0.7
1,0,1.1,1.1,0
1,0,2.27,2.27,0
0,0,0,0,0
0,0,0,0,0
2,0,0.78,0.78,0
X,X,X,X,X
0,0,0,0,0
0,0,0,0,0
1,0,0.43,0.43,0
2,1,1.62,1.08,0.54
1,1,3.64,1.82,1.82
0,0,0,0,0
0,0,0,0,0
0,0,0,0,0
X,X,X,X,X
0,0,0,0,0
X,X,X,X,X
1,0,0.85,0.85,0
1,1,0.22,0.11,0.11
1,1,1.67,0.83,0.83
X,X,X,X,X
1,1,0.49,0.24,0.24
0,0,0,0,0
2,0,1.82,1.82,0
1,0,0.46,0.46,0
X,X,X,X,X
1,1,1.39,0.69,0.69
1,0,0.9,0.9,0
0,1,0.85,0,0.85
10,18,2.64,0.94,1.7
2,0,0.54,0.54,0
0,0,0,0,0
1,0,0.74,0.74,0
9,0,2.71,2.71,0
1,0,0.44,0.44,0
3,2,1.89,1.14,0.76
X,X,X,X,X
X,X,X,X,X
X,X,X,X,X
X,X,X,X,X
1,0,1,1,0
X,X,X,X,X
0,0,0,0,0
0,0,0,0,0
4,2,0.96,0.64,0.32
2,0,0.81,0.81,0
1,0,0.43,0.43,0
0,1,6.67,0,6.67
X,X,X,X,X
43,48,8.79,4.15,4.64
1,1,0.4,0.2,0.2
1,2,1.3,0.43,0.87
X,X,X,X,X
0,1,0.58,0,0.58
0,0,0,0,0
0,0,0,0,0
0,0,0,0,0
0,0,0,0,0
5,7,4.71,1.96,2.75
X,X,X,X,X
0,0,0,0,0
1,0,0.68,0.68,0
2,0,0.64,0.64,0
1,0,0.58,0.58,0
0,0,0,0,0
0,0,0,0,0
0,0,0,0,0
0,0,0,0,0
X,X,X,X,X
0,0,0,0,0
X,X,X,X,X
0,0,0,0,0
6,2,0.83,0.62,0.21
0,0,0,0,0
X,X,X,X,X
2,1,0.61,0.41,0.2
0,0,0,0,0
4,0,3.33,3.33,0
1,0,0.38,0.38,0
X,X,X,X,X
0,1,0.61,0,0.61
1,0,0.99,0.99,0
0,3,2.34,0,2.34
10,11,2.06,0.98,1.08
0,2,0.51,0,0.51
0,0,0,0,0
0,0,0,0,0
16,0,4.27,4.27,0
1,0,0.42,0.42,0
3,1,1.22,0.91,0.3
X,X,X,X,X
X,X,X,X,X
X,X,X,X,X
X,X,X,X,X
4,1,1.23,0.99,0.25
X,X,X,X,X
0,0,0,0,0
0,0,0,0,0
2,0,0.3,0.3,0
0,0,0,0,0
3,0,1.51,1.51,0
0,0,0,0,0
X,X,X,X,X
33,54,6.93,2.63,4.3
6,3,1.63,1.09,0.54
4,1,2.66,2.13,0.53
0,0,0,0,0
0,1,0.53,0,0.53
1,0,0.76,0.76,0
0,0,0,0,0
0,0,0,0,0
0,0,0,0,0
5,3,1.77,1.11,0.66
X,X,X,X,X
1,0,1.22,1.22,0
1,1,0.55,0.28,0.28
2,1,0.5,0.33,0.17
2,0,0.95,0.95,0
0,1,1.33,0,1.33
0,0,0,0,0
1,0,1.16,1.16,0
0,0,0,0,0
X,X,X,X,X
1,0,4.76,4.76,0
X,X,X,X,X
1,0,0.57,0.57,0
8,3,0.94,0.69,0.26
3,1,2.58,1.94,0.65
0,0,0,0,0
2,3,0.62,0.25,0.37
1,0,0.85,0.85,0
3,0,1.81,1.81,0
0,1,0.37,0,0.37
X,X,X,X,X
0,1,0.65,0,0.65
1,0,0.78,0.78,0
0,2,1.63,0,1.63
15,10,2.23,1.34,0.89
6,0,1.52,1.52,0
0,0,0,0,0
0,1,0.47,0,0.47
11,0,2.68,2.68,0
0,2,0.6,0,0.6
1,0,0.23,0.23,0
X,X,X,X,X
X,X,X,X,X
X,X,X,X,X
X,X,X,X,X
6,7,2.45,1.13,1.32
X,X,X,X,X
0,1,0.72,0,0.72
1,0,1.67,1.67,0
5,0,0.71,0.71,0
2,1,1,0.66,0.33
1,0,0.36,0.36,0
0,0,0,0,0
X,X,X,X,X
26,37,6.3,2.6,3.7
8,0,1.43,1.43,0
5,0,2.63,2.63,0
0,0,0,0,0
0,0,0,0,0
0,1,0.9,0,0.9
0,0,0,0,0
0,0,0,0,0
2,0,0.77,0.77,0
5,1,1.21,1.01,0.2
X,X,X,X,X
1,0,0.88,0.88,0
2,1,0.72,0.48,0.24
3,1,0.6,0.45,0.15
0,0,0,0,0
1,0,1.52,1.52,0
1,0,0.17,0.17,0
2,0,2.08,2.08,0
0,0,0,0,0
X,X,X,X,X
1,0,5.88,5.88,0
X,X,X,X,X
0,1,0.6,0,0.6
1,3,0.35,0.09,0.26
1,1,1.14,0.57,0.57
1,0,2.78,2.78,0
4,3,0.72,0.41,0.31
2,0,1.4,1.4,0
2,0,1.06,1.06,0
0,0,0,0,0
X,X,X,X,X
0,1,0.56,0,0.56
0,0,0,0,0
3,0,2.68,2.68,0
10,19,2.52,0.87,1.65
5,0,1.18,1.18,0
1,0,1.47,1.47,0
2,1,1.49,1,0.5
2,2,0.97,0.48,0.48
0,0,0,0,0
1,2,0.64,0.21,0.42
X,X,X,X,X
X,X,X,X,X
X,X,X,X,X
X,X,X,X,X
3,5,1.59,0.6,0.99
X,X,X,X,X
0,1,0.74,0,0.74
0,0,0,0,0
3,2,0.7,0.42,0.28
1,0,0.32,0.32,0
0,0,0,0,0
0,0,0,0,0
X,X,X,X,X
24,51,6.8,2.18,4.62
6,0,1.01,1.01,0
2,0,1.25,1.25,0
0,0,0,0,0
0,1,0.37,0,0.37
0,0,0,0,0
0,0,0,0,0
0,0,0,0,0
0,0,0,0,0
2,1,0.59,0.4,0.2
X,X,X,X,X
0,1,0.97,0,0.97
1,0,0.23,0.23,0
2,4,0.82,0.27,0.55
3,0,1.01,1.01,0
1,1,2.22,1.11,1.11
0,1,0.17,0,0.17
1,0,0.9,0.9,0
0,1,1.19,0,1.19
1,0,8.33,8.33,0
0,0,0,0,0
X,X,X,X,X
0,1,0.58,0,0.58
11,1,0.78,0.71,0.06
4,4,3.7,1.85,1.85
0,0,0,0,0
6,9,1.58,0.63,0.95
1,1,1.2,0.6,0.6
5,0,2.62,2.62,0
0,0,0,0,0
X,X,X,X,X
2,0,0.94,0.94,0
1,0,0.88,0.88,0
2,1,2.33,1.55,0.78
8,10,1.56,0.69,0.87
4,0,0.91,0.91,0
0,0,0,0,0
0,0,0,0,0
13,1,3.54,3.28,0.25
0,0,0,0,0
2,0,0.39,0.39,0
X,X,X,X,X
X,X,X,X,X
X,X,X,X,X
X,X,X,X,X
5,1,1.29,1.08,0.22
X,X,X,X,X
0,0,0,0,0
0,0,0,0,0
9,2,1.58,1.29,0.29
2,0,0.59,0.59,0
0,0,0,0,0
0,0,0,0,0
X,X,X,X,X
27,40,6.25,2.52,3.73
5,3,1.25,0.78,0.47
4,0,2.88,2.88,0
0,0,0,0,0
1,0,0.34,0.34,0
0,1,0.89,0,0.89
1,1,1.69,0.85,0.85
0,0,0,0,0
0,1,0.36,0,0.36
5,0,0.92,0.92,0
X,X,X,X,X
0,0,0,0,0
1,2,0.74,0.25,0.5
3,0,0.41,0.41,0
1,1,0.65,0.32,0.32
0,0,0,0,0
0,0,0,0,0
2,0,2.22,2.22,0
0,0,0,0,0
1,0,7.14,7.14,0
1,0,4.17,4.17,0
X,X,X,X,X
2,0,1,1,0
8,4,0.78,0.52,0.26
3,3,2.67,1.33,1.33
0,0,0,0,0
0,2,0.21,0,0.21
1,0,0.63,0.63,0
13,0,5.83,5.83,0
0,1,0.33,0,0.33
X,X,X,X,X
0,0,0,0,0
0,0,0,0,0
1,4,4.35,0.87,3.48
12,18,2.56,1.02,1.53
6,0,1.28,1.28,0
0,0,0,0,0
0,0,0,0,0
28,2,6.38,5.96,0.43
0,1,0.26,0,0.26
1,1,0.38,0.19,0.19
X,X,X,X,X
X,X,X,X,X
X,X,X,X,X
X,X,X,X,X
15,8,3.89,2.54,1.35
X,X,X,X,X
0,0,0,0,0
0,0,0,0,0
9,0,1.24,1.24,0
3,0,0.94,0.94,0
4,0,1.57,1.57,0
0,0,0,0,0
X,X,X,X,X
51,67,8.56,3.7,4.86
6,2,1.17,0.88,0.29
3,0,1.58,1.58,0
0,0,0,0,0
0,0,0,0,0
0,0,0,0,0
1,2,3.57,1.19,2.38
0,0,0,0,0
0,0,0,0,0
7,3,1.72,1.21,0.52
X,X,X,X,X
0,0,0,0,0
5,2,1.72,1.23,0.49
4,0,0.52,0.52,0
3,0,0.96,0.96,0
1,1,2.5,1.25,1.25
0,0,0,0,0
2,0,2.11,2.11,0
0,0,0,0,0
1,1,14.29,7.14,7.14
1,1,10,5,5
X,X,X,X,X
0,0,0,0,0
12,2,0.89,0.76,0.13
5,6,4.35,1.98,2.37
0,0,0,0,0
9,9,1.53,0.77,0.77
2,0,1.32,1.32,0
13,1,4.83,4.48,0.34
0,0,0,0,0
X,X,X,X,X
1,1,0.87,0.43,0.43
2,0,1.59,1.59,0
0,2,1.6,0,1.6
12,9,1.65,0.94,0.71
8,0,1.67,1.67,0
0,0,0,0,0
0,0,0,0,0
16,0,2.98,2.98,0
0,1,0.24,0,0.24
2,0,0.34,0.34,0
X,X,X,X,X
X,X,X,X,X
X,X,X,X,X
X,X,X,X,X
5,1,0.96,0.8,0.16
X,X,X,X,X
1,0,0.7,0.7,0
0,0,0,0,0
10,1,1.31,1.19,0.12
8,0,2.03,2.03,0
2,0,0.67,0.67,0
1,0,1.11,1.11,0
X,X,X,X,X
78,79,10.89,5.41,5.48
7,2,1.34,1.04,0.3
5,1,2.7,2.25,0.45
0,0,0,0,0
1,0,0.36,0.36,0
0,2,1.31,0,1.31
1,0,0.84,0.84,0
0,0,0,0,0
0,0,0,0,0
10,2,1.87,1.56,0.31
X,X,X,X,X
0,0,0,0,0
5,1,1.28,1.07,0.21
0,0,0,0,0
0,0,0,0,0
0,0,0,0,0
0,0,0,0,0
1,0,0.85,0.85,0
0,0,0,0,0
0,0,0,0,0
0,0,0,0,0
X,X,X,X,X
0,0,0,0,0
18,1,1.13,1.07,0.06
4,2,3.23,2.15,1.08
1,0,2.78,2.78,0
8,4,0.9,0.6,0.3
2,0,1.35,1.35,0
39,0,14.29,14.29,0
1,2,0.78,0.26,0.52
X,X,X,X,X
0,1,0.44,0,0.44
0,0,0,0,0
1,1,1.09,0.54,0.54
10,19,1.92,0.66,1.25
16,0,3.09,3.09,0
0,0,0,0,0
0,0,0,0,0
33,1,6.05,5.87,0.18
0,0,0,0,0
1,0,0.18,0.18,0
X,X,X,X,X
X,X,X,X,X
X,X,X,X,X
X,X,X,X,X
15,9,3.54,2.21,1.33
X,X,X,X,X
1,0,0.55,0.55,0
1,0,2.22,2.22,0
10,1,1.25,1.14,0.11
7,1,2.07,1.81,0.26
4,0,1.14,1.14,0
3,0,2.78,2.78,0
X,X,X,X,X
75,69,9.17,4.77,4.39
14,9,2.81,1.71,1.1
4,0,2.6,2.6,0
2,0,5.56,5.56,0
4,3,2.41,1.37,1.03
1,0,0.63,0.63,0
0,0,0,0,0
1,2,3.7,1.23,2.47
0,0,0,0,0
21,5,3.54,2.86,0.68
X,X,X,X,X
0,0,0,0,0
5,0,1.14,1.14,0
3,4,0.93,0.4,0.53
1,0,0.33,0.33,0
0,0,0,0,0
5,1,0.86,0.71,0.14
4,0,3.01,3.01,0
0,0,0,0,0
X,X,X,X,X
1,0,3.45,3.45,0
X,X,X,X,X
0,0,0,0,0
21,4,1.47,1.23,0.23
3,2,1.87,1.12,0.75
0,0,0,0,0
9,7,1.16,0.65,0.51
2,0,0.98,0.98,0
48,0,13.08,13.08,0
2,2,0.88,0.44,0.44
X,X,X,X,X
0,1,0.37,0,0.37
1,0,0.82,0.82,0
1,0,0.62,0.62,0
21,22,2.46,1.2,1.26
7,0,1.45,1.45,0
1,0,1.33,1.33,0
0,0,0,0,0
38,1,6.39,6.23,0.16
2,0,0.47,0.47,0
4,0,0.69,0.69,0
X,X,X,X,X
X,X,X,X,X
X,X,X,X,X
X,X,X,X,X
14,8,3.38,2.15,1.23
X,X,X,X,X
3,0,1.82,1.82,0
0,0,0,0,0
15,2,2.02,1.79,0.24
10,1,2.96,2.69,0.27
5,1,1.83,1.52,0.3
6,0,6.38,6.38,0
X,X,X,X,X
122,95,12.75,7.17,5.58
7,5,1.57,0.92,0.65
7,4,6.96,4.43,2.53
5,0,8.77,8.77,0
6,1,2.08,1.78,0.3
0,0,0,0,0
2,0,1.55,1.55,0
0,0,0,0,0
0,0,0,0,0
20,5,3.49,2.79,0.7
X,X,X,X,X
1,1,1.87,0.93,0.93
3,3,1.32,0.66,0.66
15,1,2.15,2.02,0.13
1,0,0.36,0.36,0
1,0,1.19,1.19,0
11,1,2.05,1.88,0.17
3,0,2.52,2.52,0
0,1,1.05,0,1.05
1,0,10,10,0
0,0,0,0,0
X,X,X,X,X
1,0,0.42,0.42,0
30,3,1.97,1.79,0.18
2,3,1.74,0.7,1.05
0,0,0,0,0
10,7,1.4,0.82,0.58
1,0,0.55,0.55,0
58,0,16.25,16.25,0
2,2,0.93,0.46,0.46
X,X,X,X,X
1,4,2.09,0.42,1.67
0,0,0,0,0
2,3,2.54,1.02,1.52
17,16,2.15,1.11,1.04
16,0,2.91,2.91,0
0,0,0,0,0
0,0,0,0,0
35,1,5.55,5.39,0.15
3,1,0.97,0.73,0.24
5,0,0.88,0.88,0
X,X,X,X,X
X,X,X,X,X
X,X,X,X,X
X,X,X,X,X
20,9,4.06,2.8,1.26
X,X,X,X,X
1,0,0.45,0.45,0
2,1,4.11,2.74,1.37
17,2,1.79,1.6,0.19
17,0,3.68,3.68,0
4,1,1.28,1.03,0.26
14,1,8.93,8.33,0.6
X,X,X,X,X
111,80,11.34,6.59,4.75
13,8,2.5,1.55,0.95
18,6,10.53,7.89,2.63
3,0,6.82,6.82,0
3,2,1.58,0.95,0.63
0,0,0,0,0
2,0,1.82,1.82,0
1,1,2.2,1.1,1.1
0,1,0.33,0,0.33
16,6,2.97,2.16,0.81
X,X,X,X,X
1,1,1.23,0.62,0.62
20,2,3.7,3.36,0.34
5,2,0.76,0.54,0.22
5,2,1.71,1.22,0.49
1,1,1.55,0.78,0.78
16,2,2.52,2.24,0.28
2,0,1.83,1.83,0
1,0,1.14,1.14,0
1,0,8.33,8.33,0
0,0,0,0,0
X,X,X,X,X
4,0,1.38,1.38,0
60,14,3.58,2.9,0.68
6,3,2.86,1.9,0.95
0,0,0,0,0
16,5,1.44,1.09,0.34
1,0,0.52,0.52,0
44,1,10.82,10.58,0.24
3,1,0.85,0.64,0.21
X,X,X,X,X
1,0,0.35,0.35,0
0,0,0,0,0
2,6,3.83,0.96,2.87
12,20,1.8,0.67,1.12
30,0,4.76,4.76,0
3,0,3.3,3.3,0
0,0,0,0,0
33,0,5.45,5.45,0
5,3,1.66,1.04,0.62
7,2,1.21,0.94,0.27
X,X,X,X,X
X,X,X,X,X
X,X,X,X,X
X,X,X,X,X
20,7,3.73,2.77,0.97
X,X,X,X,X
1,0,0.61,0.61,0
0,0,0,0,0
30,2,3.13,2.94,0.2
18,3,4.3,3.69,0.61
1,0,0.29,0.29,0
8,0,4.65,4.65,0
X,X,X,X,X
171,75,14.24,9.9,4.34
19,10,3.8,2.49,1.31
24,8,13.68,10.26,3.42
6,0,12,12,0
3,2,1.49,0.9,0.6
1,0,0.56,0.56,0
2,0,1.68,1.68,0
0,0,0,0,0
0,0,0,0,0
16,2,2.44,2.17,0.27
X,X,X,X,X
2,0,1.46,1.46,0
8,5,2.55,1.57,0.98
24,7,3.26,2.52,0.74
7,0,1.96,1.96,0
2,2,4.6,2.3,2.3
11,1,1.57,1.44,0.13
9,1,7.3,6.57,0.73
5,0,4.55,4.55,0
0,0,0,0,0
0,0,0,0,0
X,X,X,X,X
1,0,0.56,0.56,0
46,2,3.24,3.1,0.13
8,3,3.43,2.49,0.93
0,0,0,0,0
25,8,2.23,1.69,0.54
2,0,1.12,1.12,0
56,0,14.29,14.29,0
13,3,3.21,2.61,0.6
X,X,X,X,X
0,4,1.29,0,1.29
0,0,0,0,0
3,1,2.17,1.63,0.54
37,29,3.99,2.24,1.75
33,0,5.65,5.65,0
7,0,5.79,5.79,0
3,0,1.21,1.21,0
38,0,5.58,5.58,0
5,2,1.55,1.1,0.44
13,3,2.34,1.9,0.44
X,X,X,X,X
X,X,X,X,X
X,X,X,X,X
X,X,X,X,X
31,8,4.87,3.87,1
X,X,X,X,X
0,0,0,0,0
1,0,1.33,1.33,0
64,4,5.56,5.24,0.33
22,2,4.5,4.13,0.38
13,0,3.32,3.32,0
14,0,8.86,8.86,0
X,X,X,X,X
260,86,19.91,14.96,4.95
79,22,10.56,8.26,2.3
23,3,10.16,8.98,1.17
8,0,14.29,14.29,0
7,11,4.49,1.75,2.74
2,1,1.74,1.16,0.58
4,0,3.23,3.23,0
3,0,3.19,3.19,0
2,0,0.55,0.55,0
51,4,6.39,5.92,0.46
X,X,X,X,X
3,0,1.71,1.71,0
17,3,3.55,3.02,0.53
31,1,3.57,3.46,0.11
7,0,2.07,2.07,0
5,2,6.03,4.31,1.72
24,1,3.31,3.18,0.13
10,0,7.75,7.75,0
2,0,1.89,1.89,0
5,0,15.15,15.15,0
0,0,0,0,0
X,X,X,X,X
6,0,1.68,1.68,0
126,8,6.37,5.99,0.38
12,8,6.39,3.83,2.56
1,0,3.33,3.33,0
38,4,2.55,2.31,0.24
5,0,2.54,2.54,0
151,0,26.08,26.08,0
14,2,3.05,2.67,0.38
X,X,X,X,X
5,6,3.06,1.39,1.67
2,1,2.08,1.39,0.69
7,3,4.55,3.18,1.36
75,24,4.86,3.69,1.18
92,0,12.01,12.01,0
7,0,6.93,6.93,0
9,0,3.88,3.88,0
69,2,9.94,9.66,0.28
12,1,2.58,2.39,0.2
16,2,2.36,2.09,0.26
X,X,X,X,X
X,X,X,X,X
X,X,X,X,X
X,X,X,X,X
44,13,5.88,4.54,1.34
X,X,X,X,X
6,0,2.53,2.53,0
4,0,4.88,4.88,0
105,1,7.9,7.82,0.07
54,5,9.04,8.27,0.77
44,3,10.85,10.16,0.69
7,0,3.89,3.89,0
X,X,X,X,X
375,87,21.58,17.52,4.06
99,35,11.11,8.21,2.9
21,5,8.9,7.19,1.71
30,0,34.48,34.48,0
19,9,6.18,4.19,1.99
3,0,1.38,1.38,0
7,2,5.45,4.24,1.21
18,0,14.29,14.29,0
8,1,2.55,2.27,0.28
109,24,12.67,10.38,2.29
X,X,X,X,X
4,1,3.25,2.6,0.65
31,4,5.54,4.91,0.63
40,14,5.68,4.21,1.47
14,2,4.29,3.75,0.54
4,3,4.32,2.47,1.85
37,1,5.02,4.89,0.13
25,1,14.44,13.89,0.56
8,1,6,5.33,0.67
5,0,17.24,17.24,0
3,0,12,12,0
X,X,X,X,X
5,0,1.43,1.43,0
335,15,13.86,13.27,0.59
98,12,21.15,18.85,2.31
2,0,6.06,6.06,0
79,10,5.18,4.6,0.58
12,3,6.7,5.36,1.34
239,3,32.84,32.43,0.41
29,9,6.65,5.08,1.58
X,X,X,X,X
13,9,5.79,3.42,2.37
5,1,3.82,3.18,0.64
15,1,5.99,5.62,0.37
86,46,6.77,4.41,2.36
217,4,22.46,22.05,0.41
11,2,8.97,7.59,1.38
10,0,4.37,4.37,0
176,2,18.9,18.68,0.21
31,4,6.25,5.54,0.71
39,6,5.45,4.72,0.73
X,X,X,X,X
X,X,X,X,X
X,X,X,X,X
X,X,X,X,X
65,16,8.19,6.57,1.62
X,X,X,X,X
2,1,1.06,0.71,0.35
5,0,5.95,5.95,0
186,9,11.96,11.41,0.55
127,6,14.54,13.88,0.66
107,6,17.3,16.39,0.92
17,0,8.29,8.29,0
X,X,X,X,X
338,76,22.17,18.1,4.07
115,29,10.87,8.68,2.19
7,18,7.06,1.98,5.08
35,0,33.02,33.02,0
43,16,9.72,7.08,2.64
5,1,3.14,2.62,0.52
12,2,10.69,9.16,1.53
7,0,5.07,5.07,0
7,0,2,2,0
117,35,11.84,9.11,2.73
7,0,11.48,11.48,0
52,2,20,19.26,0.74
82,5,9.81,9.24,0.56
63,10,5.93,5.12,0.81
31,3,7.26,6.62,0.64
14,8,12.29,7.82,4.47
70,5,8.08,7.54,0.54
68,0,27.87,27.87,0
10,0,6.25,6.25,0
X,X,X,X,X
2,0,5,5,0
X,X,X,X,X
9,3,3.39,2.54,0.85
708,14,22.01,21.58,0.43
78,9,13.22,11.85,1.37
11,0,17.19,17.19,0
172,20,9.05,8.11,0.94
14,2,6.04,5.28,0.75
522,0,43.54,43.54,0
54,15,10.27,8.04,2.23
X,X,X,X,X
19,13,6.72,3.99,2.73
11,0,5.24,5.24,0
30,4,10.06,8.88,1.18
129,38,6.82,5.27,1.55
308,1,24.92,24.84,0.08
21,1,11.28,10.77,0.51
29,1,12.45,12.03,0.41
333,2,22.96,22.82,0.14
54,10,8.37,7.06,1.31
72,5,7.46,6.98,0.48
X,X,X,X,X
X,X,X,X,X
X,X,X,X,X
X,X,X,X,X
52,12,6.96,5.66,1.31
X,X,X,X,X
10,0,3.34,3.34,0
6,0,13.04,13.04,0
291,0,15.59,15.59,0
112,3,12.12,11.8,0.32
75,6,13.46,12.46,1
23,1,10.39,9.96,0.43
X,X,X,X,X
304,54,18.99,16.13,2.86
91,24,9.98,7.9,2.08
28,10,11.24,8.28,2.96
36,0,24,24,0
43,15,9.27,6.87,2.4
11,2,4.78,4.04,0.74
34,2,16,15.11,0.89
6,0,4.23,4.23,0
10,1,3.07,2.79,0.28
121,37,12.35,9.46,2.89
9,2,15.07,12.33,2.74
21,3,11.16,9.77,1.4
84,10,9.49,8.48,1.01
85,16,8.02,6.75,1.27
37,3,7.46,6.9,0.56
11,1,9.02,8.27,0.75
85,6,9.36,8.74,0.62
51,0,23.08,23.08,0
16,2,10.53,9.36,1.17
1,0,4.17,4.17,0
4,0,8.7,8.7,0
X,X,X,X,X
27,0,6.08,6.08,0
603,22,17.23,16.63,0.61
29,11,7.45,5.4,2.05
4,0,7.27,7.27,0
193,29,9.61,8.35,1.25
16,3,6.38,5.37,1.01
520,4,35.57,35.3,0.27
93,11,11.78,10.53,1.25
X,X,X,X,X
25,9,8.9,6.54,2.36
8,0,4.35,4.35,0
20,5,8.83,7.07,1.77
155,42,8.65,6.8,1.84
222,2,17.19,17.04,0.15
39,2,16.02,15.23,0.78
28,3,9.54,8.62,0.92
406,8,23.09,22.64,0.45
38,14,6.81,4.97,1.83
93,5,8.16,7.74,0.42
X,X,X,X,X
X,X,X,X,X
X,X,X,X,X
X,X,X,X,X
67,16,9.82,7.93,1.89
X,X,X,X,X
7,0,2.4,2.4,0
4,1,5.81,4.65,1.16
313,7,16.39,16.03,0.36
101,3,11.87,11.53,0.34
78,3,13.15,12.66,0.49
30,1,13.3,12.88,0.43
X,X,X,X,X
211,34,17.75,15.29,2.46
131,25,14.31,12.02,2.29
28,5,10.25,8.7,1.55
38,0,22.35,22.35,0
78,27,15.84,11.76,4.07
7,1,3.27,2.86,0.41
36,1,12.89,12.54,0.35
17,0,10.24,10.24,0
18,1,6.67,6.32,0.35
126,46,13.78,10.1,3.69
13,0,16.88,16.88,0
23,4,13.37,11.39,1.98
163,8,15.95,15.21,0.75
102,15,9.42,8.21,1.21
59,5,9.94,9.16,0.78
7,3,7.81,5.47,2.34
115,11,12.21,11.14,1.07
57,1,21.25,20.88,0.37
33,0,18.54,18.54,0
6,0,17.14,17.14,0
2,2,12.5,6.25,6.25
X,X,X,X,X
33,3,7.71,7.07,0.64
732,51,21.08,19.71,1.37
54,12,14.35,11.74,2.61
4,9,19.12,5.88,13.24
261,36,12.36,10.87,1.5
29,1,10.07,9.73,0.34
447,4,32.12,31.84,0.28
120,21,14.67,12.49,2.19
X,X,X,X,X
31,13,10.16,7.16,3
27,0,11.39,11.39,0
23,6,10.66,8.46,2.21
285,47,13.83,11.88,1.96
226,0,18.51,18.51,0
29,0,13.88,13.88,0
18,7,6.94,5,1.94
461,8,24.38,23.96,0.42
30,12,6.44,4.6,1.84
126,22,11.47,9.77,1.71
X,X,X,X,X
X,X,X,X,X
X,X,X,X,X
X,X,X,X,X
77,17,12.79,10.48,2.31
X,X,X,X,X
6,1,2.6,2.23,0.37
10,0,10.53,10.53,0
234,8,13.51,13.07,0.45
102,6,13.47,12.72,0.75
123,5,20.09,19.31,0.78
37,3,18.26,16.89,1.37
X,X,X,X,X
418,79,25.23,21.22,4.01
241,27,20.26,18.22,2.04
30,8,13.01,10.27,2.74
28,0,19.18,19.18,0
89,27,17.31,13.28,4.03
23,3,10.57,9.35,1.22
62,7,24.38,21.91,2.47
25,2,16.17,14.97,1.2
20,2,6.85,6.23,0.62
197,58,18.46,14.27,4.2
30,0,24.59,24.59,0
34,12,20,14.78,5.22
184,11,17.76,16.76,1
157,36,13.83,11.25,2.58
109,5,16.94,16.2,0.74
11,4,10.64,7.8,2.84
120,16,13.23,11.67,1.56
54,1,22.92,22.5,0.42
44,0,22.92,22.92,0
6,0,21.43,21.43,0
1,1,3.92,1.96,1.96
X,X,X,X,X
51,1,9.81,9.62,0.19
922,53,25.75,24.35,1.4
64,6,13.81,12.62,1.18
19,0,21.59,21.59,0
360,60,16.14,13.83,2.31
27,3,10.27,9.25,1.03
430,7,31.9,31.39,0.51
173,19,18.27,16.46,1.81
X,X,X,X,X
32,25,12.21,6.85,5.35
48,1,17.56,17.2,0.36
26,6,11.94,9.7,2.24
340,55,16.34,14.07,2.28
183,1,16.8,16.71,0.09
32,4,13.33,11.85,1.48
33,6,9.63,8.15,1.48
480,17,25.2,24.34,0.86
53,19,10.34,7.61,2.73
155,24,13.14,11.38,1.76
X,X,X,X,X
X,X,X,X,X
X,X,X,X,X
X,X,X,X,X
79,18,12.66,10.31,2.35
X,X,X,X,X
10,0,3.34,3.34,0
12,0,10.81,10.81,0
211,8,12.7,12.23,0.46
109,9,14.23,13.15,1.09
130,7,19.77,18.76,1.01
54,3,25.22,23.89,1.33
X,X,X,X,X
392,81,24.51,20.31,4.2
213,36,19.35,16.55,2.8
18,9,10.98,7.32,3.66
33,0,26.4,26.4,0
67,37,15.34,9.88,5.46
26,1,10.11,9.74,0.37
76,7,27.57,25.25,2.33
12,0,8.7,8.7,0
25,0,6.89,6.89,0
231,31,16.61,14.65,1.97
26,0,25,25,0
47,23,25,16.79,8.21
235,14,17.89,16.88,1.01
162,52,15.61,11.82,3.79
115,8,17.42,16.29,1.13
16,1,12.69,11.94,0.75
126,17,12.73,11.22,1.51
41,2,18.38,17.52,0.85
53,0,24.88,24.88,0
5,0,17.86,17.86,0
4,0,10.53,10.53,0
X,X,X,X,X
77,6,13.43,12.46,0.97
1052,74,26.36,24.63,1.73
59,9,13.05,11.32,1.73
13,2,14.56,12.62,1.94
378,85,17.49,14.28,3.21
56,8,18.82,16.47,2.35
315,15,27.21,25.97,1.24
199,25,22.22,19.74,2.48
X,X,X,X,X
50,31,15.03,9.28,5.75
48,0,18.6,18.6,0
15,2,7.36,6.49,0.87
402,74,17.64,14.89,2.74
150,2,14.17,13.98,0.19
27,2,11.42,10.63,0.79
46,8,13.14,11.19,1.95
343,17,20.3,19.35,0.96
38,20,10.3,6.75,3.55
253,44,19.76,16.83,2.93
X,X,X,X,X
X,X,X,X,X
X,X,X,X,X
X,X,X,X,X
118,27,14.04,11.42,2.61
X,X,X,X,X
11,0,3.74,3.74,0
19,5,18.6,14.73,3.88
248,12,14.29,13.63,0.66
151,11,16.35,15.24,1.11
164,5,23.44,22.75,0.69
89,6,31.05,29.08,1.96
X,X,X,X,X
499,109,25.39,20.84,4.55
278,62,21.63,17.68,3.94
25,4,10.9,9.4,1.5
20,0,16.67,16.67,0
120,50,24.67,17.42,7.26
54,8,21.09,18.37,2.72
134,29,34.24,28.15,6.09
22,1,13.94,13.33,0.61
34,2,9.33,8.81,0.52
349,87,23.93,19.15,4.77
44,1,32.85,32.12,0.73
63,8,24.91,22.11,2.81
288,16,22.96,21.75,1.21
205,63,16.52,12.64,3.88
133,13,18.84,17.16,1.68
26,4,19.23,16.67,2.56
149,28,15.51,13.06,2.45
34,1,15.7,15.25,0.45
65,5,27.89,25.9,1.99
15,0,46.88,46.88,0
1,0,2.94,2.94,0
X,X,X,X,X
124,3,19.87,19.41,0.47
1129,64,27.82,26.33,1.49
164,18,24.2,21.81,2.39
13,1,13.59,12.62,0.97
438,112,20,15.93,4.07
72,24,21.15,15.86,5.29
269,16,26.94,25.43,1.51
280,33,26.98,24.14,2.84
X,X,X,X,X
54,26,14.81,10,4.81
66,7,22.26,20.12,2.13
33,11,14.62,10.96,3.65
664,107,22.51,19.39,3.12
166,6,16.29,15.72,0.57
20,4,11.88,9.9,1.98
70,4,27.61,26.12,1.49
245,24,16.75,15.26,1.49
33,11,6.83,5.12,1.71
357,51,26.19,22.91,3.27
X,X,X,X,X
X,X,X,X,X
X,X,X,X,X
X,X,X,X,X
143,47,15.59,11.73,3.86
X,X,X,X,X
18,8,6.88,4.76,2.12
50,1,26.56,26.04,0.52
276,11,15.56,14.97,0.6
166,22,17.7,15.63,2.07
189,9,27.85,26.58,1.27
102,8,33.64,31.19,2.45
X,X,X,X,X
590,124,24.47,20.22,4.25
263,95,20.84,15.31,5.53
15,6,8.75,6.25,2.5
19,0,16.96,16.96,0
193,85,26.28,18.24,8.03
84,15,24.75,21,3.75
165,30,33.05,27.97,5.08
31,6,18.23,15.27,2.96
76,4,18.14,17.23,0.91
424,136,25.26,19.12,6.13
64,0,35.56,35.56,0
105,19,33.07,28,5.07
413,31,28.08,26.12,1.96
368,132,23.74,17.47,6.27
141,25,18.95,16.1,2.85
40,4,19.3,17.54,1.75
210,62,18.9,14.59,4.31
32,9,19.34,15.09,4.25
77,7,29.37,26.92,2.45
6,0,17.65,17.65,0
5,0,17.24,17.24,0
X,X,X,X,X
203,14,22.94,21.46,1.48
1171,95,29.84,27.6,2.24
208,18,25.39,23.37,2.02
22,2,17.02,15.6,1.42
636,342,28.06,18.24,9.81
110,27,23.78,19.1,4.69
169,9,19.52,18.53,0.99
354,53,30.76,26.76,4.01
X,X,X,X,X
85,39,18.76,12.86,5.9
94,6,27.47,25.82,1.65
46,10,16.57,13.61,2.96
892,185,25.98,21.52,4.46
155,2,13.35,13.18,0.17
38,6,19.64,16.96,2.68
125,7,32.51,30.79,1.72
130,18,11.45,10.05,1.39
47,38,11.97,6.62,5.35
642,96,33.79,29.4,4.4
X,X,X,X,X
X,X,X,X,X
X,X,X,X,X
X,X,X,X,X
167,77,19.08,13.06,6.02
X,X,X,X,X
17,1,5.16,4.87,0.29
41,6,21.36,18.64,2.73
192,12,11.35,10.68,0.67
164,28,19.73,16.86,2.88
143,11,21.88,20.31,1.56
93,9,30.54,27.84,2.69
X,X,X,X,X
546,146,24.26,19.14,5.12
246,162,21.98,13.25,8.73
13,13,12.75,6.37,6.37
17,0,18.68,18.68,0
232,135,30.89,19.53,11.36
109,29,30.26,23.9,6.36
149,37,32.52,26.05,6.47
32,2,11.15,10.49,0.66
74,4,15.73,14.92,0.81
406,141,25.61,19.01,6.6
74,7,33.61,30.71,2.9
116,38,34.92,26.3,8.62
359,37,26.7,24.21,2.49
520,196,29.7,21.57,8.13
169,64,23.51,17.05,6.46
40,5,18.75,16.67,2.08
223,88,21.36,15.32,6.04
35,3,15.57,14.34,1.23
70,24,29.19,21.74,7.45
4,2,14.29,9.52,4.76
4,2,14.29,9.52,4.76
X,X,X,X,X
255,4,24.41,24.03,0.38
871,122,23.95,21.01,2.94
212,42,25.6,21.37,4.23
38,8,27.06,22.35,4.71
864,367,30.02,21.07,8.95
117,32,27.29,21.43,5.86
105,20,14.65,12.31,2.34
354,42,32.35,28.92,3.43
X,X,X,X,X
115,62,25.04,16.27,8.77
108,18,28.83,24.71,4.12
52,11,15.87,13.1,2.77
802,200,25.8,20.65,5.15
101,6,10.09,9.53,0.57
23,9,16.67,11.98,4.69
158,22,37.89,33.26,4.63
76,32,10.35,7.29,3.07
58,42,12.17,7.06,5.11
742,206,37.07,29.02,8.06
X,X,X,X,X
X,X,X,X,X
X,X,X,X,X
X,X,X,X,X
151,93,19.9,12.32,7.59
X,X,X,X,X
20,4,6.4,5.33,1.07
47,6,23.66,20.98,2.68
140,12,9.92,9.14,0.78
117,41,15.98,11.83,4.15
127,17,22.68,20,2.68
117,19,34.96,30.08,4.88
X,X,X,X,X
460,160,23.9,17.73,6.17
230,157,22.54,13.4,9.14
18,4,9.73,7.96,1.77
16,0,20.78,20.78,0
209,129,39.21,24.25,14.97
128,39,31.75,24.33,7.41
89,38,27.97,19.6,8.37
34,6,23.12,19.65,3.47
85,15,18.87,16.04,2.83
382,121,26.57,20.18,6.39
67,8,31.25,27.92,3.33
180,60,43.8,32.85,10.95
351,38,29.05,26.21,2.84
529,299,30.33,19.38,10.95
178,66,24.85,18.13,6.72
40,2,18.03,17.17,0.86
157,81,18.24,12.03,6.21
14,9,11.17,6.8,4.37
69,43,34.04,20.97,13.07
X,X,X,X,X
12,2,23.33,20,3.33
X,X,X,X,X
229,8,22.01,21.26,0.74
760,123,23.15,19.92,3.22
170,27,22.7,19.59,3.11
28,11,21.31,15.3,6.01
888,477,30.85,20.07,10.78
56,28,17.57,11.72,5.86
66,28,14.29,10.03,4.26
264,60,27.55,22.45,5.1
X,X,X,X,X
119,55,24.07,16.46,7.61
64,19,21.61,16.67,4.95
58,21,18.9,13.88,5.02
646,193,24.11,18.56,5.55
76,8,8.65,7.83,0.82
40,13,23.87,18.02,5.86
221,40,43.87,37.14,6.72
57,21,8.52,6.23,2.3
76,55,15.16,8.8,6.37
757,252,36.23,27.18,9.05
X,X,X,X,X
X,X,X,X,X
X,X,X,X,X
X,X,X,X,X
104,72,18.09,10.69,7.4
X,X,X,X,X
16,5,6.19,4.72,1.47
24,4,18.42,15.79,2.63
92,10,7.14,6.44,0.7
102,51,17.67,11.78,5.89
85,20,17.02,13.78,3.24
70,17,26.69,21.47,5.21
X,X,X,X,X
366,110,20.26,15.58,4.68
147,135,19.04,9.93,9.12
19,6,11.79,8.96,2.83
8,0,14.29,14.29,0
105,103,22.32,11.27,11.05
92,26,29.95,23.35,6.6
68,24,23.35,17.26,6.09
25,2,15.34,14.2,1.14
60,8,14.11,12.45,1.66
415,124,28.47,21.92,6.55
52,7,24.58,21.67,2.92
87,34,28.34,20.37,7.96
185,56,22.05,16.93,5.12
382,227,25.32,15.88,9.44
73,26,15.62,11.51,4.1
26,2,13.4,12.44,0.96
69,64,12.59,6.53,6.06
8,14,13.33,4.85,8.48
29,27,26.42,13.68,12.74
2,1,17.65,11.76,5.88
7,1,19.51,17.07,2.44
X,X,X,X,X
186,7,20.1,19.38,0.73
386,95,15.29,12.27,3.02
113,39,20.35,15.13,5.22
6,3,8.74,5.83,2.91
459,342,23.04,13.2,9.84
22,32,12.44,5.07,7.37
58,21,13.26,9.73,3.52
138,42,19.05,14.6,4.44
X,X,X,X,X
53,29,14.49,9.36,5.12
40,22,20.06,12.94,7.12
33,24,16.91,9.79,7.12
502,191,21.68,15.7,5.97
55,6,7.59,6.84,0.75
43,11,25.12,20,5.12
114,20,29.78,25.33,4.44
36,23,7.97,4.86,3.11
64,42,13.2,7.97,5.23
438,222,29.53,19.6,9.93
X,X,X,X,X
X,X,X,X,X
X,X,X,X,X
X,X,X,X,X
91,63,15.67,9.26,6.41
X,X,X,X,X
25,4,8.41,7.25,1.16
25,5,19.35,16.13,3.23
80,13,6.22,5.35,0.87
74,70,17,8.74,8.26
62,25,14.85,10.58,4.27
46,12,17.96,14.24,3.72
X,X,X,X,X
289,111,18.3,13.22,5.08
154,147,20.21,10.34,9.87
13,11,11.88,6.44,5.45
7,0,10.45,10.45,0
80,99,22.1,9.88,12.22
86,52,27.49,17.13,10.36
45,32,23.05,13.47,9.58
14,17,17.13,7.73,9.39
46,19,13.08,9.26,3.82
454,93,29.33,24.34,4.99
66,23,40.64,30.14,10.5
64,43,28.31,16.93,11.38
142,50,18.97,14.03,4.94
274,195,21.6,12.62,8.98
95,101,23.14,11.22,11.92
22,7,15.59,11.83,3.76
50,72,12.68,5.2,7.48
5,17,11.34,2.58,8.76
23,20,21.29,11.39,9.9
4,2,22.22,14.81,7.41
5,1,12.77,10.64,2.13
X,X,X,X,X
166,14,21.84,20.15,1.7
182,101,10.35,6.66,3.69
95,60,22.24,13.63,8.61
8,13,15.11,5.76,9.35
402,389,23.97,12.18,11.79
21,36,15.75,5.8,9.94
40,31,12.26,6.91,5.35
95,54,17.61,11.23,6.38
X,X,X,X,X
61,35,18.05,11.47,6.58
25,28,19.2,9.06,10.14
46,32,16.99,10.02,6.97
454,226,21.94,14.65,7.29
56,10,7.9,6.71,1.2
27,8,21.21,16.36,4.85
99,43,33.18,23.13,10.05
21,24,6.44,3,3.43
79,54,18.97,11.27,7.7
321,269,29.15,15.86,13.29
X,X,X,X,X
X,X,X,X,X
X,X,X,X,X
X,X,X,X,X
84,60,14.94,8.71,6.22
X,X,X,X,X
18,6,8.22,6.16,2.05
22,6,19.05,14.97,4.08
87,18,7.46,6.18,1.28
49,92,16.67,5.79,10.87
37,39,13.62,6.63,6.99
35,28,23.51,13.06,10.45
X,X,X,X,X
229,138,16.97,10.59,6.38
161,197,22.46,10.1,12.36
6,8,6.31,2.7,3.6
12,1,16.88,15.58,1.3
59,97,19.21,7.27,11.95
68,65,31.37,16.04,15.33
26,21,16.04,8.87,7.17
19,21,25,11.88,13.13
45,22,16.46,11.06,5.41
470,141,31.53,24.25,7.28
49,28,33.33,21.21,12.12
46,50,27.91,13.37,14.53
104,43,15.57,11.02,4.56
215,233,21.75,10.44,11.31
64,122,22.12,7.61,14.51
15,5,11.43,8.57,2.86
49,81,12.82,4.83,7.99
4,13,9.94,2.34,7.6
17,31,25,8.85,16.15
6,1,21.88,18.75,3.13
10,3,35.14,27.03,8.11
X,X,X,X,X
127,29,20.37,16.58,3.79
164,132,12.29,6.81,5.48
69,87,23.28,10.3,12.99
3,20,19.17,2.5,16.67
364,422,24.42,11.31,13.11
21,40,16.53,5.69,10.84
19,32,9.66,3.6,6.06
59,66,17.99,8.49,9.5
X,X,X,X,X
61,35,17.08,10.85,6.23
10,31,15.3,3.73,11.57
29,26,13.89,7.32,6.57
304,184,18.52,11.54,6.98
41,10,6.61,5.32,1.3
21,7,20,15,5
92,40,30.77,21.45,9.32
19,25,6.19,2.67,3.52
83,65,17.7,9.93,7.78
253,286,28.31,13.29,15.02
X,X,X,X,X
X,X,X,X,X
X,X,X,X,X
X,X,X,X,X
74,105,16.95,7.01,9.94
X,X,X,X,X
9,8,6.14,3.25,2.89
22,14,23.23,14.19,9.03
62,18,6.54,5.07,1.47
36,85,16.9,5.03,11.87
32,33,12.43,6.12,6.31
41,29,23.49,13.76,9.73
X,X,X,X,X
386,170,24.9,17.29,7.61
167,210,24.53,10.87,13.66
9,4,6.91,4.79,2.13
6,1,18.92,16.22,2.7
70,135,24.52,8.37,16.15
72,49,29.16,17.35,11.81
21,25,20.26,9.25,11.01
6,14,16.95,5.08,11.86
57,43,20.92,11.92,9
65,58,12.29,6.49,5.79
38,41,33.91,16.31,17.6
48,51,29.46,14.29,15.18
100,97,20.39,10.35,10.04
199,313,24.69,9.59,15.09
58,168,28.68,7.36,21.32
5,2,5.47,3.91,1.56
37,92,13.65,3.92,9.74
2,8,8.26,1.65,6.61
11,25,20.34,6.21,14.12
4,0,17.39,17.39,0
3,0,8.57,8.57,0
X,X,X,X,X
75,30,17.27,12.34,4.93
106,172,11.64,4.44,7.2
76,113,24.26,9.76,14.51
9,16,25,9,16
407,529,26.5,11.52,14.98
8,30,12.18,2.56,9.62
11,32,9.62,2.46,7.16
43,80,17.6,6.15,11.44
X,X,X,X,X
75,54,20.84,12.12,8.72
10,39,17.19,3.51,13.68
50,49,19.19,9.69,9.5
201,159,15.52,8.66,6.85
37,10,6.37,5.01,1.36
18,14,18.39,10.34,8.05
106,72,33.02,19.67,13.36
12,23,5.08,1.74,3.34
69,62,17.04,8.97,8.06
220,336,29.11,11.52,17.59
X,X,X,X,X
X,X,X,X,X
X,X,X,X,X
X,X,X,X,X
47,72,15.45,6.1,9.35
X,X,X,X,X
12,6,6.64,4.43,2.21
2,11,10.24,1.57,8.66
42,21,5.64,3.76,1.88
20,96,16.52,2.85,13.68
18,58,15.48,3.67,11.81
39,42,28.72,13.83,14.89
X,X,X,X,X
196,167,17.11,9.24,7.87
124,159,20.63,9.04,11.59
16,8,10.26,6.84,3.42
3,0,5.88,5.88,0
50,106,21.28,6.82,14.46
45,31,20.99,12.43,8.56
14,26,19.32,6.76,12.56
3,10,13.68,3.16,10.53
28,40,15.35,6.32,9.03
96,85,15.92,8.44,7.48
30,38,40,17.65,22.35
34,41,26.32,11.93,14.39
125,156,25.71,11.44,14.27
178,288,22.57,8.62,13.95
51,167,26.46,6.19,20.27
5,2,7.07,5.05,2.02
22,89,12.83,2.54,10.29
4,6,7.46,2.99,4.48
8,24,20.78,5.19,15.58
2,1,25,16.67,8.33
4,7,26.19,9.52,16.67
X,X,X,X,X
55,29,15.33,10.04,5.29
87,266,13.99,3.45,10.54
38,80,19.7,6.34,13.36
5,7,10.81,4.5,6.31
312,518,26.17,9.84,16.33
2,18,7.49,0.75,6.74
10,21,9.31,3,6.31
33,90,18.84,5.05,13.78
X,X,X,X,X
65,58,21.03,11.11,9.91
3,36,17.26,1.33,15.93
29,34,19.03,8.76,10.27
112,113,11.63,5.79,5.84
19,12,4.74,2.91,1.83
15,22,23.13,9.38,13.75
64,56,29.63,15.8,13.83
7,19,4.7,1.27,3.44
71,76,19.81,9.57,10.24
160,331,28.22,9.2,19.02
X,X,X,X,X
X,X,X,X,X
X,X,X,X,X
X,X,X,X,X
27,57,13.29,4.27,9.02
X,X,X,X,X
10,11,8.86,4.22,4.64
3,3,6.59,3.3,3.3
44,35,7.05,3.93,3.12
5,70,12.12,0.81,11.31
21,60,16.3,4.23,12.07
17,34,22.57,7.52,15.04
X,X,X,X,X
193,205,19.91,9.65,10.26
57,81,15.02,6.2,8.81
9,4,7.39,5.11,2.27
2,2,13.79,6.9,6.9
34,62,15.92,5.64,10.28
6,25,11.7,2.26,9.43
5,32,17.62,2.38,15.24
1,2,4.17,1.39,2.78
9,19,8.02,2.58,5.44
61,45,11.03,6.35,4.68
22,62,33.2,8.7,24.51
22,38,22.99,8.43,14.56
91,201,25.28,7.88,17.4
94,207,18.11,5.66,12.45
43,98,19.64,5.99,13.65
10,0,9.71,9.71,0
6,49,6.83,0.75,6.09
1,16,13.82,0.81,13.01
4,24,16.28,2.33,13.95
0,1,10,0,10
7,7,22.58,11.29,11.29
X,X,X,X,X
29,31,28.85,13.94,14.9
51,307,13.65,1.94,11.7
15,33,12.21,3.82,8.4
3,13,14.55,2.73,11.82
165,298,17.85,6.36,11.49
1,12,5.6,0.43,5.17
10,27,11.86,3.21,8.65
18,104,17.28,2.55,14.73
X,X,X,X,X
26,34,14.74,6.39,8.35
3,16,7.98,1.26,6.72
14,19,13.41,5.69,7.72
88,114,10.91,4.75,6.16
18,19,5.24,2.55,2.69
17,29,23,8.5,14.5
31,42,23.1,9.81,13.29
4,30,5.76,0.68,5.08
23,39,11.33,4.2,7.13
96,246,23.6,6.63,16.98
X,X,X,X,X
X,X,X,X,X
X,X,X,X,X
X,X,X,X,X
16,46,12.92,3.33,9.58
X,X,X,X,X
5,23,10.41,1.86,8.55
5,1,5.71,4.76,0.95
19,28,5.4,2.18,3.22
10,55,8.72,1.34,7.38
16,49,13.68,3.37,10.32
7,30,16.89,3.2,13.7
X,X,X,X,X
121,176,16.63,6.77,9.85
45,56,12.83,5.72,7.12
3,3,3.57,1.79,1.79
2,0,5.56,5.56,0
35,50,15.63,6.43,9.19
6,24,13.39,2.68,10.71
1,20,12.57,0.6,11.98
1,4,5.32,1.06,4.26
13,16,9.24,4.14,5.1
48,44,12.89,6.72,6.16
19,64,37.73,8.64,29.09
15,28,21.5,7.5,14
70,176,21.79,6.2,15.59
37,117,11.92,2.86,9.06
17,75,15.41,2.85,12.56
7,0,7.78,7.78,0
5,30,5.09,0.73,4.37
0,10,8.2,0,8.2
3,25,19.86,2.13,17.73
0,2,12.5,0,12.5
6,5,19.3,10.53,8.77
X,X,X,X,X
9,36,20.83,4.17,16.67
34,280,12.94,1.4,11.54
14,13,8.39,4.35,4.04
0,5,5.68,0,5.68
101,196,14.18,4.82,9.36
0,6,2.64,0,2.64
2,29,11.36,0.73,10.62
9,65,11.8,1.44,10.37
X,X,X,X,X
12,26,10.41,3.29,7.12
1,23,12.7,0.53,12.17
9,14,11.27,4.41,6.86
52,81,7.9,3.09,4.81
10,23,4.97,1.51,3.46
7,18,13.81,3.87,9.94
10,20,14.22,4.74,9.48
5,16,4.29,1.02,3.27
22,14,7.13,4.36,2.77
56,166,19.14,4.83,14.31
X,X,X,X,X
X,X,X,X,X
X,X,X,X,X
X,X,X,X,X
14,33,10.47,3.12,7.35
X,X,X,X,X
20,25,15.79,7.02,8.77
0,1,1.2,0,1.2
11,25,4.04,1.24,2.81
3,49,10.2,0.59,9.61
10,48,12.13,2.09,10.04
3,16,11.8,1.86,9.94
X,X,X,X,X
83,130,13.33,5.19,8.14
33,39,11.58,5.31,6.27
0,5,4.31,0,4.31
3,4,18.92,8.11,10.81
10,29,9.15,2.35,6.81
3,12,8.72,1.74,6.98
2,12,10,1.43,8.57
0,1,1.25,0,1.25
9,8,5.3,2.8,2.49
39,26,9.31,5.59,3.72
9,48,28.08,4.43,23.65
4,22,16.99,2.61,14.38
34,130,17.71,3.67,14.04
21,69,8.33,1.94,6.39
11,49,11.09,2.03,9.06
3,2,6.58,3.95,2.63
2,26,4.4,0.31,4.09
1,9,9.62,0.96,8.65
1,10,9.24,0.84,8.4
0,1,8.33,0,8.33
0,2,4.76,0,4.76
X,X,X,X,X
21,25,11.14,5.08,6.05
18,168,8.47,0.82,7.65
8,13,7.02,2.68,4.35
0,5,6.67,0,6.67
55,141,10.4,2.92,7.48
0,0,0,0,0
2,19,7.95,0.76,7.2
8,35,9.39,1.75,7.64
X,X,X,X,X
7,10,5.86,2.41,3.45
3,4,3.89,1.67,2.22
3,12,6.79,1.36,5.43
39,66,6.82,2.53,4.29
9,14,4.37,1.71,2.66
9,20,18.01,5.59,12.42
4,13,8.1,1.9,6.19
3,14,4.15,0.73,3.41
11,16,6.57,2.68,3.89
26,125,15.01,2.58,12.43
X,X,X,X,X
X,X,X,X,X
X,X,X,X,X
X,X,X,X,X
10,23,8.25,2.5,5.75
X,X,X,X,X
12,17,11.24,4.65,6.59
1,1,2.99,1.49,1.49
10,23,4.07,1.23,2.84
3,36,6.33,0.49,5.84
4,36,9.57,0.96,8.61
3,10,9.7,2.24,7.46
X,X,X,X,X
72,117,12.8,4.87,7.92
17,13,5.04,2.86,2.18
2,1,2.38,1.59,0.79
1,0,6.67,6.67,0
1,17,5.34,0.3,5.04
0,4,2.44,0,2.44
0,9,11.54,0,11.54
0,2,2.9,0,2.9
1,6,2.55,0.36,2.19
13,20,5.47,2.16,3.32
2,38,24.54,1.23,23.31
2,10,7.64,1.27,6.37
19,80,13.77,2.64,11.13
7,36,5.14,0.84,4.3
5,24,6.03,1.04,4.99
4,0,6.35,6.35,0
2,9,1.94,0.35,1.58
0,8,7.48,0,7.48
1,7,6.96,0.87,6.09
0,2,14.29,0,14.29
2,3,13.16,5.26,7.89
X,X,X,X,X
3,17,6.78,1.02,5.76
14,91,6.49,0.86,5.62
5,3,3.23,2.02,1.21
0,5,7.69,0,7.69
26,67,6.58,1.84,4.74
0,1,0.65,0,0.65
2,14,6.93,0.87,6.06
0,9,2.36,0,2.36
X,X,X,X,X
4,2,2.32,1.54,0.77
0,2,1.34,0,1.34
2,7,6.38,1.42,4.96
33,48,5.53,2.25,3.28
12,15,4.53,2.01,2.52
3,8,8.94,2.44,6.5
2,9,6.32,1.15,5.17
4,14,4.43,0.99,3.45
8,1,3.28,2.92,0.36
7,52,7.51,0.89,6.62
X,X,X,X,X
X,X,X,X,X
X,X,X,X,X
X,X,X,X,X
2,17,5.67,0.6,5.07
X,X,X,X,X
15,25,16.95,6.36,10.59
0,0,0,0,0
8,21,4.06,1.12,2.94
14,26,8.81,3.08,5.73
1,19,6.21,0.31,5.9
0,3,3.3,0,3.3
X,X,X,X,X
79,117,14.07,5.67,8.4
9,19,5.05,1.62,3.42
4,1,4.39,3.51,0.88
0,2,13.33,0,13.33
3,12,5.58,1.12,4.46
2,2,2.9,1.45,1.45
0,6,4.69,0,4.69
0,0,0,0,0
1,5,2.38,0.4,1.98
12,13,5.61,2.69,2.91
1,15,16.67,1.04,15.63
0,6,5.94,0,5.94
8,43,9.75,1.53,8.22
1,16,2.39,0.14,2.25
2,17,5.12,0.54,4.58
2,0,4.55,4.55,0
1,11,2.27,0.19,2.08
0,11,13.41,0,13.41
0,2,2.56,0,2.56
X,X,X,X,X
0,1,4.35,0,4.35
X,X,X,X,X
1,20,7.12,0.34,6.78
7,46,3.57,0.47,3.1
1,3,1.94,0.49,1.46
0,2,4,0,4
6,28,2.92,0.52,2.4
2,0,1.49,1.49,0
2,18,8.58,0.86,7.73
1,9,3.41,0.34,3.07
X,X,X,X,X
3,5,3.9,1.46,2.44
0,5,3.47,0,3.47
1,2,2.68,0.89,1.79
25,42,5.31,1.98,3.33
18,21,5.95,2.74,3.2
2,2,7.02,3.51,3.51
0,8,6.15,0,6.15
4,18,5.74,1.04,4.7
2,0,0.64,0.64,0
5,49,7.91,0.73,7.17
X,X,X,X,X
X,X,X,X,X
X,X,X,X,X
X,X,X,X,X
8,23,8.47,2.19,6.28
X,X,X,X,X
8,27,14.46,3.31,11.16
0,2,3.08,0,3.08
7,29,5.22,1.02,4.21
1,23,6.14,0.26,5.88
2,4,1.62,0.54,1.08
0,4,6.15,0,6.15
X,X,X,X,X
82,144,14.13,5.13,9.01
8,12,4.11,1.64,2.46
3,3,3.33,1.67,1.67
0,0,0,0,0
5,8,5.2,2,3.2
1,4,4.07,0.81,3.25
0,5,6.17,0,6.17
0,0,0,0,0
1,1,0.87,0.43,0.43
15,19,6.42,2.83,3.58
1,7,11.94,1.49,10.45
1,2,3.75,1.25,2.5
6,23,6.09,1.26,4.83
6,13,3.24,1.02,2.21
3,19,7.1,0.97,6.13
2,0,3.45,3.45,0
3,3,1.18,0.59,0.59
0,2,2.17,0,2.17
0,2,2.25,0,2.25
1,0,7.69,7.69,0
2,3,20.83,8.33,12.5
X,X,X,X,X
1,11,5.61,0.47,5.14
2,35,2.7,0.15,2.55
0,1,1.49,0,1.49
0,1,2.86,0,2.86
8,21,2.6,0.72,1.89
0,1,0.69,0,0.69
1,9,4.61,0.46,4.15
0,7,2.99,0,2.99
X,X,X,X,X
1,2,1.55,0.52,1.04
0,3,2.46,0,2.46
0,2,1.74,0,1.74
11,40,4.34,0.94,3.41
22,18,6.73,3.7,3.03
4,1,6.41,5.13,1.28
1,3,3.2,0.8,2.4
1,15,4.56,0.28,4.27
4,1,1.6,1.28,0.32
6,22,4.6,0.99,3.61
X,X,X,X,X
X,X,X,X,X
X,X,X,X,X
X,X,X,X,X
9,17,9.19,3.18,6.01
X,X,X,X,X
16,25,18.64,7.27,11.36
0,2,3.85,0,3.85
4,29,4.71,0.57,4.14
3,7,3.11,0.93,2.17
1,5,1.92,0.32,1.6
1,1,4.44,2.22,2.22
X,X,X,X,X
88,106,13.5,6.12,7.38
1,8,2.19,0.24,1.95
2,5,3.85,1.1,2.75
0,0,0,0,0
2,4,2.74,0.91,1.83
0,4,2.96,0,2.96
0,3,3.61,0,3.61
0,2,2.99,0,2.99
0,2,0.95,0,0.95
15,13,5.5,2.95,2.55
0,6,12.5,0,12.5
2,0,2.94,2.94,0
6,19,5.8,1.39,4.41
3,3,1.16,0.58,0.58
2,6,3.42,0.85,2.56
0,2,3.77,0,3.77
1,4,1.02,0.2,0.81
1,4,6.25,1.25,5
0,3,3.57,0,3.57
X,X,X,X,X
0,1,4.55,0,4.55
X,X,X,X,X
0,18,6.92,0,6.92
8,32,2.88,0.58,2.3
0,0,0,0,0
0,0,0,0,0
3,20,2.34,0.31,2.03
1,1,1.34,0.67,0.67
0,15,7.69,0,7.69
1,1,0.97,0.49,0.49
X,X,X,X,X
1,4,2.84,0.57,2.27
0,1,0.68,0,0.68
3,3,5.26,2.63,2.63
18,35,4.33,1.47,2.86
13,24,6.23,2.19,4.04
0,3,4.92,0,4.92
0,2,2,0,2
1,6,1.91,0.27,1.64
2,2,1.26,0.63,0.63
3,28,5.86,0.57,5.29
X,X,X,X,X
X,X,X,X,X
X,X,X,X,X
X,X,X,X,X
10,13,7.19,3.13,4.06
X,X,X,X,X
4,40,19.3,1.75,17.54
0,2,4.35,0,4.35
7,31,5.55,1.02,4.53
1,9,3.27,0.33,2.94
0,1,0.33,0,0.33
0,0,0,0,0
X,X,X,X,X
89,121,14,5.93,8.07
2,5,1.79,0.51,1.28
5,6,7.43,3.38,4.05
X,X,X,X,X
0,2,1,0,1
0,0,0,0,0
0,2,2.99,0,2.99
0,1,2.27,0,2.27
1,1,0.98,0.49,0.49
9,5,3.23,2.08,1.15
0,1,2,0,2
0,0,0,0,0
1,6,2.94,0.42,2.52
1,15,3.55,0.22,3.33
3,6,4.37,1.46,2.91
2,0,2.78,2.78,0
4,2,1.55,1.04,0.52
0,0,0,0,0
0,1,1.1,0,1.1
X,X,X,X,X
0,0,0,0,0
X,X,X,X,X
0,8,4.1,0,4.1
4,16,1.64,0.33,1.32
1,0,2,2,0
0,0,0,0,0
6,13,2.3,0.73,1.57
1,0,0.79,0.79,0
0,2,1.56,0,1.56
0,2,1.17,0,1.17
X,X,X,X,X
0,0,0,0,0
0,0,0,0,0
7,2,10.98,8.54,2.44
12,32,3.64,0.99,2.64
7,14,4.34,1.45,2.89
0,0,0,0,0
0,1,1.02,0,1.02
0,11,2.73,0,2.73
0,0,0,0,0
1,5,1.29,0.22,1.08
X,X,X,X,X
X,X,X,X,X
X,X,X,X,X
X,X,X,X,X
6,11,7.05,2.49,4.56
X,X,X,X,X
2,26,14.51,1.04,13.47
0,1,2.17,0,2.17
4,22,3.99,0.61,3.37
0,3,1.15,0,1.15
1,3,1.42,0.36,1.07
0,0,0,0,0
X,X,X,X,X
100,120,14.74,6.7,8.04
4,2,1.68,1.12,0.56
0,6,4.41,0,4.41
X,X,X,X,X
2,2,1.87,0.93,0.93
1,0,1.22,1.22,0
0,1,2.27,0,2.27
1,0,2,2,0
0,1,0.52,0,0.52
7,14,5.92,1.97,3.94
X,X,X,X,X
1,2,8.33,2.78,5.56
1,1,0.88,0.44,0.44
0,1,0.27,0,0.27
0,3,1.62,0,1.62
0,0,0,0,0
0,0,0,0,0
0,0,0,0,0
0,0,0,0,0
X,X,X,X,X
0,0,0,0,0
X,X,X,X,X
6,21,15.25,3.39,11.86
8,4,1.08,0.72,0.36
0,1,0.8,0,0.8
0,0,0,0,0
4,5,1.19,0.53,0.66
0,1,0.79,0,0.79
1,4,4.13,0.83,3.31
0,0,0,0,0
X,X,X,X,X
0,4,3.01,0,3.01
0,0,0,0,0
2,3,6.25,2.5,3.75
12,20,3.09,1.16,1.93
7,18,4.84,1.35,3.48
0,1,2.04,0,2.04
0,0,0,0,0
1,5,1.78,0.3,1.48
0,1,0.36,0,0.36
0,5,1.42,0,1.42
X,X,X,X,X
X,X,X,X,X
X,X,X,X,X
X,X,X,X,X
2,1,1.37,0.91,0.46
X,X,X,X,X
3,17,11.63,1.74,9.88
0,1,3.03,0,3.03
5,20,3.99,0.8,3.19
0,5,2.04,0,2.04
0,3,1.36,0,1.36
0,0,0,0,0
X,X,X,X,X
85,89,13.91,6.79,7.11
3,3,2.27,1.14,1.14
1,6,5.07,0.72,4.35
X,X,X,X,X
0,1,0.56,0,0.56
0,1,0.96,0,0.96
0,0,0,0,0
0,0,0,0,0
0,1,0.44,0,0.44
4,6,3.46,1.38,2.08
X,X,X,X,X
0,0,0,0,0
0,0,0,0,0
1,7,2.74,0.34,2.4
0,1,0.81,0,0.81
1,0,2.13,2.13,0
1,1,0.57,0.29,0.29
1,0,1.1,1.1,0
0,2,3.17,0,3.17
X,X,X,X,X
0,0,0,0,0
X,X,X,X,X
3,14,10,1.76,8.24
0,5,0.45,0,0.45
1,1,1.92,0.96,0.96
0,0,0,0,0
2,1,0.44,0.29,0.15
0,1,0.95,0,0.95
0,8,7.55,0,7.55
0,0,0,0,0
X,X,X,X,X
1,1,1.85,0.93,0.93
0,0,0,0,0
1,0,1.79,1.79,0
5,15,1.82,0.45,1.36
4,10,3.85,1.1,2.75
0,0,0,0,0
1,1,1.29,0.65,0.65
0,3,0.99,0,0.99
10,0,3.28,3.28,0
0,0,0,0,0
X,X,X,X,X
X,X,X,X,X
X,X,X,X,X
X,X,X,X,X
3,1,2.56,1.92,0.64
X,X,X,X,X
5,12,10.63,3.13,7.5
0,0,0,0,0
1,9,1.86,0.19,1.68
2,1,1.72,1.15,0.57
0,0,0,0,0
0,1,8.33,0,8.33
X,X,X,X,X
84,90,14.16,6.83,7.32
2,1,1.14,0.76,0.38
3,0,1.67,1.67,0
X,X,X,X,X
1,3,2.88,0.72,2.16
1,0,1.04,1.04,0
0,0,0,0,0
0,0,0,0,0
0,0,0,0,0
4,1,2.12,1.69,0.42
X,X,X,X,X
0,0,0,0,0
0,0,0,0,0
2,0,0.73,0.73,0
2,0,1.54,1.54,0
X,X,X,X,X
0,0,0,0,0
0,1,1.43,0,1.43
0,1,1.75,0,1.75
X,X,X,X,X
X,X,X,X,X
X,X,X,X,X
1,7,5.76,0.72,5.04
8,4,1.14,0.76,0.38
0,0,0,0,0
0,0,0,0,0
1,2,0.49,0.16,0.33
0,0,0,0,0
X,X,X,X,X
0,2,0.99,0,0.99
X,X,X,X,X
1,0,0.81,0.81,0
0,0,0,0,0
2,1,5.36,3.57,1.79
3,7,1.11,0.33,0.78
2,10,3.16,0.53,2.63
0,0,0,0,0
0,0,0,0,0
0,5,1.75,0,1.75
1,2,0.96,0.32,0.64
1,0,0.35,0.35,0
X,X,X,X,X
X,X,X,X,X
X,X,X,X,X
X,X,X,X,X
2,4,4.11,1.37,2.74
X,X,X,X,X
1,3,3.74,0.93,2.8
0,0,0,0,0
4,9,2.54,0.78,1.76
1,0,0.56,0.56,0
2,0,0.92,0.92,0
X,X,X,X,X
X,X,X,X,X
66,58,11.52,6.13,5.39
1,1,0.85,0.43,0.43
1,5,4.48,0.75,3.73
X,X,X,X,X
0,0,0,0,0
0,0,0,0,0
0,0,0,0,0
1,0,2.94,2.94,0
0,0,0,0,0
3,3,2.26,1.13,1.13
X,X,X,X,X
0,0,0,0,0
3,0,2.61,2.61,0
1,0,0.41,0.41,0
0,2,1.6,0,1.6
0,0,0,0,0
0,1,0.33,0,0.33
0,0,0,0,0
0,1,1.49,0,1.49
X,X,X,X,X
X,X,X,X,X
X,X,X,X,X
0,1,0.92,0,0.92
5,5,1,0.5,0.5
0,0,0,0,0
X,X,X,X,X
2,6,1.43,0.36,1.07
0,1,1.14,0,1.14
X,X,X,X,X
0,0,0,0,0
X,X,X,X,X
1,0,0.81,0.81,0
0,0,0,0,0
0,1,2.78,0,2.78
5,3,1.02,0.64,0.38
0,7,2.21,0,2.21
0,0,0,0,0
0,0,0,0,0
1,5,2.15,0.36,1.79
3,0,1.15,1.15,0
4,0,1.53,1.53,0
X,X,X,X,X
X,X,X,X,X
X,X,X,X,X
X,X,X,X,X
2,2,2.78,1.39,1.39
X,X,X,X,X
0,5,4.67,0,4.67
0,0,0,0,0
8,11,4.04,1.7,2.34
0,0,0,0,0
0,1,0.52,0,0.52
X,X,X,X,X
X,X,X,X,X
50,48,10.79,5.51,5.29
2,3,4.07,1.63,2.44
0,0,0,0,0
X,X,X,X,X
0,0,0,0,0
1,1,2.41,1.2,1.2
1,0,3.23,3.23,0
0,0,0,0,0
2,0,1.5,1.5,0
1,1,1.08,0.54,0.54
X,X,X,X,X
1,0,3.7,3.7,0
1,0,1.08,1.08,0
3,0,1.15,1.15,0
3,0,2.46,2.46,0
X,X,X,X,X
0,0,0,0,0
0,0,0,0,0
0,0,0,0,0
0,1,7.14,0,7.14
X,X,X,X,X
X,X,X,X,X
0,3,2.52,0,2.52
4,1,0.55,0.44,0.11
0,1,1.45,0,1.45
X,X,X,X,X
1,2,0.6,0.2,0.4
1,0,0.99,0.99,0
X,X,X,X,X
0,0,0,0,0
X,X,X,X,X
2,2,3.6,1.8,1.8
0,0,0,0,0
0,0,0,0,0
0,4,0.63,0,0.63
3,4,2.15,0.92,1.23
0,0,0,0,0
0,1,1.79,0,1.79
5,4,3.47,1.93,1.54
1,0,0.48,0.48,0
1,1,0.78,0.39,0.39
X,X,X,X,X
X,X,X,X,X
X,X,X,X,X
X,X,X,X,X
1,3,2.02,0.51,1.52
X,X,X,X,X
0,1,1.08,0,1.08
0,0,0,0,0
5,7,2.88,1.2,1.68
0,1,0.69,0,0.69
0,0,0,0,0
X,X,X,X,X
X,X,X,X,X
48,44,9.94,5.18,4.75
2,0,1.05,1.05,0
4,3,5.15,2.94,2.21
X,X,X,X,X
0,1,1,0,1
0,0,0,0,0
X,X,X,X,X
1,0,2.63,2.63,0
0,0,0,0,0
1,2,1.3,0.43,0.87
X,X,X,X,X
0,0,0,0,0
1,0,1.03,1.03,0
1,0,0.56,0.56,0
1,0,0.97,0.97,0
X,X,X,X,X
0,0,0,0,0
1,1,3.17,1.59,1.59
0,0,0,0,0
X,X,X,X,X
X,X,X,X,X
X,X,X,X,X
X,X,X,X,X
2,1,0.4,0.27,0.13
0,0,0,0,0
X,X,X,X,X
0,1,0.25,0,0.25
0,0,0,0,0
X,X,X,X,X
0,0,0,0,0
X,X,X,X,X
0,0,0,0,0
0,1,1.09,0,1.09
0,0,0,0,0
3,4,1.16,0.5,0.66
3,5,2.25,0.84,1.4
0,0,0,0,0
0,1,0.86,0,0.86
1,3,1.59,0.4,1.19
0,0,0,0,0
0,0,0,0,0
X,X,X,X,X
X,X,X,X,X
X,X,X,X,X
X,X,X,X,X
0,4,2.4,0,2.4
X,X,X,X,X
0,1,1.12,0,1.12
0,2,6.06,0,6.06
5,3,1.59,0.99,0.6
0,0,0,0,0
2,0,1.15,1.15,0
X,X,X,X,X
X,X,X,X,X
59,40,10.78,6.43,4.36
0,2,1.07,0,1.07
1,2,2.68,0.89,1.79
X,X,X,X,X
1,3,3.39,0.85,2.54
2,1,3.3,2.2,1.1
X,X,X,X,X
0,0,0,0,0
0,0,0,0,0
3,3,2.61,1.3,1.3
X,X,X,X,X
0,0,0,0,0
2,0,2.9,2.9,0
2,0,0.99,0.99,0
0,0,0,0,0
X,X,X,X,X
0,0,0,0,0
0,0,0,0,0
0,0,0,0,0
X,X,X,X,X
X,X,X,X,X
X,X,X,X,X
0,0,0,0,0
3,2,0.61,0.37,0.25
0,0,0,0,0
X,X,X,X,X
2,0,0.45,0.45,0
0,0,0,0,0
X,X,X,X,X
0,0,0,0,0
X,X,X,X,X
0,0,0,0,0
0,0,0,0,0
0,0,0,0,0
4,2,0.94,0.63,0.31
1,2,0.9,0.3,0.6
X,X,X,X,X
0,0,0,0,0
3,0,1.5,1.5,0
1,1,0.9,0.45,0.45
0,0,0,0,0
X,X,X,X,X
X,X,X,X,X
X,X,X,X,X
X,X,X,X,X
3,2,3.09,1.85,1.23
X,X,X,X,X
0,0,0,0,0
0,0,0,0,0
6,1,1.41,1.21,0.2
0,1,0.67,0,0.67
1,0,0.67,0.67,0
X,X,X,X,X
X,X,X,X,X
47,22,7.93,5.4,2.53
1,1,1.12,0.56,0.56
0,1,1.47,0,1.47
X,X,X,X,X
0,1,0.97,0,0.97
0,0,0,0,0
0,0,0,0,0
1,1,5.71,2.86,2.86
0,0,0,0,0
2,2,1.83,0.92,0.92
X,X,X,X,X
0,0,0,0,0
0,0,0,0,0
2,1,1.59,1.06,0.53
0,0,0,0,0
0,0,0,0,0
0,0,0,0,0
0,0,0,0,0
0,0,0,0,0
X,X,X,X,X
X,X,X,X,X
X,X,X,X,X
0,0,0,0,0
3,0,0.4,0.4,0
0,0,0,0,0
X,X,X,X,X
12,2,2.94,2.52,0.42
0,0,0,0,0
X,X,X,X,X
1,0,1.06,1.06,0
X,X,X,X,X
0,0,0,0,0
0,0,0,0,0
0,0,0,0,0
5,5,1.62,0.81,0.81
2,1,0.9,0.6,0.3
X,X,X,X,X
0,0,0,0,0
0,2,0.87,0,0.87
0,0,0,0,0
0,2,0.82,0,0.82
X,X,X,X,X
X,X,X,X,X
X,X,X,X,X
X,X,X,X,X
0,2,1.61,0,1.61
X,X,X,X,X
0,0,0,0,0
0,0,0,0,0
2,3,1.16,0.47,0.7
3,1,2.52,1.89,0.63
3,0,1.64,1.64,0
X,X,X,X,X
X,X,X,X,X
38,25,7.61,4.59,3.02
2,2,2.27,1.14,1.14
1,4,3.47,0.69,2.78
X,X,X,X,X
0,0,0,0,0
0,2,3.03,0,3.03
0,0,0,0,0
0,0,0,0,0
1,0,0.81,0.81,0
5,0,2.46,2.46,0
X,X,X,X,X
0,0,0,0,0
0,0,0,0,0
1,0,0.52,0.52,0
1,0,0.91,0.91,0
0,0,0,0,0
0,0,0,0,0
0,0,0,0,0
1,0,2.17,2.17,0
X,X,X,X,X
X,X,X,X,X
X,X,X,X,X
0,0,0,0,0
2,3,0.67,0.27,0.4
0,0,0,0,0
X,X,X,X,X
6,5,2.59,1.41,1.18
0,0,0,0,0
X,X,X,X,X
0,0,0,0,0
X,X,X,X,X
0,0,0,0,0
0,0,0,0,0
0,0,0,0,0
2,1,0.6,0.4,0.2
1,2,1.03,0.34,0.69
X,X,X,X,X
0,0,0,0,0
2,0,0.93,0.93,0
0,0,0,0,0
1,0,0.46,0.46,0
X,X,X,X,X
X,X,X,X,X
X,X,X,X,X
X,X,X,X,X
0,1,0.65,0,0.65
X,X,X,X,X
0,0,0,0,0
0,0,0,0,0
4,1,1.27,1.02,0.25
0,0,0,0,0
1,1,1.22,0.61,0.61
0,0,0,0,0
X,X,X,X,X
53,24,9.36,6.44,2.92
0,0,0,0,0
0,0,0,0,0
X,X,X,X,X
0,0,0,0,0
0,1,2.04,0,2.04
X,X,X,X,X
0,0,0,0,0
1,0,0.92,0.92,0
6,2,3.17,2.38,0.79
X,X,X,X,X
0,0,0,0,0
1,0,1.43,1.43,0
2,0,1.03,1.03,0
2,0,1.54,1.54,0
X,X,X,X,X
1,0,0.35,0.35,0
0,0,0,0,0
1,0,2.63,2.63,0
X,X,X,X,X
X,X,X,X,X
X,X,X,X,X
0,0,0,0,0
3,1,0.54,0.41,0.14
0,0,0,0,0
X,X,X,X,X
8,0,1.63,1.63,0
0,0,0,0,0
X,X,X,X,X
0,0,0,0,0
X,X,X,X,X
0,1,0.93,0,0.93
1,0,4.55,4.55,0
0,0,0,0,0
6,2,1.48,1.11,0.37
3,1,1.35,1.01,0.34
X,X,X,X,X
0,0,0,0,0
0,0,0,0,0
0,0,0,0,0
2,0,0.85,0.85,0
X,X,X,X,X
X,X,X,X,X
X,X,X,X,X
X,X,X,X,X
2,2,2.45,1.23,1.23
X,X,X,X,X
0,0,0,0,0
0,0,0,0,0
5,2,1.68,1.2,0.48
0,0,0,0,0
2,1,1.7,1.14,0.57
X,X,X,X,X
X,X,X,X,X
43,40,9.51,4.93,4.58
1,0,0.44,0.44,0
2,3,4.72,1.89,2.83
X,X,X,X,X
0,0,0,0,0
0,0,0,0,0
0,0,0,0,0
0,0,0,0,0
0,0,0,0,0
4,0,1.39,1.39,0
X,X,X,X,X
0,0,0,0,0
1,0,1.23,1.23,0
2,1,1.69,1.12,0.56
1,0,0.81,0.81,0
X,X,X,X,X
0,0,0,0,0
0,0,0,0,0
0,0,0,0,0
X,X,X,X,X
X,X,X,X,X
X,X,X,X,X
1,0,1.19,1.19,0
1,1,0.26,0.13,0.13
0,0,0,0,0
X,X,X,X,X
2,2,0.91,0.46,0.46
0,0,0,0,0
X,X,X,X,X
0,0,0,0,0
X,X,X,X,X
1,0,1.09,1.09,0
0,0,0,0,0
1,1,7.41,3.7,3.7
2,1,0.54,0.36,0.18
1,0,0.3,0.3,0
0,0,0,0,0
0,0,0,0,0
1,1,1.27,0.64,0.64
0,0,0,0,0
3,0,1.49,1.49,0
X,X,X,X,X
X,X,X,X,X
X,X,X,X,X
X,X,X,X,X
0,3,1.74,0,1.74
X,X,X,X,X
1,0,1,1,0
0,0,0,0,0
1,2,0.72,0.24,0.48
0,1,0.59,0,0.59
0,1,0.51,0,0.51
X,X,X,X,X
X,X,X,X,X
33,17,5.59,3.69,1.9
1,3,1.32,0.33,0.99
3,2,4.31,2.59,1.72
X,X,X,X,X
0,0,0,0,0
1,0,1.18,1.18,0
0,0,0,0,0
0,0,0,0,0
0,0,0,0,0
6,2,2.52,1.89,0.63
X,X,X,X,X
0,1,4.76,0,4.76
1,0,1.12,1.12,0
2,0,0.92,0.92,0
0,0,0,0,0
X,X,X,X,X
0,0,0,0,0
0,0,0,0,0
0,0,0,0,0
X,X,X,X,X
X,X,X,X,X
X,X,X,X,X
1,0,2,2,0
1,0,0.12,0.12,0
2,0,4.35,4.35,0
X,X,X,X,X
2,2,0.75,0.38,0.38
0,0,0,0,0
X,X,X,X,X
0,0,0,0,0
X,X,X,X,X
0,0,0,0,0
0,0,0,0,0
0,0,0,0,0
4,6,1.5,0.6,0.9
2,0,0.57,0.57,0
0,0,0,0,0
0,0,0,0,0
0,0,0,0,0
0,0,0,0,0
0,0,0,0,0
X,X,X,X,X
X,X,X,X,X
X,X,X,X,X
X,X,X,X,X
1,3,1.37,0.34,1.02
X,X,X,X,X
0,0,0,0,0
0,0,0,0,0
3,3,1.27,0.64,0.64
0,0,0,0,0
0,1,0.54,0,0.54
X,X,X,X,X
X,X,X,X,X
38,14,5.86,4.28,1.58
5,5,2.92,1.46,1.46
2,2,2.99,1.49,1.49
X,X,X,X,X
1,0,0.77,0.77,0
0,0,0,0,0
0,0,0,0,0
0,0,0,0,0
0,0,0,0,0
3,4,1.84,0.79,1.05
X,X,X,X,X
1,0,5.88,5.88,0
1,0,1.11,1.11,0
2,0,0.91,0.91,0
1,0,0.81,0.81,0
X,X,X,X,X
0,0,0,0,0
1,0,2.08,2.08,0
0,0,0,0,0
X,X,X,X,X
X,X,X,X,X
X,X,X,X,X
0,0,0,0,0
4,1,0.63,0.51,0.13
0,0,0,0,0
X,X,X,X,X
5,1,1.19,0.99,0.2
0,0,0,0,0
X,X,X,X,X
0,0,0,0,0
X,X,X,X,X
0,0,0,0,0
0,0,0,0,0
0,1,2.7,0,2.7
5,2,1.13,0.81,0.32
4,0,0.99,0.99,0
0,0,0,0,0
0,0,0,0,0
1,0,0.45,0.45,0
0,0,0,0,0
2,0,0.75,0.75,0
X,X,X,X,X
X,X,X,X,X
X,X,X,X,X
X,X,X,X,X
3,4,2.25,0.96,1.29
X,X,X,X,X
0,0,0,0,0
0,0,0,0,0
3,1,0.72,0.54,0.18
1,0,0.52,0.52,0
1,0,0.56,0.56,0
X,X,X,X,X
X,X,X,X,X
61,36,8.22,5.17,3.05
2,3,1.34,0.54,0.8
1,3,4.44,1.11,3.33
X,X,X,X,X
1,0,0.84,0.84,0
0,1,0.97,0,0.97
0,0,0,0,0
1,0,2.22,2.22,0
0,0,0,0,0
5,7,2.59,1.08,1.51
X,X,X,X,X
0,0,0,0,0
0,0,0,0,0
6,1,2.47,2.12,0.35
1,0,0.87,0.87,0
1,0,4.35,4.35,0
3,0,0.78,0.78,0
1,0,1.59,1.59,0
0,0,0,0,0
X,X,X,X,X
X,X,X,X,X
X,X,X,X,X
1,0,1.08,1.08,0
3,0,0.39,0.39,0
1,0,0.95,0.95,0
X,X,X,X,X
3,1,0.61,0.46,0.15
0,0,0,0,0
6,1,3.33,2.86,0.48
0,0,0,0,0
X,X,X,X,X
0,0,0,0,0
0,0,0,0,0
1,0,2.04,2.04,0
10,3,1.9,1.46,0.44
0,0,0,0,0
0,0,0,0,0
1,0,0.89,0.89,0
1,0,0.43,0.43,0
1,1,0.72,0.36,0.36
0,0,0,0,0
X,X,X,X,X
X,X,X,X,X
X,X,X,X,X
X,X,X,X,X
3,7,3.41,1.02,2.39
X,X,X,X,X
1,0,0.77,0.77,0
1,0,1.69,1.69,0
7,1,1.52,1.33,0.19
2,0,0.96,0.96,0
1,0,0.53,0.53,0
1,0,8.33,8.33,0
X,X,X,X,X
49,36,7.44,4.29,3.15
5,3,1.9,1.19,0.71
2,2,2.74,1.37,1.37
X,X,X,X,X
1,0,0.59,0.59,0
0,1,0.93,0,0.93
0,0,0,0,0
0,0,0,0,0
1,0,0.41,0.41,0
5,9,3.06,1.09,1.97
X,X,X,X,X
0,0,0,0,0
2,0,1.48,1.48,0
11,1,3.79,3.47,0.32
1,0,0.6,0.6,0
0,0,0,0,0
0,0,0,0,0
0,0,0,0,0
0,0,0,0,0
X,X,X,X,X
X,X,X,X,X
X,X,X,X,X
2,0,1.52,1.52,0
3,1,0.45,0.34,0.11
0,0,0,0,0
X,X,X,X,X
3,0,0.38,0.38,0
0,0,0,0,0
1,0,0.55,0.55,0
1,0,0.83,0.83,0
X,X,X,X,X
1,0,0.65,0.65,0
0,0,0,0,0
0,0,0,0,0
13,2,1.64,1.42,0.22
3,1,0.9,0.67,0.22
2,0,13.33,13.33,0
1,0,0.85,0.85,0
3,3,2.48,1.24,1.24
0,1,0.29,0,0.29
1,0,0.36,0.36,0
X,X,X,X,X
X,X,X,X,X
X,X,X,X,X
X,X,X,X,X
3,5,2.37,0.89,1.48
X,X,X,X,X
1,0,0.71,0.71,0
0,0,0,0,0
5,4,1.53,0.85,0.68
1,0,0.37,0.37,0
3,0,1.24,1.24,0
1,0,3.13,3.13,0
X,X,X,X,X
39,31,7.59,4.23,3.36
10,9,4.41,2.32,2.09
2,1,2.88,1.92,0.96
X,X,X,X,X
1,1,1.24,0.62,0.62
1,0,1.05,1.05,0
0,0,0,0,0
0,0,0,0,0
1,0,0.41,0.41,0
4,8,2.49,0.83,1.66
X,X,X,X,X
1,0,1.85,1.85,0
4,0,2.3,2.3,0
17,0,3.45,3.45,0
5,0,2.79,2.79,0
5,0,11.11,11.11,0
3,1,0.96,0.72,0.24
1,0,1.45,1.45,0
0,0,0,0,0
X,X,X,X,X
X,X,X,X,X
X,X,X,X,X
0,0,0,0,0
9,1,0.96,0.87,0.1
0,0,0,0,0
X,X,X,X,X
4,1,0.53,0.42,0.11
0,0,0,0,0
0,0,0,0,0
1,0,0.55,0.55,0
X,X,X,X,X
0,1,0.52,0,0.52
1,0,2.13,2.13,0
0,0,0,0,0
9,7,1.35,0.76,0.59
1,1,0.51,0.25,0.25
0,0,0,0,0
0,0,0,0,0
4,0,1.55,1.55,0
1,0,0.27,0.27,0
1,1,0.48,0.24,0.24
X,X,X,X,X
X,X,X,X,X
X,X,X,X,X
X,X,X,X,X
2,12,3.97,0.57,3.4
X,X,X,X,X
0,0,0,0,0
2,0,4.76,4.76,0
7,1,1.19,1.04,0.15
3,1,1.39,1.04,0.35
1,1,0.68,0.34,0.34
1,0,2.27,2.27,0
X,X,X,X,X
40,24,6.56,4.1,2.46
8,4,2.41,1.61,0.8
3,0,3.06,3.06,0
1,0,5.56,5.56,0
2,1,1.72,1.15,0.57
0,2,1.28,0,1.28
1,0,3.23,3.23,0
1,1,3.08,1.54,1.54
0,0,0,0,0
6,11,3.18,1.12,2.06
X,X,X,X,X
1,0,1.25,1.25,0
1,0,0.45,0.45,0
13,0,2.26,2.26,0
1,0,0.39,0.39,0
2,0,4.17,4.17,0
1,0,0.26,0.26,0
4,0,5.56,5.56,0
1,0,1.28,1.28,0
X,X,X,X,X
X,X,X,X,X
X,X,X,X,X
2,0,1.27,1.27,0
5,3,0.79,0.5,0.3
0,0,0,0,0
X,X,X,X,X
7,3,1.02,0.72,0.31
0,0,0,0,0
5,0,3.27,3.27,0
0,0,0,0,0
X,X,X,X,X
1,0,0.52,0.52,0
0,0,0,0,0
0,1,1.43,0,1.43
7,9,1.23,0.54,0.69
2,0,0.43,0.43,0
0,0,0,0,0
0,0,0,0,0
1,0,0.3,0.3,0
0,0,0,0,0
2,0,0.45,0.45,0
X,X,X,X,X
X,X,X,X,X
X,X,X,X,X
X,X,X,X,X
1,12,3.26,0.25,3.01
X,X,X,X,X
2,0,1.47,1.47,0
2,0,4.26,4.26,0
8,1,1.14,1.02,0.13
2,0,0.65,0.65,0
2,0,0.74,0.74,0
1,0,1.89,1.89,0
X,X,X,X,X
35,22,5.63,3.46,2.17
5,1,1.09,0.91,0.18
2,4,4.62,1.54,3.08
1,0,5.56,5.56,0
2,1,1.52,1.01,0.51
0,0,0,0,0
0,0,0,0,0
0,0,0,0,0
0,1,0.33,0,0.33
6,8,2.46,1.05,1.41
0,0,0,0,0
16,0,12.7,12.7,0
2,0,0.77,0.77,0
7,0,1.19,1.19,0
3,0,1.08,1.08,0
0,0,0,0,0
1,0,0.23,0.23,0
1,1,1.96,0.98,0.98
0,0,0,0,0
X,X,X,X,X
X,X,X,X,X
X,X,X,X,X
1,0,0.86,0.86,0
9,2,0.98,0.8,0.18
1,0,0.54,0.54,0
X,X,X,X,X
3,1,0.39,0.3,0.1
0,0,0,0,0
4,0,2.07,2.07,0
0,0,0,0,0
X,X,X,X,X
0,0,0,0,0
1,0,2.78,2.78,0
1,0,1.3,1.3,0
22,19,3.03,1.63,1.41
1,1,0.41,0.2,0.2
0,0,0,0,0
1,0,0.57,0.57,0
4,2,1.47,0.98,0.49
2,0,0.59,0.59,0
4,0,0.74,0.74,0
X,X,X,X,X
X,X,X,X,X
X,X,X,X,X
X,X,X,X,X
4,25,6.68,0.92,5.76
1,0,4.76,4.76,0
1,0,0.69,0.69,0
6,0,9.68,9.68,0
5,2,0.88,0.63,0.25
1,1,0.56,0.28,0.28
1,0,0.35,0.35,0
0,0,0,0,0
X,X,X,X,X
84,28,8.58,6.43,2.14
8,10,2.8,1.25,1.56
1,3,2.86,0.71,2.14
0,0,0,0,0
1,1,0.95,0.48,0.48
2,0,1.48,1.48,0
0,0,0,0,0
0,0,0,0,0
2,0,0.67,0.67,0
19,3,5.26,4.55,0.72
X,X,X,X,X
2,0,1.59,1.59,0
1,0,0.24,0.24,0
6,1,1.05,0.9,0.15
0,1,0.32,0,0.32
3,0,3.9,3.9,0
1,0,0.21,0.21,0
1,1,1.63,0.81,0.81
1,0,1.06,1.06,0
0,0,0,0,0
X,X,X,X,X
X,X,X,X,X
1,0,0.47,0.47,0
13,1,1.03,0.96,0.07
1,1,1.94,0.97,0.97
X,X,X,X,X
6,8,1.38,0.59,0.79
1,0,0.69,0.69,0
3,0,1.58,1.58,0
1,0,0.35,0.35,0
X,X,X,X,X
1,0,0.42,0.42,0
0,0,0,0,0
3,1,3.85,2.88,0.96
25,16,3.22,1.96,1.26
5,1,1.13,0.94,0.19
0,0,0,0,0
0,0,0,0,0
8,5,1.92,1.18,0.74
1,0,0.25,0.25,0
7,0,1.1,1.1,0
X,X,X,X,X
X,X,X,X,X
X,X,X,X,X
X,X,X,X,X
7,24,6.9,1.56,5.35
1,0,3.45,3.45,0
0,0,0,0,0
3,0,5.26,5.26,0
17,2,2.28,2.04,0.24
0,0,0,0,0
2,0,0.63,0.63,0
0,0,0,0,0
X,X,X,X,X
60,32,6.74,4.4,2.35
11,5,2.37,1.63,0.74
1,3,2.67,0.67,2
0,0,0,0,0
1,0,0.48,0.48,0
0,1,0.8,0,0.8
1,0,0.85,0.85,0
0,0,0,0,0
0,1,0.29,0,0.29
13,5,4.14,2.99,1.15
X,X,X,X,X
1,0,0.91,0.91,0
2,0,0.44,0.44,0
4,1,0.69,0.55,0.14
1,1,0.56,0.28,0.28
8,0,10.81,10.81,0
0,0,0,0,0
4,0,3.2,3.2,0
1,0,1.22,1.22,0
X,X,X,X,X
X,X,X,X,X
X,X,X,X,X
2,0,0.91,0.91,0
9,4,0.93,0.64,0.29
1,0,0.45,0.45,0
X,X,X,X,X
9,2,0.94,0.77,0.17
0,0,0,0,0
7,2,3.53,2.75,0.78
5,1,1.87,1.56,0.31
X,X,X,X,X
3,0,1.12,1.12,0
0,0,0,0,0
4,0,3.92,3.92,0
26,12,2.94,2.01,0.93
14,0,2.53,2.53,0
1,0,2.13,2.13,0
0,1,0.51,0,0.51
12,0,1.78,1.78,0
4,1,1.26,1.01,0.25
5,0,0.76,0.76,0
X,X,X,X,X
X,X,X,X,X
X,X,X,X,X
X,X,X,X,X
11,13,5.08,2.33,2.75
X,X,X,X,X
1,0,0.62,0.62,0
2,0,3.08,3.08,0
19,2,2.38,2.15,0.23
5,1,1.51,1.26,0.25
3,1,1.15,0.86,0.29
2,0,1.98,1.98,0
X,X,X,X,X
81,50,8.54,5.28,3.26
8,5,1.66,1.02,0.64
2,3,4.1,1.64,2.46
0,0,0,0,0
3,0,1.59,1.59,0
0,0,0,0,0
1,0,0.72,0.72,0
0,0,0,0,0
1,0,0.33,0.33,0
15,1,2.99,2.8,0.19
X,X,X,X,X
1,0,0.79,0.79,0
2,0,0.43,0.43,0
6,0,0.8,0.8,0
3,0,1.01,1.01,0
5,0,6.33,6.33,0
2,0,0.35,0.35,0
0,0,0,0,0
1,1,1.68,0.84,0.84
1,0,5.26,5.26,0
X,X,X,X,X
X,X,X,X,X
4,0,1.62,1.62,0
11,4,0.99,0.73,0.26
3,0,1.29,1.29,0
X,X,X,X,X
12,4,1.34,1,0.33
4,1,2.59,2.07,0.52
6,3,2.81,1.88,0.94
0,0,0,0,0
X,X,X,X,X
1,0,0.43,0.43,0
0,0,0,0,0
0,3,1.95,0,1.95
20,12,2.2,1.38,0.83
9,2,1.99,1.62,0.36
2,0,4.26,4.26,0
3,0,1.6,1.6,0
13,2,2.09,1.82,0.28
0,0,0,0,0
7,2,1.17,0.91,0.26
X,X,X,X,X
X,X,X,X,X
X,X,X,X,X
X,X,X,X,X
9,18,5.67,1.89,3.78
2,0,13.33,13.33,0
6,0,3.43,3.43,0
5,0,6.76,6.76,0
34,3,4.01,3.69,0.33
6,0,1.42,1.42,0
1,2,0.81,0.27,0.54
3,0,2.8,2.8,0
X,X,X,X,X
92,65,10.54,6.17,4.36
20,3,2.98,2.59,0.39
0,0,0,0,0
0,2,4.55,0,4.55
1,0,0.46,0.46,0
0,1,0.7,0,0.7
0,0,0,0,0
0,0,0,0,0
1,1,0.6,0.3,0.3
21,5,5.2,4.2,1
X,X,X,X,X
0,0,0,0,0
1,2,0.61,0.2,0.41
7,0,0.88,0.88,0
2,1,1.05,0.7,0.35
13,0,18.84,18.84,0
1,0,0.2,0.2,0
0,0,0,0,0
1,0,0.88,0.88,0
1,0,4.76,4.76,0
X,X,X,X,X
X,X,X,X,X
4,0,1.26,1.26,0
18,4,1.35,1.1,0.25
3,2,1.81,1.08,0.72
X,X,X,X,X
8,1,0.67,0.59,0.07
2,0,0.93,0.93,0
7,2,2.99,2.33,0.66
2,1,0.84,0.56,0.28
X,X,X,X,X
2,0,0.68,0.68,0
0,0,0,0,0
1,1,1.61,0.81,0.81
34,17,3.18,2.12,1.06
7,0,1.25,1.25,0
0,0,0,0,0
3,1,1.72,1.29,0.43
12,3,2.11,1.69,0.42
0,0,0,0,0
4,0,0.6,0.6,0
X,X,X,X,X
X,X,X,X,X
X,X,X,X,X
X,X,X,X,X
5,25,5.33,0.89,4.44
2,0,10.53,10.53,0
2,1,1.44,0.96,0.48
2,0,2.9,2.9,0
52,15,6.59,5.12,1.48
18,1,4.11,3.9,0.22
5,1,1.4,1.17,0.23
1,0,0.74,0.74,0
X,X,X,X,X
90,75,10.4,5.67,4.73
18,6,2.75,2.06,0.69
3,3,3.23,1.61,1.61
0,1,2.08,0,2.08
6,0,3.45,3.45,0
4,0,2.41,2.41,0
0,0,0,0,0
1,0,1.18,1.18,0
2,0,0.65,0.65,0
38,9,7.22,5.84,1.38
X,X,X,X,X
1,0,0.81,0.81,0
5,0,1.07,1.07,0
8,0,0.93,0.93,0
2,3,2,0.8,1.2
13,0,15.85,15.85,0
33,3,6.08,5.57,0.51
0,0,0,0,0
1,0,0.88,0.88,0
6,0,22.22,22.22,0
X,X,X,X,X
X,X,X,X,X
20,1,5.6,5.33,0.27
16,5,1.27,0.97,0.3
1,2,0.9,0.3,0.6
X,X,X,X,X
16,3,1.38,1.16,0.22
2,0,0.82,0.82,0
13,5,5.71,4.13,1.59
5,0,1.2,1.2,0
X,X,X,X,X
4,2,2,1.33,0.67
0,0,0,0,0
1,0,0.58,0.58,0
62,49,5.85,3.27,2.58
22,0,3.56,3.56,0
1,0,1.75,1.75,0
0,0,0,0,0
9,6,2.16,1.3,0.87
1,0,0.23,0.23,0
8,3,1.45,1.05,0.39
X,X,X,X,X
X,X,X,X,X
X,X,X,X,X
X,X,X,X,X
9,23,5.58,1.57,4.01
8,0,34.78,34.78,0
3,3,2.71,1.36,1.36
8,0,9.88,9.88,0
70,8,7.18,6.45,0.74
33,0,6.29,6.29,0
4,0,1,1,0
4,0,3.05,3.05,0
X,X,X,X,X
137,76,11.53,7.41,4.11
24,5,3.12,2.58,0.54
12,5,8.33,5.88,2.45
2,1,5.08,3.39,1.69
8,2,3.62,2.9,0.72
1,0,0.45,0.45,0
2,1,2.1,1.4,0.7
0,0,0,0,0
4,1,1.23,0.98,0.25
46,6,7.48,6.62,0.86
2,0,5.26,5.26,0
0,0,0,0,0
13,1,2.6,2.41,0.19
8,1,1.03,0.91,0.11
2,2,1.23,0.62,0.62
23,0,16.67,16.67,0
8,7,2.47,1.32,1.15
3,0,3.06,3.06,0
4,0,3.05,3.05,0
11,0,44,44,0
X,X,X,X,X
X,X,X,X,X
17,2,4.62,4.14,0.49
18,6,1.25,0.93,0.31
2,3,1.42,0.57,0.85
X,X,X,X,X
25,5,2.09,1.74,0.35
5,0,2.29,2.29,0
23,3,7.95,7.03,0.92
0,1,0.22,0,0.22
X,X,X,X,X
4,3,2.08,1.19,0.89
0,0,0,0,0
5,2,3.8,2.72,1.09
108,68,8.62,5.29,3.33
10,0,1.61,1.61,0
1,0,1.06,1.06,0
0,0,0,0,0
6,3,1.14,0.76,0.38
3,2,1.28,0.77,0.51
10,0,1.22,1.22,0
X,X,X,X,X
X,X,X,X,X
X,X,X,X,X
X,X,X,X,X
11,31,6.26,1.64,4.62
X,X,X,X,X
4,2,2.42,1.61,0.81
14,0,14,14,0
86,13,8.54,7.42,1.12
54,3,9.93,9.41,0.52
6,0,1.23,1.23,0
3,0,1.91,1.91,0
X,X,X,X,X
152,91,13.43,8.4,5.03
39,8,4.63,3.84,0.79
11,3,6.86,5.39,1.47
4,2,10.91,7.27,3.64
8,1,3.25,2.89,0.36
6,3,4.21,2.8,1.4
8,0,4.76,4.76,0
0,0,0,0,0
3,0,0.73,0.73,0
74,16,10.42,8.56,1.85
6,0,8.57,8.57,0
5,1,4.2,3.5,0.7
6,3,1.5,1,0.5
23,2,2.59,2.39,0.21
6,0,1.69,1.69,0
12,0,9.92,9.92,0
6,18,3.44,0.86,2.58
1,0,1.02,1.02,0
8,1,6.77,6.02,0.75
15,0,33.33,33.33,0
X,X,X,X,X
X,X,X,X,X
12,0,3.17,3.17,0
13,13,1.32,0.66,0.66
3,0,0.85,0.85,0
X,X,X,X,X
33,11,2.66,1.99,0.66
9,2,3.89,3.18,0.71
31,8,12.38,9.84,2.54
7,0,1.43,1.43,0
X,X,X,X,X
11,1,2.67,2.44,0.22
0,0,0,0,0
9,0,3.78,3.78,0
146,77,9.22,6.04,3.18
30,0,4.84,4.84,0
0,1,1.25,0,1.25
2,0,0.66,0.66,0
14,7,2.76,1.84,0.92
13,2,3.36,2.91,0.45
26,1,3.09,2.98,0.11
X,X,X,X,X
X,X,X,X,X
X,X,X,X,X
X,X,X,X,X
11,22,6.38,2.13,4.26
7,0,38.89,38.89,0
10,1,5.02,4.57,0.46
22,0,15.83,15.83,0
172,11,14.39,13.52,0.86
82,4,13.07,12.46,0.61
5,2,1.61,1.15,0.46
8,0,4.44,4.44,0
X,X,X,X,X
220,107,16.61,11.17,5.43
42,11,4.72,3.74,0.98
11,4,6.58,4.82,1.75
4,4,10.13,5.06,5.06
16,0,6.78,6.78,0
6,0,2.71,2.71,0
8,0,5.23,5.23,0
2,0,2.35,2.35,0
6,1,2.04,1.75,0.29
84,24,12.05,9.38,2.68
7,0,9.86,9.86,0
23,1,9.64,9.24,0.4
9,2,1.71,1.4,0.31
26,8,3.56,2.73,0.84
14,4,5.36,4.17,1.19
14,0,10.94,10.94,0
19,8,4.49,3.16,1.33
1,0,1,1,0
3,1,3.51,2.63,0.88
14,0,32.56,32.56,0
X,X,X,X,X
X,X,X,X,X
30,1,7.52,7.28,0.24
30,23,2.86,1.62,1.24
11,4,3.71,2.72,0.99
X,X,X,X,X
50,10,3.92,3.26,0.65
4,1,1.92,1.54,0.38
48,5,12.99,11.76,1.23
6,0,1.43,1.43,0
X,X,X,X,X
11,2,3.11,2.63,0.48
0,0,0,0,0
11,9,9.39,5.16,4.23
160,58,9.31,6.83,2.48
42,3,6.63,6.19,0.44
1,0,0.98,0.98,0
6,0,3.33,3.33,0
26,8,4.06,3.1,0.95
14,5,3.56,2.63,0.94
32,2,4.27,4.02,0.25
X,X,X,X,X
X,X,X,X,X
X,X,X,X,X
X,X,X,X,X
20,21,5.26,2.57,2.7
4,0,20,20,0
17,1,6.77,6.39,0.38
17,4,15.44,12.5,2.94
192,21,14.8,13.34,1.46
75,3,11.57,11.13,0.45
4,1,1.04,0.84,0.21
17,0,7.62,7.62,0
X,X,X,X,X
120,112,11.96,6.19,5.77
58,4,5.89,5.51,0.38
24,5,10.74,8.89,1.85
8,7,16.48,8.79,7.69
29,4,9.35,8.22,1.13
10,5,5.73,3.82,1.91
20,0,9.62,9.62,0
1,0,1.08,1.08,0
5,4,2,1.11,0.89
87,15,15.81,13.49,2.33
7,0,9.09,9.09,0
4,3,3.52,2.01,1.51
10,8,2.56,1.42,1.14
44,2,3.81,3.65,0.17
31,3,8.17,7.45,0.72
10,1,6.4,5.81,0.58
22,8,4.18,3.07,1.12
6,2,6.61,4.96,1.65
10,0,6.8,6.8,0
6,1,13.46,11.54,1.92
X,X,X,X,X
X,X,X,X,X
59,4,11.15,10.44,0.71
39,36,3.29,1.71,1.58
10,10,5.15,2.58,2.58
X,X,X,X,X
81,12,5,4.36,0.65
9,1,3.22,2.89,0.32
55,12,14.16,11.63,2.54
8,2,2.1,1.68,0.42
X,X,X,X,X
10,4,2.85,2.03,0.81
3,0,4.35,4.35,0
8,3,4.18,3.04,1.14
214,76,10.69,7.89,2.8
55,4,8.13,7.58,0.55
5,1,4.76,3.97,0.79
5,1,2.35,1.96,0.39
31,11,4.51,3.33,1.18
13,5,3.38,2.44,0.94
72,12,7.87,6.75,1.12
X,X,X,X,X
X,X,X,X,X
X,X,X,X,X
X,X,X,X,X
21,16,5.08,2.88,2.2
7,0,35,35,0
35,3,11.11,10.23,0.88
47,4,25.76,23.74,2.02
336,42,20.92,18.59,2.32
75,4,11.62,11.03,0.59
6,1,1.42,1.21,0.2
15,2,7.83,6.91,0.92
X,X,X,X,X
180,113,14.92,9.16,5.75
75,10,7.76,6.85,0.91
27,2,13.3,12.39,0.92
11,5,15.53,10.68,4.85
51,2,12.8,12.32,0.48
14,4,7.17,5.58,1.59
27,1,12.12,11.69,0.43
3,0,3.57,3.57,0
16,3,3.94,3.32,0.62
119,18,14.67,12.74,1.93
8,1,10.98,9.76,1.22
8,3,5.58,4.06,1.52
13,7,2.75,1.79,0.96
68,11,6.73,5.79,0.94
45,1,9.11,8.91,0.2
8,0,7.21,7.21,0
49,32,11.08,6.7,4.38
9,0,7.5,7.5,0
19,1,11.56,10.98,0.58
9,0,23.68,23.68,0
X,X,X,X,X
X,X,X,X,X
167,293,22.19,8.06,14.13
55,53,4.38,2.23,2.15
16,8,5.21,3.47,1.74
X,X,X,X,X
126,18,6.59,5.76,0.82
18,1,5.43,5.14,0.29
81,21,17.38,13.8,3.58
6,4,1.95,1.17,0.78
X,X,X,X,X
18,4,4.67,3.82,0.85
1,0,1.18,1.18,0
11,2,4.89,4.14,0.75
399,96,17.68,14.25,3.43
66,2,9.25,8.98,0.27
3,3,4.8,2.4,2.4
14,0,5.26,5.26,0
71,17,8.93,7.21,1.73
27,3,4.8,4.32,0.48
80,9,7.53,6.77,0.76
X,X,X,X,X
X,X,X,X,X
X,X,X,X,X
X,X,X,X,X
95,28,12.99,10.03,2.96
X,X,X,X,X
50,1,13.71,13.44,0.27
82,7,30.27,27.89,2.38
601,73,28.85,25.73,3.13
115,7,14.01,13.2,0.8
26,3,4.87,4.36,0.5
18,9,9.68,6.45,3.23
X,X,X,X,X
214,116,15.98,10.36,5.62
131,23,11.29,9.6,1.69
25,2,11.16,10.33,0.83
23,8,25,18.55,6.45
87,13,19.19,16.7,2.5
34,13,12.43,8.99,3.44
30,1,11.79,11.41,0.38
7,1,8.08,7.07,1.01
45,7,8.95,7.75,1.2
281,28,24.47,22.25,2.22
16,0,15.84,15.84,0
25,3,11.11,9.92,1.19
36,11,5.92,4.53,1.39
114,19,9.22,7.9,1.32
78,10,15.58,13.81,1.77
20,2,14.01,12.74,1.27
68,9,8.89,7.85,1.04
7,1,8.25,7.22,1.03
23,1,10.67,10.22,0.44
18,1,30.16,28.57,1.59
X,X,X,X,X
X,X,X,X,X
103,19,20.5,17.31,3.19
102,75,6.91,3.98,2.93
16,3,3.54,2.98,0.56
X,X,X,X,X
368,34,14.89,13.63,1.26
71,1,17.18,16.95,0.24
203,60,32.07,24.76,7.32
15,4,3.33,2.63,0.7
X,X,X,X,X
24,4,6.02,5.16,0.86
3,0,4.69,4.69,0
23,5,8.48,6.97,1.52
882,185,26.35,21.78,4.57
93,8,13.2,12.16,1.05
16,2,10.98,9.76,1.22
15,2,6.14,5.42,0.72
109,27,12.04,9.65,2.39
82,6,12.19,11.36,0.83
140,8,11.05,10.46,0.6
X,X,X,X,X
X,X,X,X,X
X,X,X,X,X
X,X,X,X,X
292,39,23.07,20.35,2.72
X,X,X,X,X
102,4,26.5,25.5,1
136,17,36.87,32.77,4.1
917,156,34.14,29.18,4.96
245,28,21.53,19.32,2.21
49,11,8.73,7.13,1.6
29,19,14.81,8.95,5.86
X,X,X,X,X
338,256,20.97,11.94,9.04
301,44,17.7,15.44,2.26
25,4,11.98,10.33,1.65
28,17,27.78,17.28,10.49
199,9,28.45,27.22,1.23
85,29,22.4,16.7,5.7
72,4,20.49,19.41,1.08
18,3,17.07,14.63,2.44
80,12,13.14,11.43,1.71
506,49,29.9,27.26,2.64
23,0,24.21,24.21,0
35,8,13.69,11.15,2.55
55,29,9.15,5.99,3.16
253,14,15.15,14.36,0.79
146,10,22.51,21.07,1.44
19,2,12.88,11.66,1.23
214,29,22.03,19.4,2.63
12,1,10.57,9.76,0.81
53,5,20.94,19.13,1.81
26,2,34.57,32.1,2.47
X,X,X,X,X
X,X,X,X,X
205,27,25.58,22.6,2.98
210,115,11.26,7.27,3.98
60,29,10.88,7.33,3.55
X,X,X,X,X
760,69,21.81,19.99,1.82
92,2,18.36,17.97,0.39
416,138,36.96,27.75,9.21
21,6,4.71,3.66,1.05
X,X,X,X,X
64,10,12.29,10.63,1.66
6,2,10.26,7.69,2.56
136,8,24.16,22.82,1.34
2005,353,35.7,30.36,5.34
194,17,20.19,18.56,1.63
15,1,9.58,8.98,0.6
37,8,12.97,10.66,2.31
223,75,20.67,15.46,5.2
189,11,19.49,18.42,1.07
300,11,17.35,16.74,0.61
X,X,X,X,X
X,X,X,X,X
X,X,X,X,X
X,X,X,X,X
312,43,23.29,20.47,2.82
X,X,X,X,X
172,12,30.26,28.29,1.97
88,15,33.55,28.66,4.89
1090,205,38.78,32.64,6.14
292,35,21.4,19.11,2.29
77,11,10.76,9.41,1.34
54,19,17.22,12.74,4.48
X,X,X,X,X
419,260,21.27,13.12,8.14
448,66,20.71,18.05,2.66
39,6,14.33,12.42,1.91
46,33,34.05,19.83,14.22
361,19,36.68,34.85,1.83
130,30,29.09,23.64,5.45
129,5,29.39,28.29,1.1
19,3,15.71,13.57,2.14
95,14,15.44,13.46,1.98
508,62,28.95,25.8,3.15
18,0,16.22,16.22,0
74,5,23.51,22.02,1.49
122,36,16.48,12.72,3.75
405,35,20.56,18.93,1.64
220,10,25.93,24.8,1.13
13,2,9.74,8.44,1.3
237,36,21.7,18.84,2.86
30,1,17.92,17.34,0.58
71,10,26.47,23.2,3.27
30,2,41.56,38.96,2.6
X,X,X,X,X
X,X,X,X,X
269,51,29.12,24.48,4.64
343,191,15.81,10.15,5.65
90,21,13.81,11.19,2.61
X,X,X,X,X
1235,88,27.3,25.48,1.82
106,7,18.9,17.73,1.17
432,186,36.16,25.28,10.88
55,22,10.81,7.72,3.09
X,X,X,X,X
83,19,15.07,12.26,2.81
5,1,9.23,7.69,1.54
138,14,21.23,19.27,1.96
1895,314,34.47,29.57,4.9
384,38,29.72,27.04,2.68
46,7,21.9,19.01,2.89
68,16,17.36,14.05,3.31
336,80,22.45,18.13,4.32
407,16,29.05,27.95,1.1
547,23,24.61,23.62,0.99
X,X,X,X,X
X,X,X,X,X
X,X,X,X,X
X,X,X,X,X
388,50,26.77,23.72,3.06
0,1,5,0,5
189,23,26.94,24.02,2.92
83,20,30.56,24.63,5.93
823,191,30.99,25.15,5.84
234,52,19.03,15.57,3.46
137,30,13.19,10.82,2.37
82,21,22.79,18.14,4.65
X,X,X,X,X
386,135,20.81,15.42,5.39
730,118,28.9,24.88,4.02
39,11,16.78,13.09,3.69
42,35,30.56,16.67,13.89
371,34,33.92,31.07,2.85
200,36,28.85,24.45,4.4
150,10,29.14,27.32,1.82
36,2,23.17,21.95,1.22
129,47,18.78,13.77,5.02
357,72,24.71,20.56,4.15
20,0,14.08,14.08,0
67,21,23.04,17.54,5.5
173,42,17.95,14.44,3.51
606,40,24.15,22.65,1.5
270,10,26.14,25.21,0.93
17,2,11.73,10.49,1.23
287,78,25.31,19.9,5.41
29,4,16.42,14.43,1.99
72,10,25.79,22.64,3.14
15,2,29.31,25.86,3.45
X,X,X,X,X
X,X,X,X,X
309,99,30.27,22.92,7.34
498,225,18.75,12.92,5.84
156,23,17,14.81,2.18
80,11,30.64,26.94,3.7
1354,139,27.26,24.73,2.54
91,6,16.96,15.91,1.05
417,186,33.69,23.3,10.39
78,23,12.52,9.67,2.85
X,X,X,X,X
107,21,15.55,13,2.55
4,2,7.79,5.19,2.6
156,19,22.35,19.92,2.43
1718,365,32.61,26.9,5.71
362,66,28.88,24.43,4.45
45,6,19.39,17.11,2.28
97,21,22.65,18.62,4.03
411,135,24.36,18.34,6.02
285,21,21.72,20.23,1.49
776,42,27.58,26.16,1.42
X,X,X,X,X
X,X,X,X,X
X,X,X,X,X
X,X,X,X,X
607,79,32.43,28.7,3.74
0,0,0,0,0
128,15,22.38,20.03,2.35
107,42,40.49,29.08,11.41
460,179,22.09,15.9,6.19
230,58,17.89,14.29,3.6
182,41,19.63,16.02,3.61
86,31,26.23,19.28,6.95
X,X,X,X,X
597,208,24.99,18.53,6.46
922,136,28.89,25.18,3.71
25,5,13.64,11.36,2.27
51,13,29.91,23.83,6.07
322,34,31.45,28.45,3
206,39,32.19,27.07,5.12
187,22,33.02,29.54,3.48
31,2,17.1,16.06,1.04
122,28,15.91,12.94,2.97
409,117,30.06,23.37,6.69
25,1,21.14,20.33,0.81
114,23,27.9,23.22,4.68
237,48,20.67,17.19,3.48
776,60,26.88,24.95,1.93
386,22,30.2,28.57,1.63
18,5,13.14,10.29,2.86
330,94,27.18,21.15,6.03
40,8,25.81,21.51,4.3
92,17,31.41,26.51,4.9
16,4,27.4,21.92,5.48
X,X,X,X,X
X,X,X,X,X
336,135,28.84,20.58,8.27
739,271,22.12,16.18,5.94
210,49,24.03,19.48,4.55
93,12,30,26.57,3.43
1449,162,29.38,26.42,2.95
137,9,21.28,19.97,1.31
399,270,34.48,20.57,13.92
155,44,17.93,13.96,3.96
X,X,X,X,X
266,54,25.76,21.42,4.35
8,2,10.53,8.42,2.11
157,8,22.36,21.27,1.08
1763,480,33.32,26.19,7.13
374,69,27.65,23.35,4.31
68,13,24.4,20.48,3.92
175,32,28.05,23.71,4.34
402,173,22.84,15.97,6.87
378,19,27.32,26.02,1.31
1149,56,29.43,28.07,1.37
X,X,X,X,X
X,X,X,X,X
X,X,X,X,X
X,X,X,X,X
525,95,31.3,26.5,4.8
X,X,X,X,X
52,9,11.87,10.12,1.75
79,46,34.44,21.76,12.67
269,145,16.72,10.86,5.86
177,54,14.75,11.3,3.45
233,52,22.53,18.42,4.11
114,42,28.57,20.88,7.69
X,X,X,X,X
716,301,25.86,18.21,7.66
834,177,27.94,23.05,4.89
26,7,13.2,10.4,2.8
56,9,27.31,23.53,3.78
398,64,39.32,33.87,5.45
140,53,30.44,22.08,8.36
229,52,37.17,30.29,6.88
37,7,19.47,16.37,3.1
126,39,18.71,14.29,4.42
321,100,26.9,20.51,6.39
37,3,24.24,22.42,1.82
181,24,30.28,26.74,3.55
289,61,23.43,19.34,4.08
1025,85,31.81,29.38,2.44
446,17,32.22,31.04,1.18
13,3,10.88,8.84,2.04
188,72,20.68,14.96,5.73
19,6,15.72,11.95,3.77
77,21,24.44,19.2,5.24
10,5,26.79,17.86,8.93
X,X,X,X,X
X,X,X,X,X
317,182,27.72,17.61,10.11
793,379,25.38,17.18,8.21
266,70,27.14,21.49,5.65
99,4,30.03,28.86,1.17
1258,180,26.19,22.91,3.28
192,18,24.82,22.7,2.13
242,223,27.24,14.18,13.06
209,84,23.02,16.42,6.6
X,X,X,X,X
264,43,23.36,20.09,3.27
7,2,12.5,9.72,2.78
117,17,21.97,19.18,2.79
1692,649,35.97,25.99,9.97
337,93,27.53,21.57,5.95
74,14,23.16,19.47,3.68
190,40,25.19,20.81,4.38
338,172,21.53,14.27,7.26
236,22,20.24,18.51,1.73
1244,80,31.74,29.82,1.92
X,X,X,X,X
X,X,X,X,X
X,X,X,X,X
X,X,X,X,X
412,99,25.58,20.62,4.95
0,0,0,0,0
40,8,9.94,8.28,1.66
107,97,37.43,19.63,17.8
216,187,16.6,8.9,7.7
220,78,15.54,11.47,4.07
323,104,26.29,19.89,6.4
166,43,33.44,26.56,6.88
X,X,X,X,X
1205,120,23.7,21.55,2.15
909,293,29.32,22.18,7.15
13,11,8.45,4.58,3.87
25,8,17.19,13.02,4.17
308,85,34.69,27.18,7.5
170,57,30.31,22.7,7.61
282,58,35.45,29.41,6.05
42,6,19.92,17.43,2.49
99,57,16.46,10.44,6.01
204,116,22.46,14.32,8.14
57,3,23.53,22.35,1.18
241,44,31.46,26.6,4.86
389,120,28.44,21.73,6.7
1380,139,35.4,32.16,3.24
396,32,30.81,28.51,2.3
14,8,14.38,9.15,5.23
183,76,18.49,13.06,5.42
29,9,16.89,12.89,4
75,33,24.27,16.85,7.42
14,7,29.58,19.72,9.86
X,X,X,X,X
X,X,X,X,X
250,275,25.61,12.2,13.41
1242,696,30.5,19.55,10.95
302,59,23.72,19.84,3.88
140,16,31.2,28,3.2
1389,255,27.55,23.28,4.27
169,40,25,20.22,4.78
219,214,23.39,11.83,11.56
310,117,26.2,19.02,7.18
X,X,X,X,X
341,80,26.2,21.22,4.98
5,2,8.24,5.88,2.35
120,23,21.7,18.21,3.49
1715,1003,37.13,23.43,13.7
265,131,24.49,16.39,8.1
106,19,23.19,19.67,3.53
246,50,26.48,22,4.47
297,176,19.07,11.98,7.1
177,25,14.83,13,1.84
1353,115,32.54,29.99,2.55
8,0,66.67,66.67,0
X,X,X,X,X
X,X,X,X,X
X,X,X,X,X
353,111,24.13,18.36,5.77
0,0,0,0,0
34,16,8.98,6.1,2.87
93,135,35.79,14.6,21.19
208,233,17.58,8.29,9.29
211,114,16.32,10.59,5.72
286,135,26.36,17.91,8.45
197,91,38.4,26.27,12.13
X,X,X,X,X
889,418,21.13,14.37,6.76
743,268,34.14,25.09,9.05
8,11,6.79,2.86,3.93
19,15,19.65,10.98,8.67
246,73,29.56,22.8,6.77
135,69,27.02,17.88,9.14
236,112,35.88,24.33,11.55
28,12,19.05,13.33,5.71
95,40,17.07,12.01,5.06
186,151,21.77,12.02,9.75
85,8,30.19,27.6,2.6
236,43,30.13,25.49,4.64
567,155,31.24,24.53,6.71
1099,129,30.85,27.61,3.24
357,29,30.11,27.85,2.26
7,15,12.94,4.12,8.82
208,163,19.65,11.02,8.63
37,19,19.11,12.63,6.48
92,33,24.75,18.22,6.53
X,X,X,X,X
X,X,X,X,X
X,X,X,X,X
195,322,25.04,9.44,15.59
1398,849,31.31,19.48,11.83
288,85,26.53,20.48,6.05
90,9,26.54,24.13,2.41
1310,335,27.61,21.99,5.62
109,59,21.79,14.14,7.65
152,167,19.93,9.49,10.43
388,185,29.75,20.15,9.61
X,X,X,X,X
270,69,22.5,17.92,4.58
5,0,7.25,7.25,0
104,38,23.09,16.91,6.18
1358,1290,35.07,17.98,17.08
258,199,25.62,14.46,11.15
130,29,28.55,23.34,5.21
359,114,32.05,24.32,7.72
242,227,20.22,10.44,9.79
133,29,12.04,9.88,2.15
1239,163,31.39,27.74,3.65
X,X,X,X,X
X,X,X,X,X
X,X,X,X,X
X,X,X,X,X
306,179,24.05,15.17,8.87
X,X,X,X,X
23,30,10.21,4.43,5.78
83,168,33.69,11.14,22.55
178,307,17.46,6.41,11.05
150,92,13.54,8.39,5.15
297,199,28.94,17.33,11.61
204,125,40.17,24.91,15.26
X,X,X,X,X
719,330,19.41,13.3,6.11
781,460,30.16,18.98,11.18
15,23,13.97,5.51,8.46
13,12,16.67,8.67,8
201,90,28.75,19.86,8.89
111,53,23.77,16.09,7.68
155,176,35.9,16.81,19.09
13,4,11.41,8.72,2.68
71,54,15.55,8.83,6.72
114,96,15.96,8.66,7.29
96,10,29.28,26.52,2.76
228,45,32.58,27.21,5.37
644,249,36.32,26.19,10.13
868,133,28.81,24.98,3.83
347,41,29.55,26.43,3.12
7,13,13.25,4.64,8.61
176,158,21.17,11.15,10.01
19,18,14.62,7.51,7.11
114,70,30.11,18.66,11.46
2,3,7.69,3.08,4.62
X,X,X,X,X
X,X,X,X,X
167,293,22.19,8.06,14.13
1513,953,32.81,20.13,12.68
264,108,26.76,18.99,7.77
77,9,24.64,22.06,2.58
1287,402,27.46,20.92,6.54
124,66,23.4,15.27,8.13
120,140,17.5,8.08,9.42
345,235,32.71,19.46,13.25
X,X,X,X,X
257,101,24.52,17.6,6.92
4,0,5.97,5.97,0
122,79,26.07,15.82,10.25
1025,1236,32.48,14.72,17.75
170,211,22.36,9.98,12.38
149,32,29.62,24.39,5.24
385,159,34.45,24.38,10.07
225,178,18.55,10.35,8.19
97,57,11.87,7.48,4.39
1284,242,33.63,28.29,5.33
X,X,X,X,X
X,X,X,X,X
X,X,X,X,X
X,X,X,X,X
162,131,17.95,9.93,8.03
X,X,X,X,X
16,33,8.97,2.93,6.04
40,176,31.95,5.92,26.04
142,292,16.66,5.45,11.21
115,118,13.24,6.53,6.7
307,228,29.49,16.92,12.57
94,90,32.68,16.7,15.99
X,X,X,X,X
578,312,19.64,12.75,6.88
436,317,26.97,15.62,11.35
7,16,7.57,2.3,5.26
12,11,15.23,7.95,7.28
166,113,28.32,16.85,11.47
129,100,30.61,17.25,13.37
119,174,34.96,14.2,20.76
16,19,19.34,8.84,10.5
72,70,17.49,8.87,8.62
71,77,13.96,6.7,7.26
110,9,31.65,29.26,2.39
208,65,33.29,25.37,7.93
641,301,36.61,24.91,11.7
645,164,27.18,21.67,5.51
282,70,27.08,21.69,5.38
6,6,9.6,4.8,4.8
166,179,19.61,9.44,10.18
34,10,18.72,14.47,4.26
80,94,32.4,14.9,17.5
3,10,19.7,4.55,15.15
X,X,X,X,X
X,X,X,X,X
70,256,17.81,3.83,13.99
1457,1064,31.98,18.48,13.5
161,102,22.25,13.62,8.63
64,14,26.8,21.99,4.81
1245,548,30.18,20.96,9.22
98,106,26.6,12.78,13.82
99,115,18.1,8.38,9.73
318,200,29.94,18.38,11.56
X,X,X,X,X
145,103,21.18,12.38,8.8
4,4,12.5,6.25,6.25
81,87,20.36,9.82,10.55
733,1252,31.08,11.48,19.61
138,232,24.25,9.04,15.2
153,26,33.58,28.71,4.88
260,144,31.05,19.98,11.07
149,172,15.91,7.38,8.52
130,81,16.69,10.28,6.41
972,295,29.84,22.89,6.95
0,3,25,0,25
X,X,X,X,X
X,X,X,X,X
X,X,X,X,X
61,79,12.69,5.53,7.16
X,X,X,X,X
11,21,6.74,2.32,4.42
22,131,28.23,4.06,24.17
90,204,13.76,4.21,9.55
82,94,11.68,5.44,6.24
179,219,25.53,11.48,14.05
34,46,19.66,8.35,11.3
X,X,X,X,X
397,258,17.63,10.69,6.94
171,157,18.53,9.66,8.87
5,10,5.81,1.94,3.88
5,9,12.73,4.55,8.18
90,93,22.29,10.96,11.33
81,81,28.17,14.09,14.09
93,169,34.2,12.14,22.06
11,17,19.05,7.48,11.56
36,65,13.43,4.79,8.64
34,56,10.78,4.07,6.71
40,8,21.62,18.02,3.6
87,46,24.4,15.96,8.44
451,222,32.99,22.11,10.88
526,182,25.56,18.99,6.57
232,62,26.46,20.88,5.58
4,3,7.37,4.21,3.16
109,162,16.86,6.78,10.08
23,21,16.67,8.71,7.95
73,86,33.97,15.6,18.38
5,7,17.91,7.46,10.45
X,X,X,X,X
X,X,X,X,X
102,196,19.92,6.82,13.1
830,742,27.29,14.41,12.88
43,50,12.27,5.67,6.6
46,19,24.34,17.23,7.12
811,611,28.06,16,12.06
56,51,19.45,10.18,9.27
84,129,18.95,7.47,11.48
223,197,29.07,15.43,13.63
X,X,X,X,X
68,75,17.21,8.18,9.03
4,4,12.12,6.06,6.06
36,36,15.16,7.58,7.58
379,707,22.92,8,14.92
87,165,20.22,6.98,13.24
154,22,30.5,26.69,3.81
116,77,23.68,14.23,9.45
144,208,18.95,7.75,11.19
68,58,12.32,6.65,5.67
676,331,28.46,19.11,9.36
X,X,X,X,X
X,X,X,X,X
X,X,X,X,X
X,X,X,X,X
34,46,9.66,4.11,5.56
0,1,8.33,0,8.33
8,31,10.89,2.23,8.66
20,58,20.31,5.21,15.1
94,253,16.29,4.41,11.88
78,88,12.86,6.04,6.82
108,141,19.9,8.63,11.27
16,42,16.48,4.55,11.93
X,X,X,X,X
278,222,16.23,9.02,7.21
63,72,11.39,5.32,6.08
6,4,4.39,2.63,1.75
9,4,10.08,6.98,3.1
48,72,18.15,7.26,10.89
54,49,24.58,12.89,11.69
62,180,34.52,8.84,25.68
6,25,22.96,4.44,18.52
14,33,8.22,2.45,5.77
9,43,8.18,1.42,6.76
52,4,26.05,24.19,1.86
48,21,17.47,12.15,5.32
299,166,29.01,18.65,10.36
399,179,24,16.57,7.43
120,74,20.36,12.59,7.76
3,4,8.97,3.85,5.13
55,92,12.73,4.76,7.97
39,28,22.79,13.27,9.52
59,93,36.02,13.98,22.04
4,4,19.51,9.76,9.76
X,X,X,X,X
X,X,X,X,X
71,129,15.2,5.4,9.8
396,372,18.48,9.53,8.95
38,21,10.07,6.48,3.58
34,24,20.35,11.93,8.42
468,376,21.83,12.11,9.73
6,37,11.11,1.55,9.56
69,119,17.96,6.59,11.37
139,126,21.56,11.31,10.25
X,X,X,X,X
21,24,7.59,3.54,4.05
3,7,14.08,4.23,9.86
9,17,8.61,2.98,5.63
213,435,17.56,5.77,11.79
89,217,20.03,5.82,14.2
113,23,29.96,24.89,5.07
59,46,15.79,8.87,6.92
151,159,16.94,8.25,8.69
43,26,8.54,5.32,3.22
418,301,25.43,14.79,10.65
X,X,X,X,X
X,X,X,X,X
X,X,X,X,X
X,X,X,X,X
10,22,4.74,1.48,3.26
0,2,14.29,0,14.29
8,16,6.09,2.03,4.06
22,31,16.72,6.94,9.78
104,230,16.36,5.1,11.27
76,82,12.94,6.22,6.72
58,90,14.08,5.52,8.56
13,32,15.85,4.58,11.27
X,X,X,X,X
219,187,15.12,8.15,6.96
54,34,8.55,5.25,3.3
5,4,4.41,2.45,1.96
3,13,17.02,3.19,13.83
25,83,18.52,4.29,14.24
22,42,17.02,5.85,11.17
39,127,29.48,6.93,22.56
4,12,11.11,2.78,8.33
11,26,7.23,2.15,5.08
8,24,5.2,1.3,3.9
37,5,23.46,20.67,2.79
37,23,16.13,9.95,6.18
120,119,18.83,9.46,9.38
239,181,19.43,11.05,8.37
61,84,18.83,7.92,10.91
0,0,0,0,0
45,73,11.15,4.25,6.9
58,24,28.28,20,8.28
44,61,30.35,12.72,17.63
2,6,20,5,15
X,X,X,X,X
X,X,X,X,X
45,110,15.12,4.39,10.73
234,234,13.57,6.79,6.79
33,19,10.36,6.57,3.78
23,22,18.75,9.58,9.17
293,274,18.68,9.65,9.03
8,33,11.88,2.32,9.57
71,124,19.64,7.15,12.49
82,70,18.42,9.94,8.48
X,X,X,X,X
18,16,6.92,3.67,3.26
4,6,20,8,12
6,27,11.26,2.05,9.22
82,196,9.93,2.93,7
62,170,18.01,4.81,13.2
57,23,20.89,14.88,6.01
32,29,11.71,6.14,5.57
178,188,20.85,10.14,10.71
16,27,6.22,2.32,3.91
264,277,23.67,11.55,12.12
X,X,X,X,X
X,X,X,X,X
X,X,X,X,X
X,X,X,X,X
11,32,6.49,1.66,4.83
X,X,X,X,X
7,31,10.58,1.95,8.64
16,18,12.32,5.8,6.52
91,227,16.09,4.61,11.49
75,86,14.09,6.56,7.52
31,62,10.59,3.53,7.06
12,24,16.9,5.63,11.27
X,X,X,X,X
191,169,14.36,7.62,6.74
53,42,9.38,5.23,4.15
5,8,5.65,2.17,3.48
1,11,13.33,1.11,12.22
22,63,17.63,4.56,13.07
23,50,19.01,5.99,13.02
17,68,21.09,4.22,16.87
5,15,17.39,4.35,13.04
5,20,5.11,1.02,4.09
11,21,6.07,2.09,3.98
30,12,25.61,18.29,7.32
24,39,17.9,6.82,11.08
107,96,20.3,10.7,9.6
220,210,21.25,10.87,10.38
46,81,19.57,7.09,12.48
0,1,1.75,0,1.75
35,59,9.98,3.72,6.26
35,41,29.23,13.46,15.77
37,51,32.96,13.86,19.1
1,5,14.63,2.44,12.2
X,X,X,X,X
X,X,X,X,X
23,84,13.34,2.87,10.47
179,210,12.6,5.8,6.8
20,24,10.5,4.77,5.73
23,19,21.54,11.79,9.74
298,340,22.32,10.42,11.89
4,27,9.94,1.28,8.65
41,90,16.56,5.18,11.38
51,79,15.82,6.2,9.61
X,X,X,X,X
12,18,7.08,2.83,4.25
4,3,14,8,6
5,18,12.85,2.79,10.06
43,114,7.56,2.07,5.49
61,127,16.26,5.28,10.99
37,16,20.78,14.51,6.27
50,58,16.64,7.7,8.94
122,225,21.17,7.44,13.73
14,25,5.64,2.03,3.62
206,312,22.88,9.1,13.78
X,X,X,X,X
X,X,X,X,X
X,X,X,X,X
X,X,X,X,X
10,26,6.99,1.94,5.05
X,X,X,X,X
2,21,7.03,0.61,6.42
5,10,8.15,2.72,5.43
45,122,10.23,2.76,7.48
52,71,13.02,5.5,7.51
33,50,11.16,4.44,6.72
5,26,16.76,2.7,14.05
X,X,X,X,X
188,174,14.64,7.6,7.04
43,34,8.71,4.86,3.85
2,5,3.13,0.89,2.23
6,13,20.88,6.59,14.29
20,78,19.14,3.91,15.23
21,42,18.42,6.14,12.28
14,62,20.6,3.79,16.8
0,12,11.65,0,11.65
11,26,7.64,2.27,5.37
4,23,5.87,0.87,5
20,8,18.42,13.16,5.26
23,34,20.58,8.3,12.27
85,77,14.89,7.81,7.08
249,269,25.33,12.18,13.15
34,65,16.78,5.76,11.02
1,0,3.45,3.45,0
20,37,7.07,2.48,4.59
23,31,24.11,10.27,13.84
18,32,21.65,7.79,13.85
2,2,12.9,6.45,6.45
X,X,X,X,X
X,X,X,X,X
21,39,9.09,3.18,5.91
180,180,12.58,6.29,6.29
15,29,12.02,4.1,7.92
16,13,15.68,8.65,7.03
282,388,23.49,9.89,13.6
3,11,6.39,1.37,5.02
39,54,13.62,5.71,7.91
43,80,17.5,6.12,11.38
X,X,X,X,X
19,23,9.35,4.23,5.12
3,2,10,6,4
6,16,11.46,3.13,8.33
37,78,6.61,2.13,4.48
37,84,13.8,4.22,9.58
32,24,23.73,13.56,10.17
37,62,19.6,7.33,12.28
96,203,19.63,6.3,13.33
16,40,8.74,2.5,6.24
159,370,24.82,7.46,17.36
X,X,X,X,X
X,X,X,X,X
X,X,X,X,X
X,X,X,X,X
5,13,3.71,1.03,2.68
X,X,X,X,X
0,16,5.78,0,5.78
3,4,4.14,1.78,2.37
23,76,7.57,1.76,5.81
39,44,10.05,4.72,5.33
33,44,11.11,4.76,6.35
9,16,13.74,4.95,8.79
X,X,X,X,X
153,121,14.04,7.84,6.2
28,39,8.44,3.53,4.91
3,6,4.41,1.47,2.94
9,11,24.39,10.98,13.41
13,67,17.35,2.82,14.53
11,34,16.67,4.07,12.59
12,46,17.85,3.69,14.15
0,0,0,0,0
7,26,7.19,1.53,5.66
6,12,4.13,1.38,2.75
23,17,26.85,15.44,11.41
22,32,17.7,7.21,10.49
60,88,17.45,7.08,10.38
222,320,26.06,10.67,15.38
30,69,17.87,5.42,12.45
0,0,0,0,0
14,29,5.91,1.93,3.99
11,26,19.27,5.73,13.54
8,25,16.75,4.06,12.69
0,4,12.9,0,12.9
X,X,X,X,X
X,X,X,X,X
15,18,7.62,3.46,4.16
221,212,15.69,8.01,7.68
14,29,11.59,3.77,7.82
13,13,17.57,8.78,8.78
245,420,22.57,8.32,14.26
1,5,2.86,0.48,2.38
38,66,15.03,5.49,9.54
49,70,17.2,7.08,10.12
X,X,X,X,X
6,16,5.98,1.63,4.35
2,3,8.77,3.51,5.26
6,21,13.57,3.02,10.55
15,35,3.47,1.04,2.43
19,61,9.59,2.28,7.31
32,31,23.33,11.85,11.48
38,65,18.76,6.92,11.84
108,175,19.76,7.54,12.22
13,73,13.27,2.01,11.27
103,370,24.1,5.25,18.85
X,X,X,X,X
X,X,X,X,X
X,X,X,X,X
X,X,X,X,X
7,11,3.94,1.53,2.41
0,2,20,0,20
1,4,2.23,0.45,1.79
1,7,5.63,0.7,4.93
16,64,7.38,1.48,5.9
17,36,8.27,2.65,5.62
32,45,11.63,4.83,6.8
2,8,7.46,1.49,5.97
X,X,X,X,X
89,117,11.51,4.97,6.54
16,41,8.06,2.26,5.8
5,6,6.88,3.13,3.75
9,6,15.79,9.47,6.32
4,36,9.83,0.98,8.85
3,19,7.38,1.01,6.38
9,43,17.28,2.99,14.29
0,1,1.22,0,1.22
6,16,4.7,1.28,3.42
2,12,4.13,0.59,3.54
22,12,25,16.18,8.82
16,23,16.46,6.75,9.7
49,109,17.44,5.41,12.03
116,251,20.25,6.4,13.85
15,54,16.79,3.65,13.14
0,2,7.69,0,7.69
9,24,4.95,1.35,3.6
8,15,13.37,4.65,8.72
9,13,14.19,5.81,8.39
0,1,3.23,0,3.23
X,X,X,X,X
X,X,X,X,X
3,8,2.97,0.81,2.16
167,167,15.43,7.71,7.71
11,30,12.02,3.23,8.8
22,13,21.21,13.33,7.88
164,323,18.04,6.07,11.96
3,3,2.64,1.32,1.32
25,50,12.98,4.33,8.65
20,66,12.41,2.89,9.52
X,X,X,X,X
5,12,5.28,1.55,3.73
0,4,8,0,8
3,7,6.25,1.88,4.38
12,31,3.45,0.96,2.49
18,46,8.45,2.38,6.08
17,42,22.96,6.61,16.34
23,55,15.92,4.69,11.22
72,133,15.48,5.44,10.05
12,60,10.5,1.75,8.75
74,268,19.19,4.15,15.04
X,X,X,X,X
X,X,X,X,X
X,X,X,X,X
X,X,X,X,X
10,10,5.24,2.62,2.62
X,X,X,X,X
0,8,3.83,0,3.83
0,3,3.16,0,3.16
8,34,4.91,0.94,3.98
20,15,5.41,3.09,2.32
34,49,12.5,5.12,7.38
2,5,7.29,2.08,5.21
X,X,X,X,X
92,120,11.31,4.91,6.4
12,27,6.18,1.9,4.28
4,3,3.8,2.17,1.63
5,6,14.29,6.49,7.79
8,36,11,2,9
12,24,14.01,4.67,9.34
10,15,9.54,3.82,5.73
1,3,4.76,1.19,3.57
2,12,3.63,0.52,3.11
1,7,2.66,0.33,2.33
26,19,29.22,16.88,12.34
8,20,12.12,3.46,8.66
38,82,15.46,4.9,10.57
84,204,16.55,4.83,11.72
9,32,10.85,2.38,8.47
0,1,3.85,0,3.85
5,19,3.69,0.77,2.92
3,14,11.33,2,9.33
10,9,13.19,6.94,6.25
X,X,X,X,X
X,X,X,X,X
X,X,X,X,X
4,11,3.95,1.05,2.89
111,101,10.43,5.46,4.97
11,21,11,3.78,7.22
14,17,22.96,10.37,12.59
139,321,18.49,5.59,12.9
0,2,1.11,0,1.11
11,38,12.56,2.82,9.74
18,29,10.56,4.04,6.52
X,X,X,X,X
3,15,5.66,0.94,4.72
2,1,4.55,3.03,1.52
7,5,8.51,4.96,3.55
7,27,2.79,0.57,2.21
18,19,5.32,2.59,2.73
11,26,17.05,5.07,11.98
23,34,12.9,5.2,7.69
39,92,11.52,3.43,8.09
5,66,10.38,0.73,9.65
55,277,19.69,3.26,16.43
X,X,X,X,X
X,X,X,X,X
X,X,X,X,X
X,X,X,X,X
1,7,2.22,0.28,1.94
1,1,18.18,9.09,9.09
0,8,3.64,0,3.64
1,1,2.08,1.04,1.04
8,11,3.35,1.41,1.94
14,20,6.73,2.77,3.96
17,40,10.05,3,7.05
1,3,4.82,1.2,3.61
X,X,X,X,X
64,82,8.62,3.78,4.84
5,7,2.44,1.02,1.43
0,1,0.78,0,0.78
2,2,5.97,2.99,2.99
2,28,10.6,0.71,9.89
3,20,9.91,1.29,8.62
7,19,11.56,3.11,8.44
0,1,1.67,0,1.67
2,11,3.39,0.52,2.86
3,2,1.82,1.09,0.73
9,18,25.96,8.65,17.31
5,31,15.32,2.13,13.19
28,62,13.33,4.15,9.19
55,166,15.55,3.87,11.68
10,45,12.7,2.31,10.39
0,0,0,0,0
7,14,3.41,1.14,2.28
2,12,10.22,1.46,8.76
10,4,11.86,8.47,3.39
1,1,12.5,6.25,6.25
X,X,X,X,X
X,X,X,X,X
2,10,3.99,0.66,3.32
111,66,9.24,5.79,3.44
3,11,5.36,1.15,4.21
5,21,22.81,4.39,18.42
90,228,14.36,4.06,10.29
0,3,1.79,0,1.79
8,23,15.2,3.92,11.27
9,17,7.22,2.5,4.72
X,X,X,X,X
2,9,4.15,0.75,3.4
1,1,5.71,2.86,2.86
3,6,6.62,2.21,4.41
1,20,1.86,0.09,1.77
8,10,3.57,1.59,1.98
11,24,15.7,4.93,10.76
25,37,14.09,5.68,8.41
20,59,9.71,2.46,7.25
6,39,6.68,0.89,5.79
18,206,16.8,1.35,15.45
X,X,X,X,X
X,X,X,X,X
X,X,X,X,X
X,X,X,X,X
2,5,2.13,0.61,1.52
X,X,X,X,X
1,9,4.57,0.46,4.11
0,1,1.3,0,1.3
15,12,3.92,2.18,1.74
15,15,6.4,3.2,3.2
7,28,6.54,1.31,5.23
2,2,6.45,3.23,3.23
X,X,X,X,X
57,87,8.57,3.39,5.18
4,10,2.92,0.83,2.08
1,3,2.5,0.63,1.88
0,3,7.69,0,7.69
2,19,8.75,0.83,7.92
4,6,5.65,2.26,3.39
3,8,5.21,1.42,3.79
0,2,3.85,0,3.85
3,5,2.33,0.87,1.45
2,1,1.1,0.73,0.37
2,11,14.44,2.22,12.22
2,20,12.02,1.09,10.93
26,35,10.97,4.68,6.29
35,123,12.65,2.8,9.85
10,34,11.83,2.69,9.14
0,0,0,0,0
4,10,2.75,0.78,1.96
2,3,4.27,1.71,2.56
10,3,11.4,8.77,2.63
1,0,8.33,8.33,0
X,X,X,X,X
X,X,X,X,X
3,12,9.04,1.81,7.23
76,68,8.33,4.4,3.94
4,13,7.76,1.83,5.94
8,11,16.96,7.14,9.82
62,169,12.17,3.27,8.9
1,2,1.7,0.57,1.14
9,21,15.15,4.55,10.61
7,14,7.12,2.37,4.75
X,X,X,X,X
3,4,2.8,1.2,1.6
0,1,2.33,0,2.33
0,4,3.64,0,3.64
6,13,1.9,0.6,1.3
7,11,4.04,1.57,2.47
8,15,14.65,5.1,9.55
5,13,3.98,1.11,2.88
22,40,8.18,2.9,5.28
3,55,9.97,0.52,9.45
17,133,13.27,1.5,11.77
X,X,X,X,X
X,X,X,X,X
X,X,X,X,X
X,X,X,X,X
2,6,2.65,0.66,1.99
0,0,0,0,0
2,7,4.41,0.98,3.43
0,0,0,0,0
5,6,1.77,0.81,0.97
14,7,5.38,3.59,1.79
3,10,2.91,0.67,2.24
2,2,8.16,4.08,4.08
X,X,X,X,X
54,85,8.67,3.37,5.3
3,4,1.57,0.67,0.89
0,1,0.67,0,0.67
0,1,2.7,0,2.7
4,14,9.47,2.11,7.37
2,4,3.7,1.23,2.47
1,5,4.05,0.68,3.38
1,0,1.61,1.61,0
1,4,1.51,0.3,1.21
0,1,0.48,0,0.48
3,7,17.54,5.26,12.28
1,12,8.02,0.62,7.41
6,27,7.4,1.35,6.05
32,100,11.88,2.88,9
7,13,8.2,2.87,5.33
0,1,4.35,0,4.35
6,12,3.88,1.29,2.59
0,9,8.18,0,8.18
6,4,10.75,6.45,4.3
0,1,9.09,0,9.09
X,X,X,X,X
X,X,X,X,X
1,3,1.79,0.45,1.34
53,30,5.16,3.29,1.86
1,5,3.28,0.55,2.73
7,9,15.38,6.73,8.65
54,112,10.17,3.31,6.86
0,0,0,0,0
0,5,5.56,0,5.56
11,15,8.72,3.69,5.03
X,X,X,X,X
4,3,2.81,1.61,1.2
2,0,4.76,4.76,0
1,2,3.85,1.28,2.56
3,10,1.46,0.34,1.12
8,4,2.76,1.84,0.92
1,3,4.49,1.12,3.37
1,11,3.82,0.32,3.5
9,15,3.66,1.37,2.29
8,37,7.34,1.31,6.04
22,107,13.02,2.22,10.8
X,X,X,X,X
X,X,X,X,X
X,X,X,X,X
X,X,X,X,X
1,1,0.75,0.38,0.38
X,X,X,X,X
1,2,1.45,0.48,0.97
0,0,0,0,0
1,2,0.54,0.18,0.36
5,4,2.51,1.4,1.12
1,5,1.79,0.3,1.49
1,0,3.85,3.85,0
X,X,X,X,X
59,73,8.37,3.74,4.63
2,6,2.13,0.53,1.6
0,1,0.93,0,0.93
0,0,0,0,0
2,7,4.39,0.98,3.41
0,2,1.53,0,1.53
1,5,4.35,0.72,3.62
0,0,0,0,0
0,5,1.57,0,1.57
2,3,2.35,0.94,1.41
1,0,1.89,1.89,0
1,8,7.14,0.79,6.35
2,10,3.58,0.6,2.99
9,80,10.21,1.03,9.17
3,8,4.37,1.19,3.17
0,0,0,0,0
2,2,0.8,0.4,0.4
2,3,5.05,2.02,3.03
1,1,2.86,1.43,1.43
2,0,14.29,14.29,0
X,X,X,X,X
X,X,X,X,X
1,3,1.88,0.47,1.41
31,34,4.34,2.07,2.27
0,3,2.07,0,2.07
3,11,20,4.29,15.71
20,54,5.65,1.53,4.12
0,1,0.65,0,0.65
0,3,4,0,4
3,5,3.42,1.28,2.14
X,X,X,X,X
1,5,2.67,0.44,2.22
0,0,0,0,0
2,5,8.24,2.35,5.88
5,5,1.29,0.64,0.64
3,2,1.24,0.75,0.5
0,4,4.6,0,4.6
0,3,1.38,0,1.38
8,14,4.14,1.5,2.63
3,20,4.58,0.6,3.98
10,55,7.28,1.12,6.16
X,X,X,X,X
X,X,X,X,X
X,X,X,X,X
X,X,X,X,X
0,0,0,0,0
X,X,X,X,X
0,0,0,0,0
0,0,0,0,0
2,5,1.35,0.39,0.96
3,3,1.85,0.92,0.92
1,3,1.1,0.27,0.82
0,0,0,0,0
X,X,X,X,X
69,52,8.15,4.65,3.5
2,6,2.27,0.57,1.7
0,2,1.79,0,1.79
0,1,4.35,0,4.35
1,3,2.72,0.68,2.04
2,2,3.03,1.52,1.52
0,0,0,0,0
0,0,0,0,0
0,1,0.33,0,0.33
0,1,0.53,0,0.53
3,2,17.24,10.34,6.9
8,15,16.43,5.71,10.71
8,5,4.11,2.53,1.58
4,24,4,0.57,3.43
0,7,3.68,0,3.68
0,0,0,0,0
2,1,0.73,0.49,0.24
0,0,0,0,0
0,0,0,0,0
0,1,7.14,0,7.14
X,X,X,X,X
X,X,X,X,X
0,0,0,0,0
22,13,2.57,1.62,0.96
1,0,0.6,0.6,0
3,5,9.2,3.45,5.75
19,20,3.6,1.75,1.85
0,0,0,0,0
1,0,2.13,2.13,0
1,3,1.92,0.48,1.44
X,X,X,X,X
0,1,0.58,0,0.58
0,1,2.5,0,2.5
2,4,7.59,2.53,5.06
4,7,1.61,0.58,1.02
1,2,0.82,0.27,0.55
0,0,0,0,0
0,0,0,0,0
3,4,1.64,0.7,0.93
3,12,3.29,0.66,2.63
7,25,5.45,1.19,4.26
X,X,X,X,X
X,X,X,X,X
X,X,X,X,X
X,X,X,X,X
0,0,0,0,0
X,X,X,X,X
0,2,1.48,0,1.48
1,0,1.47,1.47,0
5,3,1.86,1.16,0.7
0,3,1.1,0,1.1
3,2,1.68,1.01,0.67
0,0,0,0,0
X,X,X,X,X
61,61,7.88,3.94,3.94
0,4,1.36,0,1.36
0,6,5.36,0,5.36
X,X,X,X,X
1,2,2.22,0.74,1.48
0,0,0,0,0
0,0,0,0,0
0,0,0,0,0
1,0,0.38,0.38,0
1,1,1.64,0.82,0.82
1,0,5.26,5.26,0
1,0,2.63,2.63,0
3,1,1.45,1.09,0.36
1,12,2.21,0.17,2.04
2,7,3.85,0.85,2.99
0,0,0,0,0
1,4,1.3,0.26,1.04
0,0,0,0,0
0,0,0,0,0
X,X,X,X,X
X,X,X,X,X
X,X,X,X,X
0,1,0.87,0,0.87
11,3,1.16,0.91,0.25
0,4,2.25,0,2.25
0,1,2.13,0,2.13
10,12,2.26,1.03,1.23
0,0,0,0,0
1,2,4.55,1.52,3.03
2,3,2.54,1.02,1.52
X,X,X,X,X
0,0,0,0,0
0,0,0,0,0
0,4,6.25,0,6.25
0,3,0.46,0,0.46
2,1,0.8,0.53,0.27
1,0,2.5,2.5,0
0,0,0,0,0
3,4,1.77,0.76,1.01
0,6,1.37,0,1.37
2,7,1.94,0.43,1.51
X,X,X,X,X
X,X,X,X,X
X,X,X,X,X
X,X,X,X,X
0,0,0,0,0
X,X,X,X,X
0,5,3.18,0,3.18
0,0,0,0,0
2,0,0.49,0.49,0
0,1,0.43,0,0.43
0,3,1.06,0,1.06
0,0,0,0,0
X,X,X,X,X
47,48,6.45,3.19,3.26
1,5,1.92,0.32,1.6
2,3,4.46,1.79,2.68
X,X,X,X,X
0,1,0.83,0,0.83
0,0,0,0,0
0,0,0,0,0
X,X,X,X,X
0,0,0,0,0
1,0,0.87,0.87,0
X,X,X,X,X
0,0,0,0,0
1,0,0.38,0.38,0
0,3,0.6,0,0.6
0,6,2.99,0,2.99
X,X,X,X,X
0,0,0,0,0
0,0,0,0,0
0,0,0,0,0
X,X,X,X,X
X,X,X,X,X
X,X,X,X,X
0,0,0,0,0
10,1,0.94,0.86,0.09
0,0,0,0,0
0,1,2.08,0,2.08
0,0,0,0,0
0,0,0,0,0
0,0,0,0,0
1,1,2.5,1.25,1.25
X,X,X,X,X
0,1,0.57,0,0.57
0,0,0,0,0
0,3,4.84,0,4.84
3,1,0.64,0.48,0.16
3,1,1.22,0.91,0.3
0,0,0,0,0
1,0,0.7,0.7,0
0,1,0.3,0,0.3
0,1,0.27,0,0.27
1,2,0.6,0.2,0.4
X,X,X,X,X
X,X,X,X,X
X,X,X,X,X
X,X,X,X,X
2,0,1.2,1.2,0
X,X,X,X,X
0,4,3.05,0,3.05
0,1,1.67,0,1.67
0,7,1.74,0,1.74
0,0,0,0,0
0,1,0.39,0,0.39
X,X,X,X,X
X,X,X,X,X
46,43,7.02,3.63,3.39
0,2,0.81,0,0.81
0,3,3.57,0,3.57
X,X,X,X,X
0,2,2.13,0,2.13
2,1,3.26,2.17,1.09
0,0,0,0,0
0,0,0,0,0
0,0,0,0,0
0,0,0,0,0
X,X,X,X,X
1,0,1.16,1.16,0
1,1,0.92,0.46,0.46
2,1,0.78,0.52,0.26
0,2,1.43,0,1.43
X,X,X,X,X
0,0,0,0,0
0,0,0,0,0
0,0,0,0,0
X,X,X,X,X
X,X,X,X,X
X,X,X,X,X
0,1,0.9,0,0.9
3,1,0.35,0.26,0.09
0,0,0,0,0
1,0,2.5,2.5,0
5,2,1.04,0.74,0.3
0,0,0,0,0
0,0,0,0,0
0,0,0,0,0
X,X,X,X,X
1,0,0.61,0.61,0
0,0,0,0,0
0,3,7.32,0,7.32
3,2,0.85,0.51,0.34
0,0,0,0,0
0,0,0,0,0
0,1,0.68,0,0.68
4,0,1.12,1.12,0
0,1,0.35,0,0.35
0,0,0,0,0
X,X,X,X,X
X,X,X,X,X
X,X,X,X,X
X,X,X,X,X
0,0,0,0,0
X,X,X,X,X
0,3,2.8,0,2.8
0,0,0,0,0
0,1,0.29,0,0.29
1,0,0.46,0.46,0
0,1,0.39,0,0.39
X,X,X,X,X
X,X,X,X,X
41,49,7.79,3.55,4.24
0,3,1.3,0,1.3
1,0,1.85,1.85,0
X,X,X,X,X
0,0,0,0,0
1,0,1.37,1.37,0
0,0,0,0,0
0,0,0,0,0
0,0,0,0,0
0,0,0,0,0
X,X,X,X,X
0,0,0,0,0
0,0,0,0,0
0,0,0,0,0
0,0,0,0,0
X,X,X,X,X
0,0,0,0,0
0,0,0,0,0
0,0,0,0,0
X,X,X,X,X
X,X,X,X,X
X,X,X,X,X
0,0,0,0,0
1,0,0.09,0.09,0
0,0,0,0,0
0,0,0,0,0
1,2,0.46,0.15,0.31
0,0,0,0,0
0,0,0,0,0
0,0,0,0,0
X,X,X,X,X
0,0,0,0,0
0,0,0,0,0
0,1,2.33,0,2.33
1,1,0.34,0.17,0.17
2,1,0.99,0.66,0.33
0,0,0,0,0
0,0,0,0,0
0,1,0.29,0,0.29
0,2,0.6,0,0.6
0,0,0,0,0
X,X,X,X,X
X,X,X,X,X
X,X,X,X,X
X,X,X,X,X
0,0,0,0,0
0,0,0,0,0
0,1,0.97,0,0.97
1,0,2.44,2.44,0
1,0,0.28,0.28,0
0,0,0,0,0
0,0,0,0,0
0,0,0,0,0
X,X,X,X,X
38,28,6.04,3.48,2.56
0,0,0,0,0
0,2,2.5,0,2.5
X,X,X,X,X
0,0,0,0,0
0,0,0,0,0
0,0,0,0,0
0,0,0,0,0
0,0,0,0,0
0,0,0,0,0
X,X,X,X,X
0,0,0,0,0
0,0,0,0,0
0,0,0,0,0
4,0,2.65,2.65,0
X,X,X,X,X
0,0,0,0,0
0,0,0,0,0
0,0,0,0,0
X,X,X,X,X
X,X,X,X,X
X,X,X,X,X
0,0,0,0,0
0,0,0,0,0
1,0,0.96,0.96,0
1,0,3.7,3.7,0
0,1,0.17,0,0.17
0,0,0,0,0
0,0,0,0,0
0,0,0,0,0
X,X,X,X,X
0,0,0,0,0
0,0,0,0,0
0,1,3.23,0,3.23
3,3,1.23,0.62,0.62
0,2,0.65,0,0.65
0,0,0,0,0
0,0,0,0,0
0,0,0,0,0
0,0,0,0,0
0,0,0,0,0
X,X,X,X,X
X,X,X,X,X
X,X,X,X,X
X,X,X,X,X
1,0,0.71,0.71,0
X,X,X,X,X
0,0,0,0,0
0,0,0,0,0
1,0,0.46,0.46,0
0,0,0,0,0
2,0,0.88,0.88,0
0,0,0,0,0
X,X,X,X,X
40,20,5.96,3.98,1.99
0,1,0.49,0,0.49
1,0,1.47,1.47,0
X,X,X,X,X
2,0,2.67,2.67,0
1,0,1.32,1.32,0
1,0,1.67,1.67,0
0,0,0,0,0
0,0,0,0,0
0,0,0,0,0
X,X,X,X,X
0,1,1.56,0,1.56
0,0,0,0,0
0,0,0,0,0
0,0,0,0,0
X,X,X,X,X
0,1,0.25,0,0.25
0,0,0,0,0
0,0,0,0,0
X,X,X,X,X
X,X,X,X,X
X,X,X,X,X
0,0,0,0,0
1,0,0.12,0.12,0
0,0,0,0,0
0,0,0,0,0
1,1,0.35,0.17,0.17
0,0,0,0,0
X,X,X,X,X
0,0,0,0,0
X,X,X,X,X
0,0,0,0,0
0,0,0,0,0
1,1,7.69,3.85,3.85
3,2,0.96,0.58,0.39
1,1,0.68,0.34,0.34
0,0,0,0,0
0,0,0,0,0
1,0,0.32,0.32,0
0,1,0.34,0,0.34
0,0,0,0,0
X,X,X,X,X
X,X,X,X,X
X,X,X,X,X
X,X,X,X,X
0,0,0,0,0
X,X,X,X,X
0,0,0,0,0
0,0,0,0,0
0,1,0.35,0,0.35
1,0,0.66,0.66,0
0,0,0,0,0
0,0,0,0,0
X,X,X,X,X
33,11,4.8,3.6,1.2
3,2,2.72,1.63,1.09
0,3,2.78,0,2.78
X,X,X,X,X
1,0,1.27,1.27,0
0,0,0,0,0
0,0,0,0,0
X,X,X,X,X
0,0,0,0,0
1,0,1.59,1.59,0
X,X,X,X,X
0,1,2.04,0,2.04
0,0,0,0,0
0,0,0,0,0
0,0,0,0,0
X,X,X,X,X
0,1,0.54,0,0.54
0,0,0,0,0
0,0,0,0,0
X,X,X,X,X
X,X,X,X,X
X,X,X,X,X
0,0,0,0,0
0,0,0,0,0
0,0,0,0,0
0,0,0,0,0
0,1,0.24,0,0.24
0,1,1,0,1
X,X,X,X,X
0,0,0,0,0
X,X,X,X,X
0,1,1.01,0,1.01
0,0,0,0,0
0,0,0,0,0
0,1,0.25,0,0.25
2,0,0.77,0.77,0
0,0,0,0,0
0,0,0,0,0
1,0,0.43,0.43,0
1,2,1.16,0.39,0.77
0,0,0,0,0
X,X,X,X,X
X,X,X,X,X
X,X,X,X,X
X,X,X,X,X
0,0,0,0,0
0,0,0,0,0
1,0,1.11,1.11,0
0,0,0,0,0
1,0,0.52,0.52,0
1,0,0.56,0.56,0
0,0,0,0,0
0,0,0,0,0
X,X,X,X,X
29,9,4.71,3.59,1.12
4,1,2.65,2.12,0.53
0,0,0,0,0
X,X,X,X,X
0,0,0,0,0
0,0,0,0,0
1,0,1.33,1.33,0
0,0,0,0,0
1,0,0.47,0.47,0
1,0,1.22,1.22,0
X,X,X,X,X
0,0,0,0,0
0,0,0,0,0
0,0,0,0,0
0,0,0,0,0
X,X,X,X,X
0,0,0,0,0
0,0,0,0,0
0,0,0,0,0
X,X,X,X,X
X,X,X,X,X
X,X,X,X,X
0,0,0,0,0
3,0,0.34,0.34,0
0,0,0,0,0
0,0,0,0,0
1,1,0.44,0.22,0.22
0,0,0,0,0
1,2,20,6.67,13.33
2,0,3.39,3.39,0
X,X,X,X,X
0,0,0,0,0
0,0,0,0,0
0,0,0,0,0
0,0,0,0,0
0,0,0,0,0
1,0,7.14,7.14,0
0,0,0,0,0
1,0,0.41,0.41,0
0,0,0,0,0
0,0,0,0,0
X,X,X,X,X
X,X,X,X,X
X,X,X,X,X
X,X,X,X,X
0,0,0,0,0
X,X,X,X,X
0,0,0,0,0
1,0,1.96,1.96,0
0,0,0,0,0
0,0,0,0,0
0,0,0,0,0
0,0,0,0,0
X,X,X,X,X
30,13,5.11,3.57,1.55
0,0,0,0,0
0,0,0,0,0
X,X,X,X,X
0,0,0,0,0
1,0,1.35,1.35,0
0,0,0,0,0
0,0,0,0,0
1,0,0.5,0.5,0
2,0,2.38,2.38,0
X,X,X,X,X
0,0,0,0,0
0,0,0,0,0
0,0,0,0,0
0,0,0,0,0
X,X,X,X,X
0,0,0,0,0
0,0,0,0,0
0,0,0,0,0
X,X,X,X,X
X,X,X,X,X
X,X,X,X,X
0,0,0,0,0
2,0,0.23,0.23,0
0,0,0,0,0
0,0,0,0,0
5,0,0.96,0.96,0
1,0,1.18,1.18,0
0,0,0,0,0
1,0,1.39,1.39,0
X,X,X,X,X
1,0,0.93,0.93,0
0,0,0,0,0
0,0,0,0,0
1,0,0.26,0.26,0
2,0,0.9,0.9,0
X,X,X,X,X
0,0,0,0,0
3,1,1.87,1.4,0.47
1,1,0.7,0.35,0.35
0,0,0,0,0
X,X,X,X,X
X,X,X,X,X
X,X,X,X,X
X,X,X,X,X
0,0,0,0,0
X,X,X,X,X
0,0,0,0,0
0,0,0,0,0
2,0,0.97,0.97,0
1,0,0.59,0.59,0
0,0,0,0,0
0,0,0,0,0
X,X,X,X,X
26,13,4.95,3.3,1.65
1,1,0.93,0.47,0.47
0,0,0,0,0
X,X,X,X,X
0,0,0,0,0
0,0,0,0,0
0,0,0,0,0
0,0,0,0,0
0,0,0,0,0
1,0,1.3,1.3,0
X,X,X,X,X
0,0,0,0,0
2,1,2.73,1.82,0.91
0,0,0,0,0
0,0,0,0,0
X,X,X,X,X
1,0,0.39,0.39,0
0,0,0,0,0
0,0,0,0,0
X,X,X,X,X
X,X,X,X,X
X,X,X,X,X
0,0,0,0,0
2,0,0.24,0.24,0
0,0,0,0,0
0,0,0,0,0
5,1,1.19,0.99,0.2
1,0,1.25,1.25,0
0,0,0,0,0
0,0,0,0,0
X,X,X,X,X
1,0,1,1,0
0,0,0,0,0
X,X,X,X,X
1,0,0.24,0.24,0
0,0,0,0,0
X,X,X,X,X
0,0,0,0,0
2,1,1.46,0.97,0.49
1,0,0.36,0.36,0
0,1,0.31,0,0.31
X,X,X,X,X
X,X,X,X,X
X,X,X,X,X
X,X,X,X,X
0,0,0,0,0
0,0,0,0,0
0,0,0,0,0
0,0,0,0,0
3,0,1.42,1.42,0
0,0,0,0,0
0,0,0,0,0
1,0,5,5,0
X,X,X,X,X
28,10,5.04,3.71,1.33
0,1,0.49,0,0.49
0,0,0,0,0
X,X,X,X,X
0,0,0,0,0
0,0,0,0,0
0,0,0,0,0
0,0,0,0,0
1,0,0.57,0.57,0
2,0,2.99,2.99,0
X,X,X,X,X
0,0,0,0,0
0,0,0,0,0
0,0,0,0,0
0,0,0,0,0
X,X,X,X,X
0,1,0.42,0,0.42
0,0,0,0,0
0,0,0,0,0
X,X,X,X,X
X,X,X,X,X
X,X,X,X,X
0,0,0,0,0
1,0,0.13,0.13,0
0,0,0,0,0
0,0,0,0,0
1,0,0.21,0.21,0
0,1,1.18,0,1.18
0,0,0,0,0
0,0,0,0,0
X,X,X,X,X
0,1,0.82,0,0.82
0,0,0,0,0
0,0,0,0,0
1,0,0.26,0.26,0
0,0,0,0,0
X,X,X,X,X
0,0,0,0,0
0,1,0.66,0,0.66
2,1,1.27,0.85,0.42
3,0,1.06,1.06,0
X,X,X,X,X
X,X,X,X,X
X,X,X,X,X
X,X,X,X,X
1,0,0.84,0.84,0
X,X,X,X,X
0,0,0,0,0
0,0,0,0,0
3,0,1.37,1.37,0
0,0,0,0,0
0,0,0,0,0
1,0,4.17,4.17,0
X,X,X,X,X
27,14,5.16,3.4,1.76
2,1,1.25,0.83,0.42
0,0,0,0,0
X,X,X,X,X
0,0,0,0,0
0,0,0,0,0
0,0,0,0,0
0,0,0,0,0
0,0,0,0,0
0,0,0,0,0
X,X,X,X,X
0,0,0,0,0
0,0,0,0,0
0,0,0,0,0
0,0,0,0,0
0,0,0,0,0
1,1,0.65,0.32,0.32
0,1,1.56,0,1.56
0,0,0,0,0
X,X,X,X,X
X,X,X,X,X
X,X,X,X,X
0,0,0,0,0
1,0,0.12,0.12,0
0,0,0,0,0
0,0,0,0,0
2,0,0.38,0.38,0
0,0,0,0,0
0,0,0,0,0
0,0,0,0,0
X,X,X,X,X
0,0,0,0,0
0,0,0,0,0
0,0,0,0,0
1,3,1.01,0.25,0.76
2,1,1.17,0.78,0.39
0,0,0,0,0
0,0,0,0,0
2,0,1.06,1.06,0
0,0,0,0,0
0,0,0,0,0
X,X,X,X,X
X,X,X,X,X
X,X,X,X,X
X,X,X,X,X
0,0,0,0,0
X,X,X,X,X
1,0,0.75,0.75,0
0,0,0,0,0
2,0,0.89,0.89,0
0,0,0,0,0
0,0,0,0,0
0,0,0,0,0
X,X,X,X,X
22,13,4.57,2.87,1.7
1,3,1.36,0.34,1.02
0,0,0,0,0
X,X,X,X,X
0,0,0,0,0
0,0,0,0,0
0,0,0,0,0
0,0,0,0,0
0,0,0,0,0
2,0,1.82,1.82,0
X,X,X,X,X
0,0,0,0,0
0,0,0,0,0
0,0,0,0,0
0,0,0,0,0
0,1,5.56,0,5.56
0,0,0,0,0
0,0,0,0,0
0,0,0,0,0
X,X,X,X,X
X,X,X,X,X
X,X,X,X,X
0,0,0,0,0
0,0,0,0,0
0,0,0,0,0
0,0,0,0,0
0,0,0,0,0
0,0,0,0,0
0,0,0,0,0
0,0,0,0,0
X,X,X,X,X
1,0,0.97,0.97,0
0,0,0,0,0
0,0,0,0,0
3,0,0.73,0.73,0
2,0,0.94,0.94,0
0,0,0,0,0
0,0,0,0,0
0,0,0,0,0
0,0,0,0,0
2,1,0.97,0.65,0.32
X,X,X,X,X
X,X,X,X,X
X,X,X,X,X
X,X,X,X,X
2,0,0.76,0.76,0
X,X,X,X,X
0,0,0,0,0
0,0,0,0,0
0,0,0,0,0
0,1,0.57,0,0.57
0,0,0,0,0
0,0,0,0,0
X,X,X,X,X
49,12,6.66,5.35,1.31
1,9,2.58,0.26,2.32
0,0,0,0,0
X,X,X,X,X
0,0,0,0,0
0,0,0,0,0
0,0,0,0,0
0,0,0,0,0
0,0,0,0,0
3,0,2.73,2.73,0
X,X,X,X,X
0,0,0,0,0
0,0,0,0,0
0,0,0,0,0
1,0,0.89,0.89,0
0,0,0,0,0
0,0,0,0,0
0,0,0,0,0
0,0,0,0,0
X,X,X,X,X
X,X,X,X,X
X,X,X,X,X
0,0,0,0,0
0,0,0,0,0
0,0,0,0,0
0,0,0,0,0
9,3,2.46,1.84,0.61
0,0,0,0,0
X,X,X,X,X
0,0,0,0,0
X,X,X,X,X
1,0,0.95,0.95,0
0,0,0,0,0
0,0,0,0,0
2,1,0.63,0.42,0.21
0,0,0,0,0
X,X,X,X,X
0,0,0,0,0
2,1,1.28,0.85,0.43
0,0,0,0,0
4,0,1.22,1.22,0
X,X,X,X,X
X,X,X,X,X
X,X,X,X,X
X,X,X,X,X
5,3,3.07,1.92,1.15
X,X,X,X,X
1,0,0.68,0.68,0
0,0,0,0,0
0,0,0,0,0
0,0,0,0,0
0,0,0,0,0
0,0,0,0,0
X,X,X,X,X
83,17,8.03,6.66,1.36
1,5,1.35,0.22,1.12
0,0,0,0,0
X,X,X,X,X
0,0,0,0,0
0,0,0,0,0
0,0,0,0,0
0,0,0,0,0
0,0,0,0,0
1,0,0.67,0.67,0
X,X,X,X,X
0,0,0,0,0
0,0,0,0,0
0,0,0,0,0
1,0,0.87,0.87,0
0,0,0,0,0
0,0,0,0,0
0,0,0,0,0
0,0,0,0,0
X,X,X,X,X
X,X,X,X,X
X,X,X,X,X
0,0,0,0,0
1,0,0.12,0.12,0
0,0,0,0,0
0,0,0,0,0
1,1,0.33,0.17,0.17
1,0,0.76,0.76,0
0,0,0,0,0
0,1,1.47,0,1.47
X,X,X,X,X
0,0,0,0,0
0,0,0,0,0
0,0,0,0,0
1,3,0.7,0.18,0.53
0,0,0,0,0
X,X,X,X,X
0,0,0,0,0
1,0,0.41,0.41,0
0,1,0.32,0,0.32
0,0,0,0,0
X,X,X,X,X
X,X,X,X,X
X,X,X,X,X
X,X,X,X,X
1,0,0.36,0.36,0
X,X,X,X,X
0,1,0.75,0,0.75
0,0,0,0,0
0,1,0.37,0,0.37
0,0,0,0,0
0,0,0,0,0
1,0,1.82,1.82,0
X,X,X,X,X
84,26,7.83,5.98,1.85
1,4,1.04,0.21,0.83
1,0,2.08,2.08,0
X,X,X,X,X
0,0,0,0,0
1,0,1.12,1.12,0
0,0,0,0,0
0,0,0,0,0
0,0,0,0,0
3,0,1.8,1.8,0
X,X,X,X,X
0,0,0,0,0
1,0,0.66,0.66,0
0,0,0,0,0
6,0,3.92,3.92,0
0,1,4,0,4
0,0,0,0,0
0,0,0,0,0
0,0,0,0,0
X,X,X,X,X
X,X,X,X,X
X,X,X,X,X
0,0,0,0,0
3,0,0.37,0.37,0
0,0,0,0,0
1,0,3.13,3.13,0
1,1,0.26,0.13,0.13
0,0,0,0,0
0,0,0,0,0
0,0,0,0,0
X,X,X,X,X
2,0,1.4,1.4,0
0,0,0,0,0
0,1,3.33,0,3.33
5,15,2.66,0.67,2
0,0,0,0,0
X,X,X,X,X
0,0,0,0,0
4,1,1.87,1.49,0.37
1,1,0.58,0.29,0.29
2,0,0.55,0.55,0
X,X,X,X,X
X,X,X,X,X
X,X,X,X,X
X,X,X,X,X
2,1,0.93,0.62,0.31
X,X,X,X,X
0,0,0,0,0
0,0,0,0,0
2,1,0.93,0.62,0.31
0,0,0,0,0
0,0,0,0,0
4,0,6.67,6.67,0
X,X,X,X,X
112,28,8.89,7.12,1.78
3,5,1.62,0.61,1.01
1,0,2.5,2.5,0
X,X,X,X,X
2,0,1.63,1.63,0
0,0,0,0,0
0,0,0,0,0
0,0,0,0,0
0,0,0,0,0
1,0,0.76,0.76,0
X,X,X,X,X
0,0,0,0,0
0,0,0,0,0
1,0,0.24,0.24,0
4,0,2.04,2.04,0
0,0,0,0,0
2,0,0.36,0.36,0
1,0,1.59,1.59,0
0,0,0,0,0
X,X,X,X,X
X,X,X,X,X
X,X,X,X,X
0,0,0,0,0
0,0,0,0,0
1,0,0.67,0.67,0
0,0,0,0,0
5,2,0.78,0.56,0.22
0,0,0,0,0
0,0,0,0,0
1,0,0.81,0.81,0
X,X,X,X,X
2,1,2.17,1.45,0.72
0,0,0,0,0
0,1,2.17,0,2.17
3,6,0.93,0.31,0.62
1,0,0.27,0.27,0
0,0,0,0,0
0,0,0,0,0
4,1,1.32,1.06,0.26
0,2,0.52,0,0.52
2,0,0.44,0.44,0
X,X,X,X,X
X,X,X,X,X
X,X,X,X,X
X,X,X,X,X
4,0,1.16,1.16,0
0,0,0,0,0
0,0,0,0,0
0,0,0,0,0
0,1,0.35,0,0.35
0,0,0,0,0
0,0,0,0,0
0,0,0,0,0
X,X,X,X,X
107,33,8.59,6.57,2.03
1,4,0.86,0.17,0.69
0,0,0,0,0
X,X,X,X,X
0,0,0,0,0
0,0,0,0,0
0,0,0,0,0
0,1,1.45,0,1.45
0,0,0,0,0
2,0,1.16,1.16,0
X,X,X,X,X
1,0,1.27,1.27,0
0,0,0,0,0
1,1,0.34,0.17,0.17
2,0,0.78,0.78,0
0,0,0,0,0
6,1,1.25,1.07,0.18
0,0,0,0,0
0,0,0,0,0
0,0,0,0,0
X,X,X,X,X
X,X,X,X,X
0,0,0,0,0
4,1,0.43,0.34,0.09
0,0,0,0,0
0,0,0,0,0
8,6,1.4,0.8,0.6
0,1,0.66,0,0.66
1,1,3.7,1.85,1.85
1,0,0.83,0.83,0
X,X,X,X,X
0,1,0.45,0,0.45
0,0,0,0,0
1,1,2.99,1.49,1.49
9,9,1.63,0.82,0.82
1,0,0.31,0.31,0
0,0,0,0,0
0,0,0,0,0
6,1,1.55,1.33,0.22
0,2,0.5,0,0.5
0,1,0.17,0,0.17
X,X,X,X,X
X,X,X,X,X
X,X,X,X,X
X,X,X,X,X
2,1,0.9,0.6,0.3
X,X,X,X,X
0,0,0,0,0
0,0,0,0,0
4,0,1.13,1.13,0
0,0,0,0,0
4,0,1.14,1.14,0
1,0,0.74,0.74,0
X,X,X,X,X
104,24,7.67,6.23,1.44
4,6,1.64,0.65,0.98
1,0,2,2,0
X,X,X,X,X
1,0,0.74,0.74,0
1,1,1.18,0.59,0.59
0,0,0,0,0
0,0,0,0,0
0,0,0,0,0
1,0,0.53,0.53,0
X,X,X,X,X
1,0,0.98,0.98,0
2,1,0.76,0.5,0.25
2,0,0.29,0.29,0
2,0,0.83,0.83,0
0,1,2.17,0,2.17
2,0,0.33,0.33,0
1,0,1.01,1.01,0
0,0,0,0,0
X,X,X,X,X
X,X,X,X,X
X,X,X,X,X
0,0,0,0,0
4,3,0.48,0.28,0.21
0,2,1.12,0,1.12
0,0,0,0,0
9,3,1.04,0.78,0.26
1,1,1.31,0.65,0.65
0,0,0,0,0
0,0,0,0,0
X,X,X,X,X
2,0,0.77,0.77,0
0,0,0,0,0
0,1,1.33,0,1.33
5,3,0.72,0.45,0.27
2,0,0.56,0.56,0
0,0,0,0,0
1,0,0.47,0.47,0
3,5,1.48,0.55,0.92
2,0,0.49,0.49,0
1,0,0.15,0.15,0
X,X,X,X,X
X,X,X,X,X
X,X,X,X,X
X,X,X,X,X
2,2,0.88,0.44,0.44
X,X,X,X,X
0,0,0,0,0
1,0,1.16,1.16,0
2,1,0.73,0.49,0.24
0,0,0,0,0
1,1,0.52,0.26,0.26
1,0,0.68,0.68,0
X,X,X,X,X
157,32,10.31,8.57,1.75
3,8,1.46,0.4,1.06
2,0,3.23,3.23,0
0,0,0,0,0
1,2,3.09,1.03,2.06
0,1,0.74,0,0.74
0,0,0,0,0
0,0,0,0,0
1,0,0.27,0.27,0
4,0,1.65,1.65,0
0,0,0,0,0
0,1,0.68,0,0.68
1,0,0.23,0.23,0
0,2,0.27,0,0.27
0,0,0,0,0
0,0,0,0,0
3,0,0.49,0.49,0
1,1,1.77,0.88,0.88
0,0,0,0,0
0,0,0,0,0
X,X,X,X,X
X,X,X,X,X
0,0,0,0,0
5,2,0.48,0.34,0.14
0,2,0.94,0,0.94
1,0,1.12,1.12,0
5,1,0.48,0.4,0.08
0,2,0.94,0,0.94
3,0,1.44,1.44,0
2,0,0.93,0.93,0
X,X,X,X,X
0,0,0,0,0
0,0,0,0,0
0,1,1.39,0,1.39
10,10,1.64,0.82,0.82
2,0,0.57,0.57,0
0,0,0,0,0
0,0,0,0,0
4,1,0.78,0.63,0.16
0,0,0,0,0
1,0,0.15,0.15,0
X,X,X,X,X
X,X,X,X,X
X,X,X,X,X
X,X,X,X,X
5,2,1.5,1.07,0.43
X,X,X,X,X
1,0,0.56,0.56,0
2,0,1.48,1.48,0
4,1,1.22,0.98,0.24
2,0,0.49,0.49,0
1,2,0.73,0.24,0.49
0,1,0.67,0,0.67
X,X,X,X,X
134,30,10.09,8.24,1.85
5,12,2.09,0.61,1.47
4,0,3.85,3.85,0
1,0,3.33,3.33,0
0,1,0.49,0,0.49
1,0,0.56,0.56,0
0,0,0,0,0
0,0,0,0,0
0,0,0,0,0
2,1,1.2,0.8,0.4
0,0,0,0,0
1,1,1.4,0.7,0.7
0,0,0,0,0
6,1,0.92,0.79,0.13
1,0,0.24,0.24,0
0,0,0,0,0
0,0,0,0,0
1,0,1,1,0
0,0,0,0,0
X,X,X,X,X
X,X,X,X,X
X,X,X,X,X
0,0,0,0,0
7,1,0.4,0.35,0.05
2,2,1.39,0.69,0.69
0,0,0,0,0
6,4,0.82,0.49,0.33
1,1,0.87,0.44,0.44
2,0,0.85,0.85,0
2,1,1.3,0.87,0.43
X,X,X,X,X
2,0,0.67,0.67,0
1,0,1.16,1.16,0
0,2,2.44,0,2.44
12,14,2,0.92,1.07
3,0,0.8,0.8,0
1,0,2.13,2.13,0
0,0,0,0,0
8,5,1.87,1.15,0.72
1,0,0.22,0.22,0
0,0,0,0,0
X,X,X,X,X
X,X,X,X,X
X,X,X,X,X
X,X,X,X,X
6,1,1.23,1.05,0.18
X,X,X,X,X
0,3,1.43,0,1.43
2,2,3.33,1.67,1.67
5,2,1.53,1.09,0.44
3,0,0.68,0.68,0
0,0,0,0,0
6,0,3.85,3.85,0
X,X,X,X,X
228,45,12.03,10.04,1.98
5,7,1.56,0.65,0.91
0,0,0,0,0
1,0,2.17,2.17,0
0,0,0,0,0
0,0,0,0,0
0,0,0,0,0
0,0,0,0,0
1,1,0.52,0.26,0.26
5,2,2.58,1.85,0.74
0,0,0,0,0
1,0,0.61,0.61,0
1,0,0.2,0.2,0
2,0,0.23,0.23,0
3,1,1.19,0.89,0.3
0,1,1.79,0,1.79
3,0,0.41,0.41,0
0,0,0,0,0
0,0,0,0,0
0,0,0,0,0
X,X,X,X,X
X,X,X,X,X
0,0,0,0,0
7,0,0.34,0.34,0
4,1,1.45,1.16,0.29
1,0,0.86,0.86,0
3,4,0.43,0.18,0.25
0,0,0,0,0
3,0,1.03,1.03,0
1,0,0.37,0.37,0
X,X,X,X,X
2,0,0.71,0.71,0
0,0,0,0,0
0,1,0.83,0,0.83
12,15,1.82,0.81,1.01
0,0,0,0,0
0,0,0,0,0
1,0,0.35,0.35,0
2,3,0.71,0.28,0.43
1,2,0.68,0.23,0.45
2,0,0.23,0.23,0
X,X,X,X,X
X,X,X,X,X
X,X,X,X,X
X,X,X,X,X
6,4,2.22,1.33,0.89
X,X,X,X,X
0,0,0,0,0
2,0,1.37,1.37,0
3,0,0.7,0.7,0
1,1,0.41,0.21,0.21
2,2,0.83,0.41,0.41
4,0,2.08,2.08,0
X,X,X,X,X
232,51,12.11,9.93,2.18
13,9,2.3,1.36,0.94
1,0,0.81,0.81,0
0,0,0,0,0
0,2,0.8,0,0.8
1,0,0.49,0.49,0
1,0,0.37,0.37,0
0,0,0,0,0
0,0,0,0,0
6,3,2.37,1.58,0.79
0,0,0,0,0
1,0,0.44,0.44,0
10,1,2.02,1.83,0.18
1,2,0.34,0.11,0.22
1,0,0.27,0.27,0
0,0,0,0,0
2,0,0.27,0.27,0
0,0,0,0,0
0,0,0,0,0
0,0,0,0,0
X,X,X,X,X
X,X,X,X,X
0,0,0,0,0
7,2,0.42,0.33,0.09
0,1,0.27,0,0.27
2,0,1.71,1.71,0
10,3,0.79,0.61,0.18
1,0,0.38,0.38,0
3,1,1.18,0.88,0.29
0,0,0,0,0
X,X,X,X,X
0,0,0,0,0
0,0,0,0,0
0,2,1.82,0,1.82
12,11,1.41,0.73,0.67
1,0,0.22,0.22,0
0,1,1.64,0,1.64
1,0,0.31,0.31,0
3,2,0.72,0.43,0.29
1,1,0.46,0.23,0.23
8,1,0.96,0.85,0.11
X,X,X,X,X
X,X,X,X,X
X,X,X,X,X
X,X,X,X,X
5,1,1.12,0.93,0.19
X,X,X,X,X
2,1,1.25,0.83,0.42
6,5,3.69,2.01,1.68
11,1,2.19,2,0.18
1,0,0.2,0.2,0
2,3,0.93,0.37,0.56
1,0,0.55,0.55,0
X,X,X,X,X
228,35,11.68,10.13,1.55
23,8,2.72,2.02,0.7
0,1,1.01,0,1.01
0,0,0,0,0
4,1,1.98,1.58,0.4
1,0,0.48,0.48,0
0,0,0,0,0
0,0,0,0,0
0,0,0,0,0
2,1,0.84,0.56,0.28
0,0,0,0,0
0,1,0.47,0,0.47
16,0,2.85,2.85,0
2,0,0.24,0.24,0
1,0,0.32,0.32,0
0,1,1.35,0,1.35
0,0,0,0,0
0,1,0.87,0,0.87
0,0,0,0,0
1,0,5,5,0
X,X,X,X,X
X,X,X,X,X
1,0,0.29,0.29,0
8,1,0.44,0.39,0.05
0,2,0.51,0,0.51
6,2,6.72,5.04,1.68
22,5,1.5,1.22,0.28
4,0,1.58,1.58,0
3,0,1.71,1.71,0
0,0,0,0,0
X,X,X,X,X
1,2,0.85,0.28,0.57
0,0,0,0,0
0,1,0.89,0,0.89
21,20,2.25,1.15,1.1
1,1,0.41,0.2,0.2
0,1,1.09,0,1.09
0,0,0,0,0
5,2,0.96,0.68,0.27
1,0,0.19,0.19,0
6,0,0.6,0.6,0
X,X,X,X,X
X,X,X,X,X
X,X,X,X,X
X,X,X,X,X
6,3,1.54,1.03,0.51
X,X,X,X,X
2,2,1.53,0.77,0.77
4,6,3.24,1.29,1.94
12,0,2,2,0
2,0,0.39,0.39,0
4,0,0.68,0.68,0
1,0,0.55,0.55,0
X,X,X,X,X
341,50,16.3,14.21,2.08
15,5,1.76,1.32,0.44
0,0,0,0,0
0,0,0,0,0
1,0,0.34,0.34,0
1,0,0.45,0.45,0
0,0,0,0,0
1,0,1.23,1.23,0
2,0,0.41,0.41,0
5,0,1.26,1.26,0
0,0,0,0,0
1,3,2.11,0.53,1.58
21,0,3.98,3.98,0
3,3,0.72,0.36,0.36
4,0,1.06,1.06,0
0,0,0,0,0
4,0,0.45,0.45,0
1,0,0.84,0.84,0
1,0,0.93,0.93,0
0,0,0,0,0
X,X,X,X,X
X,X,X,X,X
2,0,0.88,0.88,0
15,1,0.76,0.71,0.05
1,1,0.49,0.25,0.25
3,0,2.07,2.07,0
35,7,2.16,1.8,0.36
2,0,0.71,0.71,0
4,0,1.04,1.04,0
2,0,0.54,0.54,0
X,X,X,X,X
1,0,0.28,0.28,0
2,0,1.89,1.89,0
1,2,2.36,0.79,1.57
23,9,1.59,1.14,0.45
4,1,1.05,0.84,0.21
0,0,0,0,0
0,1,0.27,0,0.27
4,4,1.02,0.51,0.51
0,0,0,0,0
5,0,0.56,0.56,0
X,X,X,X,X
X,X,X,X,X
X,X,X,X,X
X,X,X,X,X
7,4,1.87,1.19,0.68
X,X,X,X,X
1,0,0.41,0.41,0
3,2,2.25,1.35,0.9
13,0,2.12,2.12,0
9,0,1.88,1.88,0
3,1,0.82,0.61,0.2
3,0,1.55,1.55,0
X,X,X,X,X
353,43,16,14.26,1.74
50,9,4.63,3.92,0.71
2,0,1.75,1.75,0
2,1,5.36,3.57,1.79
3,3,2.01,1.01,1.01
2,2,1.65,0.82,0.82
0,0,0,0,0
1,0,1.49,1.49,0
3,0,0.55,0.55,0
5,1,1.86,1.55,0.31
0,0,0,0,0
1,0,0.58,0.58,0
10,0,1.74,1.74,0
7,2,0.95,0.74,0.21
3,0,0.69,0.69,0
0,0,0,0,0
21,0,2.11,2.11,0
0,0,0,0,0
1,0,0.76,0.76,0
2,0,8.33,8.33,0
X,X,X,X,X
X,X,X,X,X
1,0,0.29,0.29,0
24,0,1.18,1.18,0
2,1,0.7,0.47,0.23
11,0,8.27,8.27,0
62,5,3.22,2.98,0.24
6,1,2.14,1.83,0.31
6,1,1.83,1.57,0.26
0,0,0,0,0
X,X,X,X,X
3,1,1.12,0.84,0.28
0,0,0,0,0
0,2,1.89,0,1.89
22,18,1.87,1.03,0.84
3,1,0.74,0.56,0.19
0,3,3.37,0,3.37
2,0,0.54,0.54,0
5,2,0.94,0.67,0.27
3,2,0.82,0.49,0.33
4,0,0.45,0.45,0
X,X,X,X,X
X,X,X,X,X
X,X,X,X,X
X,X,X,X,X
7,1,1.54,1.35,0.19
X,X,X,X,X
1,0,0.43,0.43,0
6,2,3.11,2.33,0.78
35,1,5.56,5.41,0.15
11,0,2.22,2.22,0
6,0,1.15,1.15,0
15,0,6.49,6.49,0
X,X,X,X,X
420,25,17.85,16.85,1
61,7,4.98,4.47,0.51
1,0,1.04,1.04,0
1,0,1.35,1.35,0
4,1,2.11,1.69,0.42
6,0,2.35,2.35,0
2,0,0.84,0.84,0
0,0,0,0,0
1,0,0.2,0.2,0
10,1,3.06,2.78,0.28
0,0,0,0,0
3,1,1.89,1.42,0.47
15,0,2.76,2.76,0
18,2,2.1,1.89,0.21
1,0,0.27,0.27,0
0,1,1.32,0,1.32
32,0,3.49,3.49,0
0,0,0,0,0
1,0,0.82,0.82,0
1,0,6.67,6.67,0
X,X,X,X,X
X,X,X,X,X
1,0,0.38,0.38,0
30,4,1.65,1.46,0.19
3,3,1.23,0.62,0.62
7,0,4.22,4.22,0
54,5,3.06,2.8,0.26
4,0,1.15,1.15,0
12,0,2.76,2.76,0
3,0,0.8,0.8,0
X,X,X,X,X
3,0,0.8,0.8,0
0,0,0,0,0
2,3,4.24,1.69,2.54
77,15,3.91,3.28,0.64
7,3,1.97,1.38,0.59
1,0,1.01,1.01,0
1,0,0.3,0.3,0
14,1,1.88,1.75,0.13
4,0,0.73,0.73,0
4,0,0.41,0.41,0
X,X,X,X,X
X,X,X,X,X
X,X,X,X,X
X,X,X,X,X
5,1,1.05,0.88,0.18
X,X,X,X,X
4,3,2.61,1.49,1.12
2,1,1.13,0.75,0.38
64,0,7.57,7.57,0
29,0,4.79,4.79,0
6,1,1.16,1,0.17
9,0,3.57,3.57,0
X,X,X,X,X
370,39,16.8,15.2,1.6
84,14,6.75,5.79,0.96
1,0,1.64,1.64,0
0,0,0,0,0
6,1,2.11,1.81,0.3
6,0,2.14,2.14,0
1,0,0.39,0.39,0
1,1,1.94,0.97,0.97
4,0,0.72,0.72,0
10,4,2.67,1.9,0.76
1,0,2.17,2.17,0
3,1,1.64,1.23,0.41
27,2,4.01,3.73,0.28
32,2,2.84,2.67,0.17
1,0,0.35,0.35,0
0,0,0,0,0
28,0,2.48,2.48,0
0,1,0.81,0,0.81
0,0,0,0,0
0,0,0,0,0
X,X,X,X,X
X,X,X,X,X
6,0,1.69,1.69,0
59,7,2.7,2.42,0.29
12,0,2.53,2.53,0
3,0,2.03,2.03,0
73,3,3.27,3.15,0.13
4,0,1.25,1.25,0
5,1,1.14,0.95,0.19
10,1,2.38,2.16,0.22
X,X,X,X,X
4,0,0.88,0.88,0
0,0,0,0,0
4,2,4.14,2.76,1.38
64,20,3.11,2.37,0.74
12,0,1.92,1.92,0
2,0,1.65,1.65,0
2,0,0.43,0.43,0
15,1,1.8,1.69,0.11
6,1,1.21,1.04,0.17
8,0,0.74,0.74,0
X,X,X,X,X
X,X,X,X,X
X,X,X,X,X
X,X,X,X,X
28,2,4.4,4.11,0.29
X,X,X,X,X
4,4,2.61,1.31,1.31
2,1,1.2,0.8,0.4
139,1,14.61,14.51,0.1
68,1,11.26,11.09,0.16
18,1,2.99,2.83,0.16
25,1,10.28,9.88,0.4
X,X,X,X,X
553,56,22.47,20.41,2.07
150,10,10.66,9.99,0.67
3,0,2.63,2.63,0
1,0,1.33,1.33,0
7,0,2.15,2.15,0
7,0,2.51,2.51,0
1,0,0.46,0.46,0
1,3,4.55,1.14,3.41
12,0,2.11,2.11,0
4,7,2.12,0.77,1.35
3,0,6,6,0
9,1,3.92,3.53,0.39
39,4,5.97,5.42,0.56
48,4,4.06,3.75,0.31
2,0,0.47,0.47,0
1,1,2.82,1.41,1.41
42,1,3.48,3.4,0.08
3,2,3.23,1.94,1.29
11,0,6.71,6.71,0
2,0,7.41,7.41,0
X,X,X,X,X
X,X,X,X,X
17,0,5.9,5.9,0
63,9,2.8,2.45,0.35
12,4,3.43,2.58,0.86
2,0,1.47,1.47,0
112,8,5.24,4.89,0.35
6,1,2.36,2.03,0.34
18,0,3.23,3.23,0
5,0,1.17,1.17,0
X,X,X,X,X
9,0,2.07,2.07,0
1,0,1.37,1.37,0
2,4,3.35,1.12,2.23
119,18,5.47,4.75,0.72
16,4,3.1,2.48,0.62
7,0,6.42,6.42,0
5,0,1.23,1.23,0
23,1,2.7,2.59,0.11
5,1,1.03,0.86,0.17
5,0,0.47,0.47,0
X,X,X,X,X
X,X,X,X,X
X,X,X,X,X
X,X,X,X,X
117,1,13.98,13.86,0.12
X,X,X,X,X
24,1,7.42,7.12,0.3
4,2,2.14,1.42,0.71
251,4,20.38,20.06,0.32
133,1,16.38,16.26,0.12
41,0,6.04,6.04,0
37,0,10.79,10.79,0
X,X,X,X,X
806,76,26.79,24.48,2.31
443,14,22.51,21.82,0.69
4,0,3.28,3.28,0
1,0,1.49,1.49,0
10,2,4.04,3.37,0.67
12,0,3.9,3.9,0
2,1,1.09,0.73,0.36
1,0,1.14,1.14,0
19,1,3.31,3.15,0.17
7,4,2.29,1.46,0.83
3,0,4.92,4.92,0
18,4,8.12,6.64,1.48
66,5,8.68,8.07,0.61
81,6,6.44,6,0.44
2,0,0.48,0.48,0
3,1,4.71,3.53,1.18
106,0,8.15,8.15,0
9,4,7.78,5.39,2.4
33,0,16.67,16.67,0
5,0,20,20,0
X,X,X,X,X
X,X,X,X,X
18,3,6.52,5.59,0.93
157,10,5.86,5.5,0.35
23,0,4.43,4.43,0
9,0,5.92,5.92,0
186,10,7.86,7.46,0.4
4,2,1.67,1.11,0.56
38,0,6.64,6.64,0
22,0,5.28,5.28,0
X,X,X,X,X
22,0,4.74,4.74,0
0,0,0,0,0
8,2,5.78,4.62,1.16
324,32,11.43,10.4,1.03
42,4,7.06,6.44,0.61
23,0,14.94,14.94,0
21,0,4.7,4.7,0
34,0,3.23,3.23,0
5,0,0.82,0.82,0
15,4,1.65,1.3,0.35
X,X,X,X,X
X,X,X,X,X
X,X,X,X,X
X,X,X,X,X
212,2,22.99,22.77,0.21
0,0,0,0,0
46,2,11.06,10.6,0.46
10,4,4.09,2.92,1.17
223,4,18.25,17.93,0.32
223,0,20.27,20.27,0
82,0,9.3,9.3,0
59,2,15.1,14.6,0.5
X,X,X,X,X
1054,70,30.9,28.97,1.92
702,14,28.02,27.48,0.55
3,0,2.54,2.54,0
5,0,6.02,6.02,0
23,3,7.2,6.37,0.83
18,0,6.04,6.04,0
3,0,1,1,0
10,1,11.11,10.1,1.01
71,1,9.85,9.71,0.14
9,4,2.6,1.8,0.8
2,0,2.94,2.94,0
30,0,9.38,9.38,0
130,1,13.79,13.68,0.11
117,6,7.89,7.51,0.39
9,1,2.94,2.65,0.29
5,0,5.43,5.43,0
143,0,8.59,8.59,0
8,4,6.38,4.26,2.13
67,0,21.97,21.97,0
0,0,0,0,0
X,X,X,X,X
X,X,X,X,X
94,0,20.52,20.52,0
266,4,8.52,8.39,0.13
29,2,6.4,5.99,0.41
15,0,8.29,8.29,0
398,10,13.52,13.19,0.33
9,1,2.64,2.37,0.26
66,1,9.37,9.23,0.14
47,0,8.25,8.25,0
X,X,X,X,X
50,1,9.75,9.56,0.19
0,0,0,0,0
11,5,7.21,4.95,2.25
694,34,19.63,18.71,0.92
61,9,9.06,7.89,1.16
39,0,18.66,18.66,0
20,0,4.35,4.35,0
60,0,5.55,5.55,0
27,0,3.85,3.85,0
40,5,3.73,3.32,0.41
X,X,X,X,X
X,X,X,X,X
X,X,X,X,X
X,X,X,X,X
135,1,15.37,15.25,0.11
0,0,0,0,0
57,4,13.12,12.26,0.86
22,3,7.29,6.41,0.87
197,5,16.41,16,0.41
288,2,20.77,20.63,0.14
143,2,13.3,13.12,0.18
50,0,12.53,12.53,0
X,X,X,X,X
1083,67,29.19,27.49,1.7
649,39,24.4,23.01,1.38
22,0,11,11,0
22,2,15.79,14.47,1.32
36,4,10.2,9.18,1.02
42,0,10.74,10.74,0
10,0,3.91,3.91,0
7,0,5.26,5.26,0
196,0,21.95,21.95,0
29,5,5.66,4.83,0.83
3,0,5.56,5.56,0
42,3,13.72,12.8,0.91
240,1,19.45,19.37,0.08
251,6,13.05,12.75,0.3
15,0,3.52,3.52,0
8,1,8.11,7.21,0.9
223,2,10.23,10.14,0.09
20,3,8.91,7.75,1.16
80,0,28.27,28.27,0
11,0,24.44,24.44,0
X,X,X,X,X
X,X,X,X,X
96,0,28.4,28.4,0
436,7,13.03,12.83,0.21
60,4,9.5,8.9,0.59
23,0,12.04,12.04,0
592,5,17.3,17.15,0.14
11,6,4.53,2.93,1.6
97,0,11.93,11.93,0
105,5,15.17,14.48,0.69
X,X,X,X,X
86,1,13.45,13.29,0.15
3,0,3.53,3.53,0
29,1,11.67,11.28,0.39
782,40,22.12,21.04,1.08
141,13,14.33,13.12,1.21
61,1,23.57,23.19,0.38
43,0,9.39,9.39,0
88,2,6.79,6.64,0.15
36,4,5.56,5.01,0.56
69,2,5.4,5.25,0.15
X,X,X,X,X
X,X,X,X,X
X,X,X,X,X
X,X,X,X,X
108,7,12.5,11.74,0.76
X,X,X,X,X
69,2,18.11,17.6,0.51
14,1,5.62,5.24,0.37
135,4,11.62,11.29,0.33
210,2,15.11,14.97,0.14
173,1,13.47,13.39,0.08
42,0,10.74,10.74,0
X,X,X,X,X
386,33,17.35,15.98,1.37
243,7,11.42,11.1,0.32
30,0,12.93,12.93,0
25,0,19.69,19.69,0
48,2,11.79,11.32,0.47
40,0,7.6,7.6,0
15,0,4.32,4.32,0
6,0,4.72,4.72,0
207,0,18.73,18.73,0
19,7,5.05,3.69,1.36
7,0,7.53,7.53,0
43,1,12.02,11.75,0.27
306,0,20.45,20.45,0
226,3,11.64,11.48,0.15
42,0,7.92,7.92,0
6,3,7.44,4.96,2.48
179,2,9.29,9.18,0.1
24,0,9.38,9.38,0
68,0,23.53,23.53,0
6,1,23.33,20,3.33
X,X,X,X,X
X,X,X,X,X
88,0,21.57,21.57,0
513,3,13.4,13.32,0.08
31,4,5.65,5.01,0.65
24,0,10,10,0
441,6,12.14,11.98,0.16
6,3,2.27,1.52,0.76
101,1,10.49,10.39,0.1
82,1,10.29,10.16,0.12
X,X,X,X,X
64,1,10.05,9.89,0.15
5,0,6.76,6.76,0
10,0,5.08,5.08,0
485,42,15.36,14.13,1.22
206,7,17.29,16.72,0.57
39,0,13.31,13.31,0
41,0,7.74,7.74,0
138,5,9.64,9.31,0.34
39,2,4.65,4.43,0.23
59,1,2.52,2.47,0.04
X,X,X,X,X
X,X,X,X,X
X,X,X,X,X
X,X,X,X,X
56,1,9.5,9.33,0.17
X,X,X,X,X
56,0,14.25,14.25,0
35,5,14.18,12.41,1.77
187,4,14.15,13.85,0.3
149,2,18.44,18.19,0.24
197,2,16.07,15.91,0.16
62,0,16.23,16.23,0
X,X,X,X,X
349,41,15.21,13.61,1.6
99,13,6.79,6,0.79
34,1,12.24,11.89,0.35
17,0,11.49,11.49,0
48,3,10.78,10.15,0.63
26,0,6.99,6.99,0
28,0,8.12,8.12,0
6,1,4.83,4.14,0.69
160,0,16.1,16.1,0
26,5,6.3,5.28,1.02
13,0,11.71,11.71,0
35,4,10.89,9.78,1.12
336,3,21.42,21.23,0.19
202,8,11,10.58,0.42
51,2,8.95,8.61,0.34
7,3,10.31,7.22,3.09
183,1,10.19,10.14,0.06
9,2,4.91,4.02,0.89
75,0,24.35,24.35,0
19,1,32.79,31.15,1.64
X,X,X,X,X
X,X,X,X,X
129,0,21.98,21.98,0
558,9,14.34,14.11,0.23
48,1,7.69,7.54,0.16
37,1,14.29,13.91,0.38
350,9,11.31,11.03,0.28
9,3,3.66,2.74,0.91
110,1,13.34,13.22,0.12
86,3,12.94,12.5,0.44
X,X,X,X,X
36,2,6.42,6.08,0.34
7,0,7.87,7.87,0
4,1,3.57,2.86,0.71
455,55,15.91,14.2,1.72
282,15,20.58,19.54,1.04
20,0,8.4,8.4,0
33,0,6.24,6.24,0
147,6,9.56,9.19,0.38
26,1,3.37,3.25,0.12
89,6,5.57,5.21,0.35
X,X,X,X,X
X,X,X,X,X
X,X,X,X,X
X,X,X,X,X
30,7,5.75,4.66,1.09
1,0,7.14,7.14,0
52,1,11.25,11.04,0.21
70,1,18.68,18.42,0.26
175,5,15.33,14.91,0.43
186,1,19,18.9,0.1
279,1,21.6,21.53,0.08
86,0,18.14,18.14,0
X,X,X,X,X
463,41,18.96,17.42,1.54
92,20,7.53,6.18,1.34
28,0,14,14,0
44,2,25.84,24.72,1.12
68,0,14.66,14.66,0
24,0,7.29,7.29,0
31,0,9.17,9.17,0
5,0,3.62,3.62,0
165,2,16.07,15.88,0.19
33,3,7.69,7.05,0.64
18,0,14.52,14.52,0
56,2,17.01,16.42,0.59
331,3,21.87,21.68,0.2
262,3,14.77,14.6,0.17
43,0,7.47,7.47,0
15,1,16,15,1
206,0,11.81,11.81,0
50,6,19.93,17.79,2.14
90,3,29.81,28.85,0.96
17,2,25.33,22.67,2.67
X,X,X,X,X
X,X,X,X,X
114,1,20.14,19.96,0.18
721,0,17.98,17.98,0
94,1,14.75,14.6,0.16
64,0,19.69,19.69,0
547,7,16.95,16.74,0.21
15,4,6.27,4.95,1.32
138,0,15.02,15.02,0
185,2,23.4,23.15,0.25
X,X,X,X,X
61,1,10.56,10.39,0.17
1,0,1.3,1.3,0
6,1,5.65,4.84,0.81
769,38,23.73,22.61,1.12
346,9,23.57,22.97,0.6
41,1,15.22,14.86,0.36
47,0,9.49,9.49,0
221,7,15.21,14.74,0.47
72,3,8.97,8.61,0.36
140,8,8.67,8.2,0.47
X,X,X,X,X
X,X,X,X,X
X,X,X,X,X
X,X,X,X,X
67,5,11.94,11.11,0.83
2,0,11.76,11.76,0
32,0,8.31,8.31,0
89,4,20.09,19.22,0.86
129,6,12.08,11.54,0.54
164,2,16.67,16.47,0.2
350,1,24.79,24.72,0.07
105,0,22.83,22.83,0
X,X,X,X,X
415,48,17.75,15.91,1.84
144,12,10.1,9.33,0.78
54,3,15.32,14.52,0.81
47,1,23.76,23.27,0.5
62,3,15.15,14.45,0.7
21,1,7.26,6.93,0.33
33,1,10.93,10.61,0.32
4,1,3.79,3.03,0.76
233,1,21.95,21.86,0.09
60,2,10.86,10.51,0.35
12,0,11.11,11.11,0
46,5,15.04,13.57,1.47
434,2,28.33,28.2,0.13
354,5,19.17,18.9,0.27
81,4,13.91,13.26,0.65
29,1,17.34,16.76,0.58
268,2,14.45,14.34,0.11
61,7,19.94,17.89,2.05
97,0,30.89,30.89,0
11,0,20.75,20.75,0
X,X,X,X,X
X,X,X,X,X
124,0,26.05,26.05,0
907,8,22.97,22.77,0.2
195,6,21.27,20.63,0.63
120,0,30.53,30.53,0
516,7,16.95,16.73,0.23
19,1,6.45,6.13,0.32
178,2,19.05,18.84,0.21
185,1,22.93,22.81,0.12
X,X,X,X,X
76,1,12.4,12.24,0.16
6,0,7.89,7.89,0
12,3,10.34,8.28,2.07
1053,59,27.23,25.78,1.44
443,15,27.86,26.95,0.91
89,1,26.79,26.49,0.3
64,1,11.71,11.53,0.18
351,7,21.98,21.55,0.43
140,6,13.84,13.27,0.57
221,10,12.82,12.26,0.55
X,X,X,X,X
X,X,X,X,X
X,X,X,X,X
X,X,X,X,X
145,9,16.67,15.69,0.97
1,0,9.09,9.09,0
50,1,10.94,10.73,0.21
21,1,32.35,30.88,1.47
168,6,13.7,13.23,0.47
225,12,22.4,21.27,1.13
391,1,26.72,26.65,0.07
166,1,31.27,31.09,0.19
X,X,X,X,X
390,45,15.98,14.32,1.65
189,18,12.16,11.1,1.06
54,0,14.44,14.44,0
40,0,19.8,19.8,0
88,1,18.62,18.41,0.21
42,0,13.95,13.95,0
47,0,15.77,15.77,0
14,1,12.3,11.48,0.82
236,3,20.66,20.4,0.26
158,4,21.63,21.09,0.53
41,0,23.16,23.16,0
58,5,21.95,20.21,1.74
412,1,26.98,26.91,0.07
316,8,18.45,18,0.46
71,3,13.45,12.91,0.55
85,0,30.91,30.91,0
416,4,20.45,20.25,0.19
53,9,17.56,15.01,2.55
127,0,35.67,35.67,0
17,3,29.41,25,4.41
X,X,X,X,X
X,X,X,X,X
77,1,16.53,16.31,0.21
915,4,22.08,21.98,0.1
347,13,29.24,28.19,1.06
122,0,30.12,30.12,0
826,14,26.01,25.57,0.43
55,1,14,13.75,0.25
156,2,15.44,15.25,0.2
203,0,25.06,25.06,0
X,X,X,X,X
112,0,17.64,17.64,0
8,0,9.64,9.64,0
35,3,18.54,17.07,1.46
1876,86,33.86,32.37,1.48
554,18,29.42,28.5,0.93
88,4,26.21,25.07,1.14
123,4,18.96,18.36,0.6
506,1,25.84,25.79,0.05
183,2,18.97,18.77,0.21
215,1,12.16,12.11,0.06
X,X,X,X,X
X,X,X,X,X
X,X,X,X,X
X,X,X,X,X
222,5,21.23,20.77,0.47
2,0,15.38,15.38,0
60,4,10.92,10.24,0.68
354,3,37.7,37.38,0.32
122,6,11.29,10.76,0.53
340,34,30.66,27.87,2.79
378,1,25.05,24.98,0.07
148,2,29.35,28.96,0.39
X,X,X,X,X
536,63,18.25,16.33,1.92
265,23,16.33,15.02,1.3
39,2,13.85,13.18,0.68
34,3,20.56,18.89,1.67
112,4,19.69,19.02,0.68
66,0,15.07,15.07,0
64,0,22.7,22.7,0
7,0,6.42,6.42,0
221,7,21.82,21.15,0.67
251,7,27.13,26.39,0.74
49,0,31.41,31.41,0
104,4,27.55,26.53,1.02
451,4,26.52,26.28,0.23
260,15,15.91,15.05,0.87
106,3,18.79,18.28,0.52
90,1,29.55,29.22,0.32
503,6,23.1,22.83,0.27
108,7,28.61,26.87,1.74
87,0,26.52,26.52,0
22,0,22,22,0
X,X,X,X,X
X,X,X,X,X
82,3,16.67,16.08,0.59
1279,7,26.9,26.75,0.15
364,12,30.01,29.05,0.96
137,0,35.96,35.96,0
883,21,25.78,25.19,0.6
98,0,21.4,21.4,0
289,1,27.08,26.98,0.09
251,2,27.71,27.49,0.22
X,X,X,X,X
214,2,23.33,23.11,0.22
10,0,13.16,13.16,0
60,3,23.95,22.81,1.14
2332,121,35.46,33.71,1.75
611,24,31.4,30.22,1.19
78,1,23.8,23.49,0.3
168,8,28.39,27.1,1.29
405,8,23.56,23.1,0.46
265,1,22.49,22.4,0.08
294,8,15.69,15.27,0.42
X,X,X,X,X
X,X,X,X,X
X,X,X,X,X
X,X,X,X,X
204,6,19.57,19.01,0.56
2,1,27.27,18.18,9.09
48,3,9.73,9.16,0.57
406,5,39.94,39.46,0.49
158,2,13.97,13.8,0.17
392,62,35.14,30.34,4.8
260,1,19.48,19.4,0.07
152,1,27.67,27.49,0.18
X,X,X,X,X
512,35,18.72,17.52,1.2
219,17,13.89,12.89,1
39,0,13.09,13.09,0
36,2,24.68,23.38,1.3
149,3,27.79,27.24,0.55
86,0,23.89,23.89,0
143,0,34.46,34.46,0
18,3,15.33,13.14,2.19
145,7,14.86,14.17,0.68
295,9,28.65,27.8,0.85
68,0,28.57,28.57,0
86,6,21.6,20.19,1.41
347,6,25.75,25.31,0.44
341,17,19.48,18.55,0.92
122,2,21.87,21.52,0.35
88,2,34.62,33.85,0.77
601,8,26.24,25.89,0.34
153,5,35.19,34.08,1.11
65,0,24.07,24.07,0
14,0,21.88,21.88,0
X,X,X,X,X
X,X,X,X,X
X,X,X,X,X
1332,5,27.28,27.18,0.1
248,11,25.77,24.68,1.09
182,0,37.84,37.84,0
1175,19,30.14,29.66,0.48
163,1,25.63,25.47,0.16
403,4,27.59,27.32,0.27
239,0,27.89,27.89,0
X,X,X,X,X
169,0,20.41,20.41,0
12,0,11.76,11.76,0
38,3,16.08,14.9,1.18
1879,106,31.96,30.25,1.71
638,37,32.77,30.97,1.8
98,1,30.18,29.88,0.3
238,12,29.34,27.93,1.41
307,8,24.46,23.84,0.62
286,3,23.29,23.05,0.24
489,19,23.96,23.07,0.9
X,X,X,X,X
X,X,X,X,X
X,X,X,X,X
X,X,X,X,X
163,9,20.9,19.81,1.09
X,X,X,X,X
43,1,7.64,7.47,0.17
245,9,37.46,36.14,1.33
175,10,15.95,15.09,0.86
425,68,37.12,32,5.12
210,1,18.44,18.36,0.09
119,2,27.44,26.98,0.45
X,X,X,X,X
592,58,19.65,17.9,1.75
250,22,15.78,14.5,1.28
49,1,12.08,11.84,0.24
44,0,28.03,28.03,0
137,6,22.52,21.57,0.94
129,0,23.29,23.29,0
202,0,41.82,41.82,0
28,2,19.74,18.42,1.32
128,7,14.08,13.35,0.73
293,2,29.04,28.84,0.2
71,0,29.1,29.1,0
130,2,29.53,29.08,0.45
266,4,20.03,19.73,0.3
357,17,19.91,19.01,0.91
205,2,30.09,29.8,0.29
43,1,18.18,17.77,0.41
631,6,26.91,26.66,0.25
203,10,40.11,38.23,1.88
62,0,25.41,25.41,0
17,0,29.82,29.82,0
X,X,X,X,X
X,X,X,X,X
103,1,21.99,21.78,0.21
1296,14,27.9,27.6,0.3
212,15,23.43,21.88,1.55
202,0,39.45,39.45,0
1460,18,32.11,31.72,0.39
167,1,26.13,25.97,0.16
536,6,37.3,36.89,0.41
213,2,27.08,26.83,0.25
X,X,X,X,X
144,0,17.04,17.04,0
6,1,9.33,8,1.33
26,4,13.64,11.82,1.82
1555,111,29.77,27.78,1.98
596,28,31.5,30.09,1.41
105,2,29.81,29.25,0.56
285,4,31.34,30.91,0.43
426,5,22.82,22.55,0.26
344,4,26.42,26.12,0.3
578,18,26.47,25.67,0.8
X,X,X,X,X
X,X,X,X,X
X,X,X,X,X
X,X,X,X,X
154,10,17.62,16.54,1.07
X,X,X,X,X
53,0,8.45,8.45,0
326,10,48.98,47.52,1.46
206,6,17.95,17.44,0.51
442,33,34.93,32.5,2.43
198,4,19.52,19.13,0.39
127,1,26.39,26.19,0.21
X,X,X,X,X
451,35,16.32,15.14,1.18
192,15,12.67,11.75,0.92
42,1,12.43,12.14,0.29
25,3,20.29,18.12,2.17
134,8,22.94,21.65,1.29
191,0,31.73,31.73,0
237,0,42.4,42.4,0
27,7,22.22,17.65,4.58
110,1,11.99,11.88,0.11
180,5,22.98,22.36,0.62
47,0,26.7,26.7,0
129,0,29.38,29.38,0
229,14,19.46,18.33,1.12
435,34,23.45,21.75,1.7
138,2,21.88,21.56,0.31
25,2,19.71,18.25,1.46
714,8,31.51,31.17,0.35
265,4,56.75,55.91,0.84
26,0,12.32,12.32,0
17,0,27.42,27.42,0
X,X,X,X,X
X,X,X,X,X
131,0,22.39,22.39,0
880,13,21.32,21.01,0.31
120,4,16.85,16.3,0.54
251,1,42.28,42.11,0.17
1478,27,33.02,32.43,0.59
171,0,25.41,25.41,0
596,2,37.21,37.09,0.12
231,1,30.05,29.92,0.13
X,X,X,X,X
126,3,17.46,17.05,0.41
6,0,7.5,7.5,0
20,2,13.25,12.05,1.2
1396,122,28.31,26.03,2.27
605,27,31.76,30.4,1.36
70,1,21.65,21.34,0.3
275,12,30.12,28.86,1.26
518,3,25.95,25.8,0.15
241,3,20.02,19.77,0.25
916,10,33.06,32.7,0.36
X,X,X,X,X
X,X,X,X,X
X,X,X,X,X
X,X,X,X,X
125,8,15.68,14.74,0.94
X,X,X,X,X
50,0,8.64,8.64,0
361,7,50.48,49.52,0.96
179,4,14.72,14.4,0.32
381,1,29.41,29.33,0.08
143,2,15.61,15.39,0.22
115,2,25,24.57,0.43
X,X,X,X,X
399,46,15.14,13.57,1.56
124,20,9.41,8.1,1.31
34,0,11.49,11.49,0
33,1,23.61,22.92,0.69
164,5,26.28,25.51,0.78
190,4,29.66,29.05,0.61
265,0,38.52,38.52,0
32,4,24.32,21.62,2.7
69,2,11.2,10.88,0.32
158,11,20.97,19.6,1.36
68,1,37.3,36.76,0.54
132,1,27.59,27.39,0.21
185,12,17.88,16.79,1.09
622,31,27.3,26,1.3
130,3,18.71,18.28,0.42
14,1,11.54,10.77,0.77
659,5,26.39,26.19,0.2
162,9,35.19,33.33,1.85
29,0,13.74,13.74,0
20,0,28.99,28.99,0
X,X,X,X,X
X,X,X,X,X
133,2,34.88,34.37,0.52
864,11,20.84,20.58,0.26
89,5,15.02,14.22,0.8
220,2,39.15,38.8,0.35
1616,41,33.43,32.6,0.83
135,3,21.6,21.13,0.47
682,5,41.69,41.38,0.3
222,6,31.93,31.09,0.84
X,X,X,X,X
89,2,14.7,14.38,0.32
7,0,9.33,9.33,0
11,5,10.96,7.53,3.42
1170,115,25.34,23.07,2.27
452,13,27.48,26.71,0.77
63,0,20.86,20.86,0
194,9,28.35,27.09,1.26
754,7,32.52,32.22,0.3
180,2,16.25,16.07,0.18
1255,20,37.23,36.64,0.58
X,X,X,X,X
X,X,X,X,X
X,X,X,X,X
X,X,X,X,X
101,5,12.31,11.73,0.58
X,X,X,X,X
43,0,8.96,8.96,0
311,11,48.06,46.42,1.64
145,8,12.5,11.85,0.65
283,17,26.04,24.57,1.48
143,8,16.31,15.44,0.86
63,1,16.12,15.87,0.25
X,X,X,X,X
410,39,14.74,13.46,1.28
157,23,12.7,11.08,1.62
27,3,9.87,8.88,0.99
48,3,34.69,32.65,2.04
156,9,25.27,23.89,1.38
206,3,32.3,31.84,0.46
257,0,38.59,38.59,0
28,10,27.14,20,7.14
66,4,10.31,9.72,0.59
94,6,15.43,14.51,0.93
65,5,35,32.5,2.5
181,7,31.76,30.57,1.18
192,26,18.46,16.26,2.2
749,48,29.57,27.79,1.78
180,6,27.31,26.43,0.88
14,2,12.6,11.02,1.57
743,16,30.26,29.63,0.64
152,15,37.19,33.85,3.34
16,0,8.29,8.29,0
9,0,19.57,19.57,0
X,X,X,X,X
X,X,X,X,X
144,0,42.6,42.6,0
921,12,22.53,22.24,0.29
73,7,14.13,12.9,1.24
142,2,33.96,33.49,0.47
1624,42,32.69,31.87,0.82
117,0,20.74,20.74,0
895,8,40.55,40.19,0.36
202,2,26.56,26.3,0.26
X,X,X,X,X
77,4,14.31,13.6,0.71
8,0,9.88,9.88,0
25,7,19.05,14.88,4.17
756,109,21.83,19.08,2.75
342,13,24.43,23.54,0.89
64,5,22.92,21.26,1.66
183,9,25.63,24.43,1.2
1018,20,35.02,34.35,0.67
146,4,15.45,15.04,0.41
1553,40,37.99,37.04,0.95
X,X,X,X,X
X,X,X,X,X
X,X,X,X,X
X,X,X,X,X
46,4,6.86,6.31,0.55
X,X,X,X,X
34,0,8.08,8.08,0
82,7,27.47,25.31,2.16
158,7,13.5,12.93,0.57
182,22,20.8,18.55,2.24
123,7,13.79,13.04,0.74
59,1,17.96,17.66,0.3
X,X,X,X,X
373,59,14.5,12.52,1.98
154,20,12.67,11.22,1.46
29,0,8.79,8.79,0
37,1,26.95,26.24,0.71
98,9,20.34,18.63,1.71
170,0,27.11,27.11,0
169,0,36.9,36.9,0
23,7,21.58,16.55,5.04
53,6,9.5,8.53,0.97
65,2,11.9,11.55,0.36
90,10,44.44,40,4.44
118,13,28.6,25.76,2.84
196,62,22.79,17.31,5.48
796,76,30.2,27.57,2.63
56,2,16.38,15.82,0.56
3,0,4.41,4.41,0
543,5,24.77,24.55,0.23
69,3,24.16,23.15,1.01
12,1,8.18,7.55,0.63
13,1,25.93,24.07,1.85
X,X,X,X,X
X,X,X,X,X
102,1,18.63,18.44,0.18
787,23,19.82,19.26,0.56
67,15,14.91,12.18,2.73
105,1,27.89,27.63,0.26
1122,38,26.65,25.78,0.87
66,1,13.7,13.5,0.2
817,16,40.57,39.8,0.78
133,6,19.89,19.03,0.86
X,X,X,X,X
69,2,12.86,12.5,0.36
9,0,14.06,14.06,0
6,1,6.48,5.56,0.93
420,91,15.33,12.6,2.73
298,9,21.59,20.96,0.63
42,7,19.29,16.54,2.76
100,10,18.33,16.67,1.67
832,14,29.74,29.24,0.49
132,2,14.23,14.01,0.21
1277,52,34.36,33.01,1.34
X,X,X,X,X
X,X,X,X,X
X,X,X,X,X
X,X,X,X,X
59,5,9.3,8.58,0.73
X,X,X,X,X
32,2,8.9,8.38,0.52
68,6,26.15,24.03,2.12
111,2,10.37,10.18,0.18
104,16,16.6,14.38,2.21
108,12,13.62,12.26,1.36
32,2,10.97,10.32,0.65
X,X,X,X,X
109,8,9.29,8.66,0.64
173,15,13.76,12.66,1.1
17,2,7.09,6.34,0.75
20,0,19.42,19.42,0
110,15,23.9,21.03,2.87
93,5,22.22,21.09,1.13
83,0,22.02,22.02,0
16,5,17.65,13.45,4.2
41,1,7.12,6.95,0.17
42,9,9.48,7.81,1.67
56,11,31.75,26.54,5.21
111,13,26.05,23.32,2.73
213,58,22.25,17.49,4.76
829,105,30.8,27.34,3.46
110,6,19.56,18.55,1.01
4,0,6.25,6.25,0
361,11,18.85,18.3,0.56
31,8,15.6,12.4,3.2
13,1,9.59,8.9,0.68
4,0,14.29,14.29,0
X,X,X,X,X
X,X,X,X,X
52,2,10.36,9.98,0.38
725,18,18.99,18.53,0.46
52,10,12.68,10.63,2.04
81,1,23.98,23.68,0.29
860,26,23.08,22.41,0.68
22,0,5.7,5.7,0
377,3,23.11,22.93,0.18
146,3,22.11,21.66,0.45
X,X,X,X,X
44,1,10.23,10,0.23
1,0,2.08,2.08,0
19,4,14.29,11.8,2.48
260,108,13.38,9.45,3.93
141,6,12.71,12.19,0.52
23,7,13.95,10.7,3.26
77,5,13.12,12.32,0.8
603,12,25.41,24.92,0.5
112,1,12.83,12.71,0.11
982,48,29.83,28.44,1.39
X,X,X,X,X
X,X,X,X,X
X,X,X,X,X
X,X,X,X,X
33,0,5.38,5.38,0
X,X,X,X,X
21,3,6.47,5.66,0.81
34,3,13.75,12.64,1.12
88,7,9.76,9.04,0.72
67,6,10.93,10.03,0.9
76,8,9.96,9.02,0.95
25,0,10.25,10.25,0
X,X,X,X,X
188,53,10.12,7.89,2.23
165,14,13.29,12.25,1.04
26,4,14.71,12.75,1.96
16,1,15.32,14.41,0.9
78,9,19.51,17.49,2.02
38,1,11.75,11.45,0.3
58,0,19.02,19.02,0
8,9,15.18,7.14,8.04
44,7,8.85,7.64,1.22
31,10,9.4,7.11,2.29
48,9,34.34,28.92,5.42
80,1,19.42,19.18,0.24
199,96,26.97,18.19,8.78
546,100,25.71,21.73,3.98
69,2,12.57,12.21,0.35
2,0,3.64,3.64,0
203,5,12.3,12,0.3
11,2,7.07,5.98,1.09
6,1,4.86,4.17,0.69
8,0,16,16,0
X,X,X,X,X
X,X,X,X,X
X,X,X,X,X
293,22,11.59,10.78,0.81
40,15,13.45,9.78,3.67
50,1,19.1,18.73,0.37
485,30,16.95,15.96,0.99
7,1,2.68,2.35,0.34
156,13,15.02,13.87,1.16
107,3,17.94,17.46,0.49
X,X,X,X,X
32,1,7.47,7.24,0.23
2,0,3.23,3.23,0
9,4,11.71,8.11,3.6
157,66,9.21,6.48,2.73
98,7,10.75,10.03,0.72
21,4,13.09,10.99,2.09
58,5,11.09,10.21,0.88
305,7,17.04,16.66,0.38
82,4,11.83,11.28,0.55
687,37,25.3,24,1.29
X,X,X,X,X
X,X,X,X,X
X,X,X,X,X
X,X,X,X,X
8,2,2.01,1.61,0.4
X,X,X,X,X
18,1,5.9,5.59,0.31
9,9,8.57,4.29,4.29
37,4,4.98,4.5,0.49
39,8,8.99,7.46,1.53
87,16,12.34,10.42,1.92
9,0,4.84,4.84,0
X,X,X,X,X
44,8,5.23,4.43,0.8
69,18,7.57,6.01,1.57
14,0,6.03,6.03,0
7,2,9.57,7.45,2.13
63,5,17.57,16.28,1.29
22,1,9.24,8.84,0.4
42,0,14.43,14.43,0
3,5,7.84,2.94,4.9
15,1,3.25,3.04,0.2
22,11,7.05,4.7,2.35
41,16,33.33,23.98,9.36
34,10,12.68,9.8,2.88
134,121,22.61,11.88,10.73
348,80,18.51,15.05,3.46
55,2,12.03,11.6,0.42
4,0,7.69,7.69,0
123,3,8.91,8.7,0.21
11,1,6.22,5.7,0.52
3,2,3.57,2.14,1.43
3,0,7.89,7.89,0
X,X,X,X,X
X,X,X,X,X
X,X,X,X,X
462,34,14.52,13.52,1
19,5,6.88,5.44,1.43
25,3,14.58,13.02,1.56
259,28,11.64,10.51,1.14
4,1,2.24,1.79,0.45
64,3,10.11,9.65,0.45
60,4,10.68,10.02,0.67
X,X,X,X,X
30,1,7.19,6.96,0.23
2,0,3.23,3.23,0
0,0,0,0,0
132,77,10.36,6.54,3.82
67,6,7.58,6.96,0.62
30,4,16.75,14.78,1.97
24,2,5.41,4.99,0.42
130,13,9.94,9.03,0.9
65,4,9.14,8.61,0.53
490,38,21.26,19.73,1.53
X,X,X,X,X
X,X,X,X,X
X,X,X,X,X
X,X,X,X,X
8,3,2.58,1.87,0.7
X,X,X,X,X
35,4,12.3,11.04,1.26
8,4,8.11,5.41,2.7
42,2,5.89,5.62,0.27
26,10,6.94,5.01,1.93
39,10,7.17,5.71,1.46
2,0,1.39,1.39,0
X,X,X,X,X
157,59,9.41,6.84,2.57
33,20,5.8,3.61,2.19
24,3,10.51,9.34,1.17
1,2,3.85,1.28,2.56
32,4,10.29,9.14,1.14
15,1,8.47,7.94,0.53
21,1,8.73,8.33,0.4
4,4,7.62,3.81,3.81
10,0,2.22,2.22,0
21,1,5.38,5.13,0.24
21,11,27.83,18.26,9.57
18,4,8,6.55,1.45
71,88,16.79,7.5,9.29
165,53,12.27,9.29,2.98
32,5,8.87,7.67,1.2
0,1,2.94,0,2.94
35,6,3.81,3.25,0.56
7,1,4.06,3.55,0.51
3,2,3.25,1.95,1.3
4,1,14.71,11.76,2.94
X,X,X,X,X
X,X,X,X,X
21,3,7.21,6.31,0.9
257,24,9.53,8.72,0.81
7,6,5.14,2.77,2.37
19,8,15.98,11.24,4.73
120,11,6.8,6.23,0.57
3,1,1.68,1.26,0.42
17,4,3.69,2.99,0.7
23,2,5.67,5.22,0.45
X,X,X,X,X
10,1,3.68,3.34,0.33
2,0,2.67,2.67,0
3,3,6.67,3.33,3.33
73,84,9.66,4.49,5.17
34,4,4.95,4.43,0.52
17,6,12.64,9.34,3.3
18,0,6.52,6.52,0
65,7,5.55,5.01,0.54
18,5,3.95,3.09,0.86
302,29,16.83,15.35,1.47
X,X,X,X,X
X,X,X,X,X
X,X,X,X,X
X,X,X,X,X
10,0,2.25,2.25,0
X,X,X,X,X
34,3,10.14,9.32,0.82
3,2,2.94,1.76,1.18
20,5,3.43,2.74,0.69
15,6,4.54,3.24,1.3
24,6,5.28,4.23,1.06
0,0,0,0,0
X,X,X,X,X
138,47,8.36,6.23,2.12
26,13,4.43,2.95,1.48
27,1,10.61,10.23,0.38
1,0,1.75,1.75,0
18,4,8.27,6.77,1.5
8,1,4.71,4.19,0.52
12,4,6.32,4.74,1.58
0,4,4.6,0,4.6
11,0,2.69,2.69,0
5,6,3.07,1.4,1.68
14,2,18.39,16.09,2.3
6,4,5.59,3.35,2.23
21,61,10.41,2.66,7.74
96,68,10.71,6.27,4.44
13,4,4.74,3.62,1.11
0,0,0,0,0
24,3,3.22,2.86,0.36
3,1,2.84,2.13,0.71
1,0,0.86,0.86,0
3,0,12.5,12.5,0
X,X,X,X,X
X,X,X,X,X
15,3,6.1,5.08,1.02
112,24,5.55,4.57,0.98
4,5,4.09,1.82,2.27
6,2,6.3,4.72,1.57
63,14,4.49,3.68,0.82
0,0,0,0,0
4,2,1.16,0.77,0.39
6,2,2.28,1.71,0.57
X,X,X,X,X
7,2,2.55,1.98,0.57
2,0,3.77,3.77,0
1,1,2.99,1.49,1.49
54,56,6.75,3.31,3.44
24,2,3.69,3.4,0.28
8,7,11.11,5.93,5.19
5,2,2.59,1.85,0.74
31,7,3.8,3.1,0.7
14,1,2.64,2.46,0.18
119,25,9.23,7.63,1.6
X,X,X,X,X
X,X,X,X,X
X,X,X,X,X
X,X,X,X,X
5,1,1.9,1.59,0.32
X,X,X,X,X
21,3,7.84,6.86,0.98
3,0,2.24,2.24,0
11,15,4.04,1.71,2.33
15,5,4.63,3.47,1.16
11,3,2.38,1.87,0.51
2,0,1.9,1.9,0
X,X,X,X,X
115,38,7.57,5.69,1.88
21,17,4.82,2.66,2.16
17,3,10.31,8.76,1.55
X,X,X,X,X
15,8,9.5,6.2,3.31
7,0,4.12,4.12,0
17,1,8.41,7.94,0.47
0,3,5.36,0,5.36
9,0,2.4,2.4,0
11,9,6.97,3.83,3.14
4,2,8.7,5.8,2.9
3,2,2.94,1.76,1.18
15,30,7.26,2.42,4.84
53,49,8.48,4.41,4.07
16,2,5.34,4.75,0.59
0,1,5.56,0,5.56
7,1,2.09,1.83,0.26
2,0,1.35,1.35,0
0,0,0,0,0
1,0,5,5,0
X,X,X,X,X
X,X,X,X,X
12,3,4.95,3.96,0.99
29,10,2.32,1.73,0.59
1,3,2.34,0.58,1.75
5,4,7.44,4.13,3.31
19,7,1.84,1.35,0.5
0,1,0.51,0,0.51
5,0,4.59,4.59,0
2,0,0.75,0.75,0
X,X,X,X,X
6,1,3.04,2.61,0.43
1,0,1.89,1.89,0
2,2,8.16,4.08,4.08
29,74,7.25,2.04,5.21
17,2,2.95,2.64,0.31
5,7,9.45,3.94,5.51
2,1,1.01,0.67,0.34
22,7,3.07,2.33,0.74
9,3,2.45,1.84,0.61
80,17,7.57,6.24,1.33
X,X,X,X,X
X,X,X,X,X
X,X,X,X,X
X,X,X,X,X
4,5,2.45,1.09,1.36
X,X,X,X,X
13,1,4.44,4.13,0.32
1,0,0.75,0.75,0
15,3,3,2.5,0.5
7,11,4.43,1.72,2.71
9,2,2.35,1.92,0.43
1,0,1.32,1.32,0
X,X,X,X,X
96,54,7.98,5.11,2.87
6,16,3.31,0.9,2.41
14,2,8.25,7.22,1.03
X,X,X,X,X
7,4,4.56,2.9,1.66
4,1,2.99,2.4,0.6
0,1,7.69,0,7.69
0,1,1.37,0,1.37
2,2,1.1,0.55,0.55
11,3,4.9,3.85,1.05
2,0,4.65,4.65,0
1,1,1.41,0.7,0.7
12,27,7.63,2.35,5.28
18,40,5.67,1.76,3.91
11,5,5.42,3.73,1.69
0,1,3.7,0,3.7
5,1,0.89,0.74,0.15
2,0,2.11,2.11,0
0,0,0,0,0
0,0,0,0,0
X,X,X,X,X
X,X,X,X,X
5,1,2.46,2.05,0.41
27,3,2.46,2.22,0.25
0,2,1.63,0,1.63
1,3,4.94,1.23,3.7
17,6,1.88,1.39,0.49
1,0,0.51,0.51,0
3,0,2,2,0
0,0,0,0,0
X,X,X,X,X
4,0,1.77,1.77,0
0,0,0,0,0
0,4,6.15,0,6.15
33,57,7.07,2.59,4.48
7,0,1.27,1.27,0
4,3,7.07,4.04,3.03
0,0,0,0,0
12,0,1.63,1.63,0
2,1,0.64,0.42,0.21
38,11,5.09,3.95,1.14
X,X,X,X,X
X,X,X,X,X
X,X,X,X,X
X,X,X,X,X
1,3,1.13,0.28,0.85
0,0,0,0,0
14,1,5.4,5.04,0.36
0,2,1.79,0,1.79
3,3,1.18,0.59,0.59
5,5,2.84,1.42,1.42
4,3,1.45,0.83,0.62
0,0,0,0,0
X,X,X,X,X
109,64,9.26,5.84,3.43
13,16,4.33,1.94,2.39
11,2,6.31,5.34,0.97
X,X,X,X,X
13,0,5.8,5.8,0
0,0,0,0,0
8,2,4.72,3.77,0.94
0,1,1.64,0,1.64
2,2,0.99,0.5,0.5
5,4,3.64,2.02,1.62
1,4,15.15,3.03,12.12
2,2,2.41,1.2,1.2
6,17,4.26,1.11,3.15
12,44,6.34,1.36,4.98
7,11,5.79,2.25,3.54
0,0,0,0,0
7,0,1.23,1.23,0
0,1,1.02,0,1.02
3,0,2.46,2.46,0
0,0,0,0,0
X,X,X,X,X
X,X,X,X,X
12,0,4.63,4.63,0
20,3,1.59,1.38,0.21
3,2,4.63,2.78,1.85
2,1,4.76,3.17,1.59
9,2,0.97,0.8,0.18
2,0,1.23,1.23,0
1,1,2.56,1.28,1.28
0,1,0.53,0,0.53
X,X,X,X,X
0,1,0.45,0,0.45
0,0,0,0,0
0,2,3.57,0,3.57
18,42,5.03,1.51,3.52
4,1,1.09,0.87,0.22
1,2,4.17,1.39,2.78
1,1,0.96,0.48,0.48
6,4,1.64,0.99,0.66
1,1,0.45,0.22,0.22
25,14,4.17,2.67,1.5
X,X,X,X,X
X,X,X,X,X
X,X,X,X,X
X,X,X,X,X
1,1,0.65,0.33,0.33
X,X,X,X,X
8,3,4.15,3.02,1.13
1,3,4.21,1.05,3.16
6,3,1.74,1.16,0.58
8,8,4.44,2.22,2.22
3,2,1.19,0.71,0.48
1,0,1.39,1.39,0
X,X,X,X,X
104,78,9.28,5.3,3.98
7,12,3.27,1.2,2.07
15,11,10.16,5.86,4.3
X,X,X,X,X
2,1,1.49,1,0.5
1,0,0.76,0.76,0
3,1,2.56,1.92,0.64
0,1,1.47,0,1.47
2,1,0.82,0.54,0.27
9,0,4.62,4.62,0
0,0,0,0,0
0,0,0,0,0
1,16,3.36,0.2,3.16
12,36,5.77,1.44,4.33
4,7,4.28,1.56,2.72
1,1,11.76,5.88,5.88
3,0,0.52,0.52,0
1,0,0.83,0.83,0
2,0,2.08,2.08,0
X,X,X,X,X
X,X,X,X,X
X,X,X,X,X
4,1,2.24,1.79,0.45
17,2,1.42,1.27,0.15
0,3,2.33,0,2.33
1,3,7.02,1.75,5.26
8,4,1.21,0.81,0.4
0,0,0,0,0
0,0,0,0,0
0,1,0.55,0,0.55
X,X,X,X,X
0,1,0.47,0,0.47
1,0,1.96,1.96,0
1,1,4.88,2.44,2.44
18,47,5.64,1.56,4.08
3,0,0.74,0.74,0
2,0,2.78,2.78,0
3,1,2.14,1.6,0.53
8,2,1.87,1.5,0.37
0,1,0.26,0,0.26
12,4,2.5,1.87,0.62
X,X,X,X,X
X,X,X,X,X
X,X,X,X,X
X,X,X,X,X
1,4,1.96,0.39,1.57
X,X,X,X,X
6,1,2.7,2.32,0.39
0,1,1.41,0,1.41
3,3,1.32,0.66,0.66
9,6,5.24,3.15,2.1
3,1,1.11,0.83,0.28
3,0,5.88,5.88,0
X,X,X,X,X
90,89,9.5,4.78,4.72
5,4,1.78,0.99,0.79
11,13,9.16,4.2,4.96
X,X,X,X,X
5,0,2.63,2.63,0
0,0,0,0,0
1,1,1.33,0.67,0.67
1,1,3.92,1.96,1.96
0,0,0,0,0
1,3,2.05,0.51,1.54
0,0,0,0,0
1,0,0.86,0.86,0
1,11,3.23,0.27,2.96
3,31,4.4,0.39,4.02
2,1,1.48,0.99,0.49
0,1,5.26,0,5.26
2,0,0.38,0.38,0
2,1,2.91,1.94,0.97
0,0,0,0,0
0,0,0,0,0
X,X,X,X,X
X,X,X,X,X
4,1,2.24,1.79,0.45
19,3,1.66,1.44,0.23
0,2,1.69,0,1.69
0,4,6.56,0,6.56
4,1,0.57,0.46,0.11
0,0,0,0,0
0,2,1.92,0,1.92
2,0,1.18,1.18,0
X,X,X,X,X
2,3,2.29,0.92,1.38
0,0,0,0,0
1,1,8.7,4.35,4.35
9,29,3.58,0.85,2.73
4,1,1.33,1.06,0.27
0,1,2.17,0,2.17
0,0,0,0,0
5,4,1.83,1.02,0.81
2,2,1.07,0.53,0.53
7,3,1.47,1.03,0.44
X,X,X,X,X
X,X,X,X,X
X,X,X,X,X
X,X,X,X,X
5,1,2.25,1.87,0.37
1,1,11.11,5.56,5.56
5,1,3.37,2.81,0.56
0,0,0,0,0
6,5,2.68,1.46,1.22
9,3,4.11,3.08,1.03
3,0,0.9,0.9,0
0,0,0,0,0
X,X,X,X,X
59,89,9.38,3.74,5.64
1,6,1.45,0.21,1.24
8,10,6.21,2.76,3.45
X,X,X,X,X
0,0,0,0,0
0,0,0,0,0
1,0,0.74,0.74,0
0,0,0,0,0
1,1,0.62,0.31,0.31
1,4,3.4,0.68,2.72
0,0,0,0,0
1,0,1.47,1.47,0
1,7,2.51,0.31,2.19
5,27,4.69,0.73,3.95
1,1,1.06,0.53,0.53
X,X,X,X,X
0,9,1.8,0,1.8
2,0,2.47,2.47,0
0,0,0,0,0
X,X,X,X,X
X,X,X,X,X
X,X,X,X,X
4,1,2.42,1.93,0.48
6,0,0.52,0.52,0
0,1,1.16,0,1.16
0,1,2.44,0,2.44
3,2,0.65,0.39,0.26
1,0,0.81,0.81,0
1,3,6.67,1.67,5
1,0,0.63,0.63,0
X,X,X,X,X
0,0,0,0,0
1,0,2.08,2.08,0
0,2,11.11,0,11.11
6,29,3.99,0.68,3.3
3,1,1.16,0.87,0.29
0,1,2.27,0,2.27
0,0,0,0,0
4,0,1.13,1.13,0
0,1,0.28,0,0.28
2,1,0.48,0.32,0.16
X,X,X,X,X
X,X,X,X,X
X,X,X,X,X
X,X,X,X,X
2,1,1.36,0.91,0.45
X,X,X,X,X
1,2,1.57,0.52,1.05
0,0,0,0,0
3,1,1.15,0.86,0.29
3,2,2.07,1.24,0.83
2,0,0.64,0.64,0
0,0,0,0,0
X,X,X,X,X
58,67,8.83,4.1,4.73
4,4,2.02,1.01,1.01
10,18,8.97,3.21,5.77
X,X,X,X,X
0,1,0.68,0,0.68
0,0,0,0,0
0,0,0,0,0
0,0,0,0,0
0,0,0,0,0
2,2,2.5,1.25,1.25
0,0,0,0,0
0,1,1.43,0,1.43
2,4,2,0.67,1.33
0,10,1.67,0,1.67
2,0,1.74,1.74,0
X,X,X,X,X
0,0,0,0,0
2,0,2.13,2.13,0
0,0,0,0,0
X,X,X,X,X
X,X,X,X,X
X,X,X,X,X
X,X,X,X,X
5,2,0.65,0.46,0.19
0,1,1.33,0,1.33
0,0,0,0,0
5,2,1.16,0.83,0.33
0,0,0,0,0
0,0,0,0,0
0,0,0,0,0
X,X,X,X,X
3,0,1.96,1.96,0
0,0,0,0,0
1,0,5.88,5.88,0
3,11,1.68,0.36,1.32
9,1,3.28,2.95,0.33
1,1,4.35,2.17,2.17
0,0,0,0,0
3,3,1.39,0.7,0.7
1,1,0.59,0.29,0.29
5,0,0.92,0.92,0
X,X,X,X,X
X,X,X,X,X
X,X,X,X,X
X,X,X,X,X
0,3,1.42,0,1.42
X,X,X,X,X
1,2,1.36,0.45,0.9
0,0,0,0,0
1,0,0.32,0.32,0
3,2,2.14,1.28,0.85
1,0,0.36,0.36,0
0,0,0,0,0
X,X,X,X,X
56,49,8.06,4.3,3.76
3,5,2.61,0.98,1.63
3,8,5.85,1.6,4.26
X,X,X,X,X
1,0,0.7,0.7,0
0,0,0,0,0
1,0,0.79,0.79,0
0,0,0,0,0
2,0,0.85,0.85,0
0,1,0.58,0,0.58
0,0,0,0,0
0,0,0,0,0
3,0,1.16,1.16,0
2,8,1.92,0.38,1.54
0,0,0,0,0
X,X,X,X,X
0,1,0.24,0,0.24
0,0,0,0,0
0,0,0,0,0
X,X,X,X,X
X,X,X,X,X
X,X,X,X,X
1,0,0.79,0.79,0
6,0,0.53,0.53,0
0,0,0,0,0
1,1,5.71,2.86,2.86
1,0,0.2,0.2,0
0,0,0,0,0
0,0,0,0,0
1,0,0.83,0.83,0
X,X,X,X,X
1,0,0.72,0.72,0
0,0,0,0,0
1,0,5,5,0
6,7,1.61,0.74,0.87
5,1,1.95,1.62,0.32
0,1,2.44,0,2.44
1,0,0.69,0.69,0
3,1,1.1,0.82,0.27
0,0,0,0,0
3,0,0.69,0.69,0
X,X,X,X,X
X,X,X,X,X
X,X,X,X,X
X,X,X,X,X
2,3,1.88,0.75,1.13
X,X,X,X,X
1,1,1.16,0.58,0.58
0,0,0,0,0
2,0,0.74,0.74,0
2,0,0.94,0.94,0
5,0,1.91,1.91,0
0,0,0,0,0
X,X,X,X,X
36,49,7.44,3.15,4.29
6,4,3.22,1.93,1.29
1,9,5.68,0.57,5.11
X,X,X,X,X
1,0,1,1,0
0,0,0,0,0
0,0,0,0,0
0,0,0,0,0
0,0,0,0,0
2,2,2.7,1.35,1.35
X,X,X,X,X
0,0,0,0,0
0,0,0,0,0
2,2,0.94,0.47,0.47
2,0,1.71,1.71,0
0,2,15.38,0,15.38
0,1,0.69,0,0.69
0,0,0,0,0
1,0,3.7,3.7,0
X,X,X,X,X
X,X,X,X,X
X,X,X,X,X
2,0,1.71,1.71,0
1,0,0.1,0.1,0
0,0,0,0,0
0,0,0,0,0
6,4,1.68,1.01,0.67
1,0,0.95,0.95,0
1,0,3.7,3.7,0
0,0,0,0,0
X,X,X,X,X
0,0,0,0,0
0,0,0,0,0
0,0,0,0,0
9,11,2.79,1.25,1.53
0,1,0.37,0,0.37
0,2,11.76,0,11.76
0,0,0,0,0
4,3,1.87,1.07,0.8
0,1,0.34,0,0.34
5,2,1.76,1.26,0.5
X,X,X,X,X
X,X,X,X,X
X,X,X,X,X
X,X,X,X,X
1,1,0.85,0.43,0.43
X,X,X,X,X
1,2,2.46,0.82,1.64
0,0,0,0,0
4,2,2.09,1.39,0.7
4,0,2.14,2.14,0
3,0,1.29,1.29,0
0,0,0,0,0
X,X,X,X,X
52,54,8.59,4.21,4.38
6,2,2.67,2,0.67
1,9,6.94,0.69,6.25
X,X,X,X,X
1,0,1.18,1.18,0
0,0,0,0,0
1,0,1.37,1.37,0
1,0,2.94,2.94,0
0,0,0,0,0
2,0,1.53,1.53,0
X,X,X,X,X
0,0,0,0,0
4,0,2.42,2.42,0
4,1,1.36,1.09,0.27
1,0,1.3,1.3,0
1,1,14.29,7.14,7.14
1,1,0.52,0.26,0.26
0,0,0,0,0
0,0,0,0,0
X,X,X,X,X
X,X,X,X,X
X,X,X,X,X
11,1,7.36,6.75,0.61
2,0,0.24,0.24,0
0,0,0,0,0
0,0,0,0,0
8,1,1.76,1.56,0.2
0,0,0,0,0
1,0,2.27,2.27,0
1,0,0.58,0.58,0
X,X,X,X,X
0,0,0,0,0
0,0,0,0,0
X,X,X,X,X
4,6,1.67,0.67,1
2,2,1.75,0.87,0.87
0,0,0,0,0
3,0,2.54,2.54,0
4,0,1.15,1.15,0
1,1,0.73,0.36,0.36
3,1,1.14,0.85,0.28
X,X,X,X,X
X,X,X,X,X
X,X,X,X,X
X,X,X,X,X
5,2,2.57,1.84,0.74
X,X,X,X,X
2,1,2.33,1.55,0.78
0,0,0,0,0
2,2,1.33,0.67,0.67
0,0,0,0,0
1,0,0.42,0.42,0
2,0,5.88,5.88,0
X,X,X,X,X
50,51,8.41,4.16,4.25
5,3,2.67,1.67,1
6,15,9.63,2.75,6.88
X,X,X,X,X
0,0,0,0,0
0,0,0,0,0
0,0,0,0,0
0,0,0,0,0
1,0,0.39,0.39,0
0,0,0,0,0
X,X,X,X,X
0,0,0,0,0
2,0,1.01,1.01,0
3,2,1.53,0.92,0.61
0,0,0,0,0
X,X,X,X,X
0,0,0,0,0
0,0,0,0,0
0,0,0,0,0
X,X,X,X,X
X,X,X,X,X
X,X,X,X,X
0,0,0,0,0
2,0,0.23,0.23,0
0,0,0,0,0
0,0,0,0,0
0,0,0,0,0
0,0,0,0,0
0,0,0,0,0
0,0,0,0,0
X,X,X,X,X
1,0,0.69,0.69,0
0,1,1.85,0,1.85
X,X,X,X,X
8,2,1.56,1.25,0.31
4,1,2.15,1.72,0.43
0,0,0,0,0
0,0,0,0,0
5,1,1.81,1.51,0.3
0,0,0,0,0
0,0,0,0,0
X,X,X,X,X
X,X,X,X,X
X,X,X,X,X
X,X,X,X,X
0,2,2.78,0,2.78
X,X,X,X,X
0,1,0.81,0,0.81
0,0,0,0,0
2,1,1.12,0.74,0.37
1,0,0.49,0.49,0
0,0,0,0,0
0,0,0,0,0
X,X,X,X,X
45,56,8.53,3.8,4.73
4,2,2.11,1.41,0.7
0,8,5.63,0,5.63
X,X,X,X,X
0,0,0,0,0
0,0,0,0,0
0,0,0,0,0
0,0,0,0,0
1,0,0.48,0.48,0
1,0,0.93,0.93,0
X,X,X,X,X
0,0,0,0,0
2,0,1.32,1.32,0
4,2,2.09,1.39,0.7
0,0,0,0,0
X,X,X,X,X
5,0,1.28,1.28,0
1,0,1.69,1.69,0
0,0,0,0,0
X,X,X,X,X
X,X,X,X,X
X,X,X,X,X
2,0,1.83,1.83,0
4,1,0.58,0.46,0.12
0,0,0,0,0
0,0,0,0,0
7,0,1.32,1.32,0
0,0,0,0,0
0,0,0,0,0
1,0,0.68,0.68,0
X,X,X,X,X
1,2,2.4,0.8,1.6
0,0,0,0,0
X,X,X,X,X
13,3,2.67,2.17,0.5
0,0,0,0,0
0,0,0,0,0
1,0,0.92,0.92,0
5,1,1.92,1.6,0.32
0,0,0,0,0
1,1,0.57,0.29,0.29
X,X,X,X,X
X,X,X,X,X
X,X,X,X,X
X,X,X,X,X
2,1,3.85,2.56,1.28
X,X,X,X,X
0,0,0,0,0
0,0,0,0,0
2,0,0.75,0.75,0
2,3,2.63,1.05,1.58
2,0,1.05,1.05,0
0,0,0,0,0
X,X,X,X,X
47,67,9.67,3.99,5.68
3,1,1.37,1.03,0.34
0,7,4.43,0,4.43
X,X,X,X,X
0,0,0,0,0
0,0,0,0,0
1,0,1.45,1.45,0
0,0,0,0,0
0,0,0,0,0
0,0,0,0,0
X,X,X,X,X
1,0,1.92,1.92,0
2,0,1.16,1.16,0
1,1,0.83,0.41,0.41
0,0,0,0,0
0,0,0,0,0
1,0,0.29,0.29,0
0,0,0,0,0
0,0,0,0,0
X,X,X,X,X
X,X,X,X,X
X,X,X,X,X
1,0,0.97,0.97,0
3,0,0.41,0.41,0
0,0,0,0,0
0,0,0,0,0
2,0,0.39,0.39,0
1,0,0.99,0.99,0
0,0,0,0,0
0,0,0,0,0
X,X,X,X,X
1,0,0.75,0.75,0
2,0,4.65,4.65,0
X,X,X,X,X
12,4,2.59,1.94,0.65
8,1,4.23,3.76,0.47
0,0,0,0,0
1,0,0.84,0.84,0
5,0,1.97,1.97,0
0,0,0,0,0
1,0,0.32,0.32,0
X,X,X,X,X
X,X,X,X,X
X,X,X,X,X
X,X,X,X,X
1,3,2.04,0.51,1.53
X,X,X,X,X
0,0,0,0,0
0,1,1.61,0,1.61
1,0,0.36,0.36,0
2,1,1.69,1.13,0.56
4,0,2.13,2.13,0
0,1,2.44,0,2.44
X,X,X,X,X
52,57,9.6,4.58,5.02
3,0,1.1,1.1,0
0,8,4.82,0,4.82
X,X,X,X,X
1,0,1.11,1.11,0
0,0,0,0,0
1,0,1.25,1.25,0
0,0,0,0,0
2,0,0.78,0.78,0
1,3,3.7,0.93,2.78
X,X,X,X,X
1,0,2.94,2.94,0
1,0,0.82,0.82,0
4,0,1.37,1.37,0
0,1,1.02,0,1.02
0,0,0,0,0
1,0,0.29,0.29,0
2,0,3.64,3.64,0
0,0,0,0,0
X,X,X,X,X
X,X,X,X,X
X,X,X,X,X
0,0,0,0,0
2,1,0.4,0.26,0.13
0,0,0,0,0
0,0,0,0,0
4,0,0.9,0.9,0
0,0,0,0,0
0,1,3.13,0,3.13
0,0,0,0,0
X,X,X,X,X
2,2,3.96,1.98,1.98
0,0,0,0,0
X,X,X,X,X
9,3,1.96,1.47,0.49
0,1,0.5,0,0.5
0,0,0,0,0
0,0,0,0,0
6,2,2.83,2.12,0.71
0,0,0,0,0
2,0,0.61,0.61,0
X,X,X,X,X
X,X,X,X,X
X,X,X,X,X
X,X,X,X,X
2,6,4.4,1.1,3.3
0,0,0,0,0
0,0,0,0,0
0,0,0,0,0
1,3,1.61,0.4,1.21
1,0,0.61,0.61,0
0,2,0.97,0,0.97
1,0,2.86,2.86,0
X,X,X,X,X
50,64,9.89,4.34,5.55
2,1,1.02,0.68,0.34
3,2,3.97,2.38,1.59
X,X,X,X,X
0,0,0,0,0
0,0,0,0,0
1,0,1.19,1.19,0
0,0,0,0,0
0,0,0,0,0
0,0,0,0,0
X,X,X,X,X
1,0,2.04,2.04,0
0,0,0,0,0
1,0,0.37,0.37,0
0,0,0,0,0
0,0,0,0,0
0,0,0,0,0
0,0,0,0,0
0,0,0,0,0
X,X,X,X,X
X,X,X,X,X
X,X,X,X,X
1,0,1.27,1.27,0
4,0,0.5,0.5,0
0,0,0,0,0
0,0,0,0,0
1,0,0.17,0.17,0
1,0,1.06,1.06,0
0,1,4,0,4
0,0,0,0,0
X,X,X,X,X
2,0,1.71,1.71,0
0,0,0,0,0
X,X,X,X,X
1,4,0.87,0.17,0.69
0,0,0,0,0
X,X,X,X,X
0,0,0,0,0
3,2,2.19,1.32,0.88
2,1,1.09,0.73,0.36
0,0,0,0,0
X,X,X,X,X
X,X,X,X,X
X,X,X,X,X
X,X,X,X,X
1,11,5.15,0.43,4.72
X,X,X,X,X
1,0,0.66,0.66,0
0,0,0,0,0
4,2,1.98,1.32,0.66
4,1,2.55,2.04,0.51
1,2,1.37,0.46,0.91
0,0,0,0,0
X,X,X,X,X
43,63,9.28,3.77,5.52
3,0,0.87,0.87,0
3,4,4.12,1.76,2.35
X,X,X,X,X
1,0,1.12,1.12,0
0,0,0,0,0
1,0,1.19,1.19,0
1,1,7.14,3.57,3.57
0,0,0,0,0
0,1,0.79,0,0.79
X,X,X,X,X
0,0,0,0,0
0,0,0,0,0
0,0,0,0,0
0,0,0,0,0
X,X,X,X,X
0,0,0,0,0
0,0,0,0,0
0,0,0,0,0
1,0,7.69,7.69,0
X,X,X,X,X
X,X,X,X,X
X,X,X,X,X
1,0,0.12,0.12,0
0,0,0,0,0
0,0,0,0,0
0,1,0.21,0,0.21
0,0,0,0,0
0,0,0,0,0
1,0,0.6,0.6,0
X,X,X,X,X
0,1,0.74,0,0.74
0,0,0,0,0
X,X,X,X,X
3,4,1.17,0.5,0.67
4,1,2.07,1.65,0.41
X,X,X,X,X
0,0,0,0,0
2,1,1.38,0.92,0.46
0,1,0.42,0,0.42
0,0,0,0,0
X,X,X,X,X
X,X,X,X,X
X,X,X,X,X
X,X,X,X,X
0,27,8.06,0,8.06
X,X,X,X,X
0,0,0,0,0
0,0,0,0,0
4,0,1.48,1.48,0
1,0,0.51,0.51,0
0,0,0,0,0
0,0,0,0,0
X,X,X,X,X
55,70,9.34,4.11,5.23
6,4,2.28,1.37,0.91
0,1,0.55,0,0.55
X,X,X,X,X
0,0,0,0,0
0,0,0,0,0
1,0,1.09,1.09,0
0,0,0,0,0
0,0,0,0,0
0,3,2.21,0,2.21
X,X,X,X,X
0,0,0,0,0
0,1,0.61,0,0.61
5,1,2.33,1.94,0.39
1,0,1.14,1.14,0
0,0,0,0,0
2,0,0.5,0.5,0
0,0,0,0,0
0,0,0,0,0
1,0,5.56,5.56,0
X,X,X,X,X
X,X,X,X,X
0,0,0,0,0
8,0,1.07,1.07,0
0,0,0,0,0
0,0,0,0,0
2,0,0.39,0.39,0
0,0,0,0,0
0,0,0,0,0
0,0,0,0,0
X,X,X,X,X
0,0,0,0,0
0,0,0,0,0
X,X,X,X,X
2,8,1.39,0.28,1.11
2,0,0.86,0.86,0
X,X,X,X,X
0,0,0,0,0
1,0,0.49,0.49,0
0,0,0,0,0
1,0,0.3,0.3,0
X,X,X,X,X
X,X,X,X,X
X,X,X,X,X
X,X,X,X,X
0,41,10.38,0,10.38
X,X,X,X,X
2,2,2.12,1.06,1.06
0,0,0,0,0
5,3,1.89,1.18,0.71
4,1,2.01,1.61,0.4
2,0,0.88,0.88,0
1,0,2.38,2.38,0
X,X,X,X,X
76,150,12.54,4.22,8.32
11,8,3.93,2.27,1.65
1,2,1.9,0.63,1.27
X,X,X,X,X
0,0,0,0,0
0,0,0,0,0
0,0,0,0,0
0,1,2.17,0,2.17
0,0,0,0,0
1,4,3.05,0.61,2.44
0,0,0,0,0
0,0,0,0,0
1,0,0.68,0.68,0
6,2,2.68,2.01,0.67
2,0,1.85,1.85,0
0,0,0,0,0
2,0,0.43,0.43,0
0,0,0,0,0
0,0,0,0,0
X,X,X,X,X
X,X,X,X,X
X,X,X,X,X
X,X,X,X,X
5,0,0.59,0.59,0
0,0,0,0,0
0,0,0,0,0
3,1,0.67,0.5,0.17
0,0,0,0,0
0,0,0,0,0
0,0,0,0,0
X,X,X,X,X
2,1,2.11,1.41,0.7
0,0,0,0,0
X,X,X,X,X
5,3,0.92,0.58,0.35
0,0,0,0,0
0,0,0,0,0
0,0,0,0,0
8,0,3.13,3.13,0
0,0,0,0,0
0,0,0,0,0
X,X,X,X,X
X,X,X,X,X
X,X,X,X,X
X,X,X,X,X
0,49,9.7,0,9.7
X,X,X,X,X
1,1,1.02,0.51,0.51
0,0,0,0,0
5,1,1.54,1.28,0.26
3,2,1.82,1.09,0.73
1,0,0.41,0.41,0
1,0,2.22,2.22,0
X,X,X,X,X
72,151,12.07,3.9,8.18
3,6,1.52,0.51,1.01
0,6,4.29,0,4.29
X,X,X,X,X
1,0,0.83,0.83,0
0,0,0,0,0
0,0,0,0,0
0,0,0,0,0
0,0,0,0,0
0,3,1.58,0,1.58
0,0,0,0,0
0,0,0,0,0
5,0,2.63,2.63,0
12,0,3.3,3.3,0
0,0,0,0,0
0,0,0,0,0
1,0,0.2,0.2,0
2,0,2.44,2.44,0
0,0,0,0,0
X,X,X,X,X
X,X,X,X,X
X,X,X,X,X
0,0,0,0,0
8,0,0.93,0.93,0
0,0,0,0,0
0,0,0,0,0
2,1,0.4,0.27,0.13
0,0,0,0,0
0,0,0,0,0
0,0,0,0,0
X,X,X,X,X
0,1,0.83,0,0.83
0,0,0,0,0
X,X,X,X,X
12,7,1.74,1.1,0.64
0,0,0,0,0
0,0,0,0,0
0,0,0,0,0
1,2,1.13,0.38,0.75
1,0,0.28,0.28,0
2,0,0.5,0.5,0
X,X,X,X,X
X,X,X,X,X
X,X,X,X,X
X,X,X,X,X
3,31,7.28,0.64,6.64
0,0,0,0,0
3,0,1.61,1.61,0
0,0,0,0,0
4,0,0.91,0.91,0
0,0,0,0,0
6,0,1.65,1.65,0
0,0,0,0,0
X,X,X,X,X
50,118,10.63,3.16,7.46
3,9,1.79,0.45,1.34
1,3,2.6,0.65,1.95
X,X,X,X,X
2,1,1.76,1.18,0.59
1,1,1.64,0.82,0.82
1,0,0.63,0.63,0
0,0,0,0,0
2,1,0.84,0.56,0.28
1,1,1.21,0.61,0.61
X,X,X,X,X
2,0,2.6,2.6,0
4,0,1.29,1.29,0
35,1,5.8,5.64,0.16
1,0,0.65,0.65,0
0,0,0,0,0
0,0,0,0,0
0,0,0,0,0
0,0,0,0,0
0,0,0,0,0
X,X,X,X,X
X,X,X,X,X
2,0,1.32,1.32,0
9,0,0.86,0.86,0
0,1,1.06,0,1.06
0,0,0,0,0
5,0,0.55,0.55,0
0,0,0,0,0
1,0,1.85,1.85,0
1,0,0.39,0.39,0
X,X,X,X,X
0,0,0,0,0
0,0,0,0,0
X,X,X,X,X
4,11,1.27,0.34,0.93
2,1,0.96,0.64,0.32
0,0,0,0,0
0,0,0,0,0
5,0,1.24,1.24,0
1,0,0.28,0.28,0
0,0,0,0,0
X,X,X,X,X
X,X,X,X,X
X,X,X,X,X
X,X,X,X,X
0,18,3.65,0,3.65
X,X,X,X,X
0,0,0,0,0
0,1,1.35,0,1.35
3,4,1.49,0.64,0.85
1,0,0.36,0.36,0
2,0,0.54,0.54,0
0,0,0,0,0
X,X,X,X,X
69,185,13.56,3.68,9.88
5,4,1.34,0.74,0.59
0,4,2.67,0,2.67
X,X,X,X,X
2,0,1.06,1.06,0
0,0,0,0,0
0,0,0,0,0
0,0,0,0,0
0,0,0,0,0
1,3,1.91,0.48,1.44
1,0,4,4,0
1,1,2,1,1
4,2,1.58,1.06,0.53
16,4,2.66,2.12,0.53
0,1,0.72,0,0.72
0,1,2.94,0,2.94
3,0,0.5,0.5,0
0,0,0,0,0
0,0,0,0,0
0,1,7.14,0,7.14
X,X,X,X,X
X,X,X,X,X
2,0,1.1,1.1,0
9,2,0.89,0.73,0.16
1,0,0.7,0.7,0
1,1,3.08,1.54,1.54
9,2,1.04,0.85,0.19
0,0,0,0,0
0,1,1.15,0,1.15
1,0,0.34,0.34,0
X,X,X,X,X
0,0,0,0,0
0,0,0,0,0
X,X,X,X,X
11,16,2.27,0.93,1.35
2,1,1.01,0.67,0.34
0,0,0,0,0
0,0,0,0,0
8,1,1.66,1.48,0.18
2,0,0.55,0.55,0
2,0,0.31,0.31,0
X,X,X,X,X
X,X,X,X,X
X,X,X,X,X
X,X,X,X,X
2,23,4.72,0.38,4.34
X,X,X,X,X
0,0,0,0,0
0,0,0,0,0
6,1,1.35,1.15,0.19
3,0,0.9,0.9,0
2,0,0.38,0.38,0
1,0,0.7,0.7,0
X,X,X,X,X
66,236,15.16,3.31,11.85
5,10,1.86,0.62,1.24
1,1,2.04,1.02,1.02
X,X,X,X,X
6,2,4.19,3.14,1.05
0,0,0,0,0
0,0,0,0,0
0,1,1.92,0,1.92
0,0,0,0,0
0,10,4.46,0,4.46
1,0,3.23,3.23,0
1,0,0.78,0.78,0
3,0,0.65,0.65,0
8,3,1.27,0.92,0.35
1,0,0.51,0.51,0
0,1,1.79,0,1.79
1,0,0.15,0.15,0
0,0,0,0,0
0,0,0,0,0
0,0,0,0,0
X,X,X,X,X
X,X,X,X,X
1,0,0.47,0.47,0
9,2,0.8,0.66,0.15
0,1,0.44,0,0.44
0,1,1.22,0,1.22
7,1,0.7,0.61,0.09
0,0,0,0,0
4,0,0.97,0.97,0
0,0,0,0,0
X,X,X,X,X
0,0,0,0,0
0,0,0,0,0
X,X,X,X,X
9,23,2.54,0.71,1.83
3,0,0.93,0.93,0
0,0,0,0,0
0,0,0,0,0
9,4,1.88,1.3,0.58
0,0,0,0,0
2,1,0.4,0.27,0.13
X,X,X,X,X
X,X,X,X,X
X,X,X,X,X
X,X,X,X,X
2,13,2.93,0.39,2.54
X,X,X,X,X
0,2,0.72,0,0.72
0,0,0,0,0
18,10,1.58,1.01,0.56
2,0,0.44,0.44,0
1,0,0.21,0.21,0
4,1,2.72,2.17,0.54
X,X,X,X,X
17,7,2.73,1.93,0.8
8,16,2.75,0.92,1.83
3,8,3.55,0.97,2.58
0,0,0,0,0
1,1,0.97,0.48,0.48
1,0,0.6,0.6,0
0,0,0,0,0
0,0,0,0,0
1,0,0.26,0.26,0
2,14,3.61,0.45,3.16
0,0,0,0,0
1,3,2.94,0.74,2.21
2,0,0.42,0.42,0
5,3,0.78,0.49,0.29
0,0,0,0,0
0,1,2.27,0,2.27
2,1,0.42,0.28,0.14
2,0,2.02,2.02,0
0,0,0,0,0
X,X,X,X,X
X,X,X,X,X
X,X,X,X,X
1,0,0.4,0.4,0
4,0,0.3,0.3,0
2,0,0.96,0.96,0
0,2,1.69,0,1.69
1,3,0.3,0.08,0.23
0,0,0,0,0
7,4,1.43,0.91,0.52
0,0,0,0,0
X,X,X,X,X
0,0,0,0,0
0,0,0,0,0
0,0,0,0,0
21,32,3.08,1.22,1.86
8,1,2.44,2.17,0.27
0,0,0,0,0
0,0,0,0,0
13,1,1.56,1.44,0.11
0,0,0,0,0
4,0,0.48,0.48,0
X,X,X,X,X
X,X,X,X,X
X,X,X,X,X
X,X,X,X,X
4,13,3.41,0.8,2.61
X,X,X,X,X
3,5,2.93,1.1,1.83
1,1,2.13,1.06,1.06
26,11,1.96,1.38,0.58
7,3,2.27,1.59,0.68
0,0,0,0,0
1,3,1.83,0.46,1.38
X,X,X,X,X
20,26,4.47,1.94,2.53
11,16,3.09,1.26,1.83
4,2,1.8,1.2,0.6
1,2,5,1.67,3.33
5,2,2.68,1.92,0.77
1,0,0.55,0.55,0
4,0,1.7,1.7,0
0,0,0,0,0
0,0,0,0,0
4,20,3.95,0.66,3.29
0,0,0,0,0
0,1,0.75,0,0.75
8,2,1.73,1.39,0.35
1,0,0.09,0.09,0
1,0,0.31,0.31,0
0,0,0,0,0
3,0,0.35,0.35,0
0,0,0,0,0
0,0,0,0,0
0,1,6.67,0,6.67
X,X,X,X,X
X,X,X,X,X
0,0,0,0,0
6,4,0.68,0.41,0.27
1,1,0.83,0.41,0.41
0,1,0.65,0,0.65
2,3,0.34,0.14,0.21
0,0,0,0,0
4,3,0.63,0.36,0.27
0,0,0,0,0
X,X,X,X,X
0,1,0.45,0,0.45
0,0,0,0,0
0,2,5.56,0,5.56
12,52,3.1,0.58,2.52
3,1,1.07,0.8,0.27
0,0,0,0,0
0,0,0,0,0
8,3,1.12,0.81,0.3
0,1,0.3,0,0.3
4,0,0.5,0.5,0
X,X,X,X,X
X,X,X,X,X
X,X,X,X,X
X,X,X,X,X
1,5,1.14,0.19,0.95
X,X,X,X,X
2,3,2.01,0.8,1.2
0,1,0.92,0,0.92
27,14,2.06,1.35,0.7
5,6,2.08,0.94,1.13
3,0,0.63,0.63,0
6,1,3.32,2.84,0.47
X,X,X,X,X
24,9,3.47,2.53,0.95
11,14,2.45,1.08,1.37
9,7,5.56,3.13,2.43
3,2,7.14,4.29,2.86
0,0,0,0,0
0,0,0,0,0
0,0,0,0,0
0,0,0,0,0
2,0,0.43,0.43,0
4,34,7.25,0.76,6.49
0,0,0,0,0
1,1,1.1,0.55,0.55
2,0,0.37,0.37,0
5,2,0.56,0.4,0.16
2,1,0.8,0.53,0.27
0,3,5.36,0,5.36
0,0,0,0,0
0,1,0.92,0,0.92
0,0,0,0,0
X,X,X,X,X
X,X,X,X,X
X,X,X,X,X
0,0,0,0,0
4,2,0.38,0.26,0.13
1,1,0.9,0.45,0.45
0,5,3.09,0,3.09
2,5,0.47,0.14,0.34
0,0,0,0,0
8,2,1.01,0.81,0.2
0,0,0,0,0
X,X,X,X,X
1,0,0.44,0.44,0
0,0,0,0,0
0,0,0,0,0
22,60,3.76,1.01,2.75
5,1,1.28,1.07,0.21
0,0,0,0,0
1,0,0.35,0.35,0
13,4,1.75,1.34,0.41
1,0,0.24,0.24,0
4,1,0.56,0.45,0.11
X,X,X,X,X
X,X,X,X,X
X,X,X,X,X
X,X,X,X,X
0,16,3.02,0,3.02
X,X,X,X,X
2,4,2.26,0.75,1.51
1,2,2.46,0.82,1.64
24,33,2.9,1.22,1.68
6,2,1.48,1.11,0.37
5,0,0.89,0.89,0
1,5,2.84,0.47,2.37
X,X,X,X,X
27,22,4.82,2.66,2.17
16,34,4.39,1.4,2.99
9,3,3.47,2.6,0.87
10,1,15.49,14.08,1.41
2,1,0.9,0.6,0.3
0,2,0.89,0,0.89
0,0,0,0,0
0,0,0,0,0
0,1,0.19,0,0.19
3,50,9.25,0.52,8.73
0,0,0,0,0
0,2,0.87,0,0.87
4,3,1.19,0.68,0.51
9,7,1.2,0.67,0.52
1,1,0.64,0.32,0.32
1,1,2.99,1.49,1.49
2,0,0.19,0.19,0
1,1,1.85,0.93,0.93
1,0,1.03,1.03,0
1,2,8.82,2.94,5.88
X,X,X,X,X
X,X,X,X,X
X,X,X,X,X
7,7,0.84,0.42,0.42
3,0,1.38,1.38,0
0,11,6.4,0,6.4
3,5,0.46,0.17,0.28
0,0,0,0,0
3,7,0.97,0.29,0.68
1,0,0.33,0.33,0
X,X,X,X,X
2,2,1.28,0.64,0.64
0,0,0,0,0
0,0,0,0,0
29,117,5.72,1.14,4.58
5,1,1.34,1.12,0.22
0,0,0,0,0
1,0,0.34,0.34,0
4,6,1.12,0.45,0.67
1,2,0.65,0.22,0.43
5,3,0.75,0.47,0.28
X,X,X,X,X
X,X,X,X,X
X,X,X,X,X
X,X,X,X,X
3,18,4.01,0.57,3.44
X,X,X,X,X
1,2,1.26,0.42,0.84
1,2,2.21,0.74,1.47
44,56,4.85,2.13,2.72
7,6,2.54,1.37,1.17
3,0,0.53,0.53,0
0,1,0.5,0,0.5
X,X,X,X,X
15,25,4.13,1.55,2.58
20,41,5.03,1.65,3.38
4,4,2.39,1.19,1.19
3,2,5.26,3.16,2.11
3,2,1.58,0.95,0.63
0,1,0.47,0,0.47
1,0,0.49,0.49,0
0,0,0,0,0
1,2,0.57,0.19,0.38
6,70,11.64,0.92,10.72
0,0,0,0,0
2,2,2.23,1.12,1.12
1,1,0.38,0.19,0.19
3,3,0.47,0.23,0.23
2,1,0.85,0.57,0.28
0,0,0,0,0
2,2,0.36,0.18,0.18
0,0,0,0,0
0,0,0,0,0
X,X,X,X,X
X,X,X,X,X
X,X,X,X,X
1,2,0.91,0.3,0.61
15,5,1.19,0.89,0.3
7,0,2.83,2.83,0
0,12,7.45,0,7.45
6,8,0.75,0.32,0.43
1,0,0.39,0.39,0
10,15,2.39,0.96,1.43
0,0,0,0,0
X,X,X,X,X
0,2,0.56,0,0.56
0,0,0,0,0
1,0,1.79,1.79,0
34,250,11.44,1.37,10.07
4,1,1.11,0.89,0.22
0,1,1.05,0,1.05
1,1,0.69,0.34,0.34
5,10,1.6,0.53,1.07
1,1,0.4,0.2,0.2
4,4,0.74,0.37,0.37
X,X,X,X,X
X,X,X,X,X
X,X,X,X,X
X,X,X,X,X
4,15,2.99,0.63,2.36
X,X,X,X,X
2,4,2.69,0.9,1.79
1,3,2.45,0.61,1.84
125,135,9.99,4.8,5.19
15,9,4.19,2.62,1.57
4,1,0.86,0.69,0.17
2,7,3.6,0.8,2.8
X,X,X,X,X
32,57,7.82,2.81,5.01
25,49,5.29,1.79,3.51
14,5,4.23,3.12,1.11
0,2,3.23,0,3.23
3,2,1.55,0.93,0.62
3,3,2.56,1.28,1.28
2,1,1.22,0.81,0.41
0,0,0,0,0
6,2,1.25,0.94,0.31
11,114,15.7,1.38,14.32
0,1,1.39,0,1.39
2,3,2.59,1.04,1.55
1,1,0.35,0.18,0.18
10,3,0.91,0.7,0.21
1,0,0.29,0.29,0
0,1,0.91,0,0.91
2,0,0.32,0.32,0
0,0,0,0,0
3,0,2.68,2.68,0
0,23,35.94,0,35.94
X,X,X,X,X
X,X,X,X,X
7,0,1.94,1.94,0
19,10,1.5,0.98,0.52
0,2,0.75,0,0.75
1,41,18.75,0.45,18.3
8,6,0.65,0.37,0.28
1,1,0.76,0.38,0.38
8,34,3.71,0.71,3
1,2,0.85,0.28,0.57
X,X,X,X,X
1,3,1.09,0.27,0.82
0,0,0,0,0
1,0,2,2,0
70,505,16.74,2.04,14.7
9,5,2.63,1.69,0.94
0,1,0.93,0,0.93
2,2,1.1,0.55,0.55
4,14,1.87,0.42,1.46
0,0,0,0,0
6,2,0.7,0.53,0.18
X,X,X,X,X
X,X,X,X,X
X,X,X,X,X
X,X,X,X,X
5,26,4.19,0.68,3.52
X,X,X,X,X
3,18,5.22,0.75,4.48
0,3,1.71,0,1.71
126,247,12.92,4.36,8.56
14,24,5.67,2.09,3.58
5,1,0.88,0.74,0.15
5,10,5.36,1.79,3.57
X,X,X,X,X
20,85,7.87,1.5,6.37
38,110,8.15,2.09,6.05
15,8,5.41,3.53,1.88
1,5,8.45,1.41,7.04
4,3,1.93,1.1,0.83
6,1,3.04,2.61,0.43
4,0,1.44,1.44,0
0,0,0,0,0
26,1,4.35,4.19,0.16
7,180,19.85,0.74,19.11
0,1,1.37,0,1.37
0,0,0,0,0
1,3,0.58,0.14,0.43
12,17,1.98,0.82,1.16
4,1,1.39,1.11,0.28
0,3,3.23,0,3.23
4,8,1.95,0.65,1.3
3,2,4.76,2.86,1.9
12,4,12.31,9.23,3.08
21,1,30.56,29.17,1.39
X,X,X,X,X
X,X,X,X,X
6,11,4.99,1.76,3.23
22,19,2.21,1.18,1.02
4,2,2.27,1.52,0.76
2,40,17.43,0.83,16.6
14,11,1.19,0.67,0.52
2,2,1.44,0.72,0.72
14,81,7.78,1.15,6.63
2,2,0.94,0.47,0.47
X,X,X,X,X
5,3,2.2,1.37,0.82
0,0,0,0,0
3,0,4.05,4.05,0
99,579,17.14,2.5,14.64
3,12,2.8,0.56,2.24
1,0,0.93,0.93,0
0,1,0.25,0,0.25
10,38,4.69,0.98,3.71
0,0,0,0,0
6,16,1.89,0.52,1.38
0,1,10,0,10
X,X,X,X,X
X,X,X,X,X
X,X,X,X,X
15,70,9.79,1.73,8.06
2,1,27.27,18.18,9.09
4,29,8.35,1.01,7.34
1,9,4.46,0.45,4.02
133,298,13.94,4.3,9.64
9,46,7.79,1.27,6.52
6,1,1,0.86,0.14
1,15,5.99,0.37,5.62
X,X,X,X,X
67,104,11.52,4.51,7
76,247,15.51,3.65,11.86
6,7,3.4,1.57,1.83
0,4,4.88,0,4.88
12,6,4.76,3.17,1.59
8,3,3.56,2.59,0.97
3,1,1.37,1.03,0.34
0,1,0.88,0,0.88
32,3,4.49,4.1,0.38
15,283,26.33,1.33,25
0,0,0,0,0
6,0,2.68,2.68,0
11,5,2.13,1.46,0.67
25,29,3.48,1.61,1.87
3,4,1.92,0.82,1.1
2,3,4.85,1.94,2.91
16,20,2.4,1.06,1.33
0,1,0.76,0,0.76
43,0,26.06,26.06,0
33,6,39.8,33.67,6.12
X,X,X,X,X
X,X,X,X,X
14,13,6.38,3.31,3.07
37,29,3.27,1.83,1.44
9,5,4.49,2.88,1.6
3,54,18.57,0.98,17.59
31,30,2.46,1.25,1.21
0,7,2.26,0,2.26
20,114,10.04,1.5,8.54
1,2,0.7,0.23,0.47
X,X,X,X,X
7,4,2.66,1.69,0.97
0,0,0,0,0
5,4,11.25,6.25,5
186,999,22.56,3.54,19.02
16,17,5.14,2.49,2.65
1,1,1.61,0.81,0.81
2,1,0.73,0.49,0.24
9,52,5.61,0.83,4.78
0,1,0.18,0,0.18
20,44,4.79,1.5,3.29
X,X,X,X,X
X,X,X,X,X
X,X,X,X,X
X,X,X,X,X
28,74,12.01,3.3,8.72
0,1,6.25,0,6.25
1,52,13.77,0.26,13.51
4,8,5.22,1.74,3.48
150,317,16.57,5.32,11.25
13,88,13.7,1.76,11.94
14,7,2.96,1.97,0.99
6,7,3.43,1.58,1.85
X,X,X,X,X
79,139,14.24,5.16,9.08
101,265,18.26,5.04,13.22
19,3,5.45,4.7,0.74
1,11,13.33,1.11,12.22
9,8,4.1,2.17,1.93
7,9,6.37,2.79,3.59
1,0,0.47,0.47,0
0,2,2.3,0,2.3
31,7,5.98,4.88,1.1
11,195,23.46,1.25,22.21
0,0,0,0,0
6,7,6.37,2.94,3.43
27,12,5.39,3.73,1.66
43,69,6.85,2.63,4.22
12,6,5.31,3.54,1.77
0,11,10.38,0,10.38
11,50,3.96,0.71,3.24
0,8,6.5,0,6.5
47,0,20.61,20.61,0
X,X,X,X,X
X,X,X,X,X
X,X,X,X,X
20,12,9.67,6.04,3.63
58,54,5.54,2.87,2.67
12,15,6.89,3.06,3.83
2,52,21.69,0.8,20.88
34,60,3.64,1.32,2.33
2,10,3.83,0.64,3.19
20,216,15.82,1.34,14.48
5,4,2.08,1.15,0.92
X,X,X,X,X
12,5,4.5,3.17,1.32
1,0,1.67,1.67,0
10,5,13.76,9.17,4.59
193,762,22.06,4.46,17.6
21,40,8.37,2.88,5.49
4,0,3.1,3.1,0
6,20,5.8,1.34,4.46
15,95,8.71,1.19,7.52
0,4,0.78,0,0.78
9,66,5.49,0.66,4.84
X,X,X,X,X
X,X,X,X,X
X,X,X,X,X
X,X,X,X,X
23,81,10.62,2.35,8.27
0,1,5.26,0,5.26
3,63,12.55,0.57,11.98
7,10,8.76,3.61,5.15
198,424,17.98,5.72,12.25
29,97,14.32,3.3,11.02
19,12,3.62,2.22,1.4
12,32,12.15,3.31,8.84
X,X,X,X,X
79,110,11.84,4.95,6.89
100,169,14.5,5.39,9.11
35,8,9.19,7.48,1.71
3,17,15.63,2.34,13.28
13,10,5.26,2.97,2.29
6,5,3.57,1.95,1.62
9,3,4,3,1
2,2,3.88,1.94,1.94
53,11,7.24,6,1.24
15,122,16.91,1.85,15.06
0,1,1.47,0,1.47
11,22,10.31,3.44,6.88
30,31,6.48,3.19,3.29
67,138,9.36,3.06,6.3
15,8,5.62,3.67,1.96
0,11,7.8,0,7.8
29,80,6.3,1.68,4.62
1,8,6.16,0.68,5.48
27,6,17.1,13.99,3.11
X,X,X,X,X
X,X,X,X,X
X,X,X,X,X
28,34,12.5,5.65,6.85
89,79,7.19,3.81,3.38
29,20,10.79,6.39,4.41
4,70,24.34,1.32,23.03
59,142,6.49,1.91,4.59
3,19,5.67,0.77,4.9
38,371,20.03,1.86,18.17
3,21,4.83,0.6,4.23
X,X,X,X,X
11,18,5.73,2.17,3.56
0,0,0,0,0
1,5,6.52,1.09,5.43
244,805,20.58,4.79,15.79
43,54,11.33,5.02,6.31
6,3,6.29,4.2,2.1
6,26,6.14,1.15,4.99
26,182,12.65,1.58,11.07
2,2,0.76,0.38,0.38
22,106,7.21,1.24,5.97
X,X,X,X,X
X,X,X,X,X
X,X,X,X,X
X,X,X,X,X
48,74,12.39,4.87,7.51
1,2,27.27,9.09,18.18
5,50,9.86,0.9,8.96
10,18,11.72,4.18,7.53
245,520,20.46,6.55,13.91
33,145,19.24,3.57,15.68
36,15,5.37,3.79,1.58
7,29,8.47,1.65,6.82
X,X,X,X,X
91,114,13.47,5.98,7.49
294,347,24.71,11.33,13.38
26,6,7.57,6.15,1.42
0,21,21.88,0,21.88
20,24,9.02,4.1,4.92
14,5,6.57,4.84,1.73
10,3,4.81,3.7,1.11
0,2,1.75,0,1.75
81,34,12.09,8.52,3.58
19,100,17.92,2.86,15.06
4,3,10.94,6.25,4.69
22,31,16.21,6.73,9.48
35,50,8.81,3.63,5.18
97,247,14.24,4.02,10.23
20,17,8.04,4.35,3.7
0,24,18.05,0,18.05
62,265,14.37,2.72,11.64
2,23,11.36,0.91,10.45
58,18,34.23,26.13,8.11
3,6,20.93,6.98,13.95
X,X,X,X,X
X,X,X,X,X
X,X,X,X,X
148,171,12.59,5.84,6.75
43,29,17.91,10.7,7.21
3,81,24.42,0.87,23.55
80,281,10.88,2.41,8.47
7,55,13.9,1.57,12.33
54,711,27.28,1.93,25.36
18,29,7.9,3.03,4.87
X,X,X,X,X
38,21,9.98,6.43,3.55
0,1,1.37,0,1.37
7,8,12.5,5.83,6.67
293,802,25.19,6.74,18.45
35,79,11.78,3.62,8.16
8,0,7.55,7.55,0
4,34,7.2,0.76,6.44
53,328,20.19,2.81,17.38
5,2,1.3,0.93,0.37
51,221,13.38,2.51,10.87
2,2,23.53,11.76,11.76
X,X,X,X,X
X,X,X,X,X
X,X,X,X,X
96,94,17.54,8.86,8.68
0,2,14.29,0,14.29
1,50,9.92,0.19,9.73
X,X,X,X,X
418,771,30.6,10.76,19.85
65,253,26.37,5.39,20.98
57,42,9.44,5.43,4
32,54,17.73,6.6,11.13
X,X,X,X,X
104,125,14.76,6.7,8.05
486,415,28.92,15.6,13.32
45,3,10.08,9.45,0.63
1,24,19.69,0.79,18.9
40,56,16.78,6.99,9.79
60,11,14.43,12.2,2.24
17,18,11.15,5.41,5.73
4,6,8.77,3.51,5.26
152,65,20.38,14.27,6.1
28,80,16.05,4.16,11.89
6,2,10.26,7.69,2.56
29,45,23.05,9.03,14.02
68,109,17,6.53,10.47
194,515,22.83,6.25,16.59
21,62,13.54,3.43,10.11
0,44,25,0,25
122,516,23.48,4.49,18.99
7,32,15.79,2.83,12.96
49,21,30.57,21.4,9.17
4,7,30.56,11.11,19.44
X,X,X,X,X
X,X,X,X,X
69,144,30.96,10.03,20.93
208,217,14.42,7.06,7.36
62,50,25.28,14,11.29
10,130,28.46,2.03,26.42
133,665,19.05,3.18,15.88
7,87,20.61,1.54,19.08
101,1031,30.41,2.71,27.7
32,71,12.55,3.9,8.65
X,X,X,X,X
57,49,16.46,8.85,7.61
1,0,1.2,1.2,0
7,19,18.44,4.96,13.48
522,1521,33.54,8.57,24.97
88,134,18.61,7.38,11.23
4,2,4.88,3.25,1.63
19,79,16.7,3.24,13.46
66,479,22.86,2.77,20.09
12,26,5.58,1.76,3.82
112,379,19.47,4.44,15.03
5,1,30,25,5
X,X,X,X,X
X,X,X,X,X
X,X,X,X,X
105,119,19.7,9.23,10.47
0,4,28.57,0,28.57
19,66,13.36,2.99,10.38
43,64,29.16,11.72,17.44
427,600,25.41,10.56,14.84
74,217,27.32,6.95,20.38
156,98,17.87,10.98,6.9
64,59,19.62,10.21,9.41
X,X,X,X,X
194,145,18.6,10.64,7.95
864,474,35.03,22.62,12.41
46,14,11.17,8.57,2.61
4,29,22.92,2.78,20.14
68,106,23.8,9.3,14.5
87,56,25.63,15.59,10.04
23,49,19.73,6.3,13.42
5,5,7.75,3.88,3.88
259,140,26.71,17.34,9.37
50,106,21,6.73,14.27
17,2,15.57,13.93,1.64
35,92,25.4,7,18.4
101,166,21.8,8.24,13.55
311,876,29.06,7.62,21.45
45,91,19.24,6.36,12.87
6,45,25.12,2.96,22.17
225,698,28.22,6.88,21.34
16,67,26.69,5.14,21.54
68,57,45.79,24.91,20.88
6,2,28.57,21.43,7.14
X,X,X,X,X
X,X,X,X,X
56,118,30.26,9.74,20.52
327,389,23.69,10.82,12.87
74,65,24.3,12.94,11.36
39,126,34.38,8.13,26.25
342,1209,29.72,6.55,23.17
18,163,28.96,2.88,26.08
134,1129,31.39,3.33,28.06
68,260,27.13,5.62,21.51
X,X,X,X,X
90,94,20.67,10.11,10.56
2,2,6.06,3.03,3.03
25,45,27.67,9.88,17.79
834,1667,39.57,13.19,26.37
165,270,25.74,9.76,15.98
8,10,9.47,4.21,5.26
31,66,16.7,5.34,11.36
75,467,21.35,2.95,18.39
17,79,11.82,2.09,9.73
181,492,21.63,5.82,15.81
2,3,35.71,14.29,21.43
X,X,X,X,X
X,X,X,X,X
X,X,X,X,X
102,79,17.25,9.72,7.53
1,3,33.33,8.33,25
23,71,13.78,3.37,10.41
31,42,19.95,8.47,11.48
580,606,26.98,13.19,13.79
108,255,26.55,7.9,18.65
140,162,20.11,9.32,10.79
53,50,19.62,10.1,9.52
X,X,X,X,X
166,88,13.97,9.13,4.84
477,247,25.1,16.54,8.56
58,14,12.93,10.41,2.51
4,19,17.29,3.01,14.29
69,108,21.96,8.56,13.4
36,35,17.32,8.78,8.54
24,62,22.69,6.33,16.36
11,10,12.43,6.51,5.92
172,99,18.86,11.97,6.89
44,77,19.06,6.93,12.13
12,5,15.18,10.71,4.46
70,96,26.14,11.02,15.12
150,248,25.38,9.57,15.82
265,848,24.8,5.91,18.9
49,92,18.46,6.41,12.04
6,28,17.53,3.09,14.43
229,476,22.69,7.37,15.32
29,62,29.93,9.54,20.39
30,71,36.2,10.75,25.45
X,X,X,X,X
X,X,X,X,X
X,X,X,X,X
103,177,33.1,12.17,20.92
378,477,22.53,9.96,12.57
38,41,20.1,9.67,10.43
42,80,26.93,9.27,17.66
394,1035,26.22,7.23,18.99
17,122,24.01,2.94,21.07
194,941,27,4.61,22.38
88,250,25.09,6.53,18.56
X,X,X,X,X
72,77,17.17,8.29,8.87
1,4,7.69,1.54,6.15
16,25,20.2,7.88,12.32
599,1125,31.35,10.89,20.46
173,322,27.82,9.72,18.1
24,22,19.17,10,9.17
41,57,17.59,7.36,10.23
110,337,17.43,4.29,13.14
23,79,10.87,2.45,8.42
159,359,16.84,5.17,11.67
2,1,16.67,11.11,5.56
X,X,X,X,X
X,X,X,X,X
X,X,X,X,X
71,44,12.97,8,4.96
1,3,26.67,6.67,20
50,49,16.81,8.49,8.32
43,56,27.73,12.04,15.69
736,602,27.68,15.23,12.46
125,184,25.75,10.42,15.33
181,234,24.75,10.79,13.95
73,49,22.55,13.49,9.06
X,X,X,X,X
206,46,15.52,12.68,2.83
369,157,23.91,16.77,7.14
60,17,12.69,9.88,2.8
5,15,15.27,3.82,11.45
66,101,21.3,8.42,12.88
25,29,13.78,6.38,7.4
16,55,20.23,4.56,15.67
16,5,12.5,9.52,2.98
102,74,15.97,9.26,6.72
59,23,14.16,10.19,3.97
8,4,11.01,7.34,3.67
63,102,28.65,10.94,17.71
200,332,29.47,11.08,18.39
270,616,23.01,7.01,16
35,60,12.67,4.67,8
11,20,19.25,6.83,12.42
221,394,22.3,8.01,14.29
30,40,20.35,8.72,11.63
10,48,27.36,4.72,22.64
17,6,40.35,29.82,10.53
X,X,X,X,X
X,X,X,X,X
119,153,55.74,24.39,31.35
424,417,21.97,11.08,10.89
55,40,25.61,14.82,10.78
43,91,27.86,8.94,18.92
434,852,26.14,8.82,17.32
24,94,22.74,4.62,18.11
179,624,23.65,5.27,18.37
103,200,25.19,8.56,16.63
X,X,X,X,X
59,48,14.82,8.17,6.65
2,2,4.71,2.35,2.35
19,8,16.36,11.52,4.85
728,834,30.77,14.34,16.43
197,254,26.1,11.4,14.7
11,19,13.22,4.85,8.37
39,56,16.02,6.58,9.44
151,273,17.43,6.21,11.22
25,57,9.9,3.02,6.88
241,391,18.65,7.11,11.54
3,6,30,10,20
X,X,X,X,X
X,X,X,X,X
X,X,X,X,X
86,36,14.63,10.31,4.32
1,2,13.64,4.55,9.09
67,57,17.69,9.56,8.13
75,87,36.57,16.93,19.64
1043,666,31.78,19.39,12.38
189,197,28.4,13.91,14.5
201,336,30.39,11.38,19.02
83,39,22.34,15.2,7.14
X,X,X,X,X
195,53,15.68,12.33,3.35
390,101,23.01,18.28,4.73
56,20,13.92,10.26,3.66
2,7,8.18,1.82,6.36
84,121,26.49,10.85,15.63
29,29,15.3,7.65,7.65
27,47,22.91,8.36,14.55
12,12,16.11,8.05,8.05
80,58,15.54,9.01,6.53
79,26,17.95,13.5,4.44
12,15,21.77,9.68,12.1
77,86,27.53,13.01,14.53
249,418,33.94,12.67,21.27
390,555,27.44,11.32,16.11
46,64,17.97,7.52,10.46
8,18,16.56,5.1,11.46
228,493,25.69,8.12,17.56
30,30,18.52,9.26,9.26
10,47,30.98,5.43,25.54
X,X,X,X,X
X,X,X,X,X
X,X,X,X,X
117,151,31.02,13.54,17.48
501,406,23.84,13.17,10.67
45,30,20.89,12.53,8.36
64,105,33.14,12.55,20.59
594,894,30.42,12.14,18.28
33,79,24.56,7.24,17.32
226,402,20.82,7.49,13.33
130,204,30.7,11.95,18.75
X,X,X,X,X
64,61,20.1,10.29,9.81
2,2,5.06,2.53,2.53
9,2,10.28,8.41,1.87
1072,728,34.02,20.26,13.76
273,312,32.87,15.34,17.53
29,28,34.13,17.37,16.77
52,48,17.73,9.22,8.51
169,186,16.58,7.89,8.69
50,94,15.6,5.42,10.18
330,481,23.92,9.73,14.19
21,11,45.07,29.58,15.49
X,X,X,X,X
X,X,X,X,X
X,X,X,X,X
105,40,16.27,11.78,4.49
1,2,30,10,20
100,50,22.66,15.11,7.55
57,83,32.63,13.29,19.35
1254,640,32.46,21.49,10.97
244,202,31.08,17,14.08
221,483,34.75,10.91,23.84
114,43,25.49,18.51,6.98
X,X,X,X,X
205,49,15.2,12.27,2.93
375,121,23.7,17.92,5.78
77,29,17.41,12.64,4.76
7,6,10.48,5.65,4.84
113,170,30.4,12.14,18.26
21,41,16.99,5.75,11.23
31,74,28.69,8.47,20.22
9,12,14.09,6.04,8.05
70,87,16,7.14,8.87
129,20,23.69,20.51,3.18
21,22,24.86,12.14,12.72
78,106,32.34,13.71,18.63
274,549,38.93,12.96,25.97
502,628,31.39,13.94,17.44
54,81,19.59,7.84,11.76
17,10,17.88,11.26,6.62
416,527,32.18,14.2,17.99
56,55,28.17,14.21,13.96
4,41,32.14,2.86,29.29
34,7,63.08,52.31,10.77
X,X,X,X,X
X,X,X,X,X
121,99,25.23,13.88,11.35
543,444,26.05,14.33,11.72
43,31,21.64,12.57,9.06
87,98,31.68,14.9,16.78
801,981,33.44,15.03,18.41
32,54,19.41,7.22,12.19
318,384,23.47,10.63,12.84
141,222,29.85,11.6,18.26
X,X,X,X,X
73,45,18.82,11.64,7.18
1,2,4.05,1.35,2.7
18,6,19.05,14.29,4.76
1281,551,32.22,22.53,9.69
330,338,32.67,16.14,16.53
30,60,25.71,8.57,17.14
55,64,22.5,10.4,12.1
260,174,18.93,11.34,7.59
62,112,18.59,6.62,11.97
461,730,29.32,11.35,17.97
35,31,57.39,30.43,26.96
X,X,X,X,X
X,X,X,X,X
X,X,X,X,X
165,42,18.72,14.92,3.8
0,3,23.08,0,23.08
80,31,20.07,14.47,5.61
119,167,46.66,19.41,27.24
1328,553,30.75,21.71,9.04
271,158,29.14,18.41,10.73
231,566,36.24,10.5,25.74
146,42,28.66,22.26,6.4
X,X,X,X,X
239,49,15.35,12.74,2.61
425,129,24.81,19.03,5.78
77,26,14.41,10.77,3.64
15,2,13.82,12.2,1.63
130,126,33.46,16.99,16.47
46,72,24.63,9.6,15.03
50,92,35.32,12.44,22.89
20,9,15.51,10.7,4.81
108,105,20.64,10.47,10.17
180,30,27.27,23.38,3.9
22,26,26.37,12.09,14.29
105,127,34.73,15.72,19.01
427,569,40.37,17.31,23.06
608,687,33.04,15.51,17.53
85,52,21.17,13.14,8.04
23,9,15.84,11.39,4.46
577,571,35.15,17.67,17.48
78,44,29.4,18.8,10.6
15,45,29.56,7.39,22.17
22,2,39.34,36.07,3.28
X,X,X,X,X
X,X,X,X,X
108,99,24.01,12.53,11.48
641,477,27.37,15.69,11.68
59,39,23.73,14.29,9.44
107,96,35.18,18.54,16.64
1221,1212,37.16,18.65,18.51
57,45,20.82,11.63,9.18
312,289,19.54,10.15,9.4
242,274,35.56,16.68,18.88
X,X,X,X,X
123,63,22.85,15.11,7.74
3,6,10,3.33,6.67
34,10,23.91,18.48,5.43
1694,734,34.53,24.09,10.44
389,344,31.98,16.97,15.01
55,81,33.92,13.72,20.2
105,77,27,15.58,11.42
242,114,18.69,12.7,5.98
145,195,26.05,11.11,14.94
686,892,32.61,14.18,18.43
16,16,33.68,16.84,16.84
X,X,X,X,X
X,X,X,X,X
X,X,X,X,X
199,42,19.88,16.42,3.47
1,1,13.33,6.67,6.67
82,23,19.16,14.96,4.2
110,180,43.41,16.47,26.95
1161,448,27.85,20.09,7.75
357,120,32.6,24.4,8.2
263,501,33.57,11.56,22.01
119,47,28.97,20.77,8.2
X,X,X,X,X
266,34,16.47,14.61,1.87
392,164,23.5,16.57,6.93
80,32,14.16,10.11,4.05
5,3,6.35,3.97,2.38
192,150,39.18,21.99,17.18
50,72,25.1,10.29,14.81
76,112,39.58,16,23.58
20,14,19.88,11.7,8.19
119,124,21.54,10.55,10.99
196,20,26.57,24.11,2.46
31,32,31.34,15.42,15.92
109,120,36.46,17.36,19.11
496,520,40.45,19.75,20.7
836,557,34.17,20.51,13.66
111,50,21.85,15.06,6.78
38,13,26.02,19.39,6.63
701,641,37.43,19.55,17.88
91,13,21.99,19.24,2.75
15,42,30.98,8.15,22.83
22,4,45.61,38.6,7.02
X,X,X,X,X
X,X,X,X,X
92,59,19.14,11.66,7.48
628,510,29.11,16.07,13.05
52,41,23.48,13.13,10.35
154,104,40.82,24.37,16.46
1506,1123,39.34,22.54,16.81
58,26,19.09,13.18,5.91
282,177,17.33,10.65,6.68
224,197,35.02,18.64,16.39
X,X,X,X,X
151,70,23.87,16.31,7.56
7,4,15.07,9.59,5.48
18,10,20.14,12.95,7.19
1423,376,29.03,22.97,6.07
380,259,30.11,17.91,12.21
46,50,31.89,15.28,16.61
108,84,28.03,15.77,12.26
196,87,15.68,10.86,4.82
136,365,30.6,8.31,22.3
1087,929,37.87,20.42,17.45
9,15,37.5,14.06,23.44
X,X,X,X,X
X,X,X,X,X
X,X,X,X,X
150,35,16.5,13.38,3.12
1,1,7.14,3.57,3.57
100,13,20.58,18.21,2.37
124,144,39.64,18.34,21.3
1238,400,29.11,22,7.11
304,108,27.3,20.15,7.16
240,379,32.27,12.51,19.76
119,31,26.93,21.36,5.57
X,X,X,X,X
206,25,13.34,11.9,1.44
295,98,18.67,14.01,4.66
104,22,16.96,14,2.96
13,5,17.48,12.62,4.85
161,98,32.01,19.9,12.11
69,81,28.96,13.32,15.64
65,107,37.07,14.01,23.06
34,12,21.3,15.74,5.56
109,84,18.05,10.2,7.86
164,9,22.47,21.3,1.17
38,43,34.62,16.24,18.38
133,81,34.46,21.42,13.04
413,379,37.38,19.49,17.89
989,488,36.95,24.74,12.21
129,50,25.61,18.45,7.15
29,9,18.91,14.43,4.48
838,545,36.78,22.29,14.49
75,38,22.33,14.82,7.51
10,26,22.5,6.25,16.25
13,2,37.5,32.5,5
X,X,X,X,X
X,X,X,X,X
93,29,16.9,12.88,4.02
671,351,26.18,17.19,8.99
39,36,21.93,11.4,10.53
286,85,45.52,35.09,10.43
1490,940,37.75,23.15,14.6
88,36,25.25,17.92,7.33
262,155,16.05,10.08,5.97
257,161,33.79,20.78,13.02
X,X,X,X,X
118,55,21.33,14.55,6.78
6,4,12.66,7.59,5.06
17,6,17.56,12.98,4.58
1339,320,29.16,23.54,5.62
453,209,31.49,21.55,9.94
66,62,31.84,16.42,15.42
108,72,26.2,15.72,10.48
241,71,16.84,13.01,3.83
121,279,29.59,8.95,20.64
1295,805,40.67,25.08,15.59
10,16,38.24,14.71,23.53
X,X,X,X,X
X,X,X,X,X
X,X,X,X,X
103,29,13.41,10.47,2.95
1,0,3.13,3.13,0
80,19,17.9,14.47,3.44
87,127,39.7,16.14,23.56
1001,329,27.52,20.71,6.81
279,81,26.35,20.42,5.93
232,236,27.81,13.78,14.02
84,25,21.76,16.77,4.99
X,X,X,X,X
151,33,11.19,9.18,2.01
206,78,15.69,11.38,4.31
61,16,11.36,9,2.36
22,1,16.08,15.38,0.7
195,86,33.61,23.33,10.29
78,85,31.35,15,16.35
111,138,49.11,21.89,27.22
35,10,26.16,20.35,5.81
94,79,17.51,9.51,8
158,8,25.08,23.87,1.21
42,52,35.21,15.73,19.48
121,66,31.8,20.58,11.22
383,212,32.09,20.66,11.43
1019,386,34.93,25.34,9.6
138,28,23.58,19.6,3.98
26,9,20.47,15.2,5.26
758,436,34.48,21.89,12.59
59,34,22.04,13.98,8.06
23,27,32.26,14.84,17.42
X,X,X,X,X
X,X,X,X,X
X,X,X,X,X
85,18,22.69,18.72,3.96
542,253,23.1,15.75,7.35
37,29,20.63,11.56,9.06
292,61,46.69,38.62,8.07
1427,747,35.16,23.08,12.08
133,15,28.63,25.73,2.9
337,154,18,12.35,5.65
230,117,31.89,21.14,10.75
X,X,X,X,X
79,31,17.08,12.27,4.81
4,1,9.8,7.84,1.96
11,6,14.78,9.57,5.22
1316,280,26.47,21.83,4.64
423,174,30.38,21.53,8.85
81,52,33.08,20.15,12.94
131,53,25.59,18.22,7.37
175,37,16.13,13.32,2.82
105,146,21.69,9.08,12.62
1539,807,41.26,27.07,14.19
4,7,28.95,10.53,18.42
X,X,X,X,X
X,X,X,X,X
X,X,X,X,X
72,19,12.08,9.56,2.52
1,0,3.57,3.57,0
48,5,12.1,10.96,1.14
123,86,38.35,22.57,15.78
951,303,24.52,18.59,5.92
226,54,21.31,17.2,4.11
189,136,21.21,12.34,8.88
81,20,17.75,14.24,3.51
X,X,X,X,X
129,22,10.57,9.03,1.54
152,53,13.46,9.98,3.48
75,25,15.58,11.68,3.89
42,4,24.34,22.22,2.12
205,64,33.75,25.72,8.03
74,53,25.92,15.1,10.82
96,104,42.37,20.34,22.03
33,11,24.86,18.64,6.21
97,66,16.35,9.73,6.62
41,4,13.76,12.54,1.22
51,50,38.85,19.62,19.23
141,34,31.08,25.04,6.04
312,178,27.81,17.71,10.1
1001,271,32.57,25.63,6.94
162,11,23.83,22.31,1.52
20,8,16.67,11.9,4.76
735,383,31.82,20.92,10.9
127,38,32.04,24.66,7.38
15,15,18.99,9.49,9.49
18,1,32.76,31.03,1.72
X,X,X,X,X
X,X,X,X,X
51,11,13.03,10.71,2.31
594,233,22.4,16.09,6.31
40,20,18.99,12.66,6.33
247,54,42.39,34.79,7.61
1070,569,29.84,19.48,10.36
115,8,27.27,25.5,1.77
409,105,17.85,14.2,3.65
219,82,28.24,20.54,7.69
X,X,X,X,X
67,22,13.93,10.49,3.44
6,4,13.33,8,5.33
13,5,17.48,12.62,4.85
982,171,23.1,19.67,3.43
385,133,28.26,21,7.26
71,32,32.8,22.61,10.19
90,37,20,14.17,5.83
289,48,18.74,16.07,2.67
153,104,21.22,12.63,8.59
1479,592,39.13,27.95,11.19
14,7,32.31,21.54,10.77
X,X,X,X,X
X,X,X,X,X
X,X,X,X,X
86,17,10.63,8.88,1.75
8,0,27.59,27.59,0
52,6,12.47,11.18,1.29
97,96,44.27,22.25,22.02
764,259,20.06,14.98,5.08
214,34,18.45,15.92,2.53
158,74,17.59,11.98,5.61
85,23,14.5,11.41,3.09
X,X,X,X,X
169,27,11.18,9.64,1.54
195,69,13.52,9.98,3.53
45,16,12.08,8.91,3.17
44,5,23.11,20.75,2.36
182,61,28.35,21.24,7.12
80,47,24.8,15.63,9.18
123,102,43.19,23.61,19.58
25,4,17.06,14.71,2.35
98,56,14.35,9.13,5.22
54,6,15.42,13.88,1.54
43,43,34.82,17.41,17.41
128,28,26.31,21.59,4.72
261,94,21.79,16.02,5.77
902,191,28.21,23.28,4.93
149,16,21.46,19.38,2.08
22,2,13.95,12.79,1.16
386,200,28.47,18.76,9.72
140,36,32.65,25.97,6.68
19,14,21.29,12.26,9.03
16,0,21.62,21.62,0
X,X,X,X,X
X,X,X,X,X
71,6,10.66,9.83,0.83
445,138,16.25,12.41,3.85
29,8,10.95,8.58,2.37
271,29,37.97,34.3,3.67
1113,396,27.86,20.55,7.31
95,10,20.87,18.89,1.99
565,97,17.44,14.89,2.56
203,46,24.01,19.58,4.44
X,X,X,X,X
79,24,15.68,12.02,3.65
12,2,13.33,11.43,1.9
32,10,28.57,21.77,6.8
902,180,20.12,16.77,3.35
407,89,25.61,21.01,4.59
54,26,28.07,18.95,9.12
30,8,14.9,11.76,3.14
371,59,17.17,14.81,2.36
219,123,25.73,16.48,9.26
1410,531,36.31,26.38,9.93
5,4,25,13.89,11.11
X,X,X,X,X
X,X,X,X,X
X,X,X,X,X
69,26,8.95,6.5,2.45
0,0,0,0,0
38,5,8.94,7.9,1.04
131,75,32.44,20.63,11.81
399,106,9.95,7.87,2.09
212,29,11.48,10.1,1.38
106,47,12.68,8.78,3.89
33,8,5.23,4.21,1.02
X,X,X,X,X
123,29,7.4,5.99,1.41
150,86,8.79,5.59,3.2
41,19,12.32,8.42,3.9
83,4,21.27,20.29,0.98
128,67,18.59,12.2,6.39
70,39,16.29,10.46,5.83
90,75,32.23,17.58,14.65
9,5,6.8,4.37,2.43
119,63,12.84,8.4,4.45
53,4,7.88,7.33,0.55
49,46,27.14,14,13.14
90,19,16.64,13.74,2.9
222,96,19.27,13.45,5.82
786,155,19.68,16.44,3.24
133,17,17.06,15.13,1.93
12,0,7.02,7.02,0
442,218,19.35,12.96,6.39
96,18,20.36,17.14,3.21
20,13,17.93,10.87,7.07
10,1,14.67,13.33,1.33
X,X,X,X,X
X,X,X,X,X
71,25,12.83,9.49,3.34
377,100,13.24,10.46,2.77
21,18,9.49,5.11,4.38
171,21,27.08,24.12,2.96
951,323,19.2,14.33,4.87
92,10,18.25,16.46,1.79
468,87,11.7,9.87,1.83
120,38,16.7,12.68,4.02
X,X,X,X,X
82,34,12.51,8.85,3.67
21,2,11.27,10.29,0.98
28,8,21.69,16.87,4.82
509,145,12.56,9.78,2.79
368,67,18.88,15.97,2.91
85,20,22.48,18.2,4.28
157,35,22.35,18.28,4.07
245,20,8.31,7.69,0.63
200,50,20.53,16.42,4.11
1226,365,29.81,22.97,6.84
3,2,9.26,5.56,3.7
X,X,X,X,X
X,X,X,X,X
X,X,X,X,X
27,16,4.05,2.54,1.51
0,0,0,0,0
9,2,2.7,2.21,0.49
34,24,18.89,11.07,7.82
67,20,2.96,2.28,0.68
119,17,4.69,4.11,0.59
32,13,5.61,3.99,1.62
8,5,1.95,1.2,0.75
X,X,X,X,X
101,12,4.72,4.22,0.5
71,37,4.24,2.79,1.45
57,23,11.71,8.35,3.37
49,3,9.47,8.93,0.55
42,33,5.89,3.3,2.59
47,21,9.13,6.31,2.82
44,52,21.62,9.91,11.71
8,4,5.85,3.9,1.95
40,55,6.38,2.68,3.69
35,7,5.13,4.28,0.86
31,32,16.8,8.27,8.53
71,19,5.78,4.56,1.22
65,39,6.08,3.8,2.28
293,82,7.83,6.11,1.71
37,4,6.81,6.15,0.66
1,0,0.7,0.7,0
141,82,6.18,3.91,2.27
55,21,12.01,8.69,3.32
15,8,14.29,9.32,4.97
1,0,1.28,1.28,0
X,X,X,X,X
X,X,X,X,X
68,8,3,2.68,0.32
191,63,6.69,5.03,1.66
20,6,4.25,3.27,0.98
109,15,14.25,12.53,1.72
564,196,10.02,7.44,2.58
32,0,8.02,8.02,0
218,31,6.06,5.31,0.75
77,12,10.28,8.89,1.39
X,X,X,X,X
37,20,4.52,2.94,1.59
19,4,9.13,7.54,1.59
5,2,4.7,3.36,1.34
146,58,5.32,3.8,1.51
251,43,13.57,11.58,1.98
70,16,12.13,9.87,2.26
83,21,13.02,10.39,2.63
33,7,2.83,2.34,0.5
115,15,11.56,10.22,1.33
518,173,13.94,10.45,3.49
3,1,6.9,5.17,1.72
X,X,X,X,X
X,X,X,X,X
X,X,X,X,X
8,5,1.63,1.01,0.63
0,0,0,0,0
2,0,0.84,0.84,0
10,3,7.39,5.68,1.7
10,3,0.75,0.58,0.17
25,1,1.5,1.44,0.06
10,1,1.34,1.22,0.12
1,2,0.45,0.15,0.3
X,X,X,X,X
18,9,2.01,1.34,0.67
19,13,2,1.19,0.81
33,8,11.05,8.89,2.16
6,1,5.34,4.58,0.76
4,5,1.17,0.52,0.65
6,3,1.31,0.87,0.44
2,2,2.63,1.32,1.32
4,3,8.75,5,3.75
15,16,2.07,1,1.07
5,3,1.25,0.78,0.47
5,5,7.69,3.85,3.85
24,3,2.05,1.82,0.23
10,5,1.3,0.87,0.43
38,17,2.28,1.58,0.7
10,0,2.38,2.38,0
0,0,0,0,0
15,7,2.53,1.73,0.81
29,7,5.37,4.33,1.04
1,0,1.79,1.79,0
0,0,0,0,0
X,X,X,X,X
X,X,X,X,X
8,3,0.49,0.35,0.13
31,10,1.72,1.3,0.42
3,5,1.94,0.73,1.21
29,4,5.06,4.45,0.61
73,34,2.37,1.62,0.75
4,1,2.6,2.08,0.52
41,11,2.38,1.87,0.5
12,3,2.96,2.37,0.59
X,X,X,X,X
2,3,1.51,0.6,0.91
2,1,1.32,0.88,0.44
0,2,1.55,0,1.55
23,17,1.9,1.09,0.81
40,8,3.41,2.84,0.57
7,7,8.24,4.12,4.12
9,1,1.97,1.78,0.2
17,1,1.18,1.12,0.07
29,6,4.85,4.02,0.83
106,39,5.18,3.78,1.39
0,0,0,0,0
X,X,X,X,X
X,X,X,X,X
X,X,X,X,X
1,2,0.55,0.18,0.36
0,0,0,0,0
0,0,0,0,0
2,1,3.23,2.15,1.08
6,3,0.77,0.52,0.26
1,1,0.18,0.09,0.09
1,0,0.18,0.18,0
1,1,0.74,0.37,0.37
X,X,X,X,X
11,3,1.08,0.85,0.23
4,7,1.09,0.4,0.7
34,11,14.02,10.59,3.43
2,0,2.47,2.47,0
2,7,1.9,0.42,1.48
1,1,0.68,0.34,0.34
0,5,5.05,0,5.05
0,1,1.49,0,1.49
1,1,0.26,0.13,0.13
1,1,0.77,0.38,0.38
0,1,0.94,0,0.94
2,0,0.35,0.35,0
7,3,0.67,0.47,0.2
11,6,0.87,0.57,0.31
4,0,1.33,1.33,0
0,0,0,0,0
10,3,0.83,0.64,0.19
0,1,0.18,0,0.18
0,1,2.27,0,2.27
0,0,0,0,0
X,X,X,X,X
X,X,X,X,X
1,0,0.14,0.14,0
8,7,1.01,0.54,0.47
1,1,0.73,0.36,0.36
4,1,1.45,1.16,0.29
17,16,0.94,0.49,0.46
0,1,0.68,0,0.68
5,1,0.33,0.27,0.05
4,2,2.03,1.36,0.68
X,X,X,X,X
1,0,0.83,0.83,0
0,0,0,0,0
0,0,0,0,0
5,10,1.1,0.37,0.73
9,1,1.32,1.19,0.13
5,7,5.61,2.34,3.27
1,0,0.25,0.25,0
3,0,0.31,0.31,0
13,4,3.14,2.4,0.74
13,10,1.22,0.69,0.53
0,0,0,0,0
X,X,X,X,X
X,X,X,X,X
X,X,X,X,X
1,1,0.42,0.21,0.21
0,0,0,0,0
0,0,0,0,0
1,1,2.22,1.11,1.11
1,2,0.36,0.12,0.24
0,0,0,0,0
0,0,0,0,0
1,0,4,4,0
X,X,X,X,X
6,3,1,0.67,0.33
2,6,1.02,0.25,0.76
27,6,10.93,8.94,1.99
0,0,0,0,0
4,0,1.46,1.46,0
0,0,0,0,0
0,0,0,0,0
0,0,0,0,0
2,1,0.56,0.37,0.19
0,0,0,0,0
0,0,0,0,0
0,0,0,0,0
1,2,0.35,0.12,0.23
3,2,0.4,0.24,0.16
0,0,0,0,0
0,0,0,0,0
3,1,0.38,0.29,0.1
0,1,0.53,0,0.53
0,0,0,0,0
X,X,X,X,X
X,X,X,X,X
X,X,X,X,X
0,0,0,0,0
0,0,0,0,0
1,0,0.43,0.43,0
1,0,0.53,0.53,0
7,4,0.89,0.56,0.32
0,2,1.75,0,1.75
1,0,0.1,0.1,0
0,1,0.65,0,0.65
X,X,X,X,X
0,0,0,0,0
0,0,0,0,0
1,0,1.72,1.72,0
7,7,1.25,0.62,0.62
1,1,0.45,0.23,0.23
0,3,1.03,0,1.03
2,0,0.74,0.74,0
0,0,0,0,0
1,0,0.29,0.29,0
1,2,0.28,0.09,0.18
X,X,X,X,X
X,X,X,X,X
X,X,X,X,X
X,X,X,X,X
0,1,0.25,0,0.25
0,0,0,0,0
1,0,0.63,0.63,0
0,0,0,0,0
0,0,0,0,0
1,1,0.27,0.14,0.14
1,0,0.35,0.35,0
0,0,0,0,0
X,X,X,X,X
7,0,1.15,1.15,0
4,0,0.67,0.67,0
26,8,13.49,10.32,3.17
0,0,0,0,0
0,0,0,0,0
0,1,0.26,0,0.26
1,0,1.69,1.69,0
1,0,1.89,1.89,0
0,0,0,0,0
0,0,0,0,0
0,0,0,0,0
0,0,0,0,0
2,0,0.25,0.25,0
2,1,0.43,0.29,0.14
0,0,0,0,0
0,0,0,0,0
3,2,0.75,0.45,0.3
0,0,0,0,0
0,0,0,0,0
X,X,X,X,X
X,X,X,X,X
X,X,X,X,X
0,0,0,0,0
0,0,0,0,0
0,0,0,0,0
1,0,0.71,0.71,0
1,2,0.3,0.1,0.2
0,1,0.9,0,0.9
0,0,0,0,0
0,0,0,0,0
X,X,X,X,X
0,0,0,0,0
0,0,0,0,0
0,0,0,0,0
1,3,0.47,0.12,0.35
0,0,0,0,0
4,12,5.37,1.34,4.03
1,0,0.8,0.8,0
0,0,0,0,0
0,0,0,0,0
0,0,0,0,0
0,0,0,0,0
X,X,X,X,X
X,X,X,X,X
X,X,X,X,X
1,0,0.28,0.28,0
0,0,0,0,0
0,0,0,0,0
0,0,0,0,0
1,0,0.15,0.15,0
2,1,0.42,0.28,0.14
0,0,0,0,0
X,X,X,X,X
X,X,X,X,X
3,0,0.6,0.6,0
1,0,0.22,0.22,0
0,0,0,0,0
1,0,2.5,2.5,0
1,2,1.73,0.58,1.16
1,1,0.61,0.3,0.3
0,0,0,0,0
0,0,0,0,0
0,1,0.32,0,0.32
0,0,0,0,0
0,0,0,0,0
0,0,0,0,0
1,0,0.13,0.13,0
1,1,0.32,0.16,0.16
0,0,0,0,0
0,0,0,0,0
0,0,0,0,0
0,0,0,0,0
0,0,0,0,0
X,X,X,X,X
X,X,X,X,X
X,X,X,X,X
0,0,0,0,0
1,0,0.22,0.22,0
0,0,0,0,0
0,0,0,0,0
0,0,0,0,0
0,0,0,0,0
1,0,0.21,0.21,0
0,0,0,0,0
X,X,X,X,X
0,0,0,0,0
0,0,0,0,0
0,0,0,0,0
3,1,0.5,0.38,0.13
1,0,0.37,0.37,0
0,1,0.89,0,0.89
0,0,0,0,0
0,0,0,0,0
0,0,0,0,0
1,0,0.13,0.13,0
0,0,0,0,0
X,X,X,X,X
X,X,X,X,X
X,X,X,X,X
0,0,0,0,0
X,X,X,X,X
0,0,0,0,0
0,0,0,0,0
0,0,0,0,0
0,0,0,0,0
1,0,0.62,0.62,0
0,0,0,0,0
X,X,X,X,X
4,0,0.92,0.92,0
1,0,0.25,0.25,0
0,0,0,0,0
2,1,10,6.67,3.33
4,1,2.89,2.31,0.58
1,0,0.4,0.4,0
0,0,0,0,0
0,1,3.33,0,3.33
0,0,0,0,0
0,0,0,0,0
0,0,0,0,0
0,0,0,0,0
1,2,0.51,0.17,0.34
0,0,0,0,0
0,0,0,0,0
0,0,0,0,0
2,0,0.45,0.45,0
0,0,0,0,0
0,0,0,0,0
X,X,X,X,X
X,X,X,X,X
X,X,X,X,X
0,0,0,0,0
0,0,0,0,0
0,0,0,0,0
0,0,0,0,0
0,1,0.16,0,0.16
0,0,0,0,0
0,1,0.26,0,0.26
0,0,0,0,0
X,X,X,X,X
0,0,0,0,0
1,0,2.27,2.27,0
0,0,0,0,0
2,0,0.21,0.21,0
0,0,0,0,0
0,0,0,0,0
0,0,0,0,0
0,0,0,0,0
0,0,0,0,0
0,1,0.2,0,0.2
X,X,X,X,X
X,X,X,X,X
X,X,X,X,X
X,X,X,X,X
0,0,0,0,0
X,X,X,X,X
0,0,0,0,0
0,0,0,0,0
0,0,0,0,0
0,0,0,0,0
0,0,0,0,0
X,X,X,X,X
X,X,X,X,X
4,4,1.77,0.88,0.88
2,1,0.89,0.59,0.3
0,0,0,0,0
0,0,0,0,0
1,1,1.71,0.85,0.85
0,0,0,0,0
0,1,4.17,0,4.17
0,0,0,0,0
0,0,0,0,0
0,0,0,0,0
0,0,0,0,0
0,0,0,0,0
0,0,0,0,0
0,1,0.28,0,0.28
1,0,0.73,0.73,0
1,1,7.41,3.7,3.7
0,1,0.24,0,0.24
0,0,0,0,0
X,X,X,X,X
X,X,X,X,X
X,X,X,X,X
X,X,X,X,X
0,0,0,0,0
0,0,0,0,0
0,0,0,0,0
0,0,0,0,0
1,0,0.15,0.15,0
0,0,0,0,0
0,0,0,0,0
0,0,0,0,0
X,X,X,X,X
0,0,0,0,0
0,0,0,0,0
0,0,0,0,0
3,4,1.06,0.46,0.61
0,0,0,0,0
0,1,1.67,0,1.67
0,0,0,0,0
0,0,0,0,0
0,0,0,0,0
0,0,0,0,0
X,X,X,X,X
X,X,X,X,X
X,X,X,X,X
X,X,X,X,X
0,0,0,0,0
X,X,X,X,X
0,0,0,0,0
0,0,0,0,0
1,0,0.25,0.25,0
0,0,0,0,0
0,0,0,0,0
0,0,0,0,0
X,X,X,X,X
5,2,1.71,1.22,0.49
1,0,0.45,0.45,0
0,0,0,0,0
1,0,4.76,4.76,0
1,1,1.8,0.9,0.9
0,0,0,0,0
0,0,0,0,0
0,0,0,0,0
0,0,0,0,0
0,0,0,0,0
0,0,0,0,0
0,0,0,0,0
0,0,0,0,0
0,1,0.31,0,0.31
0,0,0,0,0
0,0,0,0,0
0,0,0,0,0
0,0,0,0,0
0,0,0,0,0
X,X,X,X,X
X,X,X,X,X
X,X,X,X,X
X,X,X,X,X
0,0,0,0,0
1,0,0.53,0.53,0
0,0,0,0,0
0,0,0,0,0
0,1,1.05,0,1.05
0,0,0,0,0
1,0,2.86,2.86,0
X,X,X,X,X
0,0,0,0,0
0,0,0,0,0
0,0,0,0,0
1,2,0.45,0.15,0.3
0,0,0,0,0
0,2,3.64,0,3.64
0,0,0,0,0
0,0,0,0,0
0,0,0,0,0
1,0,0.27,0.27,0
X,X,X,X,X
X,X,X,X,X
X,X,X,X,X
X,X,X,X,X
0,1,0.46,0,0.46
0,0,0,0,0
0,0,0,0,0
0,0,0,0,0
0,0,0,0,0
0,0,0,0,0
1,0,0.57,0.57,0
X,X,X,X,X
X,X,X,X,X
2,0,0.51,0.51,0
1,2,1.27,0.42,0.85
0,0,0,0,0
0,0,0,0,0
2,0,2.3,2.3,0
0,0,0,0,0
0,0,0,0,0
0,0,0,0,0
0,0,0,0,0
0,0,0,0,0
0,0,0,0,0
0,0,0,0,0
0,0,0,0,0
0,0,0,0,0
0,0,0,0,0
0,0,0,0,0
1,1,0.63,0.32,0.32
0,0,0,0,0
0,0,0,0,0
X,X,X,X,X
X,X,X,X,X
X,X,X,X,X
0,0,0,0,0
0,0,0,0,0
0,0,0,0,0
0,0,0,0,0
0,0,0,0,0
0,0,0,0,0
0,0,0,0,0
0,0,0,0,0
X,X,X,X,X
X,X,X,X,X
0,0,0,0,0
0,0,0,0,0
1,3,0.64,0.16,0.48
0,0,0,0,0
0,1,1.89,0,1.89
0,0,0,0,0
0,0,0,0,0
0,0,0,0,0
0,0,0,0,0
X,X,X,X,X
X,X,X,X,X
X,X,X,X,X
X,X,X,X,X
0,0,0,0,0
X,X,X,X,X
0,0,0,0,0
0,0,0,0,0
0,0,0,0,0
1,0,0.27,0.27,0
0,0,0,0,0
X,X,X,X,X
X,X,X,X,X
5,0,1.47,1.47,0
0,0,0,0,0
0,0,0,0,0
0,0,0,0,0
0,0,0,0,0
0,0,0,0,0
0,0,0,0,0
0,0,0,0,0
0,0,0,0,0
0,0,0,0,0
0,0,0,0,0
0,0,0,0,0
0,0,0,0,0
0,2,0.75,0,0.75
0,0,0,0,0
X,X,X,X,X
0,0,0,0,0
0,0,0,0,0
0,0,0,0,0
X,X,X,X,X
X,X,X,X,X
X,X,X,X,X
0,0,0,0,0
0,0,0,0,0
0,0,0,0,0
0,0,0,0,0
0,0,0,0,0
0,0,0,0,0
0,0,0,0,0
0,0,0,0,0
X,X,X,X,X
X,X,X,X,X
0,0,0,0,0
0,0,0,0,0
1,0,0.18,0.18,0
0,0,0,0,0
0,1,2.5,0,2.5
0,0,0,0,0
0,0,0,0,0
0,0,0,0,0
0,0,0,0,0
X,X,X,X,X
X,X,X,X,X
X,X,X,X,X
X,X,X,X,X
0,3,1.42,0,1.42
X,X,X,X,X
0,0,0,0,0
0,0,0,0,0
0,0,0,0,0
0,0,0,0,0
0,0,0,0,0
X,X,X,X,X
X,X,X,X,X
0,0,0,0,0
0,2,0.92,0,0.92
0,0,0,0,0
0,0,0,0,0
0,0,0,0,0
0,0,0,0,0
0,0,0,0,0
0,0,0,0,0
0,0,0,0,0
0,0,0,0,0
0,0,0,0,0
0,0,0,0,0
0,0,0,0,0
1,0,0.43,0.43,0
0,0,0,0,0
0,0,0,0,0
1,0,0.32,0.32,0
0,0,0,0,0
0,0,0,0,0
X,X,X,X,X
X,X,X,X,X
X,X,X,X,X
X,X,X,X,X
0,0,0,0,0
1,0,0.67,0.67,0
0,0,0,0,0
0,0,0,0,0
0,0,0,0,0
0,0,0,0,0
0,0,0,0,0
X,X,X,X,X
0,0,0,0,0
0,0,0,0,0
0,0,0,0,0
0,1,0.18,0,0.18
6,6,7.1,3.55,3.55
0,0,0,0,0
0,0,0,0,0
0,0,0,0,0
0,0,0,0,0
0,0,0,0,0
X,X,X,X,X
X,X,X,X,X
X,X,X,X,X
X,X,X,X,X
0,0,0,0,0
X,X,X,X,X
0,0,0,0,0
0,0,0,0,0
0,0,0,0,0
0,0,0,0,0
0,0,0,0,0
X,X,X,X,X
X,X,X,X,X
4,0,1.29,1.29,0
0,2,1.2,0,1.2
0,0,0,0,0
0,0,0,0,0
0,0,0,0,0
0,1,0.72,0,0.72
0,0,0,0,0
0,0,0,0,0
0,0,0,0,0
0,0,0,0,0
0,0,0,0,0
0,0,0,0,0
0,0,0,0,0
0,0,0,0,0
0,0,0,0,0
X,X,X,X,X
0,0,0,0,0
0,0,0,0,0
0,0,0,0,0
X,X,X,X,X
X,X,X,X,X
X,X,X,X,X
0,0,0,0,0
0,1,0.28,0,0.28
1,0,0.87,0.87,0
0,0,0,0,0
1,0,0.41,0.41,0
0,0,0,0,0
0,0,0,0,0
0,0,0,0,0
X,X,X,X,X
X,X,X,X,X
0,0,0,0,0
0,0,0,0,0
2,4,0.94,0.31,0.63
0,0,0,0,0
0,0,0,0,0
0,0,0,0,0
0,0,0,0,0
0,0,0,0,0
0,0,0,0,0
X,X,X,X,X
X,X,X,X,X
X,X,X,X,X
X,X,X,X,X
0,0,0,0,0
X,X,X,X,X
0,0,0,0,0
0,0,0,0,0
0,0,0,0,0
0,0,0,0,0
0,0,0,0,0
X,X,X,X,X
X,X,X,X,X
2,0,0.56,0.56,0
0,1,0.49,0,0.49
X,X,X,X,X
0,0,0,0,0
2,0,2.99,2.99,0
0,2,1.61,0,1.61
0,0,0,0,0
0,0,0,0,0
0,0,0,0,0
0,0,0,0,0
X,X,X,X,X
0,0,0,0,0
0,0,0,0,0
3,0,1.46,1.46,0
0,0,0,0,0
X,X,X,X,X
0,0,0,0,0
0,0,0,0,0
0,0,0,0,0
X,X,X,X,X
X,X,X,X,X
X,X,X,X,X
0,0,0,0,0
0,0,0,0,0
0,0,0,0,0
0,0,0,0,0
1,1,0.97,0.48,0.48
0,0,0,0,0
0,0,0,0,0
0,0,0,0,0
X,X,X,X,X
0,0,0,0,0
0,0,0,0,0
0,0,0,0,0
4,4,1.25,0.63,0.63
0,0,0,0,0
0,0,0,0,0
0,0,0,0,0
0,0,0,0,0
0,0,0,0,0
0,0,0,0,0
X,X,X,X,X
X,X,X,X,X
X,X,X,X,X
X,X,X,X,X
0,0,0,0,0
X,X,X,X,X
0,0,0,0,0
0,0,0,0,0
0,0,0,0,0
0,0,0,0,0
0,0,0,0,0
X,X,X,X,X
X,X,X,X,X
2,0,0.46,0.46,0
0,0,0,0,0
X,X,X,X,X
X,X,X,X,X
0,1,1.72,0,1.72
0,1,0.76,0,0.76
0,1,4,0,4
0,0,0,0,0
0,0,0,0,0
0,0,0,0,0
0,0,0,0,0
0,0,0,0,0
0,0,0,0,0
0,0,0,0,0
0,0,0,0,0
X,X,X,X,X
0,0,0,0,0
0,0,0,0,0
0,0,0,0,0
X,X,X,X,X
X,X,X,X,X
X,X,X,X,X
X,X,X,X,X
0,0,0,0,0
0,0,0,0,0
0,0,0,0,0
1,0,0.28,0.28,0
0,0,0,0,0
0,0,0,0,0
0,0,0,0,0
X,X,X,X,X
X,X,X,X,X
0,0,0,0,0
0,0,0,0,0
6,4,1.52,0.91,0.61
0,0,0,0,0
0,0,0,0,0
0,0,0,0,0
0,0,0,0,0
0,0,0,0,0
0,0,0,0,0
X,X,X,X,X
X,X,X,X,X
X,X,X,X,X
X,X,X,X,X
0,0,0,0,0
X,X,X,X,X
0,0,0,0,0
0,0,0,0,0
0,0,0,0,0
0,0,0,0,0
0,0,0,0,0
X,X,X,X,X
X,X,X,X,X
1,0,0.18,0.18,0
1,1,1.03,0.52,0.52
2,0,0.45,0.45,0
0,0,0,0,0
1,1,4.08,2.04,2.04
0,0,0,0,0
0,0,0,0,0
0,0,0,0,0
0,0,0,0,0
0,0,0,0,0
0,0,0,0,0
0,0,0,0,0
0,0,0,0,0
0,0,0,0,0
0,0,0,0,0
X,X,X,X,X
0,0,0,0,0
0,0,0,0,0
0,0,0,0,0
X,X,X,X,X
X,X,X,X,X
X,X,X,X,X
X,X,X,X,X
0,0,0,0,0
1,0,0.43,0.43,0
0,0,0,0,0
0,0,0,0,0
0,0,0,0,0
0,0,0,0,0
0,0,0,0,0
X,X,X,X,X
X,X,X,X,X
0,0,0,0,0
0,0,0,0,0
1,3,0.54,0.14,0.41
0,0,0,0,0
X,X,X,X,X
0,0,0,0,0
0,0,0,0,0
0,0,0,0,0
0,0,0,0,0
X,X,X,X,X
X,X,X,X,X
X,X,X,X,X
X,X,X,X,X
0,1,0.53,0,0.53
X,X,X,X,X
0,0,0,0,0
0,0,0,0,0
0,0,0,0,0
0,0,0,0,0
0,0,0,0,0
X,X,X,X,X
X,X,X,X,X
0,0,0,0,0
0,0,0,0,0
2,0,0.45,0.45,0
X,X,X,X,X
0,0,0,0,0
0,1,0.72,0,0.72
0,0,0,0,0
0,0,0,0,0
0,0,0,0,0
0,0,0,0,0
0,0,0,0,0
0,0,0,0,0
0,0,0,0,0
0,0,0,0,0
0,0,0,0,0
X,X,X,X,X
0,0,0,0,0
0,0,0,0,0
0,0,0,0,0
X,X,X,X,X
X,X,X,X,X
X,X,X,X,X
X,X,X,X,X
0,0,0,0,0
0,1,0.44,0,0.44
0,0,0,0,0
2,0,0.48,0.48,0
0,0,0,0,0
1,0,1.04,1.04,0
0,0,0,0,0
X,X,X,X,X
X,X,X,X,X
0,0,0,0,0
0,0,0,0,0
1,2,0.46,0.15,0.3
0,0,0,0,0
X,X,X,X,X
0,0,0,0,0
0,0,0,0,0
0,0,0,0,0
0,0,0,0,0
X,X,X,X,X
X,X,X,X,X
X,X,X,X,X
X,X,X,X,X
0,0,0,0,0
X,X,X,X,X
0,0,0,0,0
0,0,0,0,0
0,0,0,0,0
0,0,0,0,0
0,0,0,0,0
X,X,X,X,X
X,X,X,X,X
4,3,2.23,1.27,0.96
0,0,0,0,0
0,0,0,0,0
X,X,X,X,X
0,0,0,0,0
0,0,0,0,0
0,0,0,0,0
0,0,0,0,0
0,0,0,0,0
0,0,0,0,0
0,0,0,0,0
0,0,0,0,0
0,0,0,0,0
0,0,0,0,0
0,0,0,0,0
X,X,X,X,X
0,2,0.6,0,0.6
0,0,0,0,0
0,0,0,0,0
X,X,X,X,X
X,X,X,X,X
X,X,X,X,X
0,0,0,0,0
0,0,0,0,0
0,1,0.6,0,0.6
0,0,0,0,0
2,0,0.55,0.55,0
0,0,0,0,0
0,0,0,0,0
0,0,0,0,0
X,X,X,X,X
X,X,X,X,X
0,0,0,0,0
0,0,0,0,0
4,5,1.65,0.74,0.92
1,1,1.77,0.88,0.88
X,X,X,X,X
0,0,0,0,0
0,0,0,0,0
0,0,0,0,0
0,0,0,0,0
X,X,X,X,X
X,X,X,X,X
X,X,X,X,X
X,X,X,X,X
0,0,0,0,0
0,0,0,0,0
0,0,0,0,0
0,0,0,0,0
0,0,0,0,0
0,0,0,0,0
0,0,0,0,0
X,X,X,X,X
X,X,X,X,X
1,0,0.33,0.33,0
0,0,0,0,0
0,0,0,0,0
X,X,X,X,X
0,0,0,0,0
0,0,0,0,0
0,0,0,0,0
0,0,0,0,0
0,0,0,0,0
0,0,0,0,0
X,X,X,X,X
0,0,0,0,0
0,0,0,0,0
0,0,0,0,0
0,0,0,0,0
X,X,X,X,X
0,0,0,0,0
0,0,0,0,0
0,0,0,0,0
X,X,X,X,X
X,X,X,X,X
X,X,X,X,X
X,X,X,X,X
0,0,0,0,0
0,0,0,0,0
0,0,0,0,0
3,0,0.78,0.78,0
0,0,0,0,0
0,0,0,0,0
0,0,0,0,0
X,X,X,X,X
X,X,X,X,X
0,0,0,0,0
0,0,0,0,0
0,3,1.11,0,1.11
0,0,0,0,0
X,X,X,X,X
0,0,0,0,0
0,0,0,0,0
0,0,0,0,0
0,0,0,0,0
X,X,X,X,X
X,X,X,X,X
X,X,X,X,X
X,X,X,X,X
0,0,0,0,0
X,X,X,X,X
0,0,0,0,0
0,0,0,0,0
0,0,0,0,0
0,0,0,0,0
0,0,0,0,0
X,X,X,X,X
X,X,X,X,X
0,0,0,0,0
0,0,0,0,0
2,0,0.43,0.43,0
X,X,X,X,X
0,0,0,0,0
0,0,0,0,0
0,0,0,0,0
0,1,3.23,0,3.23
0,0,0,0,0
0,0,0,0,0
0,0,0,0,0
0,0,0,0,0
0,0,0,0,0
0,0,0,0,0
0,0,0,0,0
X,X,X,X,X
0,0,0,0,0
0,0,0,0,0
0,0,0,0,0
X,X,X,X,X
X,X,X,X,X
X,X,X,X,X
0,0,0,0,0
0,0,0,0,0
0,1,0.53,0,0.53
0,0,0,0,0
0,0,0,0,0
0,0,0,0,0
0,0,0,0,0
0,0,0,0,0
X,X,X,X,X
X,X,X,X,X
0,0,0,0,0
0,0,0,0,0
0,3,0.63,0,0.63
1,0,0.83,0.83,0
X,X,X,X,X
0,0,0,0,0
0,0,0,0,0
0,0,0,0,0
0,0,0,0,0
X,X,X,X,X
X,X,X,X,X
X,X,X,X,X
X,X,X,X,X
0,0,0,0,0
X,X,X,X,X
0,0,0,0,0
0,0,0,0,0
1,1,0.79,0.4,0.4
0,0,0,0,0
0,0,0,0,0
X,X,X,X,X
X,X,X,X,X
1,0,0.29,0.29,0
1,0,0.93,0.93,0
1,0,0.21,0.21,0
X,X,X,X,X
0,0,0,0,0
0,0,0,0,0
0,0,0,0,0
0,0,0,0,0
0,0,0,0,0
0,0,0,0,0
0,0,0,0,0
0,0,0,0,0
0,0,0,0,0
0,0,0,0,0
0,0,0,0,0
0,0,0,0,0
1,0,0.25,0.25,0
0,0,0,0,0
0,0,0,0,0
X,X,X,X,X
X,X,X,X,X
X,X,X,X,X
0,0,0,0,0
0,0,0,0,0
0,0,0,0,0
0,0,0,0,0
1,0,0.25,0.25,0
0,0,0,0,0
1,0,6.67,6.67,0
X,X,X,X,X
X,X,X,X,X
X,X,X,X,X
0,0,0,0,0
0,0,0,0,0
0,3,0.62,0,0.62
0,0,0,0,0
0,0,0,0,0
0,0,0,0,0
0,0,0,0,0
0,0,0,0,0
0,0,0,0,0
X,X,X,X,X
X,X,X,X,X
X,X,X,X,X
X,X,X,X,X
0,0,0,0,0
X,X,X,X,X
0,0,0,0,0
X,X,X,X,X
1,0,0.4,0.4,0
0,0,0,0,0
0,0,0,0,0
X,X,X,X,X
X,X,X,X,X
2,1,0.96,0.64,0.32
0,0,0,0,0
0,0,0,0,0
X,X,X,X,X
1,1,5.56,2.78,2.78
0,0,0,0,0
0,0,0,0,0
0,0,0,0,0
0,0,0,0,0
0,0,0,0,0
X,X,X,X,X
0,0,0,0,0
0,0,0,0,0
0,0,0,0,0
0,0,0,0,0
0,0,0,0,0
0,0,0,0,0
0,0,0,0,0
0,0,0,0,0
X,X,X,X,X
X,X,X,X,X
X,X,X,X,X
X,X,X,X,X
0,0,0,0,0
0,0,0,0,0
0,0,0,0,0
0,0,0,0,0
0,0,0,0,0
0,0,0,0,0
0,0,0,0,0
X,X,X,X,X
X,X,X,X,X
0,0,0,0,0
0,0,0,0,0
0,2,0.55,0,0.55
0,0,0,0,0
0,0,0,0,0
0,0,0,0,0
0,0,0,0,0
0,0,0,0,0
0,0,0,0,0
X,X,X,X,X
X,X,X,X,X
X,X,X,X,X
X,X,X,X,X
0,0,0,0,0
X,X,X,X,X
0,0,0,0,0
X,X,X,X,X
1,1,0.78,0.39,0.39
0,0,0,0,0
0,0,0,0,0
X,X,X,X,X
X,X,X,X,X
0,1,0.35,0,0.35
1,2,2.07,0.69,1.38
0,0,0,0,0
X,X,X,X,X
0,0,0,0,0
0,0,0,0,0
0,0,0,0,0
0,0,0,0,0
0,0,0,0,0
0,0,0,0,0
0,0,0,0,0
0,0,0,0,0
0,0,0,0,0
0,0,0,0,0
0,0,0,0,0
0,0,0,0,0
0,0,0,0,0
0,0,0,0,0
0,0,0,0,0
X,X,X,X,X
X,X,X,X,X
X,X,X,X,X
X,X,X,X,X
0,0,0,0,0
0,0,0,0,0
X,X,X,X,X
4,1,1.3,1.04,0.26
0,0,0,0,0
0,0,0,0,0
0,0,0,0,0
X,X,X,X,X
X,X,X,X,X
0,0,0,0,0
0,1,7.14,0,7.14
0,2,0.45,0,0.45
0,0,0,0,0
X,X,X,X,X
0,0,0,0,0
0,0,0,0,0
0,0,0,0,0
0,0,0,0,0
X,X,X,X,X
X,X,X,X,X
X,X,X,X,X
X,X,X,X,X
0,0,0,0,0
X,X,X,X,X
0,0,0,0,0
0,0,0,0,0
0,0,0,0,0
0,0,0,0,0
0,0,0,0,0
X,X,X,X,X
X,X,X,X,X
3,7,3.82,1.15,2.67
0,3,2.21,0,2.21
0,0,0,0,0
X,X,X,X,X
0,0,0,0,0
0,0,0,0,0
0,0,0,0,0
0,0,0,0,0
0,0,0,0,0
0,0,0,0,0
X,X,X,X,X
0,0,0,0,0
0,0,0,0,0
0,0,0,0,0
0,0,0,0,0
1,1,15.38,7.69,7.69
0,0,0,0,0
0,0,0,0,0
0,0,0,0,0
X,X,X,X,X
X,X,X,X,X
X,X,X,X,X
X,X,X,X,X
0,0,0,0,0
0,1,0.61,0,0.61
0,0,0,0,0
2,0,0.45,0.45,0
0,0,0,0,0
X,X,X,X,X
0,0,0,0,0
X,X,X,X,X
X,X,X,X,X
0,0,0,0,0
0,0,0,0,0
1,1,0.42,0.21,0.21
0,0,0,0,0
X,X,X,X,X
0,0,0,0,0
0,0,0,0,0
0,0,0,0,0
0,0,0,0,0
X,X,X,X,X
X,X,X,X,X
X,X,X,X,X
X,X,X,X,X
0,0,0,0,0
X,X,X,X,X
0,1,1.39,0,1.39
0,0,0,0,0
0,0,0,0,0
0,0,0,0,0
0,0,0,0,0
X,X,X,X,X
X,X,X,X,X
1,1,0.71,0.35,0.35
0,0,0,0,0
1,0,0.29,0.29,0
X,X,X,X,X
1,0,2.63,2.63,0
0,0,0,0,0
0,0,0,0,0
0,0,0,0,0
0,0,0,0,0
0,0,0,0,0
0,0,0,0,0
0,0,0,0,0
0,0,0,0,0
0,0,0,0,0
0,0,0,0,0
0,0,0,0,0
0,0,0,0,0
0,0,0,0,0
0,0,0,0,0
X,X,X,X,X
X,X,X,X,X
X,X,X,X,X
0,0,0,0,0
0,0,0,0,0
0,0,0,0,0
0,0,0,0,0
2,0,0.46,0.46,0
0,0,0,0,0
X,X,X,X,X
0,0,0,0,0
X,X,X,X,X
X,X,X,X,X
0,0,0,0,0
0,0,0,0,0
2,4,1.14,0.38,0.76
0,0,0,0,0
0,0,0,0,0
0,0,0,0,0
0,0,0,0,0
0,0,0,0,0
0,0,0,0,0
X,X,X,X,X
X,X,X,X,X
X,X,X,X,X
X,X,X,X,X
0,0,0,0,0
X,X,X,X,X
0,0,0,0,0
0,0,0,0,0
0,0,0,0,0
0,0,0,0,0
0,0,0,0,0
X,X,X,X,X
X,X,X,X,X
3,2,1.77,1.06,0.71
0,0,0,0,0
2,0,0.55,0.55,0
X,X,X,X,X
0,0,0,0,0
0,0,0,0,0
0,0,0,0,0
0,0,0,0,0
0,0,0,0,0
0,0,0,0,0
0,0,0,0,0
0,0,0,0,0
0,0,0,0,0
0,0,0,0,0
0,0,0,0,0
X,X,X,X,X
0,0,0,0,0
0,0,0,0,0
0,0,0,0,0
X,X,X,X,X
X,X,X,X,X
X,X,X,X,X
X,X,X,X,X
0,0,0,0,0
1,0,0.51,0.51,0
0,0,0,0,0
0,0,0,0,0
0,0,0,0,0
X,X,X,X,X
0,0,0,0,0
X,X,X,X,X
X,X,X,X,X
0,0,0,0,0
0,0,0,0,0
1,3,0.66,0.17,0.5
0,0,0,0,0
0,1,4.55,0,4.55
0,0,0,0,0
0,0,0,0,0
0,0,0,0,0
0,0,0,0,0
X,X,X,X,X
X,X,X,X,X
X,X,X,X,X
X,X,X,X,X
0,1,1.06,0,1.06
X,X,X,X,X
0,0,0,0,0
0,0,0,0,0
1,0,0.34,0.34,0
0,1,0.12,0,0.12
0,0,0,0,0
X,X,X,X,X
X,X,X,X,X
1,1,0.7,0.35,0.35
0,5,2.87,0,2.87
0,0,0,0,0
X,X,X,X,X
1,2,5.56,1.85,3.7
0,0,0,0,0
0,0,0,0,0
0,0,0,0,0
0,0,0,0,0
0,0,0,0,0
0,0,0,0,0
0,0,0,0,0
0,0,0,0,0
0,0,0,0,0
0,0,0,0,0
X,X,X,X,X
1,0,0.21,0.21,0
0,0,0,0,0
0,0,0,0,0
X,X,X,X,X
X,X,X,X,X
X,X,X,X,X
X,X,X,X,X
2,1,0.45,0.3,0.15
0,1,0.44,0,0.44
0,0,0,0,0
1,0,0.18,0.18,0
0,0,0,0,0
X,X,X,X,X
0,0,0,0,0
X,X,X,X,X
X,X,X,X,X
0,0,0,0,0
0,0,0,0,0
7,5,1.73,1.01,0.72
0,0,0,0,0
0,0,0,0,0
0,0,0,0,0
0,0,0,0,0
0,0,0,0,0
0,0,0,0,0
X,X,X,X,X
X,X,X,X,X
X,X,X,X,X
X,X,X,X,X
0,0,0,0,0
X,X,X,X,X
0,0,0,0,0
0,0,0,0,0
0,0,0,0,0
0,0,0,0,0
0,0,0,0,0
X,X,X,X,X
X,X,X,X,X
3,1,1.12,0.84,0.28
0,0,0,0,0
0,0,0,0,0
X,X,X,X,X
0,0,0,0,0
0,0,0,0,0
0,0,0,0,0
0,0,0,0,0
0,0,0,0,0
0,0,0,0,0
0,0,0,0,0
0,0,0,0,0
0,0,0,0,0
0,0,0,0,0
0,0,0,0,0
0,0,0,0,0
0,0,0,0,0
0,0,0,0,0
0,0,0,0,0
X,X,X,X,X
X,X,X,X,X
X,X,X,X,X
0,0,0,0,0
0,0,0,0,0
0,1,0.51,0,0.51
0,0,0,0,0
0,0,0,0,0
1,0,0.85,0.85,0
0,0,0,0,0
0,0,0,0,0
X,X,X,X,X
0,0,0,0,0
0,0,0,0,0
0,0,0,0,0
7,7,1.72,0.86,0.86
0,0,0,0,0
0,0,0,0,0
0,0,0,0,0
0,0,0,0,0
0,0,0,0,0
0,0,0,0,0
X,X,X,X,X
X,X,X,X,X
X,X,X,X,X
X,X,X,X,X
0,0,0,0,0
X,X,X,X,X
0,0,0,0,0
0,0,0,0,0
1,0,0.23,0.23,0
0,0,0,0,0
0,0,0,0,0
X,X,X,X,X
X,X,X,X,X
2,0,0.56,0.56,0
1,2,1.04,0.35,0.69
0,0,0,0,0
X,X,X,X,X
0,1,3.57,0,3.57
0,0,0,0,0
0,0,0,0,0
0,0,0,0,0
0,0,0,0,0
0,0,0,0,0
0,0,0,0,0
0,0,0,0,0
0,0,0,0,0
0,0,0,0,0
0,0,0,0,0
0,0,0,0,0
0,0,0,0,0
0,0,0,0,0
0,0,0,0,0
X,X,X,X,X
X,X,X,X,X
X,X,X,X,X
0,0,0,0,0
0,0,0,0,0
0,2,0.62,0,0.62
0,0,0,0,0
2,1,0.43,0.29,0.14
0,0,0,0,0
0,0,0,0,0
0,0,0,0,0
X,X,X,X,X
2,2,2.26,1.13,1.13
0,0,0,0,0
0,0,0,0,0
7,10,1.56,0.64,0.92
0,0,0,0,0
0,0,0,0,0
0,0,0,0,0
0,0,0,0,0
4,3,0.94,0.54,0.4
0,0,0,0,0
X,X,X,X,X
X,X,X,X,X
X,X,X,X,X
X,X,X,X,X
0,0,0,0,0
X,X,X,X,X
0,0,0,0,0
0,0,0,0,0
0,2,0.32,0,0.32
0,0,0,0,0
0,0,0,0,0
X,X,X,X,X
X,X,X,X,X
2,1,0.66,0.44,0.22
0,2,0.53,0,0.53
1,0,0.26,0.26,0
0,0,0,0,0
3,0,3.26,3.26,0
1,0,0.36,0.36,0
0,0,0,0,0
0,0,0,0,0
0,0,0,0,0
0,0,0,0,0
0,0,0,0,0
0,0,0,0,0
0,0,0,0,0
0,0,0,0,0
1,0,0.46,0.46,0
0,0,0,0,0
0,0,0,0,0
0,0,0,0,0
0,1,3.45,0,3.45
X,X,X,X,X
X,X,X,X,X
X,X,X,X,X
0,0,0,0,0
0,0,0,0,0
1,2,1.13,0.38,0.75
X,X,X,X,X
2,2,0.41,0.2,0.2
0,0,0,0,0
1,2,0.73,0.24,0.49
0,0,0,0,0
X,X,X,X,X
5,3,3.24,2.02,1.21
0,0,0,0,0
0,0,0,0,0
11,10,1.66,0.87,0.79
0,0,0,0,0
0,1,2.38,0,2.38
0,0,0,0,0
0,0,0,0,0
0,1,0.15,0,0.15
2,1,0.29,0.19,0.1
X,X,X,X,X
X,X,X,X,X
X,X,X,X,X
X,X,X,X,X
3,1,2.41,1.81,0.6
X,X,X,X,X
0,0,0,0,0
0,0,0,0,0
1,0,0.11,0.11,0
2,1,0.26,0.17,0.09
0,0,0,0,0
X,X,X,X,X
X,X,X,X,X
2,1,0.71,0.47,0.24
0,2,0.56,0,0.56
0,0,0,0,0
0,0,0,0,0
0,0,0,0,0
0,0,0,0,0
0,0,0,0,0
0,0,0,0,0
0,0,0,0,0
0,0,0,0,0
0,0,0,0,0
0,0,0,0,0
0,1,0.21,0,0.21
0,0,0,0,0
0,0,0,0,0
1,0,2.78,2.78,0
1,0,0.31,0.31,0
0,0,0,0,0
0,0,0,0,0
X,X,X,X,X
X,X,X,X,X
X,X,X,X,X
1,1,1.1,0.55,0.55
1,3,0.27,0.07,0.2
0,0,0,0,0
X,X,X,X,X
3,2,0.49,0.3,0.2
0,0,0,0,0
2,1,0.75,0.5,0.25
0,0,0,0,0
X,X,X,X,X
3,2,2.37,1.42,0.95
0,0,0,0,0
0,0,0,0,0
3,8,0.88,0.24,0.64
0,0,0,0,0
0,1,2.04,0,2.04
0,0,0,0,0
0,0,0,0,0
1,0,0.14,0.14,0
2,2,0.43,0.21,0.21
X,X,X,X,X
X,X,X,X,X
X,X,X,X,X
X,X,X,X,X
0,0,0,0,0
X,X,X,X,X
0,0,0,0,0
0,0,0,0,0
1,0,0.12,0.12,0
1,0,0.08,0.08,0
0,0,0,0,0
X,X,X,X,X
X,X,X,X,X
1,0,0.24,0.24,0
1,0,0.29,0.29,0
1,0,0.21,0.21,0
0,0,0,0,0
0,1,1.25,0,1.25
0,0,0,0,0
0,0,0,0,0
0,0,0,0,0
0,0,0,0,0
0,0,0,0,0
0,0,0,0,0
0,0,0,0,0
0,0,0,0,0
0,0,0,0,0
0,0,0,0,0
0,0,0,0,0
0,0,0,0,0
0,0,0,0,0
0,0,0,0,0
X,X,X,X,X
X,X,X,X,X
X,X,X,X,X
0,0,0,0,0
1,2,0.21,0.07,0.14
0,1,0.37,0,0.37
X,X,X,X,X
3,4,0.72,0.31,0.41
0,0,0,0,0
2,1,0.67,0.44,0.22
0,0,0,0,0
X,X,X,X,X
0,4,1.46,0,1.46
0,0,0,0,0
0,0,0,0,0
4,7,0.95,0.34,0.6
0,0,0,0,0
0,0,0,0,0
0,0,0,0,0
0,0,0,0,0
0,0,0,0,0
3,1,0.31,0.24,0.08
X,X,X,X,X
X,X,X,X,X
X,X,X,X,X
X,X,X,X,X
0,0,0,0,0
X,X,X,X,X
0,1,0.64,0,0.64
0,0,0,0,0
5,3,0.81,0.51,0.3
0,1,0.05,0,0.05
0,0,0,0,0
X,X,X,X,X
X,X,X,X,X
3,0,0.61,0.61,0
1,0,0.26,0.26,0
0,0,0,0,0
0,0,0,0,0
0,0,0,0,0
0,0,0,0,0
0,0,0,0,0
0,0,0,0,0
0,0,0,0,0
0,0,0,0,0
0,0,0,0,0
0,0,0,0,0
0,0,0,0,0
0,0,0,0,0
1,0,0.31,0.31,0
0,0,0,0,0
0,0,0,0,0
0,0,0,0,0
0,0,0,0,0
X,X,X,X,X
X,X,X,X,X
X,X,X,X,X
0,0,0,0,0
0,0,0,0,0
0,0,0,0,0
X,X,X,X,X
3,0,0.25,0.25,0
0,0,0,0,0
0,1,0.15,0,0.15
0,0,0,0,0
X,X,X,X,X
3,2,1.59,0.96,0.64
0,0,0,0,0
0,0,0,0,0
5,8,0.93,0.36,0.57
0,1,0.41,0,0.41
X,X,X,X,X
0,0,0,0,0
1,1,0.44,0.22,0.22
0,1,0.14,0,0.14
0,0,0,0,0
X,X,X,X,X
X,X,X,X,X
X,X,X,X,X
X,X,X,X,X
2,0,0.9,0.9,0
X,X,X,X,X
0,0,0,0,0
0,0,0,0,0
0,2,0.21,0,0.21
0,0,0,0,0
0,0,0,0,0
X,X,X,X,X
X,X,X,X,X
0,0,0,0,0
5,5,2.58,1.29,1.29
0,0,0,0,0
0,0,0,0,0
1,0,1.04,1.04,0
0,0,0,0,0
0,0,0,0,0
0,0,0,0,0
0,0,0,0,0
0,0,0,0,0
0,0,0,0,0
0,0,0,0,0
0,0,0,0,0
1,0,0.12,0.12,0
0,0,0,0,0
0,0,0,0,0
0,0,0,0,0
0,0,0,0,0
0,0,0,0,0
X,X,X,X,X
X,X,X,X,X
X,X,X,X,X
0,0,0,0,0
2,0,0.09,0.09,0
0,0,0,0,0
X,X,X,X,X
5,1,0.37,0.31,0.06
0,0,0,0,0
1,1,0.16,0.08,0.08
0,0,0,0,0
X,X,X,X,X
3,4,1.76,0.76,1.01
0,0,0,0,0
0,0,0,0,0
4,10,0.84,0.24,0.6
0,0,0,0,0
0,0,0,0,0
0,0,0,0,0
0,0,0,0,0
1,1,0.29,0.14,0.14
4,1,0.08,0.07,0.02
X,X,X,X,X
X,X,X,X,X
X,X,X,X,X
X,X,X,X,X
0,0,0,0,0
X,X,X,X,X
0,0,0,0,0
0,0,0,0,0
6,3,0.18,0.12,0.06
0,0,0,0,0
0,0,0,0,0
X,X,X,X,X
X,X,X,X,X
1,1,0.48,0.24,0.24
1,5,1.46,0.24,1.21
0,0,0,0,0
0,1,1.64,0,1.64
2,0,2.33,2.33,0
0,0,0,0,0
0,0,0,0,0
0,0,0,0,0
0,0,0,0,0
0,0,0,0,0
0,0,0,0,0
0,0,0,0,0
1,0,0.15,0.15,0
0,0,0,0,0
0,0,0,0,0
0,0,0,0,0
0,1,0.13,0,0.13
0,0,0,0,0
0,0,0,0,0
X,X,X,X,X
X,X,X,X,X
X,X,X,X,X
0,0,0,0,0
1,0,0.03,0.03,0
0,0,0,0,0
X,X,X,X,X
2,1,0.17,0.12,0.06
0,0,0,0,0
1,3,0.23,0.06,0.17
0,0,0,0,0
X,X,X,X,X
2,3,1.28,0.51,0.77
0,0,0,0,0
0,0,0,0,0
9,16,1.28,0.46,0.82
2,1,0.93,0.62,0.31
0,1,5,0,5
0,0,0,0,0
0,0,0,0,0
0,3,0.39,0,0.39
2,5,0.11,0.03,0.08
X,X,X,X,X
X,X,X,X,X
X,X,X,X,X
X,X,X,X,X
2,1,1.11,0.74,0.37
X,X,X,X,X
0,1,0.53,0,0.53
0,1,0.54,0,0.54
3,1,0.06,0.04,0.01
0,1,0.04,0,0.04
0,0,0,0,0
X,X,X,X,X
X,X,X,X,X
2,2,1.03,0.51,0.51
0,4,1.19,0,1.19
0,0,0,0,0
1,1,2.99,1.49,1.49
2,1,3.66,2.44,1.22
0,0,0,0,0
0,0,0,0,0
0,0,0,0,0
0,1,0.23,0,0.23
0,0,0,0,0
0,0,0,0,0
0,0,0,0,0
1,1,0.23,0.11,0.11
1,0,0.13,0.13,0
0,0,0,0,0
0,2,4.35,0,4.35
0,0,0,0,0
0,0,0,0,0
0,0,0,0,0
X,X,X,X,X
X,X,X,X,X
X,X,X,X,X
1,0,0.39,0.39,0
0,1,0.03,0,0.03
1,1,0.71,0.35,0.35
X,X,X,X,X
9,1,0.49,0.44,0.05
0,0,0,0,0
0,0,0,0,0
0,0,0,0,0
X,X,X,X,X
3,6,2.05,0.68,1.37
0,0,0,0,0
0,0,0,0,0
5,23,1.35,0.24,1.11
0,0,0,0,0
0,0,0,0,0
0,0,0,0,0
1,0,0.13,0.13,0
0,2,0.23,0,0.23
1,3,0.06,0.02,0.05
X,X,X,X,X
X,X,X,X,X
X,X,X,X,X
X,X,X,X,X
0,0,0,0,0
X,X,X,X,X
0,0,0,0,0
0,0,0,0,0
1,0,0.02,0.02,0
0,0,0,0,0
0,0,0,0,0
X,X,X,X,X
X,X,X,X,X
2,0,0.38,0.38,0
1,5,1.32,0.22,1.1
1,0,0.22,0.22,0
0,1,1,0,1
0,0,0,0,0
1,0,0.2,0.2,0
0,0,0,0,0
0,0,0,0,0
0,0,0,0,0
0,0,0,0,0
0,0,0,0,0
0,0,0,0,0
0,0,0,0,0
1,1,0.2,0.1,0.1
0,0,0,0,0
0,0,0,0,0
0,0,0,0,0
0,0,0,0,0
0,0,0,0,0
X,X,X,X,X
X,X,X,X,X
X,X,X,X,X
0,0,0,0,0
0,1,0.03,0,0.03
0,0,0,0,0
X,X,X,X,X
0,0,0,0,0
1,0,0.11,0.11,0
0,0,0,0,0
0,0,0,0,0
X,X,X,X,X
6,5,2.74,1.5,1.25
0,0,0,0,0
0,0,0,0,0
3,18,1.19,0.17,1.02
0,0,0,0,0
0,0,0,0,0
0,0,0,0,0
0,0,0,0,0
0,1,0.11,0,0.11
2,4,0.11,0.04,0.07
X,X,X,X,X
X,X,X,X,X
X,X,X,X,X
X,X,X,X,X
1,1,0.72,0.36,0.36
X,X,X,X,X
0,0,0,0,0
0,1,0.54,0,0.54
1,5,0.08,0.01,0.07
0,2,0.06,0,0.06
0,0,0,0,0
X,X,X,X,X
X,X,X,X,X
2,3,0.9,0.36,0.54
3,5,1.19,0.45,0.74
1,1,0.31,0.15,0.15
0,2,1.85,0,1.85
1,0,1.33,1.33,0
0,0,0,0,0
0,0,0,0,0
0,1,1.02,0,1.02
0,0,0,0,0
0,0,0,0,0
0,0,0,0,0
0,2,0.27,0,0.27
2,1,0.23,0.15,0.08
1,0,0.08,0.08,0
0,0,0,0,0
0,0,0,0,0
0,2,0.14,0,0.14
0,0,0,0,0
0,0,0,0,0
X,X,X,X,X
X,X,X,X,X
X,X,X,X,X
0,0,0,0,0
0,0,0,0,0
0,3,0.74,0,0.74
X,X,X,X,X
3,0,0.19,0.19,0
0,1,0.2,0,0.2
2,2,0.14,0.07,0.07
0,0,0,0,0
X,X,X,X,X
4,3,1.34,0.76,0.57
0,0,0,0,0
0,0,0,0,0
7,29,1.91,0.37,1.54
1,1,0.6,0.3,0.3
0,0,0,0,0
0,0,0,0,0
0,0,0,0,0
0,0,0,0,0
0,0,0,0,0
X,X,X,X,X
X,X,X,X,X
X,X,X,X,X
X,X,X,X,X
3,5,2.1,0.79,1.31
X,X,X,X,X
0,0,0,0,0
1,1,1.04,0.52,0.52
1,7,0.1,0.01,0.08
0,1,0.05,0,0.05
0,0,0,0,0
X,X,X,X,X
X,X,X,X,X
0,1,0.22,0,0.22
2,5,0.62,0.18,0.44
0,0,0,0,0
0,0,0,0,0
1,0,1.52,1.52,0
0,0,0,0,0
0,0,0,0,0
1,0,0.56,0.56,0
0,0,0,0,0
0,0,0,0,0
0,0,0,0,0
0,0,0,0,0
0,0,0,0,0
0,0,0,0,0
0,0,0,0,0
0,0,0,0,0
0,1,0.05,0,0.05
0,0,0,0,0
0,0,0,0,0
X,X,X,X,X
X,X,X,X,X
X,X,X,X,X
0,0,0,0,0
1,2,0.08,0.03,0.05
0,1,0.28,0,0.28
X,X,X,X,X
4,1,0.29,0.23,0.06
0,0,0,0,0
1,4,0.19,0.04,0.15
0,0,0,0,0
X,X,X,X,X
2,1,0.83,0.55,0.28
0,0,0,0,0
0,0,0,0,0
4,41,2.17,0.19,1.97
0,0,0,0,0
0,0,0,0,0
0,0,0,0,0
0,1,0.22,0,0.22
1,1,0.25,0.12,0.12
2,3,0.09,0.04,0.05
X,X,X,X,X
X,X,X,X,X
X,X,X,X,X
X,X,X,X,X
0,2,0.56,0,0.56
X,X,X,X,X
0,0,0,0,0
0,1,0.48,0,0.48
5,2,0.08,0.06,0.02
0,0,0,0,0
0,0,0,0,0
X,X,X,X,X
X,X,X,X,X
7,2,2.1,1.63,0.47
2,5,0.59,0.17,0.42
0,0,0,0,0
1,0,1.02,1.02,0
0,0,0,0,0
0,0,0,0,0
0,0,0,0,0
0,0,0,0,0
0,0,0,0,0
0,0,0,0,0
0,0,0,0,0
0,1,0.15,0,0.15
1,0,0.1,0.1,0
0,0,0,0,0
1,1,0.45,0.22,0.22
0,1,2.33,0,2.33
0,2,0.1,0,0.1
0,0,0,0,0
0,0,0,0,0
X,X,X,X,X
X,X,X,X,X
X,X,X,X,X
0,0,0,0,0
0,0,0,0,0
0,2,0.53,0,0.53
X,X,X,X,X
0,0,0,0,0
0,0,0,0,0
0,0,0,0,0
0,0,0,0,0
X,X,X,X,X
2,1,0.95,0.63,0.32
0,0,0,0,0
0,0,0,0,0
12,54,3,0.55,2.46
0,0,0,0,0
0,2,0.97,0,0.97
0,0,0,0,0
0,0,0,0,0
2,3,0.56,0.23,0.34
1,2,0.06,0.02,0.04
X,X,X,X,X
X,X,X,X,X
X,X,X,X,X
X,X,X,X,X
1,1,0.75,0.37,0.37
X,X,X,X,X
0,0,0,0,0
0,1,0.69,0,0.69
5,1,0.09,0.07,0.01
0,0,0,0,0
0,0,0,0,0
X,X,X,X,X
X,X,X,X,X
1,1,0.47,0.23,0.23
3,7,0.88,0.26,0.62
0,0,0,0,0
0,1,1.04,0,1.04
0,2,3.08,0,3.08
0,0,0,0,0
0,0,0,0,0
0,0,0,0,0
0,0,0,0,0
0,0,0,0,0
0,0,0,0,0
1,0,0.16,0.16,0
0,0,0,0,0
0,2,0.18,0,0.18
1,0,0.23,0.23,0
0,0,0,0,0
0,0,0,0,0
0,0,0,0,0
1,1,3.92,1.96,1.96
X,X,X,X,X
X,X,X,X,X
X,X,X,X,X
0,0,0,0,0
1,1,0.05,0.03,0.03
0,0,0,0,0
X,X,X,X,X
5,2,0.59,0.42,0.17
0,0,0,0,0
1,3,0.17,0.04,0.13
1,0,0.28,0.28,0
X,X,X,X,X
2,1,1.05,0.7,0.35
0,0,0,0,0
0,0,0,0,0
11,35,2.16,0.52,1.64
0,0,0,0,0
0,0,0,0,0
0,0,0,0,0
0,0,0,0,0
0,5,0.6,0,0.6
0,3,0.07,0,0.07
X,X,X,X,X
X,X,X,X,X
X,X,X,X,X
X,X,X,X,X
1,3,0.99,0.25,0.74
X,X,X,X,X
0,0,0,0,0
0,1,0.54,0,0.54
10,1,0.16,0.15,0.01
0,1,0.07,0,0.07
0,0,0,0,0
X,X,X,X,X
X,X,X,X,X
0,0,0,0,0
6,7,0.96,0.44,0.52
0,0,0,0,0
0,0,0,0,0
0,1,1.28,0,1.28
0,0,0,0,0
0,0,0,0,0
0,0,0,0,0
0,0,0,0,0
0,1,1.19,0,1.19
0,0,0,0,0
1,0,0.13,0.13,0
0,1,0.11,0,0.11
2,0,0.17,0.17,0
0,0,0,0,0
0,0,0,0,0
0,0,0,0,0
0,0,0,0,0
0,0,0,0,0
X,X,X,X,X
X,X,X,X,X
X,X,X,X,X
1,0,0.04,0.04,0
1,1,0.05,0.02,0.02
0,0,0,0,0
X,X,X,X,X
0,0,0,0,0
0,0,0,0,0
1,1,0.08,0.04,0.04
0,0,0,0,0
X,X,X,X,X
3,0,0.83,0.83,0
0,0,0,0,0
1,0,2.86,2.86,0
7,54,2.45,0.28,2.17
0,0,0,0,0
0,0,0,0,0
0,0,0,0,0
0,1,0.2,0,0.2
0,0,0,0,0
0,0,0,0,0
X,X,X,X,X
X,X,X,X,X
X,X,X,X,X
X,X,X,X,X
2,3,1,0.4,0.6
X,X,X,X,X
0,0,0,0,0
0,0,0,0,0
4,4,0.1,0.05,0.05
0,0,0,0,0
0,0,0,0,0
X,X,X,X,X
X,X,X,X,X
2,0,0.46,0.46,0
2,3,0.45,0.18,0.27
0,0,0,0,0
0,2,1.83,0,1.83
0,1,1.22,0,1.22
0,0,0,0,0
0,0,0,0,0
0,0,0,0,0
0,0,0,0,0
0,0,0,0,0
0,0,0,0,0
0,0,0,0,0
0,0,0,0,0
0,1,0.08,0,0.08
0,0,0,0,0
0,0,0,0,0
0,1,0.05,0,0.05
0,0,0,0,0
0,0,0,0,0
X,X,X,X,X
X,X,X,X,X
X,X,X,X,X
0,0,0,0,0
1,1,0.04,0.02,0.02
0,0,0,0,0
X,X,X,X,X
0,1,0.07,0,0.07
0,0,0,0,0
2,2,0.15,0.07,0.07
0,0,0,0,0
X,X,X,X,X
3,0,0.81,0.81,0
0,0,0,0,0
0,0,0,0,0
11,75,3.26,0.42,2.84
0,0,0,0,0
0,0,0,0,0
0,0,0,0,0
0,0,0,0,0
0,1,0.1,0,0.1
1,0,0.02,0.02,0
X,X,X,X,X
X,X,X,X,X
X,X,X,X,X
X,X,X,X,X
4,4,1.98,0.99,0.99
X,X,X,X,X
0,0,0,0,0
0,0,0,0,0
2,0,0.02,0.02,0
0,0,0,0,0
0,0,0,0,0
X,X,X,X,X
X,X,X,X,X
1,0,0.23,0.23,0
0,1,0.09,0,0.09
0,0,0,0,0
0,1,1.11,0,1.11
0,1,1.67,0,1.67
0,0,0,0,0
0,0,0,0,0
0,0,0,0,0
0,0,0,0,0
0,0,0,0,0
0,0,0,0,0
1,0,0.15,0.15,0
0,0,0,0,0
0,0,0,0,0
0,0,0,0,0
0,0,0,0,0
0,0,0,0,0
0,0,0,0,0
0,0,0,0,0
X,X,X,X,X
X,X,X,X,X
X,X,X,X,X
3,0,0.12,0.12,0
0,0,0,0,0
0,0,0,0,0
X,X,X,X,X
0,1,0.06,0,0.06
0,0,0,0,0
0,2,0.08,0,0.08
0,0,0,0,0
X,X,X,X,X
3,1,0.99,0.74,0.25
0,0,0,0,0
0,0,0,0,0
6,33,1.86,0.29,1.58
X,X,X,X,X
0,0,0,0,0
0,0,0,0,0
0,0,0,0,0
2,4,0.67,0.22,0.44
0,0,0,0,0
X,X,X,X,X
X,X,X,X,X
X,X,X,X,X
X,X,X,X,X
1,7,1.81,0.23,1.59
X,X,X,X,X
0,0,0,0,0
0,0,0,0,0
1,0,0.01,0.01,0
0,0,0,0,0
0,0,0,0,0
X,X,X,X,X
X,X,X,X,X
1,2,0.69,0.23,0.46
2,2,0.39,0.2,0.2
0,0,0,0,0
0,0,0,0,0
0,1,1.75,0,1.75
0,0,0,0,0
0,0,0,0,0
0,0,0,0,0
0,0,0,0,0
0,0,0,0,0
0,0,0,0,0
0,1,0.14,0,0.14
0,1,0.11,0,0.11
0,0,0,0,0
0,0,0,0,0
0,0,0,0,0
1,0,0.07,0.07,0
0,0,0,0,0
0,0,0,0,0
X,X,X,X,X
X,X,X,X,X
X,X,X,X,X
0,0,0,0,0
1,0,0.03,0.03,0
0,0,0,0,0
X,X,X,X,X
0,0,0,0,0
0,1,0.16,0,0.16
0,1,0.04,0,0.04
1,0,0.15,0.15,0
X,X,X,X,X
3,1,1.02,0.77,0.26
0,0,0,0,0
0,0,0,0,0
8,41,2.35,0.38,1.96
X,X,X,X,X
0,0,0,0,0
0,0,0,0,0
0,0,0,0,0
0,1,0.1,0,0.1
2,2,0.1,0.05,0.05
X,X,X,X,X
X,X,X,X,X
X,X,X,X,X
X,X,X,X,X
1,1,0.56,0.28,0.28
X,X,X,X,X
0,0,0,0,0
0,0,0,0,0
0,1,0.02,0,0.02
0,0,0,0,0
0,0,0,0,0
X,X,X,X,X
X,X,X,X,X
0,2,0.51,0,0.51
2,8,1.02,0.2,0.82
0,0,0,0,0
0,0,0,0,0
0,0,0,0,0
0,0,0,0,0
0,0,0,0,0
0,0,0,0,0
0,0,0,0,0
0,0,0,0,0
0,0,0,0,0
2,1,0.43,0.29,0.14
0,0,0,0,0
0,1,0.09,0,0.09
0,0,0,0,0
0,0,0,0,0
0,1,0.07,0,0.07
0,0,0,0,0
0,0,0,0,0
X,X,X,X,X
X,X,X,X,X
X,X,X,X,X
0,0,0,0,0
0,0,0,0,0
0,1,0.56,0,0.56
X,X,X,X,X
0,0,0,0,0
0,0,0,0,0
1,2,0.12,0.04,0.08
0,0,0,0,0
X,X,X,X,X
1,0,0.27,0.27,0
0,0,0,0,0
0,1,3.33,0,3.33
2,28,1.4,0.09,1.31
X,X,X,X,X
0,0,0,0,0
0,0,0,0,0
0,0,0,0,0
1,1,0.23,0.12,0.12
0,2,0.06,0,0.06
X,X,X,X,X
X,X,X,X,X
X,X,X,X,X
X,X,X,X,X
1,0,0.35,0.35,0
X,X,X,X,X
0,0,0,0,0
0,0,0,0,0
2,2,0.06,0.03,0.03
0,0,0,0,0
0,0,0,0,0
X,X,X,X,X
X,X,X,X,X
1,1,0.64,0.32,0.32
5,2,0.62,0.44,0.18
0,0,0,0,0
1,0,1.37,1.37,0
0,1,1.69,0,1.69
0,0,0,0,0
0,0,0,0,0
0,0,0,0,0
0,0,0,0,0
0,0,0,0,0
0,0,0,0,0
0,0,0,0,0
0,0,0,0,0
0,0,0,0,0
1,1,0.84,0.42,0.42
0,0,0,0,0
0,1,0.05,0,0.05
0,0,0,0,0
0,0,0,0,0
X,X,X,X,X
X,X,X,X,X
X,X,X,X,X
0,0,0,0,0
0,0,0,0,0
0,0,0,0,0
X,X,X,X,X
0,0,0,0,0
0,0,0,0,0
1,1,0.08,0.04,0.04
0,0,0,0,0
X,X,X,X,X
2,0,0.46,0.46,0
0,0,0,0,0
0,0,0,0,0
4,41,2.17,0.19,1.97
X,X,X,X,X
0,0,0,0,0
0,0,0,0,0
0,0,0,0,0
0,0,0,0,0
2,3,0.16,0.06,0.09
X,X,X,X,X
X,X,X,X,X
X,X,X,X,X
X,X,X,X,X
1,2,0.93,0.31,0.62
X,X,X,X,X
0,0,0,0,0
0,2,1.35,0,1.35
2,2,0.07,0.03,0.03
0,0,0,0,0
0,0,0,0,0
X,X,X,X,X
X,X,X,X,X
0,1,0.33,0,0.33
2,1,0.3,0.2,0.1
0,0,0,0,0
0,0,0,0,0
0,0,0,0,0
0,1,0.29,0,0.29
0,0,0,0,0
0,0,0,0,0
0,0,0,0,0
0,0,0,0,0
0,0,0,0,0
0,0,0,0,0
0,1,0.13,0,0.13
1,1,0.17,0.08,0.08
0,0,0,0,0
0,1,3.7,0,3.7
0,1,0.06,0,0.06
0,0,0,0,0
0,0,0,0,0
X,X,X,X,X
X,X,X,X,X
X,X,X,X,X
1,0,0.05,0.05,0
0,0,0,0,0
0,1,0.8,0,0.8
X,X,X,X,X
0,0,0,0,0
0,0,0,0,0
0,0,0,0,0
0,0,0,0,0
X,X,X,X,X
0,1,0.28,0,0.28
0,0,0,0,0
0,0,0,0,0
3,16,1.01,0.16,0.85
X,X,X,X,X
0,1,0.53,0,0.53
0,0,0,0,0
0,0,0,0,0
0,1,0.1,0,0.1
1,2,0.09,0.03,0.06
X,X,X,X,X
X,X,X,X,X
X,X,X,X,X
X,X,X,X,X
0,0,0,0,0
X,X,X,X,X
0,0,0,0,0
0,0,0,0,0
1,6,0.12,0.02,0.11
0,0,0,0,0
0,0,0,0,0
X,X,X,X,X
X,X,X,X,X
0,0,0,0,0
3,1,0.43,0.33,0.11
0,1,0.34,0,0.34
0,0,0,0,0
0,1,1.79,0,1.79
0,0,0,0,0
0,0,0,0,0
0,0,0,0,0
0,0,0,0,0
0,0,0,0,0
0,0,0,0,0
1,1,0.34,0.17,0.17
1,0,0.14,0.14,0
0,0,0,0,0
0,0,0,0,0
0,1,7.14,0,7.14
0,0,0,0,0
0,0,0,0,0
0,0,0,0,0
X,X,X,X,X
X,X,X,X,X
X,X,X,X,X
1,0,0.06,0.06,0
0,0,0,0,0
0,0,0,0,0
X,X,X,X,X
0,1,0.08,0,0.08
0,0,0,0,0
0,3,0.15,0,0.15
1,0,0.2,0.2,0
X,X,X,X,X
0,0,0,0,0
0,0,0,0,0
0,0,0,0,0
8,6,1.12,0.64,0.48
X,X,X,X,X
0,0,0,0,0
0,0,0,0,0
0,0,0,0,0
0,0,0,0,0
1,0,0.03,0.03,0
X,X,X,X,X
X,X,X,X,X
X,X,X,X,X
X,X,X,X,X
0,0,0,0,0
X,X,X,X,X
0,0,0,0,0
0,0,0,0,0
0,3,0.05,0,0.05
1,0,0.09,0.09,0
0,0,0,0,0
X,X,X,X,X
X,X,X,X,X
1,0,0.32,0.32,0
1,1,0.23,0.11,0.11
0,0,0,0,0
0,0,0,0,0
0,0,0,0,0
0,0,0,0,0
0,0,0,0,0
0,0,0,0,0
0,0,0,0,0
0,0,0,0,0
0,0,0,0,0
0,0,0,0,0
0,0,0,0,0
1,0,0.11,0.11,0
0,2,0.37,0,0.37
0,0,0,0,0
0,1,0.05,0,0.05
0,0,0,0,0
0,0,0,0,0
X,X,X,X,X
X,X,X,X,X
X,X,X,X,X
1,2,0.15,0.05,0.1
0,1,0.03,0,0.03
0,1,0.97,0,0.97
X,X,X,X,X
0,1,0.08,0,0.08
0,0,0,0,0
1,1,0.1,0.05,0.05
0,0,0,0,0
X,X,X,X,X
4,3,2.34,1.34,1
0,0,0,0,0
0,0,0,0,0
1,6,0.41,0.06,0.35
X,X,X,X,X
0,0,0,0,0
0,0,0,0,0
0,0,0,0,0
0,0,0,0,0
2,2,0.13,0.06,0.06
X,X,X,X,X
X,X,X,X,X
X,X,X,X,X
X,X,X,X,X
2,0,0.83,0.83,0
X,X,X,X,X
0,0,0,0,0
0,0,0,0,0
0,4,0.06,0,0.06
0,0,0,0,0
0,0,0,0,0
X,X,X,X,X
X,X,X,X,X
1,0,0.3,0.3,0
1,3,0.42,0.11,0.32
0,0,0,0,0
0,0,0,0,0
1,2,4.29,1.43,2.86
0,0,0,0,0
0,0,0,0,0
0,0,0,0,0
0,0,0,0,0
0,0,0,0,0
0,1,0.87,0,0.87
0,1,0.15,0,0.15
0,0,0,0,0
0,0,0,0,0
0,0,0,0,0
0,0,0,0,0
1,0,0.06,0.06,0
0,0,0,0,0
0,0,0,0,0
X,X,X,X,X
X,X,X,X,X
X,X,X,X,X
1,1,0.1,0.05,0.05
0,0,0,0,0
0,0,0,0,0
X,X,X,X,X
2,0,0.16,0.16,0
0,0,0,0,0
1,0,0.05,0.05,0
0,0,0,0,0
X,X,X,X,X
3,2,1.44,0.86,0.58
0,0,0,0,0
0,0,0,0,0
1,1,0.12,0.06,0.06
X,X,X,X,X
0,0,0,0,0
0,0,0,0,0
0,0,0,0,0
0,0,0,0,0
0,2,0.07,0,0.07
X,X,X,X,X
X,X,X,X,X
X,X,X,X,X
X,X,X,X,X
3,0,1.33,1.33,0
X,X,X,X,X
0,0,0,0,0
0,0,0,0,0
0,1,0.02,0,0.02
0,0,0,0,0
0,0,0,0,0
X,X,X,X,X
X,X,X,X,X
3,1,0.95,0.71,0.24
1,2,0.35,0.12,0.24
0,0,0,0,0
0,0,0,0,0
0,1,1.18,0,1.18
0,0,0,0,0
0,0,0,0,0
0,0,0,0,0
0,0,0,0,0
0,0,0,0,0
0,0,0,0,0
0,0,0,0,0
0,3,0.33,0,0.33
0,0,0,0,0
1,1,0.36,0.18,0.18
0,0,0,0,0
0,0,0,0,0
0,0,0,0,0
0,0,0,0,0
X,X,X,X,X
X,X,X,X,X
X,X,X,X,X
3,2,0.24,0.14,0.1
0,0,0,0,0
0,0,0,0,0
X,X,X,X,X
0,0,0,0,0
0,0,0,0,0
1,0,0.04,0.04,0
0,0,0,0,0
X,X,X,X,X
0,0,0,0,0
0,0,0,0,0
0,0,0,0,0
1,7,0.48,0.06,0.42
X,X,X,X,X
0,0,0,0,0
0,0,0,0,0
0,0,0,0,0
0,0,0,0,0
0,1,0.04,0,0.04
X,X,X,X,X
X,X,X,X,X
X,X,X,X,X
X,X,X,X,X
0,0,0,0,0
X,X,X,X,X
0,0,0,0,0
1,0,0.56,0.56,0
2,1,0.05,0.03,0.02
0,0,0,0,0
0,0,0,0,0
0,0,0,0,0
X,X,X,X,X
4,1,1.27,1.01,0.25
2,1,0.34,0.23,0.11
1,0,0.4,0.4,0
0,1,1.39,0,1.39
0,0,0,0,0
0,0,0,0,0
0,0,0,0,0
1,1,2.9,1.45,1.45
0,0,0,0,0
0,0,0,0,0
0,0,0,0,0
0,1,0.16,0,0.16
2,2,0.47,0.24,0.24
0,0,0,0,0
0,0,0,0,0
2,0,7.41,7.41,0
0,1,0.06,0,0.06
0,0,0,0,0
0,0,0,0,0
X,X,X,X,X
X,X,X,X,X
X,X,X,X,X
1,0,0.05,0.05,0
0,1,0.03,0,0.03
0,0,0,0,0
X,X,X,X,X
0,1,0.08,0,0.08
0,0,0,0,0
1,1,0.08,0.04,0.04
0,0,0,0,0
X,X,X,X,X
0,0,0,0,0
0,0,0,0,0
0,0,0,0,0
6,5,0.66,0.36,0.3
X,X,X,X,X
0,0,0,0,0
0,0,0,0,0
0,0,0,0,0
0,0,0,0,0
2,2,0.14,0.07,0.07
X,X,X,X,X
X,X,X,X,X
X,X,X,X,X
X,X,X,X,X
1,3,1.87,0.47,1.4
X,X,X,X,X
0,0,0,0,0
0,0,0,0,0
0,0,0,0,0
0,0,0,0,0
0,0,0,0,0
0,0,0,0,0
X,X,X,X,X
2,1,0.5,0.33,0.17
0,1,0.11,0,0.11
1,0,0.38,0.38,0
0,0,0,0,0
1,0,1.25,1.25,0
0,0,0,0,0
0,0,0,0,0
X,X,X,X,X
0,0,0,0,0
0,0,0,0,0
0,0,0,0,0
0,1,0.16,0,0.16
0,0,0,0,0
1,1,0.16,0.08,0.08
1,0,0.16,0.16,0
0,1,2.5,0,2.5
0,1,0.06,0,0.06
0,0,0,0,0
0,0,0,0,0
X,X,X,X,X
X,X,X,X,X
X,X,X,X,X
0,0,0,0,0
0,0,0,0,0
0,0,0,0,0
X,X,X,X,X
0,0,0,0,0
0,0,0,0,0
1,0,0.04,0.04,0
0,0,0,0,0
X,X,X,X,X
0,0,0,0,0
0,0,0,0,0
0,0,0,0,0
3,3,0.32,0.16,0.16
X,X,X,X,X
0,0,0,0,0
0,0,0,0,0
0,0,0,0,0
1,1,0.32,0.16,0.16
1,3,0.14,0.04,0.11
X,X,X,X,X
X,X,X,X,X
X,X,X,X,X
X,X,X,X,X
2,0,0.92,0.92,0
X,X,X,X,X
0,0,0,0,0
0,0,0,0,0
0,0,0,0,0
0,0,0,0,0
0,0,0,0,0
0,0,0,0,0
X,X,X,X,X
2,0,0.44,0.44,0
1,3,0.5,0.12,0.37
0,0,0,0,0
0,0,0,0,0
0,0,0,0,0
0,0,0,0,0
0,0,0,0,0
0,0,0,0,0
0,0,0,0,0
0,0,0,0,0
0,0,0,0,0
0,0,0,0,0
0,0,0,0,0
0,1,0.08,0,0.08
0,0,0,0,0
0,0,0,0,0
0,0,0,0,0
0,0,0,0,0
0,0,0,0,0
X,X,X,X,X
X,X,X,X,X
X,X,X,X,X
0,1,0.05,0,0.05
0,0,0,0,0
0,0,0,0,0
X,X,X,X,X
0,0,0,0,0
0,0,0,0,0
1,0,0.04,0.04,0
1,0,0.15,0.15,0
X,X,X,X,X
2,0,0.67,0.67,0
0,0,0,0,0
0,0,0,0,0
1,2,0.16,0.05,0.11
X,X,X,X,X
0,1,0.6,0,0.6
0,0,0,0,0
0,0,0,0,0
1,0,0.16,0.16,0
1,0,0.04,0.04,0
X,X,X,X,X
X,X,X,X,X
X,X,X,X,X
X,X,X,X,X
2,1,1.41,0.94,0.47
X,X,X,X,X
0,0,0,0,0
0,0,0,0,0
2,1,0.19,0.13,0.06
0,0,0,0,0
0,0,0,0,0
X,X,X,X,X
X,X,X,X,X
1,0,0.16,0.16,0
4,4,0.84,0.42,0.42
0,0,0,0,0
0,0,0,0,0
0,0,0,0,0
0,0,0,0,0
0,0,0,0,0
0,0,0,0,0
0,0,0,0,0
0,0,0,0,0
0,0,0,0,0
0,0,0,0,0
0,0,0,0,0
0,0,0,0,0
0,0,0,0,0
0,0,0,0,0
0,1,0.07,0,0.07
0,0,0,0,0
0,0,0,0,0
X,X,X,X,X
X,X,X,X,X
X,X,X,X,X
0,1,0.05,0,0.05
0,0,0,0,0
0,1,0.95,0,0.95
X,X,X,X,X
0,0,0,0,0
0,0,0,0,0
1,0,0.04,0.04,0
0,0,0,0,0
X,X,X,X,X
0,0,0,0,0
0,0,0,0,0
0,0,0,0,0
0,4,0.2,0,0.2
X,X,X,X,X
0,0,0,0,0
0,0,0,0,0
0,0,0,0,0
0,1,0.13,0,0.13
0,0,0,0,0
X,X,X,X,X
X,X,X,X,X
X,X,X,X,X
X,X,X,X,X
1,0,0.4,0.4,0
X,X,X,X,X
0,0,0,0,0
0,0,0,0,0
0,1,0.07,0,0.07
0,0,0,0,0
0,0,0,0,0
X,X,X,X,X
X,X,X,X,X
2,0,0.27,0.27,0
1,3,0.42,0.11,0.32
0,0,0,0,0
0,0,0,0,0
0,0,0,0,0
0,0,0,0,0
0,2,0.45,0,0.45
0,0,0,0,0
0,0,0,0,0
0,0,0,0,0
0,0,0,0,0
0,0,0,0,0
0,0,0,0,0
2,0,0.41,0.41,0
0,0,0,0,0
0,0,0,0,0
0,0,0,0,0
0,0,0,0,0
0,0,0,0,0
X,X,X,X,X
X,X,X,X,X
X,X,X,X,X
0,0,0,0,0
0,1,0.03,0,0.03
X,X,X,X,X
X,X,X,X,X
0,0,0,0,0
0,0,0,0,0
0,0,0,0,0
0,1,0.15,0,0.15
X,X,X,X,X
0,0,0,0,0
0,0,0,0,0
0,1,3.57,0,3.57
1,1,0.11,0.05,0.05
X,X,X,X,X
0,1,0.53,0,0.53
0,0,0,0,0
0,0,0,0,0
0,0,0,0,0
1,2,0.12,0.04,0.08
X,X,X,X,X
X,X,X,X,X
X,X,X,X,X
X,X,X,X,X
1,0,0.43,0.43,0
X,X,X,X,X
0,0,0,0,0
0,0,0,0,0
0,2,0.11,0,0.11
0,0,0,0,0
0,0,0,0,0
X,X,X,X,X
X,X,X,X,X
0,1,0.16,0,0.16
2,3,0.56,0.22,0.34
0,0,0,0,0
0,0,0,0,0
0,0,0,0,0
0,0,0,0,0
0,0,0,0,0
0,0,0,0,0
0,0,0,0,0
0,0,0,0,0
0,0,0,0,0
0,1,0.14,0,0.14
0,0,0,0,0
0,0,0,0,0
0,0,0,0,0
0,0,0,0,0
1,0,0.07,0.07,0
0,0,0,0,0
0,0,0,0,0
X,X,X,X,X
X,X,X,X,X
X,X,X,X,X
0,0,0,0,0
0,0,0,0,0
X,X,X,X,X
X,X,X,X,X
0,0,0,0,0
0,0,0,0,0
1,0,0.04,0.04,0
0,0,0,0,0
X,X,X,X,X
2,0,0.5,0.5,0
0,0,0,0,0
0,0,0,0,0
0,5,0.26,0,0.26
X,X,X,X,X
0,0,0,0,0
0,0,0,0,0
0,0,0,0,0
0,0,0,0,0
4,4,0.37,0.18,0.18
X,X,X,X,X
X,X,X,X,X
X,X,X,X,X
X,X,X,X,X
1,0,0.49,0.49,0
X,X,X,X,X
0,0,0,0,0
0,0,0,0,0
1,0,0.05,0.05,0
0,0,0,0,0
0,0,0,0,0
X,X,X,X,X
X,X,X,X,X
1,0,0.21,0.21,0
3,4,0.73,0.31,0.42
1,0,0.46,0.46,0
0,0,0,0,0
0,0,0,0,0
0,0,0,0,0
0,0,0,0,0
0,0,0,0,0
0,0,0,0,0
0,0,0,0,0
0,0,0,0,0
0,0,0,0,0
0,0,0,0,0
0,0,0,0,0
0,0,0,0,0
0,0,0,0,0
0,0,0,0,0
0,0,0,0,0
0,0,0,0,0
X,X,X,X,X
X,X,X,X,X
X,X,X,X,X
0,0,0,0,0
0,0,0,0,0
X,X,X,X,X
X,X,X,X,X
0,0,0,0,0
0,0,0,0,0
0,1,0.04,0,0.04
0,0,0,0,0
X,X,X,X,X
0,0,0,0,0
0,0,0,0,0
0,0,0,0,0
4,2,0.31,0.21,0.1
X,X,X,X,X
0,1,0.58,0,0.58
0,0,0,0,0
0,0,0,0,0
0,0,0,0,0
5,2,0.33,0.24,0.1
X,X,X,X,X
X,X,X,X,X
X,X,X,X,X
X,X,X,X,X
0,0,0,0,0
X,X,X,X,X
0,0,0,0,0
0,0,0,0,0
0,1,0.05,0,0.05
0,0,0,0,0
0,0,0,0,0
X,X,X,X,X
X,X,X,X,X
4,3,2.05,1.17,0.88
1,5,0.65,0.11,0.54
0,0,0,0,0
0,0,0,0,0
0,0,0,0,0
0,0,0,0,0
0,0,0,0,0
0,0,0,0,0
0,0,0,0,0
0,0,0,0,0
0,0,0,0,0
0,0,0,0,0
2,0,0.28,0.28,0
0,0,0,0,0
0,0,0,0,0
0,0,0,0,0
0,0,0,0,0
0,0,0,0,0
0,0,0,0,0
X,X,X,X,X
X,X,X,X,X
X,X,X,X,X
0,0,0,0,0
0,0,0,0,0
0,0,0,0,0
X,X,X,X,X
0,0,0,0,0
0,0,0,0,0
0,0,0,0,0
0,1,0.27,0,0.27
X,X,X,X,X
0,0,0,0,0
0,0,0,0,0
0,0,0,0,0
3,1,0.2,0.15,0.05
X,X,X,X,X
0,3,2.31,0,2.31
0,0,0,0,0
0,0,0,0,0
0,0,0,0,0
0,1,0.05,0,0.05
X,X,X,X,X
X,X,X,X,X
X,X,X,X,X
X,X,X,X,X
2,0,0.94,0.94,0
X,X,X,X,X
0,0,0,0,0
0,0,0,0,0
0,0,0,0,0
0,0,0,0,0
0,0,0,0,0
X,X,X,X,X
X,X,X,X,X
3,2,1.24,0.74,0.5
4,5,0.91,0.4,0.51
0,1,0.5,0,0.5
0,1,1.56,0,1.56
1,0,1.61,1.61,0
0,0,0,0,0
0,0,0,0,0
0,0,0,0,0
0,0,0,0,0
0,0,0,0,0
0,0,0,0,0
0,1,0.14,0,0.14
1,0,0.16,0.16,0
0,0,0,0,0
0,0,0,0,0
0,0,0,0,0
0,0,0,0,0
0,0,0,0,0
0,0,0,0,0
X,X,X,X,X
X,X,X,X,X
X,X,X,X,X
0,0,0,0,0
0,0,0,0,0
0,0,0,0,0
X,X,X,X,X
0,0,0,0,0
0,0,0,0,0
0,0,0,0,0
0,0,0,0,0
X,X,X,X,X
1,1,0.54,0.27,0.27
0,0,0,0,0
0,0,0,0,0
2,1,0.17,0.11,0.06
X,X,X,X,X
1,0,1.1,1.1,0
0,0,0,0,0
0,0,0,0,0
0,0,0,0,0
1,1,0.1,0.05,0.05
X,X,X,X,X
X,X,X,X,X
X,X,X,X,X
X,X,X,X,X
1,0,0.41,0.41,0
X,X,X,X,X
0,0,0,0,0
0,0,0,0,0
1,2,0.21,0.07,0.14
0,0,0,0,0
0,0,0,0,0
X,X,X,X,X
X,X,X,X,X
6,1,1.51,1.29,0.22
3,4,0.93,0.4,0.53
1,0,0.6,0.6,0
1,0,1.16,1.16,0
0,0,0,0,0
0,0,0,0,0
0,0,0,0,0
0,0,0,0,0
0,0,0,0,0
0,0,0,0,0
0,0,0,0,0
0,0,0,0,0
0,0,0,0,0
0,0,0,0,0
0,0,0,0,0
0,1,4.76,0,4.76
0,0,0,0,0
0,0,0,0,0
0,0,0,0,0
X,X,X,X,X
X,X,X,X,X
X,X,X,X,X
1,1,0.1,0.05,0.05
0,0,0,0,0
1,0,0.98,0.98,0
X,X,X,X,X
0,0,0,0,0
0,0,0,0,0
0,0,0,0,0
0,0,0,0,0
X,X,X,X,X
1,0,0.3,0.3,0
0,0,0,0,0
0,1,4,0,4
1,3,0.19,0.05,0.15
X,X,X,X,X
0,0,0,0,0
0,0,0,0,0
0,0,0,0,0
0,0,0,0,0
3,7,0.55,0.17,0.39
X,X,X,X,X
X,X,X,X,X
X,X,X,X,X
X,X,X,X,X
0,1,0.41,0,0.41
X,X,X,X,X
0,0,0,0,0
0,0,0,0,0
0,0,0,0,0
0,1,0.09,0,0.09
0,0,0,0,0
X,X,X,X,X
X,X,X,X,X
1,1,0.48,0.24,0.24
4,3,1.27,0.72,0.54
1,0,0.57,0.57,0
0,0,0,0,0
0,0,0,0,0
0,0,0,0,0
0,0,0,0,0
0,0,0,0,0
0,0,0,0,0
0,0,0,0,0
0,0,0,0,0
1,0,0.15,0.15,0
0,0,0,0,0
0,0,0,0,0
0,0,0,0,0
0,0,0,0,0
0,0,0,0,0
0,0,0,0,0
0,0,0,0,0
X,X,X,X,X
X,X,X,X,X
X,X,X,X,X
X,X,X,X,X
0,0,0,0,0
X,X,X,X,X
X,X,X,X,X
0,0,0,0,0
0,0,0,0,0
1,1,0.08,0.04,0.04
0,0,0,0,0
X,X,X,X,X
0,0,0,0,0
0,0,0,0,0
0,0,0,0,0
6,3,0.45,0.3,0.15
X,X,X,X,X
0,0,0,0,0
0,0,0,0,0
0,0,0,0,0
0,0,0,0,0
0,13,0.89,0,0.89
X,X,X,X,X
X,X,X,X,X
X,X,X,X,X
X,X,X,X,X
1,0,0.39,0.39,0
X,X,X,X,X
0,0,0,0,0
0,0,0,0,0
0,0,0,0,0
0,0,0,0,0
0,0,0,0,0
X,X,X,X,X
X,X,X,X,X
1,0,0.25,0.25,0
2,2,0.75,0.38,0.38
0,0,0,0,0
X,X,X,X,X
1,0,0.76,0.76,0
0,0,0,0,0
0,0,0,0,0
0,0,0,0,0
0,0,0,0,0
0,0,0,0,0
0,0,0,0,0
0,0,0,0,0
0,0,0,0,0
0,0,0,0,0
0,0,0,0,0
0,0,0,0,0
0,0,0,0,0
0,0,0,0,0
0,0,0,0,0
X,X,X,X,X
X,X,X,X,X
X,X,X,X,X
X,X,X,X,X
0,0,0,0,0
X,X,X,X,X
X,X,X,X,X
0,0,0,0,0
0,0,0,0,0
0,0,0,0,0
0,0,0,0,0
X,X,X,X,X
0,0,0,0,0
0,0,0,0,0
0,1,2.22,0,2.22
1,3,0.19,0.05,0.15
X,X,X,X,X
0,0,0,0,0
0,0,0,0,0
0,0,0,0,0
0,0,0,0,0
0,8,0.59,0,0.59
X,X,X,X,X
X,X,X,X,X
X,X,X,X,X
X,X,X,X,X
0,0,0,0,0
X,X,X,X,X
0,0,0,0,0
0,0,0,0,0
0,0,0,0,0
0,0,0,0,0
0,0,0,0,0
X,X,X,X,X
X,X,X,X,X
1,0,0.27,0.27,0
1,2,0.6,0.2,0.4
0,0,0,0,0
X,X,X,X,X
1,0,1.16,1.16,0
0,0,0,0,0
0,0,0,0,0
0,0,0,0,0
0,0,0,0,0
0,0,0,0,0
0,0,0,0,0
0,0,0,0,0
0,0,0,0,0
0,0,0,0,0
0,0,0,0,0
0,0,0,0,0
0,1,0.04,0,0.04
0,0,0,0,0
0,0,0,0,0
X,X,X,X,X
X,X,X,X,X
X,X,X,X,X
0,2,0.1,0,0.1
0,1,0.04,0,0.04
X,X,X,X,X
X,X,X,X,X
0,0,0,0,0
0,0,0,0,0
0,0,0,0,0
0,0,0,0,0
X,X,X,X,X
0,1,1.06,0,1.06
0,0,0,0,0
0,0,0,0,0
3,2,0.24,0.14,0.09
X,X,X,X,X
0,0,0,0,0
0,0,0,0,0
0,0,0,0,0
0,0,0,0,0
1,9,0.75,0.07,0.67
X,X,X,X,X
X,X,X,X,X
X,X,X,X,X
X,X,X,X,X
1,0,0.41,0.41,0
X,X,X,X,X
0,0,0,0,0
0,0,0,0,0
0,0,0,0,0
0,0,0,0,0
0,0,0,0,0
X,X,X,X,X
X,X,X,X,X
1,0,0.25,0.25,0
0,1,0.21,0,0.21
0,0,0,0,0
X,X,X,X,X
1,0,1.52,1.52,0
0,0,0,0,0
0,0,0,0,0
0,0,0,0,0
0,0,0,0,0
0,0,0,0,0
0,0,0,0,0
0,0,0,0,0
0,0,0,0,0
0,0,0,0,0
1,0,0.13,0.13,0
0,0,0,0,0
0,0,0,0,0
0,0,0,0,0
0,0,0,0,0
X,X,X,X,X
X,X,X,X,X
X,X,X,X,X
0,0,0,0,0
0,0,0,0,0
X,X,X,X,X
X,X,X,X,X
0,0,0,0,0
0,0,0,0,0
0,0,0,0,0
3,0,0.68,0.68,0
X,X,X,X,X
0,0,0,0,0
0,0,0,0,0
0,0,0,0,0
2,1,0.14,0.09,0.05
X,X,X,X,X
0,0,0,0,0
0,0,0,0,0
0,0,0,0,0
0,0,0,0,0
1,8,0.67,0.07,0.6
X,X,X,X,X
X,X,X,X,X
X,X,X,X,X
X,X,X,X,X
1,0,0.5,0.5,0
X,X,X,X,X
0,0,0,0,0
0,0,0,0,0
2,0,0.14,0.14,0
0,0,0,0,0
0,0,0,0,0
X,X,X,X,X
X,X,X,X,X
1,1,0.58,0.29,0.29
1,1,0.42,0.21,0.21
0,0,0,0,0
X,X,X,X,X
2,0,1.79,1.79,0
0,0,0,0,0
0,0,0,0,0
0,0,0,0,0
0,0,0,0,0
0,0,0,0,0
0,0,0,0,0
0,0,0,0,0
0,0,0,0,0
0,0,0,0,0
0,0,0,0,0
0,0,0,0,0
1,1,0.1,0.05,0.05
0,0,0,0,0
0,0,0,0,0
X,X,X,X,X
X,X,X,X,X
X,X,X,X,X
X,X,X,X,X
1,1,0.07,0.04,0.04
X,X,X,X,X
X,X,X,X,X
0,0,0,0,0
0,0,0,0,0
1,0,0.04,0.04,0
0,0,0,0,0
X,X,X,X,X
0,0,0,0,0
0,0,0,0,0
0,0,0,0,0
2,3,0.22,0.09,0.13
X,X,X,X,X
0,0,0,0,0
0,0,0,0,0
0,0,0,0,0
0,0,0,0,0
0,10,0.81,0,0.81
X,X,X,X,X
X,X,X,X,X
X,X,X,X,X
X,X,X,X,X
0,0,0,0,0
X,X,X,X,X
0,0,0,0,0
0,0,0,0,0
0,0,0,0,0
0,0,0,0,0
0,0,0,0,0
X,X,X,X,X
X,X,X,X,X
1,1,0.53,0.27,0.27
1,4,1.04,0.21,0.83
0,0,0,0,0
X,X,X,X,X
0,0,0,0,0
0,0,0,0,0
0,0,0,0,0
0,0,0,0,0
0,0,0,0,0
0,0,0,0,0
0,0,0,0,0
0,0,0,0,0
0,0,0,0,0
0,0,0,0,0
0,0,0,0,0
0,0,0,0,0
0,0,0,0,0
0,0,0,0,0
0,0,0,0,0
X,X,X,X,X
X,X,X,X,X
X,X,X,X,X
0,1,0.06,0,0.06
0,1,0.04,0,0.04
X,X,X,X,X
X,X,X,X,X
0,0,0,0,0
0,0,0,0,0
0,2,0.1,0,0.1
0,0,0,0,0
X,X,X,X,X
0,0,0,0,0
0,0,0,0,0
0,0,0,0,0
1,3,0.17,0.04,0.13
X,X,X,X,X
0,0,0,0,0
0,0,0,0,0
0,0,0,0,0
0,0,0,0,0
0,1,0.08,0,0.08
X,X,X,X,X
X,X,X,X,X
X,X,X,X,X
X,X,X,X,X
0,0,0,0,0
X,X,X,X,X
0,0,0,0,0
0,0,0,0,0
0,0,0,0,0
0,0,0,0,0
0,0,0,0,0
X,X,X,X,X
X,X,X,X,X
0,0,0,0,0
0,1,0.22,0,0.22
0,0,0,0,0
X,X,X,X,X
0,0,0,0,0
0,0,0,0,0
0,0,0,0,0
0,0,0,0,0
0,0,0,0,0
0,0,0,0,0
0,0,0,0,0
0,0,0,0,0
0,0,0,0,0
0,0,0,0,0
0,0,0,0,0
0,0,0,0,0
0,0,0,0,0
0,0,0,0,0
0,0,0,0,0
X,X,X,X,X
X,X,X,X,X
X,X,X,X,X
1,0,0.05,0.05,0
1,0,0.05,0.05,0
0,0,0,0,0
X,X,X,X,X
0,0,0,0,0
0,1,0.13,0,0.13
0,3,0.11,0,0.11
0,0,0,0,0
X,X,X,X,X
0,0,0,0,0
0,0,0,0,0
0,0,0,0,0
1,4,0.19,0.04,0.15
X,X,X,X,X
0,0,0,0,0
0,0,0,0,0
0,0,0,0,0
0,0,0,0,0
0,0,0,0,0
X,X,X,X,X
X,X,X,X,X
X,X,X,X,X
X,X,X,X,X
1,0,0.46,0.46,0
X,X,X,X,X
0,0,0,0,0
0,0,0,0,0
1,1,0.12,0.06,0.06
0,0,0,0,0
0,0,0,0,0
X,X,X,X,X
X,X,X,X,X
0,0,0,0,0
0,1,0.21,0,0.21
0,0,0,0,0
X,X,X,X,X
0,0,0,0,0
0,0,0,0,0
0,0,0,0,0
X,X,X,X,X
0,0,0,0,0
0,0,0,0,0
0,0,0,0,0
0,0,0,0,0
1,2,0.68,0.23,0.46
2,0,0.49,0.49,0
0,0,0,0,0
0,0,0,0,0
0,0,0,0,0
1,0,0.17,0.17,0
0,0,0,0,0
X,X,X,X,X
X,X,X,X,X
X,X,X,X,X
0,1,0.05,0,0.05
0,0,0,0,0
0,0,0,0,0
X,X,X,X,X
0,0,0,0,0
0,0,0,0,0
1,0,0.04,0.04,0
0,1,0.25,0,0.25
X,X,X,X,X
0,0,0,0,0
0,0,0,0,0
0,0,0,0,0
3,9,0.43,0.11,0.32
X,X,X,X,X
0,0,0,0,0
0,0,0,0,0
0,0,0,0,0
0,0,0,0,0
0,1,0.07,0,0.07
X,X,X,X,X
X,X,X,X,X
X,X,X,X,X
X,X,X,X,X
0,0,0,0,0
X,X,X,X,X
0,0,0,0,0
0,0,0,0,0
0,0,0,0,0
0,0,0,0,0
0,1,0.21,0,0.21
X,X,X,X,X
X,X,X,X,X
0,0,0,0,0
1,3,0.65,0.16,0.49
0,0,0,0,0
X,X,X,X,X
0,0,0,0,0
0,0,0,0,0
0,0,0,0,0
0,0,0,0,0
0,0,0,0,0
0,0,0,0,0
0,0,0,0,0
0,0,0,0,0
0,0,0,0,0
0,0,0,0,0
0,0,0,0,0
0,0,0,0,0
0,0,0,0,0
0,0,0,0,0
0,0,0,0,0
X,X,X,X,X
X,X,X,X,X
X,X,X,X,X
0,3,0.13,0,0.13
0,0,0,0,0
X,X,X,X,X
X,X,X,X,X
1,0,0.11,0.11,0
0,0,0,0,0
0,0,0,0,0
1,0,0.23,0.23,0
X,X,X,X,X
1,0,0.72,0.72,0
0,0,0,0,0
0,0,0,0,0
1,5,0.18,0.03,0.15
X,X,X,X,X
0,0,0,0,0
0,0,0,0,0
0,0,0,0,0
0,0,0,0,0
0,1,0.07,0,0.07
X,X,X,X,X
X,X,X,X,X
X,X,X,X,X
X,X,X,X,X
0,1,0.31,0,0.31
X,X,X,X,X
0,0,0,0,0
0,0,0,0,0
0,0,0,0,0
0,0,0,0,0
0,0,0,0,0
X,X,X,X,X
X,X,X,X,X
0,1,0.17,0,0.17
1,2,0.47,0.16,0.31
1,0,0.51,0.51,0
X,X,X,X,X
0,0,0,0,0
1,0,0.38,0.38,0
0,0,0,0,0
0,1,0.67,0,0.67
0,0,0,0,0
0,0,0,0,0
0,0,0,0,0
0,0,0,0,0
0,0,0,0,0
1,0,0.24,0.24,0
0,0,0,0,0
0,0,0,0,0
0,0,0,0,0
0,0,0,0,0
0,0,0,0,0
X,X,X,X,X
X,X,X,X,X
X,X,X,X,X
0,0,0,0,0
0,0,0,0,0
0,1,0.94,0,0.94
X,X,X,X,X
0,0,0,0,0
1,1,0.27,0.14,0.14
0,0,0,0,0
0,0,0,0,0
X,X,X,X,X
0,0,0,0,0
0,0,0,0,0
0,0,0,0,0
5,5,0.28,0.14,0.14
X,X,X,X,X
0,0,0,0,0
0,0,0,0,0
0,0,0,0,0
0,0,0,0,0
1,0,0.06,0.06,0
X,X,X,X,X
X,X,X,X,X
X,X,X,X,X
X,X,X,X,X
0,0,0,0,0
X,X,X,X,X
0,0,0,0,0
0,0,0,0,0
1,1,0.13,0.06,0.06
0,0,0,0,0
0,0,0,0,0
X,X,X,X,X
X,X,X,X,X
0,1,0.37,0,0.37
0,4,1.86,0,1.86
1,2,0.96,0.32,0.64
X,X,X,X,X
0,0,0,0,0
1,0,0.31,0.31,0
0,0,0,0,0
0,0,0,0,0
1,0,0.2,0.2,0
0,0,0,0,0
0,0,0,0,0
0,0,0,0,0
0,0,0,0,0
0,0,0,0,0
0,0,0,0,0
X,X,X,X,X
0,1,0.09,0,0.09
0,1,0.08,0,0.08
0,0,0,0,0
X,X,X,X,X
X,X,X,X,X
X,X,X,X,X
X,X,X,X,X
0,0,0,0,0
0,0,0,0,0
X,X,X,X,X
0,0,0,0,0
1,1,0.28,0.14,0.14
0,0,0,0,0
0,0,0,0,0
X,X,X,X,X
0,1,0.56,0,0.56
0,0,0,0,0
0,0,0,0,0
7,6,0.35,0.19,0.16
X,X,X,X,X
0,0,0,0,0
0,0,0,0,0
0,0,0,0,0
0,0,0,0,0
2,0,0.12,0.12,0
X,X,X,X,X
X,X,X,X,X
X,X,X,X,X
X,X,X,X,X
0,0,0,0,0
X,X,X,X,X
0,0,0,0,0
0,0,0,0,0
1,0,0.06,0.06,0
0,0,0,0,0
0,0,0,0,0
X,X,X,X,X
X,X,X,X,X
0,0,0,0,0
0,3,0.43,0,0.43
0,0,0,0,0
X,X,X,X,X
0,1,0.63,0,0.63
0,0,0,0,0
0,0,0,0,0
0,0,0,0,0
0,0,0,0,0
0,0,0,0,0
0,0,0,0,0
0,0,0,0,0
0,0,0,0,0
0,0,0,0,0
0,0,0,0,0
0,0,0,0,0
0,0,0,0,0
0,0,0,0,0
0,0,0,0,0
X,X,X,X,X
X,X,X,X,X
X,X,X,X,X
0,0,0,0,0
0,0,0,0,0
0,0,0,0,0
X,X,X,X,X
0,0,0,0,0
0,0,0,0,0
0,0,0,0,0
0,0,0,0,0
X,X,X,X,X
4,0,2.41,2.41,0
0,0,0,0,0
0,0,0,0,0
3,7,0.24,0.07,0.17
X,X,X,X,X
0,0,0,0,0
0,0,0,0,0
0,0,0,0,0
0,0,0,0,0
0,0,0,0,0
X,X,X,X,X
X,X,X,X,X
X,X,X,X,X
X,X,X,X,X
0,0,0,0,0
X,X,X,X,X
0,0,0,0,0
0,0,0,0,0
0,0,0,0,0
0,0,0,0,0
0,0,0,0,0
X,X,X,X,X
X,X,X,X,X
0,0,0,0,0
1,1,1.37,0.68,0.68
0,0,0,0,0
X,X,X,X,X
0,0,0,0,0
0,0,0,0,0
0,0,0,0,0
0,0,0,0,0
0,0,0,0,0
0,0,0,0,0
0,0,0,0,0
0,0,0,0,0
0,0,0,0,0
0,0,0,0,0
0,0,0,0,0
2,2,36.36,18.18,18.18
0,0,0,0,0
0,0,0,0,0
0,0,0,0,0
X,X,X,X,X
X,X,X,X,X
X,X,X,X,X
X,X,X,X,X
2,0,0.05,0.05,0
1,0,0.88,0.88,0
X,X,X,X,X
1,0,0.08,0.08,0
0,0,0,0,0
0,1,0.03,0,0.03
0,0,0,0,0
X,X,X,X,X
1,0,0.5,0.5,0
0,0,0,0,0
0,0,0,0,0
5,4,0.21,0.12,0.09
X,X,X,X,X
0,0,0,0,0
0,0,0,0,0
0,0,0,0,0
0,0,0,0,0
1,2,0.12,0.04,0.08
X,X,X,X,X
X,X,X,X,X
X,X,X,X,X
X,X,X,X,X
0,0,0,0,0
X,X,X,X,X
0,0,0,0,0
0,0,0,0,0
0,1,0.05,0,0.05
1,1,0.2,0.1,0.1
0,0,0,0,0
X,X,X,X,X
X,X,X,X,X
1,2,1.14,0.38,0.76
3,1,0.55,0.41,0.14
1,0,0.35,0.35,0
X,X,X,X,X
0,0,0,0,0
0,0,0,0,0
0,0,0,0,0
0,0,0,0,0
0,0,0,0,0
0,0,0,0,0
0,0,0,0,0
0,0,0,0,0
0,0,0,0,0
0,0,0,0,0
0,0,0,0,0
0,0,0,0,0
0,0,0,0,0
0,0,0,0,0
0,0,0,0,0
X,X,X,X,X
X,X,X,X,X
X,X,X,X,X
0,0,0,0,0
0,0,0,0,0
0,2,1.68,0,1.68
X,X,X,X,X
0,0,0,0,0
0,0,0,0,0
0,0,0,0,0
0,0,0,0,0
X,X,X,X,X
0,0,0,0,0
0,0,0,0,0
0,0,0,0,0
4,2,0.12,0.08,0.04
X,X,X,X,X
0,0,0,0,0
0,0,0,0,0
1,0,0.12,0.12,0
0,0,0,0,0
2,2,0.13,0.06,0.06
X,X,X,X,X
X,X,X,X,X
X,X,X,X,X
X,X,X,X,X
0,0,0,0,0
X,X,X,X,X
0,1,0.22,0,0.22
0,0,0,0,0
5,1,0.35,0.29,0.06
0,0,0,0,0
0,0,0,0,0
X,X,X,X,X
X,X,X,X,X
1,0,1.02,1.02,0
1,1,0.32,0.16,0.16
1,0,0.51,0.51,0
X,X,X,X,X
4,0,0.77,0.77,0
0,0,0,0,0
0,1,0.1,0,0.1
0,0,0,0,0
0,0,0,0,0
0,0,0,0,0
0,0,0,0,0
0,0,0,0,0
0,0,0,0,0
0,0,0,0,0
1,1,0.12,0.06,0.06
0,0,0,0,0
0,0,0,0,0
0,0,0,0,0
0,0,0,0,0
X,X,X,X,X
X,X,X,X,X
X,X,X,X,X
0,0,0,0,0
1,0,0.02,0.02,0
0,0,0,0,0
X,X,X,X,X
0,0,0,0,0
0,0,0,0,0
1,0,0.03,0.03,0
0,0,0,0,0
X,X,X,X,X
2,1,1.6,1.06,0.53
0,0,0,0,0
0,0,0,0,0
5,4,0.19,0.1,0.08
X,X,X,X,X
0,0,0,0,0
0,0,0,0,0
0,0,0,0,0
0,1,0.05,0,0.05
0,2,0.06,0,0.06
X,X,X,X,X
X,X,X,X,X
X,X,X,X,X
X,X,X,X,X
0,0,0,0,0
X,X,X,X,X
0,0,0,0,0
0,0,0,0,0
3,2,0.29,0.17,0.12
0,0,0,0,0
0,0,0,0,0
X,X,X,X,X
X,X,X,X,X
0,0,0,0,0
0,0,0,0,0
0,0,0,0,0
X,X,X,X,X
0,0,0,0,0
0,0,0,0,0
0,0,0,0,0
0,0,0,0,0
0,0,0,0,0
0,0,0,0,0
0,0,0,0,0
0,0,0,0,0
0,0,0,0,0
0,0,0,0,0
0,0,0,0,0
X,X,X,X,X
0,0,0,0,0
0,0,0,0,0
0,0,0,0,0
X,X,X,X,X
X,X,X,X,X
X,X,X,X,X
X,X,X,X,X
1,0,0.02,0.02,0
0,0,0,0,0
X,X,X,X,X
1,0,0.07,0.07,0
0,0,0,0,0
0,0,0,0,0
0,0,0,0,0
X,X,X,X,X
0,0,0,0,0
0,0,0,0,0
0,0,0,0,0
5,5,0.24,0.12,0.12
X,X,X,X,X
0,0,0,0,0
0,0,0,0,0
1,0,0.12,0.12,0
0,0,0,0,0
0,2,0.04,0,0.04
X,X,X,X,X
X,X,X,X,X
X,X,X,X,X
X,X,X,X,X
0,0,0,0,0
X,X,X,X,X
0,0,0,0,0
0,0,0,0,0
0,1,0.06,0,0.06
0,0,0,0,0
1,0,0.23,0.23,0
X,X,X,X,X
X,X,X,X,X
1,0,1.12,1.12,0
3,1,0.62,0.47,0.16
0,1,0.53,0,0.53
X,X,X,X,X
0,0,0,0,0
0,0,0,0,0
0,0,0,0,0
0,0,0,0,0
0,0,0,0,0
0,0,0,0,0
0,0,0,0,0
1,0,0.13,0.13,0
0,0,0,0,0
0,0,0,0,0
0,0,0,0,0
0,0,0,0,0
0,1,0.09,0,0.09
0,0,0,0,0
0,0,0,0,0
X,X,X,X,X
X,X,X,X,X
X,X,X,X,X
0,3,0.09,0,0.09
1,1,0.05,0.02,0.02
1,0,0.65,0.65,0
X,X,X,X,X
0,0,0,0,0
0,0,0,0,0
0,1,0.03,0,0.03
0,0,0,0,0
X,X,X,X,X
0,1,0.33,0,0.33
0,2,0.17,0,0.17
0,0,0,0,0
1,1,0.05,0.02,0.02
X,X,X,X,X
0,1,1.28,0,1.28
1,0,0.23,0.23,0
0,0,0,0,0
0,0,0,0,0
1,0,0.02,0.02,0
X,X,X,X,X
X,X,X,X,X
X,X,X,X,X
X,X,X,X,X
0,0,0,0,0
X,X,X,X,X
0,0,0,0,0
0,0,0,0,0
1,2,0.22,0.07,0.15
0,0,0,0,0
0,0,0,0,0
X,X,X,X,X
X,X,X,X,X
0,0,0,0,0
0,1,0.16,0,0.16
0,0,0,0,0
X,X,X,X,X
0,1,0.37,0,0.37
0,0,0,0,0
0,0,0,0,0
0,0,0,0,0
0,0,0,0,0
0,0,0,0,0
0,0,0,0,0
0,0,0,0,0
0,0,0,0,0
0,0,0,0,0
2,2,0.22,0.11,0.11
0,1,3.23,0,3.23
0,0,0,0,0
0,0,0,0,0
0,0,0,0,0
X,X,X,X,X
X,X,X,X,X
X,X,X,X,X
0,0,0,0,0
0,0,0,0,0
0,0,0,0,0
X,X,X,X,X
3,1,0.32,0.24,0.08
0,0,0,0,0
0,0,0,0,0
1,0,0.15,0.15,0
X,X,X,X,X
0,1,0.47,0,0.47
0,1,0.08,0,0.08
0,0,0,0,0
3,5,0.21,0.08,0.13
X,X,X,X,X
0,0,0,0,0
2,1,0.7,0.47,0.23
0,0,0,0,0
0,0,0,0,0
0,1,0.03,0,0.03
X,X,X,X,X
X,X,X,X,X
X,X,X,X,X
X,X,X,X,X
0,0,0,0,0
X,X,X,X,X
3,1,0.9,0.68,0.23
0,0,0,0,0
4,2,0.39,0.26,0.13
0,0,0,0,0
1,0,0.19,0.19,0
X,X,X,X,X
X,X,X,X,X
2,0,0.82,0.82,0
2,5,0.95,0.27,0.68
0,0,0,0,0
X,X,X,X,X
0,0,0,0,0
0,0,0,0,0
0,0,0,0,0
0,0,0,0,0
0,0,0,0,0
0,0,0,0,0
0,0,0,0,0
0,0,0,0,0
0,1,0.09,0,0.09
0,0,0,0,0
6,0,0.31,0.31,0
0,0,0,0,0
0,1,0.09,0,0.09
0,0,0,0,0
0,0,0,0,0
X,X,X,X,X
X,X,X,X,X
X,X,X,X,X
1,0,0.03,0.03,0
2,1,0.06,0.04,0.02
0,0,0,0,0
X,X,X,X,X
1,0,0.06,0.06,0
0,0,0,0,0
0,0,0,0,0
0,1,0.15,0,0.15
X,X,X,X,X
0,0,0,0,0
1,0,0.06,0.06,0
0,0,0,0,0
3,6,0.24,0.08,0.16
X,X,X,X,X
0,1,0.94,0,0.94
0,0,0,0,0
0,0,0,0,0
0,1,0.06,0,0.06
2,2,0.07,0.03,0.03
X,X,X,X,X
X,X,X,X,X
X,X,X,X,X
X,X,X,X,X
0,0,0,0,0
X,X,X,X,X
0,0,0,0,0
0,0,0,0,0
6,5,0.58,0.32,0.26
0,0,0,0,0
1,0,0.18,0.18,0
X,X,X,X,X
X,X,X,X,X
1,1,0.31,0.15,0.15
3,4,0.76,0.33,0.43
0,0,0,0,0
X,X,X,X,X
1,0,0.35,0.35,0
0,0,0,0,0
0,1,0.09,0,0.09
0,0,0,0,0
0,0,0,0,0
0,0,0,0,0
0,0,0,0,0
1,2,0.48,0.16,0.32
0,1,0.09,0,0.09
0,0,0,0,0
3,1,0.23,0.17,0.06
0,0,0,0,0
0,0,0,0,0
0,0,0,0,0
0,0,0,0,0
X,X,X,X,X
X,X,X,X,X
X,X,X,X,X
1,0,0.03,0.03,0
3,2,0.1,0.06,0.04
X,X,X,X,X
X,X,X,X,X
1,0,0.06,0.06,0
0,0,0,0,0
0,0,0,0,0
0,0,0,0,0
X,X,X,X,X
4,2,2.9,1.93,0.97
1,2,0.21,0.07,0.14
0,0,0,0,0
4,5,0.12,0.05,0.07
X,X,X,X,X
0,0,0,0,0
0,0,0,0,0
0,0,0,0,0
0,0,0,0,0
8,9,0.26,0.12,0.14
X,X,X,X,X
X,X,X,X,X
X,X,X,X,X
X,X,X,X,X
0,0,0,0,0
X,X,X,X,X
0,0,0,0,0
0,1,0.45,0,0.45
7,4,0.48,0.3,0.17
0,0,0,0,0
0,0,0,0,0
X,X,X,X,X
X,X,X,X,X
0,1,0.16,0,0.16
0,6,0.61,0,0.61
0,0,0,0,0
0,0,0,0,0
1,1,0.93,0.46,0.46
0,0,0,0,0
0,0,0,0,0
0,0,0,0,0
0,0,0,0,0
0,1,0.42,0,0.42
0,0,0,0,0
0,0,0,0,0
0,1,0.09,0,0.09
0,0,0,0,0
1,1,0.14,0.07,0.07
0,0,0,0,0
0,0,0,0,0
0,1,0.18,0,0.18
0,0,0,0,0
X,X,X,X,X
X,X,X,X,X
X,X,X,X,X
1,0,0.03,0.03,0
4,2,0.13,0.09,0.04
X,X,X,X,X
X,X,X,X,X
3,3,0.49,0.24,0.24
0,0,0,0,0
0,0,0,0,0
0,0,0,0,0
X,X,X,X,X
1,1,0.84,0.42,0.42
0,1,0.07,0,0.07
0,0,0,0,0
2,4,0.14,0.05,0.09
X,X,X,X,X
0,0,0,0,0
0,1,0.23,0,0.23
0,0,0,0,0
2,1,0.19,0.13,0.06
2,2,0.06,0.03,0.03
X,X,X,X,X
X,X,X,X,X
X,X,X,X,X
X,X,X,X,X
0,0,0,0,0
X,X,X,X,X
0,0,0,0,0
0,2,0.8,0,0.8
5,1,0.26,0.21,0.04
1,0,0.06,0.06,0
0,0,0,0,0
X,X,X,X,X
X,X,X,X,X
1,0,0.15,0.15,0
0,4,0.31,0,0.31
0,0,0,0,0
0,0,0,0,0
0,0,0,0,0
0,0,0,0,0
0,0,0,0,0
0,0,0,0,0
0,0,0,0,0
1,0,0.49,0.49,0
0,0,0,0,0
0,0,0,0,0
0,1,0.1,0,0.1
0,0,0,0,0
2,0,0.14,0.14,0
0,0,0,0,0
1,1,0.12,0.06,0.06
0,0,0,0,0
0,0,0,0,0
X,X,X,X,X
X,X,X,X,X
X,X,X,X,X
0,0,0,0,0
2,4,0.13,0.04,0.09
X,X,X,X,X
X,X,X,X,X
0,3,0.24,0,0.24
0,0,0,0,0
0,2,0.05,0,0.05
0,0,0,0,0
X,X,X,X,X
0,0,0,0,0
0,1,0.09,0,0.09
0,0,0,0,0
4,10,0.31,0.09,0.22
X,X,X,X,X
0,0,0,0,0
0,0,0,0,0
0,0,0,0,0
0,1,0.07,0,0.07
7,9,0.26,0.11,0.15
X,X,X,X,X
X,X,X,X,X
X,X,X,X,X
X,X,X,X,X
1,1,0.69,0.34,0.34
X,X,X,X,X
0,0,0,0,0
0,0,0,0,0
19,2,0.37,0.34,0.04
1,1,0.18,0.09,0.09
3,0,0.47,0.47,0
X,X,X,X,X
X,X,X,X,X
4,0,0.52,0.52,0
5,7,0.86,0.36,0.5
0,0,0,0,0
0,0,0,0,0
2,0,0.85,0.85,0
0,1,0.26,0,0.26
0,0,0,0,0
0,0,0,0,0
1,0,0.09,0.09,0
1,1,1.2,0.6,0.6
0,0,0,0,0
40,0,6.43,6.43,0
0,0,0,0,0
0,0,0,0,0
2,0,0.13,0.13,0
0,1,2.56,0,2.56
0,2,0.11,0,0.11
0,0,0,0,0
0,0,0,0,0
X,X,X,X,X
X,X,X,X,X
X,X,X,X,X
0,1,0.03,0,0.03
1,2,0.06,0.02,0.04
X,X,X,X,X
X,X,X,X,X
3,1,0.32,0.24,0.08
1,0,0.13,0.13,0
1,3,0.1,0.02,0.07
1,0,0.18,0.18,0
X,X,X,X,X
0,0,0,0,0
0,0,0,0,0
1,0,3.7,3.7,0
5,7,0.26,0.11,0.15
X,X,X,X,X
0,0,0,0,0
1,0,0.2,0.2,0
1,1,0.12,0.06,0.06
0,0,0,0,0
3,2,0.08,0.05,0.03
X,X,X,X,X
X,X,X,X,X
X,X,X,X,X
X,X,X,X,X
2,1,0.61,0.41,0.2
X,X,X,X,X
0,0,0,0,0
0,0,0,0,0
23,4,0.46,0.39,0.07
0,0,0,0,0
3,0,0.42,0.42,0
X,X,X,X,X
X,X,X,X,X
10,0,1.18,1.18,0
10,9,1.26,0.66,0.6
0,1,0.2,0,0.2
0,0,0,0,0
0,0,0,0,0
1,0,0.23,0.23,0
0,0,0,0,0
0,0,0,0,0
1,0,0.08,0.08,0
1,0,0.49,0.49,0
0,0,0,0,0
1,0,0.16,0.16,0
4,0,0.42,0.42,0
3,0,0.7,0.7,0
5,1,0.34,0.28,0.06
0,0,0,0,0
1,0,0.05,0.05,0
3,0,0.34,0.34,0
2,1,1.58,1.05,0.53
X,X,X,X,X
X,X,X,X,X
X,X,X,X,X
0,1,0.03,0,0.03
14,1,0.3,0.28,0.02
X,X,X,X,X
X,X,X,X,X
2,0,0.18,0.18,0
1,0,0.14,0.14,0
0,2,0.05,0,0.05
0,0,0,0,0
X,X,X,X,X
5,1,2.31,1.92,0.38
0,1,0.07,0,0.07
0,0,0,0,0
2,3,0.11,0.04,0.06
X,X,X,X,X
0,0,0,0,0
14,0,2.4,2.4,0
0,0,0,0,0
0,0,0,0,0
13,10,0.28,0.16,0.12
X,X,X,X,X
X,X,X,X,X
X,X,X,X,X
X,X,X,X,X
0,0,0,0,0
X,X,X,X,X
0,1,0.25,0,0.25
0,0,0,0,0
33,1,0.56,0.54,0.02
5,1,0.26,0.22,0.04
9,0,1.16,1.16,0
X,X,X,X,X
X,X,X,X,X
20,1,2.33,2.22,0.11
29,9,2.3,1.76,0.54
0,0,0,0,0
0,0,0,0,0
3,0,0.96,0.96,0
0,1,0.18,0,0.18
3,0,0.24,0.24,0
0,0,0,0,0
0,0,0,0,0
0,0,0,0,0
3,0,0.97,0.97,0
0,0,0,0,0
35,1,3.31,3.22,0.09
3,1,0.57,0.43,0.14
4,0,0.12,0.12,0
0,0,0,0,0
4,0,0.2,0.2,0
1,0,0.13,0.13,0
0,0,0,0,0
X,X,X,X,X
X,X,X,X,X
X,X,X,X,X
3,2,0.13,0.08,0.05
34,2,0.66,0.62,0.04
X,X,X,X,X
X,X,X,X,X
16,1,1.24,1.17,0.07
0,0,0,0,0
2,3,0.12,0.05,0.07
3,0,0.55,0.55,0
X,X,X,X,X
14,0,3,3,0
2,1,0.22,0.14,0.07
0,0,0,0,0
25,2,0.48,0.44,0.04
X,X,X,X,X
0,2,1.27,0,1.27
25,1,4.56,4.39,0.18
1,4,0.28,0.06,0.22
1,1,0.13,0.07,0.07
8,1,0.11,0.1,0.01
X,X,X,X,X
X,X,X,X,X
X,X,X,X,X
X,X,X,X,X
1,1,0.27,0.13,0.13
X,X,X,X,X
1,0,0.22,0.22,0
0,0,0,0,0
46,4,0.85,0.78,0.07
13,0,0.55,0.55,0
14,0,1.56,1.56,0
X,X,X,X,X
X,X,X,X,X
13,1,1.5,1.39,0.11
32,8,3.71,2.97,0.74
0,0,0,0,0
0,2,1.08,0,1.08
1,0,0.38,0.38,0
9,0,1.44,1.44,0
4,0,0.31,0.31,0
0,0,0,0,0
8,0,0.58,0.58,0
2,0,0.84,0.84,0
4,0,1.03,1.03,0
1,0,0.1,0.1,0
27,1,2.56,2.47,0.09
7,0,0.74,0.74,0
5,1,0.14,0.12,0.02
3,0,4.35,4.35,0
4,1,0.2,0.16,0.04
2,0,0.23,0.23,0
0,0,0,0,0
X,X,X,X,X
X,X,X,X,X
X,X,X,X,X
6,0,0.15,0.15,0
53,7,1.15,1.02,0.13
X,X,X,X,X
X,X,X,X,X
118,1,1.68,1.67,0.01
1,0,0.12,0.12,0
4,1,0.12,0.09,0.02
5,0,0.8,0.8,0
X,X,X,X,X
17,3,3.19,2.71,0.48
4,1,0.37,0.3,0.07
1,1,3.33,1.67,1.67
103,6,1.76,1.66,0.1
X,X,X,X,X
5,0,2.02,2.02,0
23,1,3.66,3.51,0.15
3,0,0.17,0.17,0
1,0,0.07,0.07,0
111,5,1.34,1.29,0.06
X,X,X,X,X
X,X,X,X,X
X,X,X,X,X
X,X,X,X,X
1,0,0.14,0.14,0
X,X,X,X,X
4,0,0.79,0.79,0
0,0,0,0,0
73,4,1.18,1.12,0.06
9,1,0.46,0.41,0.05
35,1,3.93,3.82,0.11
X,X,X,X,X
X,X,X,X,X
9,1,1.61,1.45,0.16
61,4,4.4,4.13,0.27
0,1,0.21,0,0.21
1,0,0.46,0.46,0
7,0,3.47,3.47,0
9,0,1.53,1.53,0
24,0,1.88,1.88,0
0,0,0,0,0
13,0,0.93,0.93,0
10,0,5,5,0
6,0,2.16,2.16,0
4,0,0.34,0.34,0
35,0,3.04,3.04,0
18,0,1.66,1.66,0
8,0,0.24,0.24,0
3,0,3.37,3.37,0
19,1,0.81,0.77,0.04
5,0,0.65,0.65,0
2,0,0.47,0.47,0
X,X,X,X,X
X,X,X,X,X
X,X,X,X,X
29,1,0.8,0.78,0.03
59,0,1.21,1.21,0
X,X,X,X,X
X,X,X,X,X
264,4,3,2.95,0.04
4,0,0.55,0.55,0
9,4,0.32,0.22,0.1
11,0,1.68,1.68,0
X,X,X,X,X
40,2,5.11,4.87,0.24
2,1,0.28,0.18,0.09
0,0,0,0,0
110,8,2.11,1.97,0.14
X,X,X,X,X
7,0,2.65,2.65,0
24,0,4.41,4.41,0
6,1,0.4,0.34,0.06
10,1,0.82,0.75,0.07
311,4,3.85,3.8,0.05
X,X,X,X,X
X,X,X,X,X
X,X,X,X,X
X,X,X,X,X
3,0,0.29,0.29,0
X,X,X,X,X
17,0,3.37,3.37,0
3,0,0.82,0.82,0
167,11,2.17,2.04,0.13
32,0,1.27,1.27,0
112,0,8.64,8.64,0
X,X,X,X,X
X,X,X,X,X
39,3,3.64,3.38,0.26
78,7,5.22,4.79,0.43
0,0,0,0,0
0,1,0.38,0,0.38
10,0,3.39,3.39,0
22,0,2.61,2.61,0
47,0,2.83,2.83,0
1,0,0.46,0.46,0
47,0,2.43,2.43,0
6,1,2.63,2.26,0.38
14,0,3.2,3.2,0
19,0,1.69,1.69,0
106,0,5.43,5.43,0
31,0,2.16,2.16,0
135,1,2.82,2.8,0.02
3,0,4,4,0
96,0,2.36,2.36,0
17,1,1.93,1.82,0.11
11,1,2.06,1.89,0.17
X,X,X,X,X
X,X,X,X,X
X,X,X,X,X
101,1,2.21,2.19,0.02
172,3,2.87,2.82,0.05
X,X,X,X,X
X,X,X,X,X
141,4,5.68,5.52,0.16
8,0,0.96,0.96,0
7,7,0.3,0.15,0.15
46,1,5.15,5.04,0.11
X,X,X,X,X
66,4,5.06,4.77,0.29
10,0,0.78,0.78,0
11,1,13.19,12.09,1.1
222,14,3.29,3.09,0.2
X,X,X,X,X
10,1,3.09,2.81,0.28
22,0,6.51,6.51,0
13,1,0.63,0.58,0.04
21,0,1.21,1.21,0
448,8,3.98,3.92,0.07
X,X,X,X,X
X,X,X,X,X
X,X,X,X,X
X,X,X,X,X
7,0,1.04,1.04,0
X,X,X,X,X
12,0,2.39,2.39,0
8,1,2.56,2.28,0.28
177,2,2.18,2.15,0.02
45,0,1.85,1.85,0
155,0,10.69,10.69,0
X,X,X,X,X
X,X,X,X,X
12,0,3.26,3.26,0
149,3,8.89,8.71,0.18
1,0,0.17,0.17,0
1,2,1.3,0.43,0.87
16,0,4.68,4.68,0
33,2,4.1,3.86,0.23
52,0,3.6,3.6,0
2,0,0.8,0.8,0
94,1,4.77,4.72,0.05
20,0,6.64,6.64,0
43,0,9.23,9.23,0
11,0,1,1,0
183,3,8.82,8.68,0.14
35,0,2.26,2.26,0
304,1,5.82,5.8,0.02
6,1,6.09,5.22,0.87
151,0,3.33,3.33,0
21,0,2.64,2.64,0
43,0,5.78,5.78,0
X,X,X,X,X
X,X,X,X,X
X,X,X,X,X
91,0,2.08,2.08,0
272,1,4.28,4.26,0.02
X,X,X,X,X
X,X,X,X,X
314,8,2.45,2.39,0.06
33,0,3.85,3.85,0
19,3,0.47,0.4,0.06
91,1,6.47,6.39,0.07
X,X,X,X,X
90,0,5.83,5.83,0
8,0,0.84,0.84,0
8,0,8.42,8.42,0
443,4,5.73,5.68,0.05
X,X,X,X,X
34,1,10.23,9.94,0.29
25,2,4.69,4.34,0.35
17,0,0.76,0.76,0
47,0,2.79,2.79,0
721,14,6.27,6.15,0.12
X,X,X,X,X
X,X,X,X,X
X,X,X,X,X
X,X,X,X,X
4,1,0.82,0.65,0.16
X,X,X,X,X
25,0,4.76,4.76,0
14,3,4.03,3.32,0.71
216,5,2.61,2.55,0.06
63,0,2.91,2.91,0
127,0,5.89,5.89,0
X,X,X,X,X
X,X,X,X,X
58,1,8.32,8.18,0.14
228,9,10.84,10.43,0.41
3,0,0.43,0.43,0
1,1,0.93,0.46,0.46
13,0,2.69,2.69,0
31,0,3.84,3.84,0
102,0,6.85,6.85,0
4,0,1.53,1.53,0
135,0,6.29,6.29,0
13,0,3.81,3.81,0
60,0,14.49,14.49,0
26,0,1.69,1.69,0
272,3,12.25,12.12,0.13
44,0,2.95,2.95,0
693,0,11.72,11.72,0
7,0,4.93,4.93,0
286,1,5.67,5.65,0.02
102,0,10.78,10.78,0
79,0,7.92,7.92,0
X,X,X,X,X
X,X,X,X,X
X,X,X,X,X
200,2,4.72,4.68,0.05
405,2,6.19,6.16,0.03
X,X,X,X,X
X,X,X,X,X
775,3,4.54,4.52,0.02
64,0,7.77,7.77,0
12,6,0.37,0.25,0.12
185,0,12.35,12.35,0
X,X,X,X,X
80,1,5.49,5.42,0.07
41,0,4.41,4.41,0
19,0,17.76,17.76,0
722,5,8.32,8.26,0.06
X,X,X,X,X
29,0,8.92,8.92,0
45,0,7.41,7.41,0
35,1,1.4,1.36,0.04
105,0,5.74,5.74,0
1290,17,10.46,10.32,0.14
0,0,0,0,0
X,X,X,X,X
X,X,X,X,X
X,X,X,X,X
5,0,0.69,0.69,0
X,X,X,X,X
37,0,7.46,7.46,0
18,1,5.48,5.19,0.29
205,4,2.3,2.26,0.04
94,0,3.89,3.89,0
170,1,6.11,6.07,0.04
X,X,X,X,X
X,X,X,X,X
49,0,6.52,6.52,0
254,16,9.76,9.18,0.58
1,0,0.11,0.11,0
11,1,5.26,4.82,0.44
12,1,2.11,1.94,0.16
47,0,5.72,5.72,0
151,0,8.94,8.94,0
8,0,3.09,3.09,0
71,6,1.56,1.44,0.12
10,1,2.85,2.59,0.26
25,0,8.45,8.45,0
38,0,1.95,1.95,0
228,4,9.08,8.92,0.16
93,0,5.84,5.84,0
877,0,14.98,14.98,0
9,5,5.93,3.81,2.12
365,0,6.41,6.41,0
155,0,10.76,10.76,0
131,0,13.29,13.29,0
X,X,X,X,X
X,X,X,X,X
X,X,X,X,X
223,2,5.56,5.51,0.05
334,3,4.24,4.2,0.04
X,X,X,X,X
X,X,X,X,X
632,4,3.14,3.12,0.02
69,0,7.97,7.97,0
24,8,0.73,0.55,0.18
151,1,8.57,8.51,0.06
X,X,X,X,X
89,0,5.78,5.78,0
81,0,7.14,7.14,0
29,0,18.24,18.24,0
685,9,7.33,7.23,0.1
X,X,X,X,X
16,0,3.93,3.93,0
42,0,6.65,6.65,0
41,3,1.31,1.22,0.09
74,1,4.27,4.21,0.06
1609,7,9.53,9.49,0.04
3,0,25,25,0
X,X,X,X,X
X,X,X,X,X
X,X,X,X,X
6,0,0.23,0.23,0
X,X,X,X,X
25,0,4.56,4.56,0
10,0,2.54,2.54,0
127,0,1.84,1.84,0
72,0,2.28,2.28,0
129,1,4.18,4.15,0.03
X,X,X,X,X
X,X,X,X,X
57,2,3.94,3.81,0.13
161,35,5.05,4.15,0.9
4,0,0.4,0.4,0
9,0,3.33,3.33,0
6,0,1.23,1.23,0
56,0,5.61,5.61,0
141,1,6.45,6.4,0.05
14,0,3.6,3.6,0
102,2,1.21,1.19,0.02
5,1,1.47,1.22,0.24
18,0,4.97,4.97,0
24,0,1.5,1.5,0
189,2,5.78,5.72,0.06
89,1,4.26,4.21,0.05
746,3,11.68,11.64,0.05
2,3,3.23,1.29,1.94
327,0,5.87,5.87,0
119,0,7.25,7.25,0
84,0,9.53,9.53,0
X,X,X,X,X
X,X,X,X,X
X,X,X,X,X
301,1,6.02,6,0.02
250,6,2.71,2.65,0.06
X,X,X,X,X
X,X,X,X,X
338,9,1.95,1.9,0.05
46,0,4.91,4.91,0
31,8,0.74,0.58,0.15
135,0,6.03,6.03,0
X,X,X,X,X
59,0,2.48,2.48,0
169,2,9.3,9.19,0.11
20,0,8.93,8.93,0
460,13,3.9,3.79,0.11
X,X,X,X,X
8,0,1.78,1.78,0
33,0,3.27,3.27,0
27,0,0.73,0.73,0
90,1,3.65,3.61,0.04
1551,18,7.33,7.25,0.08
2,0,13.33,13.33,0
X,X,X,X,X
X,X,X,X,X
X,X,X,X,X
1,0,0.23,0.23,0
X,X,X,X,X
36,0,5.42,5.42,0
8,2,2.75,2.2,0.55
129,1,0.97,0.96,0.01
49,0,1.65,1.65,0
43,0,1.81,1.81,0
X,X,X,X,X
X,X,X,X,X
14,0,2.58,2.58,0
45,15,2.08,1.56,0.52
0,0,0,0,0
6,2,1.72,1.29,0.43
3,0,0.73,0.73,0
30,0,3.11,3.11,0
122,0,4.99,4.99,0
14,0,3.45,3.45,0
56,4,0.67,0.62,0.04
4,0,1.26,1.26,0
29,0,6.97,6.97,0
7,0,0.66,0.66,0
72,1,2.54,2.51,0.03
65,1,3.13,3.09,0.05
478,0,6.25,6.25,0
3,0,4.11,4.11,0
223,0,2.5,2.5,0
81,1,4.72,4.67,0.06
46,0,5.84,5.84,0
X,X,X,X,X
X,X,X,X,X
X,X,X,X,X
265,2,4.34,4.3,0.03
126,2,1.32,1.3,0.02
X,X,X,X,X
X,X,X,X,X
169,6,1.22,1.18,0.04
51,0,4.34,4.34,0
24,10,0.59,0.42,0.17
60,0,3.04,3.04,0
X,X,X,X,X
25,1,1.27,1.22,0.05
146,0,8.63,8.63,0
3,0,1.69,1.69,0
218,5,1.87,1.83,0.04
X,X,X,X,X
11,0,1.91,1.91,0
20,1,1.39,1.33,0.07
14,0,0.33,0.33,0
40,0,1.74,1.74,0
850,14,4.1,4.03,0.07
2,0,8.33,8.33,0
X,X,X,X,X
X,X,X,X,X
X,X,X,X,X
1,0,0.25,0.25,0
X,X,X,X,X
21,0,3.6,3.6,0
4,1,1.35,1.08,0.27
65,2,0.61,0.59,0.02
23,1,0.98,0.94,0.04
20,1,1.15,1.1,0.05
X,X,X,X,X
X,X,X,X,X
3,0,0.79,0.79,0
40,5,1.82,1.62,0.2
1,0,0.1,0.1,0
7,1,1.68,1.47,0.21
4,0,1.36,1.36,0
7,0,0.69,0.69,0
97,0,4.1,4.1,0
8,0,2.47,2.47,0
43,3,0.55,0.51,0.04
7,0,2.4,2.4,0
9,0,2.32,2.32,0
6,0,0.67,0.67,0
29,0,1.19,1.19,0
31,0,1.68,1.68,0
290,0,5.18,5.18,0
1,2,6.67,2.22,4.44
144,0,1.88,1.88,0
39,2,2.87,2.73,0.14
21,0,4.59,4.59,0
X,X,X,X,X
X,X,X,X,X
X,X,X,X,X
183,2,2.98,2.95,0.03
50,0,0.61,0.61,0
X,X,X,X,X
X,X,X,X,X
139,17,1.56,1.39,0.17
38,0,3.77,3.77,0
30,11,0.84,0.61,0.23
43,0,3,3,0
X,X,X,X,X
13,3,0.91,0.74,0.17
346,1,10.75,10.72,0.03
5,0,2.75,2.75,0
230,6,2.07,2.02,0.05
X,X,X,X,X
10,0,2.03,2.03,0
5,1,0.3,0.25,0.05
13,0,0.38,0.38,0
50,1,1.76,1.73,0.03
518,12,3.22,3.15,0.07
2,0,8,8,0
X,X,X,X,X
X,X,X,X,X
X,X,X,X,X
1,0,0.26,0.26,0
X,X,X,X,X
13,0,2.3,2.3,0
7,0,3.03,3.03,0
51,0,0.61,0.61,0
23,1,1.24,1.19,0.05
17,0,1.26,1.26,0
X,X,X,X,X
X,X,X,X,X
7,0,2.32,2.32,0
33,2,1.71,1.61,0.1
0,0,0,0,0
8,1,1.95,1.74,0.22
2,0,0.86,0.86,0
5,0,0.64,0.64,0
77,2,3.84,3.74,0.1
7,0,2.19,2.19,0
43,12,0.72,0.56,0.16
8,1,3.83,3.4,0.43
13,0,3.56,3.56,0
5,0,0.53,0.53,0
18,0,1.03,1.03,0
20,0,1.39,1.39,0
315,0,4.08,4.08,0
0,1,1.92,0,1.92
135,0,2.23,2.23,0
49,0,4.31,4.31,0
22,0,5.05,5.05,0
X,X,X,X,X
X,X,X,X,X
X,X,X,X,X
102,0,1.89,1.89,0
31,2,0.55,0.52,0.03
X,X,X,X,X
X,X,X,X,X
106,0,1.73,1.73,0
24,0,2.7,2.7,0
13,22,0.84,0.31,0.53
13,1,1.72,1.59,0.12
X,X,X,X,X
6,1,0.45,0.39,0.06
266,1,9.57,9.54,0.04
8,0,5.03,5.03,0
205,15,2.48,2.31,0.17
X,X,X,X,X
5,0,1.21,1.21,0
5,0,0.3,0.3,0
1,0,0.04,0.04,0
31,0,1.63,1.63,0
489,10,3.45,3.38,0.07
2,0,6.9,6.9,0
X,X,X,X,X
X,X,X,X,X
X,X,X,X,X
1,0,0.3,0.3,0
X,X,X,X,X
2,0,0.48,0.48,0
3,0,2.4,2.4,0
44,1,0.75,0.73,0.02
17,0,0.94,0.94,0
13,0,1.15,1.15,0
X,X,X,X,X
X,X,X,X,X
10,1,3.57,3.25,0.32
40,6,3.19,2.78,0.42
0,0,0,0,0
13,2,5.3,4.59,0.71
1,0,0.48,0.48,0
10,0,1.43,1.43,0
77,1,4.38,4.33,0.06
7,0,2.29,2.29,0
24,0,0.38,0.38,0
3,0,1.63,1.63,0
10,0,2.7,2.7,0
3,0,0.35,0.35,0
11,1,0.85,0.78,0.07
7,0,0.72,0.72,0
211,0,2.9,2.9,0
0,0,0,0,0
121,0,2.61,2.61,0
43,0,5.51,5.51,0
16,0,4.3,4.3,0
X,X,X,X,X
X,X,X,X,X
X,X,X,X,X
70,0,1.6,1.6,0
21,0,0.41,0.41,0
X,X,X,X,X
X,X,X,X,X
118,3,2.42,2.36,0.06
23,0,2.72,2.72,0
19,16,0.76,0.42,0.35
21,0,2.65,2.65,0
X,X,X,X,X
17,2,1.3,1.17,0.14
131,2,8.8,8.66,0.13
4,0,3.36,3.36,0
185,2,2.7,2.67,0.03
X,X,X,X,X
3,0,0.83,0.83,0
1,0,0.06,0.06,0
0,0,0,0,0
34,0,1.72,1.72,0
384,9,3.79,3.7,0.09
2,0,16.67,16.67,0
X,X,X,X,X
X,X,X,X,X
X,X,X,X,X
0,0,0,0,0
X,X,X,X,X
7,0,1.7,1.7,0
0,0,0,0,0
32,1,0.62,0.6,0.02
20,0,1.18,1.18,0
17,0,1.61,1.61,0
X,X,X,X,X
X,X,X,X,X
9,0,3.3,3.3,0
44,5,2.92,2.62,0.3
0,2,0.31,0,0.31
2,0,0.7,0.7,0
1,0,0.6,0.6,0
8,0,1.67,1.67,0
92,1,5.8,5.74,0.06
3,0,1.3,1.3,0
23,0,0.55,0.55,0
5,0,3.07,3.07,0
2,0,0.66,0.66,0
1,1,0.24,0.12,0.12
8,0,0.68,0.68,0
17,0,1.78,1.78,0
78,0,2.31,2.31,0
4,0,10,10,0
84,1,2.76,2.73,0.03
15,0,2.17,2.17,0
33,0,6.68,6.68,0
X,X,X,X,X
X,X,X,X,X
X,X,X,X,X
43,1,1.32,1.29,0.03
31,1,0.71,0.69,0.02
X,X,X,X,X
X,X,X,X,X
129,6,2.91,2.78,0.13
24,0,5.06,5.06,0
13,5,0.48,0.35,0.13
15,0,2.03,2.03,0
X,X,X,X,X
2,0,0.16,0.16,0
153,2,16.79,16.58,0.22
4,0,4.21,4.21,0
206,5,4.29,4.18,0.1
X,X,X,X,X
13,0,4.05,4.05,0
6,1,0.51,0.43,0.07
2,0,0.13,0.13,0
39,1,2.93,2.86,0.07
379,8,4.32,4.23,0.09
0,0,0,0,0
X,X,X,X,X
X,X,X,X,X
X,X,X,X,X
0,0,0,0,0
X,X,X,X,X
10,0,3.07,3.07,0
1,0,0.83,0.83,0
28,0,0.64,0.64,0
17,0,0.56,0.56,0
12,0,1.24,1.24,0
X,X,X,X,X
X,X,X,X,X
17,0,6.16,6.16,0
47,6,4.17,3.7,0.47
0,1,0.21,0,0.21
2,0,0.77,0.77,0
6,1,3.41,2.93,0.49
15,0,3.61,3.61,0
132,1,10.28,10.2,0.08
9,0,3.37,3.37,0
21,0,0.54,0.54,0
9,0,4.62,4.62,0
0,0,0,0,0
1,0,0.13,0.13,0
14,0,1.15,1.15,0
12,0,1.01,1.01,0
100,0,3.56,3.56,0
2,3,12.5,5,7.5
79,0,2.5,2.5,0
30,0,5,5,0
47,0,10.26,10.26,0
X,X,X,X,X
X,X,X,X,X
X,X,X,X,X
35,2,1.22,1.16,0.07
28,1,0.62,0.6,0.02
X,X,X,X,X
X,X,X,X,X
116,3,2.92,2.84,0.07
35,0,6.14,6.14,0
27,5,0.9,0.76,0.14
35,0,5.59,5.59,0
X,X,X,X,X
12,4,1.37,1.03,0.34
172,0,21.99,21.99,0
4,0,6.15,6.15,0
321,3,6.27,6.21,0.06
X,X,X,X,X
8,0,2.76,2.76,0
6,2,0.61,0.46,0.15
3,1,0.35,0.26,0.09
47,1,3.91,3.83,0.08
391,13,5.31,5.14,0.17
X,X,X,X,X
X,X,X,X,X
X,X,X,X,X
X,X,X,X,X
5,0,1.14,1.14,0
X,X,X,X,X
10,0,3.15,3.15,0
24,0,7.19,7.19,0
37,0,0.89,0.89,0
27,0,1.64,1.64,0
14,0,1.46,1.46,0
X,X,X,X,X
X,X,X,X,X
45,2,2.09,2.01,0.09
58,6,5.65,5.12,0.53
2,0,0.36,0.36,0
19,4,9.31,7.69,1.62
2,0,1.16,1.16,0
23,0,6.28,6.28,0
206,0,14.24,14.24,0
5,0,2.19,2.19,0
29,0,0.85,0.85,0
8,0,3.88,3.88,0
4,0,1.97,1.97,0
7,1,1.1,0.96,0.14
7,0,0.56,0.56,0
17,0,1.75,1.75,0
100,0,4.24,4.24,0
3,1,6.78,5.08,1.69
117,2,4.1,4.03,0.07
49,0,7.78,7.78,0
87,0,15.7,15.7,0
X,X,X,X,X
X,X,X,X,X
X,X,X,X,X
40,0,1.38,1.38,0
40,0,0.88,0.88,0
X,X,X,X,X
X,X,X,X,X
120,4,3.33,3.23,0.11
43,0,7.2,7.2,0
31,11,1.21,0.9,0.32
32,1,5.25,5.1,0.16
X,X,X,X,X
24,0,2.44,2.44,0
137,1,23.59,23.42,0.17
4,0,8.51,8.51,0
478,6,8.98,8.86,0.11
X,X,X,X,X
10,0,3.53,3.53,0
15,0,1.24,1.24,0
4,1,0.42,0.33,0.08
43,1,3.75,3.66,0.09
587,23,8.2,7.89,0.31
2,0,16.67,16.67,0
X,X,X,X,X
X,X,X,X,X
X,X,X,X,X
2,0,0.23,0.23,0
X,X,X,X,X
11,0,3.1,3.1,0
30,1,9.23,8.93,0.3
49,0,1.2,1.2,0
38,0,2.55,2.55,0
20,0,2.17,2.17,0
X,X,X,X,X
X,X,X,X,X
30,1,1.43,1.38,0.05
50,3,4.65,4.39,0.26
2,1,0.61,0.41,0.2
16,0,7.66,7.66,0
2,0,1.2,1.2,0
27,1,7.14,6.89,0.26
243,0,16.2,16.2,0
8,0,3.28,3.28,0
36,2,1.15,1.09,0.06
14,0,7.07,7.07,0
1,0,0.5,0.5,0
5,0,0.62,0.62,0
1,0,0.09,0.09,0
14,0,1.39,1.39,0
67,0,3.8,3.8,0
8,1,11.69,10.39,1.3
131,0,4.92,4.92,0
40,0,7.45,7.45,0
88,0,16.89,16.89,0
X,X,X,X,X
X,X,X,X,X
X,X,X,X,X
59,0,2.06,2.06,0
46,0,1.08,1.08,0
X,X,X,X,X
X,X,X,X,X
171,3,4.54,4.46,0.08
26,0,4.57,4.57,0
40,4,1.33,1.21,0.12
34,0,5.29,5.29,0
X,X,X,X,X
27,0,2.96,2.96,0
53,0,20.62,20.62,0
7,0,12.07,12.07,0
645,4,12.45,12.38,0.08
X,X,X,X,X
13,0,5.58,5.58,0
13,0,1.07,1.07,0
9,0,0.72,0.72,0
108,0,8.88,8.88,0
616,12,8.45,8.29,0.16
1,0,9.09,9.09,0
X,X,X,X,X
X,X,X,X,X
X,X,X,X,X
5,0,1.36,1.36,0
X,X,X,X,X
10,0,3.23,3.23,0
51,1,16.56,16.24,0.32
84,0,1.92,1.92,0
52,0,3.32,3.32,0
28,0,2.9,2.9,0
X,X,X,X,X
X,X,X,X,X
34,0,1.73,1.73,0
37,5,3.95,3.48,0.47
3,0,0.65,0.65,0
34,2,13.33,12.59,0.74
12,0,5.91,5.91,0
26,0,6.05,6.05,0
253,0,16.8,16.8,0
23,0,9.87,9.87,0
50,0,1.57,1.57,0
5,0,2.98,2.98,0
3,0,1.51,1.51,0
9,0,1.16,1.16,0
11,0,0.84,0.84,0
19,0,2.02,2.02,0
54,0,4.42,4.42,0
7,0,9.46,9.46,0
113,0,4.14,4.14,0
54,1,8.38,8.23,0.15
135,0,24.59,24.59,0
X,X,X,X,X
X,X,X,X,X
X,X,X,X,X
88,1,3.11,3.08,0.03
69,0,1.48,1.48,0
X,X,X,X,X
X,X,X,X,X
271,2,8.21,8.15,0.06
45,0,6.31,6.31,0
73,2,2.06,2,0.05
32,0,5.48,5.48,0
X,X,X,X,X
34,0,4.08,4.08,0
10,0,7.69,7.69,0
6,0,9.68,9.68,0
1041,1,17.1,17.08,0.02
X,X,X,X,X
6,0,3,3,0
12,0,1.01,1.01,0
23,0,1.96,1.96,0
107,0,8.55,8.55,0
669,28,9.55,9.16,0.38
X,X,X,X,X
X,X,X,X,X
X,X,X,X,X
X,X,X,X,X
9,1,2.05,1.85,0.21
X,X,X,X,X
11,0,3.34,3.34,0
49,3,10.3,9.7,0.59
105,0,2.42,2.42,0
61,0,4.13,4.13,0
42,0,3.89,3.89,0
X,X,X,X,X
X,X,X,X,X
26,1,1.06,1.02,0.04
34,1,3.33,3.24,0.1
0,0,0,0,0
30,0,15.23,15.23,0
19,0,7.39,7.39,0
39,0,9.33,9.33,0
269,2,19.11,18.97,0.14
29,0,11.33,11.33,0
43,4,1.44,1.32,0.12
13,0,6.99,6.99,0
2,0,0.98,0.98,0
10,0,1.32,1.32,0
20,1,1.56,1.49,0.07
25,0,2.44,2.44,0
36,0,3.28,3.28,0
13,0,13.68,13.68,0
114,1,5.29,5.24,0.05
49,0,8.46,8.46,0
141,0,27.06,27.06,0
X,X,X,X,X
X,X,X,X,X
X,X,X,X,X
136,2,4.71,4.64,0.07
107,0,2.24,2.24,0
X,X,X,X,X
X,X,X,X,X
278,2,8.36,8.3,0.06
100,0,13.07,13.07,0
79,7,2.48,2.28,0.2
75,1,9.05,8.93,0.12
X,X,X,X,X
19,1,2.38,2.26,0.12
9,0,8.33,8.33,0
2,0,4.44,4.44,0
1238,10,19.43,19.27,0.16
X,X,X,X,X
4,0,2.21,2.21,0
28,3,2.91,2.63,0.28
21,3,1.96,1.71,0.24
105,0,10.41,10.41,0
803,11,10.82,10.67,0.15
4,0,30.77,30.77,0
X,X,X,X,X
X,X,X,X,X
X,X,X,X,X
9,1,2.58,2.33,0.26
X,X,X,X,X
23,0,7.99,7.99,0
198,5,34.88,34.02,0.86
161,1,3.46,3.44,0.02
74,0,5.62,5.62,0
69,0,5.82,5.82,0
X,X,X,X,X
X,X,X,X,X
54,1,2.22,2.18,0.04
30,4,3.45,3.05,0.41
1,1,0.35,0.18,0.18
35,1,28.8,28,0.8
22,1,8.49,8.12,0.37
72,0,16.63,16.63,0
150,0,12.51,12.51,0
15,0,4.76,4.76,0
64,0,2.37,2.37,0
12,0,6.15,6.15,0
3,0,1.46,1.46,0
17,0,3.26,3.26,0
35,1,2.33,2.27,0.06
39,0,3.41,3.41,0
50,0,4.21,4.21,0
21,3,22.02,19.27,2.75
199,0,7.36,7.36,0
55,0,9.12,9.12,0
77,0,23.55,23.55,0
X,X,X,X,X
X,X,X,X,X
X,X,X,X,X
215,0,6.92,6.92,0
204,0,3.96,3.96,0
X,X,X,X,X
X,X,X,X,X
448,1,11.21,11.18,0.02
93,0,11.64,11.64,0
97,11,2.99,2.68,0.3
97,0,12.09,12.09,0
X,X,X,X,X
36,3,5.19,4.79,0.4
6,1,7.37,6.32,1.05
5,0,7.94,7.94,0
1280,5,20.7,20.62,0.08
X,X,X,X,X
9,0,4.19,4.19,0
26,0,2.27,2.27,0
42,0,3.1,3.1,0
84,0,8.96,8.96,0
802,12,11.92,11.74,0.18
2,0,12.5,12.5,0
X,X,X,X,X
X,X,X,X,X
X,X,X,X,X
4,0,0.73,0.73,0
X,X,X,X,X
16,0,4.58,4.58,0
133,2,32.07,31.59,0.48
245,0,5.04,5.04,0
75,0,5.53,5.53,0
59,0,5.17,5.17,0
X,X,X,X,X
X,X,X,X,X
42,3,2.18,2.04,0.15
41,2,4.49,4.28,0.21
5,0,1,1,0
56,2,19.93,19.24,0.69
25,1,6.75,6.49,0.26
63,0,12.86,12.86,0
117,0,10.03,10.03,0
6,0,2.62,2.62,0
81,0,2.39,2.39,0
8,0,3.98,3.98,0
13,0,4.89,4.89,0
8,0,1.59,1.59,0
60,0,3.94,3.94,0
68,0,5.71,5.71,0
47,0,3.75,3.75,0
12,3,17.65,14.12,3.53
139,0,5.39,5.39,0
35,0,6.29,6.29,0
108,0,22.13,22.13,0
X,X,X,X,X
X,X,X,X,X
X,X,X,X,X
286,0,9.21,9.21,0
394,0,6.83,6.83,0
X,X,X,X,X
X,X,X,X,X
641,4,14.89,14.8,0.09
91,0,12.15,12.15,0
109,12,3.15,2.84,0.31
87,0,10.32,10.32,0
X,X,X,X,X
43,1,5.87,5.73,0.13
3,0,3.75,3.75,0
6,0,11.11,11.11,0
1217,3,17.65,17.61,0.04
X,X,X,X,X
26,0,11.5,11.5,0
34,0,2.9,2.9,0
41,0,2.98,2.98,0
110,0,11.73,11.73,0
884,3,10.71,10.67,0.04
8,0,26.67,26.67,0
X,X,X,X,X
X,X,X,X,X
X,X,X,X,X
7,0,1.04,1.04,0
X,X,X,X,X
7,0,2.31,2.31,0
113,8,25.91,24.2,1.71
232,0,4.78,4.78,0
130,0,9.58,9.58,0
76,0,5.78,5.78,0
X,X,X,X,X
X,X,X,X,X
51,1,2.57,2.52,0.05
53,3,5.59,5.29,0.3
16,0,2.69,2.69,0
49,1,23.7,23.22,0.47
64,0,14,14,0
37,0,6.99,6.99,0
70,0,6.62,6.62,0
13,0,6.25,6.25,0
109,0,3.65,3.65,0
10,0,5.46,5.46,0
4,0,1.48,1.48,0
29,0,5.41,5.41,0
116,0,6.79,6.79,0
81,0,6.53,6.53,0
58,0,4.96,4.96,0
8,1,9.09,8.08,1.01
143,0,4.77,4.77,0
33,0,6.35,6.35,0
102,1,23.57,23.34,0.23
X,X,X,X,X
X,X,X,X,X
X,X,X,X,X
386,1,11.33,11.3,0.03
573,0,8.87,8.87,0
X,X,X,X,X
X,X,X,X,X
649,76,17.62,15.78,1.85
91,0,11.96,11.96,0
94,11,2.85,2.55,0.3
98,0,11.94,11.94,0
X,X,X,X,X
59,0,7.49,7.49,0
3,0,3.23,3.23,0
11,0,19.3,19.3,0
1122,4,17.58,17.51,0.06
X,X,X,X,X
27,0,10.47,10.47,0
20,1,2.01,1.92,0.1
49,0,3.11,3.11,0
36,0,4.31,4.31,0
686,6,9.28,9.2,0.08
X,X,X,X,X
X,X,X,X,X
X,X,X,X,X
X,X,X,X,X
9,0,2.19,2.19,0
X,X,X,X,X
18,0,6.02,6.02,0
86,7,17.45,16.14,1.31
257,0,4.94,4.94,0
111,0,8.73,8.73,0
116,0,8.13,8.13,0
X,X,X,X,X
X,X,X,X,X
34,0,1.64,1.64,0
43,3,4.31,4.03,0.28
36,2,5.08,4.81,0.27
28,1,15.85,15.3,0.55
80,0,14.71,14.71,0
42,0,7.49,7.49,0
83,0,7.52,7.52,0
31,0,13.36,13.36,0
142,0,5.64,5.64,0
25,0,10.96,10.96,0
20,0,6.71,6.71,0
42,0,8.43,8.43,0
201,0,9.87,9.87,0
73,0,5.78,5.78,0
63,0,5.11,5.11,0
24,1,21.74,20.87,0.87
131,0,4.83,4.83,0
35,1,6.25,6.08,0.17
106,1,22.57,22.36,0.21
X,X,X,X,X
X,X,X,X,X
X,X,X,X,X
480,1,13.59,13.56,0.03
878,0,12.05,12.05,0
X,X,X,X,X
X,X,X,X,X
691,2,15.66,15.62,0.05
83,0,10.41,10.41,0
99,4,2.86,2.74,0.11
144,0,14.72,14.72,0
X,X,X,X,X
79,0,8.94,8.94,0
2,0,2.86,2.86,0
5,0,6.94,6.94,0
955,6,15.3,15.2,0.1
X,X,X,X,X
82,0,17.63,17.63,0
20,0,1.87,1.87,0
43,0,2.73,2.73,0
95,0,11.02,11.02,0
1103,5,11.77,11.72,0.05
5,0,35.71,35.71,0
X,X,X,X,X
X,X,X,X,X
X,X,X,X,X
10,0,4.07,4.07,0
X,X,X,X,X
13,0,4.3,4.3,0
150,1,27.86,27.68,0.18
278,1,5.93,5.91,0.02
145,0,10.1,10.1,0
135,1,8.73,8.67,0.06
X,X,X,X,X
X,X,X,X,X
70,0,3.14,3.14,0
50,0,5.07,5.07,0
36,1,4.35,4.23,0.12
27,0,18.62,18.62,0
70,2,12.48,12.13,0.35
31,0,5.95,5.95,0
63,0,6.39,6.39,0
11,0,5.95,5.95,0
103,0,4.19,4.19,0
29,1,12.61,12.18,0.42
32,0,9.61,9.61,0
26,0,4.57,4.57,0
262,0,11.93,11.93,0
96,0,7.02,7.02,0
71,0,5.39,5.39,0
7,1,8.7,7.61,1.09
126,0,4.68,4.68,0
49,1,9.21,9.02,0.18
105,0,21.83,21.83,0
X,X,X,X,X
X,X,X,X,X
X,X,X,X,X
646,1,16.96,16.94,0.03
865,0,12.32,12.32,0
X,X,X,X,X
X,X,X,X,X
806,2,17.81,17.77,0.04
69,0,12.43,12.43,0
178,7,4.66,4.48,0.18
147,0,14.64,14.64,0
X,X,X,X,X
114,1,12.94,12.82,0.11
4,0,4.6,4.6,0
16,0,20,20,0
809,3,13.29,13.24,0.05
X,X,X,X,X
69,0,14,14,0
25,0,2.14,2.14,0
57,0,3.24,3.24,0
75,0,7.93,7.93,0
919,3,11.58,11.54,0.04
X,X,X,X,X
X,X,X,X,X
X,X,X,X,X
X,X,X,X,X
11,1,3.67,3.36,0.31
X,X,X,X,X
22,0,6.79,6.79,0
95,3,17.59,17.06,0.54
373,0,7.72,7.72,0
158,0,10.91,10.91,0
136,0,8.21,8.21,0
X,X,X,X,X
X,X,X,X,X
87,0,3.9,3.9,0
62,4,6.41,6.02,0.39
64,1,6.09,5.99,0.09
35,2,20,18.92,1.08
75,9,14.14,12.63,1.52
24,0,6.11,6.11,0
43,0,4.48,4.48,0
11,0,4.01,4.01,0
120,1,4.82,4.78,0.04
14,1,6.58,6.14,0.44
35,0,9.19,9.19,0
13,0,2.02,2.02,0
239,0,10.4,10.4,0
138,0,9.58,9.58,0
93,0,6.87,6.87,0
17,2,15.45,13.82,1.63
92,0,4.55,4.55,0
53,0,9.09,9.09,0
83,0,18,18,0
X,X,X,X,X
X,X,X,X,X
X,X,X,X,X
751,1,17.37,17.35,0.02
622,0,8.37,8.37,0
X,X,X,X,X
X,X,X,X,X
605,3,12.97,12.91,0.06
31,0,9.17,9.17,0
259,11,6.01,5.77,0.24
106,0,11.39,11.39,0
X,X,X,X,X
115,1,12.13,12.03,0.1
0,0,0,0,0
9,0,20,20,0
503,1,10,9.98,0.02
X,X,X,X,X
38,0,9.84,9.84,0
33,0,2.77,2.77,0
85,0,4.29,4.29,0
65,0,7.17,7.17,0
915,11,9.47,9.36,0.11
6,0,37.5,37.5,0
X,X,X,X,X
X,X,X,X,X
X,X,X,X,X
3,0,1.22,1.22,0
X,X,X,X,X
17,0,5.94,5.94,0
79,4,16.34,15.55,0.79
447,1,8.24,8.22,0.02
196,0,10.89,10.89,0
141,1,8.03,7.97,0.06
X,X,X,X,X
X,X,X,X,X
122,0,5.25,5.25,0
67,4,6.93,6.54,0.39
73,1,5.41,5.34,0.07
24,0,12.31,12.31,0
75,2,11.05,10.76,0.29
20,0,4.67,4.67,0
36,0,3.5,3.5,0
21,0,11.93,11.93,0
182,3,7.09,6.97,0.11
8,0,3.38,3.38,0
35,0,8.16,8.16,0
9,0,1.68,1.68,0
190,0,8.2,8.2,0
154,0,9.92,9.92,0
116,0,7.25,7.25,0
8,2,10.87,8.7,2.17
125,0,4.39,4.39,0
31,0,4.93,4.93,0
65,0,14.44,14.44,0
X,X,X,X,X
X,X,X,X,X
X,X,X,X,X
725,0,16.71,16.71,0
519,0,7.35,7.35,0
X,X,X,X,X
X,X,X,X,X
610,2,10.94,10.91,0.04
25,0,6.89,6.89,0
257,4,5.66,5.58,0.09
137,0,14.01,14.01,0
X,X,X,X,X
117,4,11.05,10.68,0.37
3,0,2.31,2.31,0
9,0,15.52,15.52,0
375,3,7.43,7.37,0.06
X,X,X,X,X
29,0,6.39,6.39,0
24,0,1.8,1.8,0
99,0,4.71,4.71,0
49,0,5.36,5.36,0
953,12,9.02,8.9,0.11
3,0,14.29,14.29,0
X,X,X,X,X
X,X,X,X,X
X,X,X,X,X
8,0,2.48,2.48,0
X,X,X,X,X
30,0,8.04,8.04,0
79,1,18.82,18.59,0.24
548,0,9.53,9.53,0
222,0,12.49,12.49,0
238,2,11.68,11.59,0.1
X,X,X,X,X
X,X,X,X,X
160,0,6.68,6.68,0
74,4,8.08,7.67,0.41
91,3,5.72,5.54,0.18
27,0,13.17,13.17,0
78,1,11.65,11.5,0.15
22,0,5.87,5.87,0
26,0,2.29,2.29,0
9,0,3.57,3.57,0
163,0,5.97,5.97,0
24,2,10.24,9.45,0.79
52,0,11.69,11.69,0
18,0,3.33,3.33,0
262,0,10.71,10.71,0
190,0,11.33,11.33,0
109,0,9.13,9.13,0
2,2,4.55,2.27,2.27
75,0,2.64,2.64,0
39,0,5.77,5.77,0
42,0,10.55,10.55,0
X,X,X,X,X
X,X,X,X,X
X,X,X,X,X
732,2,16.96,16.91,0.05
580,0,8.23,8.23,0
X,X,X,X,X
X,X,X,X,X
816,6,12.74,12.65,0.09
17,0,4.94,4.94,0
279,4,5.81,5.73,0.08
145,0,12.29,12.29,0
X,X,X,X,X
130,2,10.75,10.59,0.16
1,0,0.78,0.78,0
7,0,12.28,12.28,0
243,8,5.03,4.87,0.16
X,X,X,X,X
27,0,7.34,7.34,0
41,0,3.1,3.1,0
127,0,5.07,5.07,0
40,0,4.35,4.35,0
847,14,7.94,7.81,0.13
X,X,X,X,X
X,X,X,X,X
X,X,X,X,X
X,X,X,X,X
6,0,2.13,2.13,0
X,X,X,X,X
46,0,14.47,14.47,0
13,1,16.28,15.12,1.16
699,0,10.23,10.23,0
128,1,7.9,7.84,0.06
301,2,12.71,12.63,0.08
X,X,X,X,X
X,X,X,X,X
333,1,9.67,9.64,0.03
74,0,6.2,6.2,0
66,2,3.9,3.78,0.11
13,1,7.11,6.6,0.51
69,0,9.9,9.9,0
21,0,4.99,4.99,0
32,0,2.82,2.82,0
5,0,2.49,2.49,0
95,0,3.43,3.43,0
11,0,4.42,4.42,0
120,1,22.79,22.6,0.19
11,0,1.6,1.6,0
270,0,10.26,10.26,0
160,0,10.19,10.19,0
93,1,5.28,5.23,0.06
4,1,5.49,4.4,1.1
69,0,2.51,2.51,0
33,0,4.45,4.45,0
23,0,5.15,5.15,0
X,X,X,X,X
X,X,X,X,X
X,X,X,X,X
549,3,12.84,12.77,0.07
454,0,6.51,6.51,0
X,X,X,X,X
X,X,X,X,X
570,20,8.63,8.34,0.29
7,0,2.07,2.07,0
295,6,5.98,5.86,0.12
81,0,7.31,7.31,0
X,X,X,X,X
109,1,9.02,8.93,0.08
1,0,0.72,0.72,0
0,0,0,0,0
270,1,5.36,5.34,0.02
X,X,X,X,X
37,0,11.14,11.14,0
52,0,3.78,3.78,0
127,5,5.05,4.86,0.19
28,0,2.65,2.65,0
732,16,6.51,6.37,0.14
3,0,20,20,0
X,X,X,X,X
X,X,X,X,X
X,X,X,X,X
6,0,2.42,2.42,0
X,X,X,X,X
58,0,15.55,15.55,0
13,0,3,3,0
978,1,12.58,12.57,0.01
134,0,5.51,5.51,0
208,0,9.27,9.27,0
X,X,X,X,X
X,X,X,X,X
325,1,12.26,12.23,0.04
46,0,3.52,3.52,0
87,3,5.18,5.01,0.17
11,1,6.42,5.88,0.53
35,0,5.44,5.44,0
8,0,2.8,2.8,0
14,0,1.3,1.3,0
0,0,0,0,0
41,0,1.36,1.36,0
11,2,4.78,4.04,0.74
48,0,10.98,10.98,0
19,0,3.25,3.25,0
162,0,6.91,6.91,0
125,0,7.95,7.95,0
42,0,2.92,2.92,0
1,1,2.22,1.11,1.11
48,0,1.91,1.91,0
32,0,3.62,3.62,0
8,0,1.53,1.53,0
X,X,X,X,X
X,X,X,X,X
X,X,X,X,X
440,1,9.96,9.94,0.02
373,0,5.65,5.65,0
X,X,X,X,X
X,X,X,X,X
427,3,6.23,6.19,0.04
4,0,1.13,1.13,0
313,5,5.84,5.75,0.09
84,0,6.8,6.8,0
X,X,X,X,X
114,1,8.86,8.78,0.08
0,0,0,0,0
2,0,3.39,3.39,0
212,4,3.98,3.91,0.07
X,X,X,X,X
16,2,5.07,4.51,0.56
30,0,2.21,2.21,0
144,0,5.12,5.12,0
13,0,1.17,1.17,0
355,2,3.47,3.45,0.02
0,0,0,0,0
X,X,X,X,X
X,X,X,X,X
X,X,X,X,X
15,0,5.03,5.03,0
X,X,X,X,X
45,0,13.2,13.2,0
11,2,5.63,4.76,0.87
1181,0,13.47,13.47,0
126,0,9.87,9.87,0
104,0,4.96,4.96,0
X,X,X,X,X
X,X,X,X,X
618,0,17.19,17.19,0
157,1,11.11,11.04,0.07
101,2,5.33,5.23,0.1
18,0,8.37,8.37,0
23,0,3.62,3.62,0
3,0,1.09,1.09,0
6,0,0.6,0.6,0
1,0,0.51,0.51,0
73,0,2.59,2.59,0
7,0,2.89,2.89,0
32,0,9.04,9.04,0
16,0,2.95,2.95,0
114,0,5.21,5.21,0
65,0,4.48,4.48,0
56,0,3.95,3.95,0
0,3,3.8,0,3.8
39,0,1.52,1.52,0
35,0,3.8,3.8,0
5,0,1.23,1.23,0
X,X,X,X,X
X,X,X,X,X
X,X,X,X,X
319,6,7.47,7.33,0.14
253,5,4.2,4.12,0.08
X,X,X,X,X
X,X,X,X,X
270,3,4.4,4.35,0.05
7,0,2.14,2.14,0
311,5,5.51,5.42,0.09
50,0,4.5,4.5,0
X,X,X,X,X
64,0,5.02,5.02,0
0,1,1.01,0,1.01
0,0,0,0,0
164,7,3.06,2.93,0.13
X,X,X,X,X
11,0,3.4,3.4,0
23,0,1.57,1.57,0
174,0,5.64,5.64,0
7,0,0.62,0.62,0
204,3,2.32,2.28,0.03
X,X,X,X,X
X,X,X,X,X
X,X,X,X,X
X,X,X,X,X
16,1,6.14,5.78,0.36
X,X,X,X,X
31,0,8.96,8.96,0
X,X,X,X,X
1182,0,13.95,13.95,0
81,0,4.46,4.46,0
81,0,4.27,4.27,0
X,X,X,X,X
X,X,X,X,X
642,1,17.64,17.61,0.03
123,4,8.78,8.51,0.28
78,0,4.58,4.58,0
7,0,3.52,3.52,0
13,0,2.91,2.91,0
1,0,0.35,0.35,0
1,0,0.1,0.1,0
1,0,0.55,0.55,0
23,1,0.91,0.87,0.04
5,1,2.46,2.05,0.41
8,0,2.77,2.77,0
8,0,1.16,1.16,0
55,0,2.64,2.64,0
40,0,2.84,2.84,0
49,0,3.32,3.32,0
3,2,5.75,3.45,2.3
28,0,1.11,1.11,0
15,0,1.76,1.76,0
13,0,3.24,3.24,0
X,X,X,X,X
X,X,X,X,X
X,X,X,X,X
185,2,4.49,4.44,0.05
157,0,2.87,2.87,0
X,X,X,X,X
X,X,X,X,X
148,5,3.05,2.95,0.1
2,0,0.63,0.63,0
221,13,4.37,4.13,0.24
34,0,3.35,3.35,0
X,X,X,X,X
50,2,4.28,4.12,0.16
0,0,0,0,0
0,0,0,0,0
144,6,2.61,2.51,0.1
X,X,X,X,X
14,1,5.23,4.88,0.35
28,0,2.44,2.44,0
152,1,5.29,5.26,0.03
5,0,0.49,0.49,0
111,5,1.4,1.34,0.06
X,X,X,X,X
X,X,X,X,X
X,X,X,X,X
X,X,X,X,X
6,0,2.26,2.26,0
X,X,X,X,X
19,0,5.44,5.44,0
5,0,1.45,1.45,0
913,0,11.12,11.12,0
46,0,2.69,2.69,0
40,3,2.19,2.04,0.15
X,X,X,X,X
X,X,X,X,X
415,0,11.93,11.93,0
45,3,3.73,3.49,0.23
52,2,3.27,3.15,0.12
3,1,2.04,1.53,0.51
6,2,1.58,1.19,0.4
0,0,0,0,0
3,0,0.31,0.31,0
0,0,0,0,0
25,1,0.95,0.91,0.04
5,0,2.22,2.22,0
3,0,0.94,0.94,0
7,0,1.25,1.25,0
28,0,1.35,1.35,0
25,0,1.74,1.74,0
34,1,2.58,2.51,0.07
6,0,5.36,5.36,0
10,0,0.4,0.4,0
12,0,1.45,1.45,0
2,0,0.55,0.55,0
X,X,X,X,X
X,X,X,X,X
X,X,X,X,X
108,0,2.57,2.57,0
65,1,1.21,1.19,0.02
X,X,X,X,X
X,X,X,X,X
49,2,1.1,1.06,0.04
2,0,0.64,0.64,0
105,3,2.5,2.43,0.07
18,0,1.85,1.85,0
X,X,X,X,X
29,1,2.62,2.53,0.09
0,0,0,0,0
1,1,3.17,1.59,1.59
83,6,1.59,1.48,0.11
X,X,X,X,X
8,0,2.79,2.79,0
19,0,1.66,1.66,0
130,1,4.88,4.84,0.04
0,0,0,0,0
104,6,1.47,1.39,0.08
0,0,0,0,0
X,X,X,X,X
X,X,X,X,X
X,X,X,X,X
5,0,1.67,1.67,0
X,X,X,X,X
10,0,3.42,3.42,0
2,0,0.49,0.49,0
514,0,7.47,7.47,0
10,0,0.66,0.66,0
29,0,1.72,1.72,0
X,X,X,X,X
X,X,X,X,X
227,0,7.1,7.1,0
38,0,2.85,2.85,0
50,1,3.39,3.32,0.07
4,0,2.22,2.22,0
5,0,1.39,1.39,0
2,0,0.73,0.73,0
3,0,0.3,0.3,0
0,0,0,0,0
19,5,0.93,0.73,0.19
4,0,1.7,1.7,0
6,0,2.12,2.12,0
4,1,0.95,0.76,0.19
17,0,0.85,0.85,0
15,0,1.11,1.11,0
21,0,1.73,1.73,0
2,2,3.15,1.57,1.57
8,0,0.32,0.32,0
14,0,1.85,1.85,0
3,0,1.34,1.34,0
X,X,X,X,X
X,X,X,X,X
X,X,X,X,X
57,0,1.3,1.3,0
51,0,1.01,1.01,0
X,X,X,X,X
X,X,X,X,X
34,0,0.8,0.8,0
2,0,0.55,0.55,0
102,6,2.85,2.7,0.16
16,2,2,1.78,0.22
X,X,X,X,X
28,4,2.8,2.45,0.35
0,0,0,0,0
1,0,1.43,1.43,0
74,5,1.48,1.38,0.09
X,X,X,X,X
11,0,3.94,3.94,0
11,0,1.01,1.01,0
122,0,4.43,4.43,0
3,0,0.3,0.3,0
68,16,1.29,1.04,0.24
X,X,X,X,X
X,X,X,X,X
X,X,X,X,X
X,X,X,X,X
1,0,0.37,0.37,0
X,X,X,X,X
3,0,1.1,1.1,0
1,0,0.28,0.28,0
406,0,6.59,6.59,0
8,0,0.52,0.52,0
25,0,1.54,1.54,0
X,X,X,X,X
X,X,X,X,X
98,0,4.32,4.32,0
22,1,1.66,1.59,0.07
40,3,2.83,2.63,0.2
X,X,X,X,X
3,0,0.85,0.85,0
1,0,0.39,0.39,0
2,0,0.25,0.25,0
0,0,0,0,0
12,1,0.52,0.48,0.04
3,0,1.63,1.63,0
X,X,X,X,X
6,0,1.05,1.05,0
14,1,0.8,0.75,0.05
3,1,0.32,0.24,0.08
20,1,1.92,1.83,0.09
1,1,2,1,1
5,0,0.19,0.19,0
11,0,1.48,1.48,0
2,0,0.67,0.67,0
X,X,X,X,X
X,X,X,X,X
X,X,X,X,X
25,2,0.62,0.58,0.05
29,0,0.59,0.59,0
X,X,X,X,X
X,X,X,X,X
16,0,0.39,0.39,0
0,0,0,0,0
79,6,2.1,1.95,0.15
6,0,0.73,0.73,0
X,X,X,X,X
11,1,1.12,1.03,0.09
0,0,0,0,0
1,1,3.28,1.64,1.64
55,9,1.1,0.95,0.16
X,X,X,X,X
1,0,0.42,0.42,0
16,0,1.48,1.48,0
85,0,3.02,3.02,0
2,1,0.31,0.2,0.1
59,11,1.17,0.99,0.18
X,X,X,X,X
X,X,X,X,X
X,X,X,X,X
X,X,X,X,X
0,0,0,0,0
X,X,X,X,X
0,0,0,0,0
2,0,0.49,0.49,0
306,0,4.85,4.85,0
4,0,0.28,0.28,0
10,1,0.67,0.61,0.06
X,X,X,X,X
X,X,X,X,X
86,0,2.9,2.9,0
29,3,2.28,2.07,0.21
47,1,3.49,3.41,0.07
X,X,X,X,X
2,0,0.67,0.67,0
0,0,0,0,0
2,0,0.26,0.26,0
0,0,0,0,0
10,5,0.62,0.41,0.21
4,0,2.07,2.07,0
X,X,X,X,X
0,0,0,0,0
4,1,0.26,0.21,0.05
3,0,0.23,0.23,0
8,1,1.04,0.93,0.12
0,7,6.25,0,6.25
4,0,0.15,0.15,0
5,0,0.65,0.65,0
2,0,0.52,0.52,0
X,X,X,X,X
X,X,X,X,X
X,X,X,X,X
14,1,0.35,0.33,0.02
22,0,0.45,0.45,0
X,X,X,X,X
X,X,X,X,X
21,2,0.55,0.5,0.05
0,0,0,0,0
50,0,1.26,1.26,0
4,0,0.55,0.55,0
X,X,X,X,X
11,2,1.22,1.03,0.19
0,0,0,0,0
0,0,0,0,0
46,4,0.92,0.85,0.07
X,X,X,X,X
1,1,0.86,0.43,0.43
5,0,0.46,0.46,0
44,0,2.43,2.43,0
1,0,0.1,0.1,0
23,8,0.6,0.45,0.16
X,X,X,X,X
X,X,X,X,X
X,X,X,X,X
X,X,X,X,X
4,0,1.15,1.15,0
X,X,X,X,X
0,0,0,0,0
0,0,0,0,0
229,0,3.67,3.67,0
3,0,0.2,0.2,0
1,0,0.06,0.06,0
X,X,X,X,X
X,X,X,X,X
62,0,2.8,2.8,0
15,4,1.46,1.16,0.31
61,3,4.45,4.24,0.21
X,X,X,X,X
0,0,0,0,0
0,0,0,0,0
3,0,0.39,0.39,0
0,0,0,0,0
7,2,0.36,0.28,0.08
4,0,2.05,2.05,0
X,X,X,X,X
0,0,0,0,0
2,0,0.11,0.11,0
3,0,0.25,0.25,0
4,0,0.5,0.5,0
1,3,3.64,0.91,2.73
4,0,0.15,0.15,0
2,0,0.3,0.3,0
0,0,0,0,0
X,X,X,X,X
X,X,X,X,X
X,X,X,X,X
3,1,0.09,0.07,0.02
13,0,0.27,0.27,0
X,X,X,X,X
X,X,X,X,X
9,0,0.24,0.24,0
0,0,0,0,0
42,1,1,0.97,0.02
0,0,0,0,0
X,X,X,X,X
13,1,1.23,1.14,0.09
0,0,0,0,0
0,0,0,0,0
40,13,0.97,0.73,0.24
X,X,X,X,X
5,0,2.36,2.36,0
2,0,0.2,0.2,0
44,0,1.63,1.63,0
4,0,0.38,0.38,0
10,1,0.24,0.22,0.02
X,X,X,X,X
X,X,X,X,X
X,X,X,X,X
X,X,X,X,X
3,0,0.6,0.6,0
X,X,X,X,X
2,0,0.74,0.74,0
1,0,0.25,0.25,0
135,0,2.33,2.33,0
0,0,0,0,0
4,0,0.28,0.28,0
X,X,X,X,X
X,X,X,X,X
41,0,1.84,1.84,0
12,3,1.55,1.24,0.31
29,1,2.28,2.2,0.08
X,X,X,X,X
1,0,0.33,0.33,0
1,1,0.93,0.47,0.47
1,0,0.12,0.12,0
0,1,0.52,0,0.52
3,5,0.33,0.12,0.21
0,2,1.02,0,1.02
X,X,X,X,X
2,0,0.31,0.31,0
7,2,0.52,0.4,0.11
0,0,0,0,0
8,1,0.96,0.85,0.11
1,6,4.79,0.68,4.11
4,0,0.14,0.14,0
2,0,0.28,0.28,0
2,0,0.45,0.45,0
X,X,X,X,X
X,X,X,X,X
X,X,X,X,X
9,1,0.23,0.2,0.02
12,1,0.27,0.25,0.02
X,X,X,X,X
X,X,X,X,X
4,0,0.11,0.11,0
0,0,0,0,0
41,0,1.13,1.13,0
1,1,0.28,0.14,0.14
X,X,X,X,X
8,3,0.86,0.63,0.23
0,0,0,0,0
0,0,0,0,0
34,6,0.78,0.66,0.12
X,X,X,X,X
0,0,0,0,0
5,0,0.47,0.47,0
41,1,1.8,1.76,0.04
0,2,0.17,0,0.17
22,13,0.77,0.49,0.29
X,X,X,X,X
X,X,X,X,X
X,X,X,X,X
X,X,X,X,X
1,0,0.27,0.27,0
X,X,X,X,X
1,0,0.43,0.43,0
2,0,0.46,0.46,0
121,1,2.25,2.23,0.02
1,0,0.07,0.07,0
3,0,0.21,0.21,0
X,X,X,X,X
X,X,X,X,X
30,0,1.05,1.05,0
18,4,1.33,1.08,0.24
43,6,3.67,3.22,0.45
X,X,X,X,X
0,1,0.32,0,0.32
1,0,0.42,0.42,0
3,0,0.35,0.35,0
0,0,0,0,0
3,3,0.22,0.11,0.11
0,0,0,0,0
X,X,X,X,X
2,0,0.33,0.33,0
1,1,0.12,0.06,0.06
1,0,0.08,0.08,0
2,1,0.28,0.19,0.09
2,4,5.77,1.92,3.85
2,1,0.1,0.07,0.03
2,0,0.28,0.28,0
2,0,0.42,0.42,0
X,X,X,X,X
X,X,X,X,X
X,X,X,X,X
2,0,0.05,0.05,0
5,0,0.1,0.1,0
X,X,X,X,X
X,X,X,X,X
5,1,0.18,0.15,0.03
0,0,0,0,0
16,1,0.53,0.5,0.03
2,0,0.27,0.27,0
X,X,X,X,X
8,0,0.61,0.61,0
0,0,0,0,0
0,0,0,0,0
33,13,0.9,0.65,0.26
X,X,X,X,X
1,0,0.5,0.5,0
4,0,0.38,0.38,0
12,0,0.54,0.54,0
0,0,0,0,0
15,1,0.4,0.38,0.03
X,X,X,X,X
X,X,X,X,X
X,X,X,X,X
X,X,X,X,X
0,1,0.3,0,0.3
X,X,X,X,X
1,0,0.41,0.41,0
2,1,0.68,0.45,0.23
90,2,1.77,1.73,0.04
2,0,0.16,0.16,0
5,0,0.35,0.35,0
X,X,X,X,X
X,X,X,X,X
15,0,1.12,1.12,0
1,0,0.1,0.1,0
20,1,2.68,2.55,0.13
X,X,X,X,X
2,1,0.96,0.64,0.32
1,0,0.48,0.48,0
0,0,0,0,0
2,0,0.98,0.98,0
5,5,0.34,0.17,0.17
3,1,2.38,1.79,0.6
X,X,X,X,X
0,0,0,0,0
4,1,0.31,0.25,0.06
0,0,0,0,0
5,1,0.66,0.55,0.11
2,10,8.76,1.46,7.3
2,1,0.11,0.07,0.04
1,0,0.15,0.15,0
0,0,0,0,0
X,X,X,X,X
X,X,X,X,X
X,X,X,X,X
4,1,0.12,0.1,0.02
7,0,0.14,0.14,0
X,X,X,X,X
X,X,X,X,X
9,0,0.25,0.25,0
1,0,0.27,0.27,0
17,0,0.51,0.51,0
2,0,0.25,0.25,0
X,X,X,X,X
6,1,0.55,0.47,0.08
0,0,0,0,0
0,0,0,0,0
27,2,0.62,0.58,0.04
X,X,X,X,X
0,0,0,0,0
6,0,0.6,0.6,0
12,0,0.54,0.54,0
1,0,0.09,0.09,0
12,2,0.36,0.31,0.05
X,X,X,X,X
X,X,X,X,X
X,X,X,X,X
X,X,X,X,X
1,0,0.37,0.37,0
X,X,X,X,X
0,0,0,0,0
X,X,X,X,X
73,0,1.46,1.46,0
3,1,0.32,0.24,0.08
2,0,0.14,0.14,0
X,X,X,X,X
X,X,X,X,X
8,0,0.8,0.8,0
5,3,0.58,0.36,0.22
39,1,3.29,3.21,0.08
0,0,0,0,0
3,0,1.11,1.11,0
1,0,0.46,0.46,0
0,0,0,0,0
0,0,0,0,0
2,5,0.27,0.08,0.19
0,0,0,0,0
X,X,X,X,X
0,0,0,0,0
2,0,0.14,0.14,0
3,0,0.23,0.23,0
2,0,0.23,0.23,0
1,4,5.38,1.08,4.3
3,0,0.12,0.12,0
0,0,0,0,0
0,0,0,0,0
X,X,X,X,X
X,X,X,X,X
X,X,X,X,X
8,0,0.2,0.2,0
6,1,0.15,0.13,0.02
X,X,X,X,X
X,X,X,X,X
7,0,0.21,0.21,0
1,0,0.27,0.27,0
8,1,0.27,0.24,0.03
2,0,0.27,0.27,0
X,X,X,X,X
6,2,0.73,0.54,0.18
0,1,1.45,0,1.45
0,0,0,0,0
24,10,0.74,0.52,0.22
X,X,X,X,X
0,0,0,0,0
5,0,0.48,0.48,0
14,0,0.93,0.93,0
2,0,0.17,0.17,0
9,0,0.26,0.26,0
X,X,X,X,X
X,X,X,X,X
X,X,X,X,X
X,X,X,X,X
0,0,0,0,0
X,X,X,X,X
0,0,0,0,0
X,X,X,X,X
63,1,1.35,1.33,0.02
2,0,0.17,0.17,0
3,0,0.21,0.21,0
X,X,X,X,X
X,X,X,X,X
5,0,1.84,1.84,0
15,2,1.07,0.94,0.13
46,1,3.58,3.5,0.08
X,X,X,X,X
0,1,0.39,0,0.39
1,0,0.47,0.47,0
1,0,0.12,0.12,0
0,0,0,0,0
4,2,0.25,0.17,0.08
0,0,0,0,0
X,X,X,X,X
0,0,0,0,0
5,0,0.35,0.35,0
0,0,0,0,0
1,0,0.11,0.11,0
0,5,5.75,0,5.75
1,0,0.04,0.04,0
0,0,0,0,0
2,0,0.48,0.48,0
X,X,X,X,X
X,X,X,X,X
X,X,X,X,X
1,0,0.02,0.02,0
8,0,0.18,0.18,0
X,X,X,X,X
X,X,X,X,X
5,0,0.16,0.16,0
0,0,0,0,0
6,1,0.23,0.2,0.03
1,0,0.13,0.13,0
X,X,X,X,X
4,2,0.52,0.35,0.17
0,0,0,0,0
0,0,0,0,0
23,10,0.8,0.56,0.24
X,X,X,X,X
0,0,0,0,0
4,0,0.39,0.39,0
16,0,0.76,0.76,0
1,0,0.09,0.09,0
5,2,0.22,0.16,0.06
X,X,X,X,X
X,X,X,X,X
X,X,X,X,X
X,X,X,X,X
0,0,0,0,0
X,X,X,X,X
2,0,0.47,0.47,0
X,X,X,X,X
58,0,1.18,1.18,0
1,0,0.08,0.08,0
4,0,0.3,0.3,0
X,X,X,X,X
X,X,X,X,X
3,0,0.34,0.34,0
9,3,1.18,0.88,0.29
35,3,2.74,2.52,0.22
X,X,X,X,X
0,0,0,0,0
0,0,0,0,0
5,0,0.66,0.66,0
0,0,0,0,0
10,1,0.42,0.38,0.04
3,0,1.55,1.55,0
X,X,X,X,X
1,0,0.23,0.23,0
1,0,0.06,0.06,0
0,0,0,0,0
5,1,0.66,0.55,0.11
0,10,10.99,0,10.99
3,0,0.13,0.13,0
0,0,0,0,0
1,0,0.21,0.21,0
X,X,X,X,X
X,X,X,X,X
X,X,X,X,X
2,1,0.06,0.04,0.02
13,0,0.3,0.3,0
X,X,X,X,X
X,X,X,X,X
9,1,0.33,0.29,0.03
0,0,0,0,0
7,0,0.24,0.24,0
1,0,0.15,0.15,0
X,X,X,X,X
4,2,0.55,0.37,0.18
0,0,0,0,0
1,1,3.08,1.54,1.54
32,8,0.87,0.7,0.17
X,X,X,X,X
0,0,0,0,0
1,0,0.09,0.09,0
9,1,0.5,0.45,0.05
0,0,0,0,0
3,2,0.16,0.1,0.06
X,X,X,X,X
X,X,X,X,X
X,X,X,X,X
X,X,X,X,X
2,0,0.53,0.53,0
X,X,X,X,X
0,0,0,0,0
X,X,X,X,X
82,1,1.56,1.54,0.02
1,0,0.05,0.05,0
5,0,0.36,0.36,0
X,X,X,X,X
X,X,X,X,X
4,1,0.75,0.6,0.15
30,0,1.6,1.6,0
52,4,4.05,3.76,0.29
X,X,X,X,X
3,0,1.13,1.13,0
2,1,1,0.67,0.33
1,0,0.12,0.12,0
0,0,0,0,0
5,3,0.26,0.16,0.1
7,1,3.43,3,0.43
X,X,X,X,X
1,0,0.18,0.18,0
3,0,0.2,0.2,0
0,0,0,0,0
0,0,0,0,0
3,13,12.31,2.31,10
0,0,0,0,0
0,0,0,0,0
2,0,0.43,0.43,0
X,X,X,X,X
X,X,X,X,X
X,X,X,X,X
5,0,0.1,0.1,0
8,0,0.19,0.19,0
X,X,X,X,X
X,X,X,X,X
5,4,0.26,0.14,0.12
0,0,0,0,0
4,1,0.19,0.15,0.04
3,0,0.43,0.43,0
X,X,X,X,X
3,2,0.38,0.23,0.15
0,0,0,0,0
0,0,0,0,0
49,6,0.92,0.82,0.1
X,X,X,X,X
1,0,0.46,0.46,0
2,0,0.18,0.18,0
10,0,0.84,0.84,0
0,0,0,0,0
3,3,0.18,0.09,0.09
X,X,X,X,X
X,X,X,X,X
X,X,X,X,X
X,X,X,X,X
3,0,0.72,0.72,0
X,X,X,X,X
3,0,0.83,0.83,0
X,X,X,X,X
75,1,1.35,1.34,0.02
0,0,0,0,0
5,1,0.46,0.39,0.08
X,X,X,X,X
X,X,X,X,X
2,0,0.52,0.52,0
26,2,1.63,1.51,0.12
43,1,2.96,2.89,0.07
X,X,X,X,X
2,0,0.5,0.5,0
1,0,0.36,0.36,0
1,0,0.11,0.11,0
0,0,0,0,0
8,0,0.27,0.27,0
6,1,2.83,2.43,0.4
X,X,X,X,X
0,0,0,0,0
5,0,0.33,0.33,0
0,1,0.08,0,0.08
1,0,0.1,0.1,0
0,8,5.88,0,5.88
2,0,0.08,0.08,0
1,0,0.21,0.21,0
0,0,0,0,0
X,X,X,X,X
X,X,X,X,X
X,X,X,X,X
0,1,0.02,0,0.02
13,0,0.31,0.31,0
X,X,X,X,X
X,X,X,X,X
7,1,0.19,0.17,0.02
0,0,0,0,0
3,2,0.19,0.11,0.08
2,0,0.27,0.27,0
X,X,X,X,X
6,2,0.58,0.44,0.15
0,0,0,0,0
1,0,1.89,1.89,0
89,13,1.48,1.29,0.19
X,X,X,X,X
1,0,0.43,0.43,0
4,0,0.36,0.36,0
11,0,0.6,0.6,0
0,0,0,0,0
12,1,0.41,0.38,0.03
X,X,X,X,X
X,X,X,X,X
X,X,X,X,X
X,X,X,X,X
10,0,3.13,3.13,0
X,X,X,X,X
1,0,0.3,0.3,0
X,X,X,X,X
105,1,1.99,1.97,0.02
3,1,0.28,0.21,0.07
4,0,0.28,0.28,0
X,X,X,X,X
X,X,X,X,X
2,1,0.72,0.48,0.24
45,0,2.52,2.52,0
48,6,3.54,3.15,0.39
X,X,X,X,X
3,1,1.12,0.84,0.28
0,0,0,0,0
0,0,0,0,0
0,0,0,0,0
6,0,0.21,0.21,0
18,1,6.51,6.16,0.34
X,X,X,X,X
3,0,0.51,0.51,0
7,0,0.45,0.45,0
1,0,0.09,0.09,0
3,1,0.38,0.28,0.09
0,3,2.31,0,2.31
5,0,0.18,0.18,0
1,0,0.21,0.21,0
0,0,0,0,0
X,X,X,X,X
X,X,X,X,X
X,X,X,X,X
2,0,0.05,0.05,0
13,0,0.3,0.3,0
X,X,X,X,X
X,X,X,X,X
8,1,0.22,0.19,0.02
0,0,0,0,0
3,0,0.11,0.11,0
4,0,0.47,0.47,0
X,X,X,X,X
14,0,1.13,1.13,0
0,0,0,0,0
1,0,1.61,1.61,0
99,5,1.53,1.46,0.07
X,X,X,X,X
0,0,0,0,0
2,0,0.18,0.18,0
13,1,0.81,0.75,0.06
0,0,0,0,0
3,0,0.07,0.07,0
X,X,X,X,X
X,X,X,X,X
X,X,X,X,X
X,X,X,X,X
9,0,2.21,2.21,0
X,X,X,X,X
1,0,0.32,0.32,0
6,0,0.91,0.91,0
108,1,1.9,1.88,0.02
0,0,0,0,0
4,0,0.26,0.26,0
X,X,X,X,X
X,X,X,X,X
3,0,0.77,0.77,0
95,5,5.92,5.62,0.3
31,3,2.31,2.11,0.2
X,X,X,X,X
0,0,0,0,0
0,0,0,0,0
1,0,0.11,0.11,0
0,0,0,0,0
1,3,0.15,0.04,0.11
13,0,4.41,4.41,0
X,X,X,X,X
10,0,1.67,1.67,0
3,0,0.17,0.17,0
0,0,0,0,0
1,0,0.08,0.08,0
1,5,6.59,1.1,5.49
3,0,0.11,0.11,0
0,1,0.24,0,0.24
1,0,0.28,0.28,0
X,X,X,X,X
X,X,X,X,X
X,X,X,X,X
5,1,0.15,0.12,0.02
20,0,0.4,0.4,0
X,X,X,X,X
X,X,X,X,X
13,1,0.31,0.29,0.02
0,0,0,0,0
1,1,0.06,0.03,0.03
2,1,0.29,0.2,0.1
X,X,X,X,X
5,0,0.36,0.36,0
0,1,1.56,0,1.56
0,1,2.17,0,2.17
140,12,2.18,2.01,0.17
X,X,X,X,X
0,0,0,0,0
0,0,0,0,0
10,1,0.5,0.45,0.05
0,0,0,0,0
13,0,0.41,0.41,0
X,X,X,X,X
X,X,X,X,X
X,X,X,X,X
X,X,X,X,X
8,0,2.53,2.53,0
X,X,X,X,X
0,0,0,0,0
6,0,0.96,0.96,0
133,2,2.18,2.15,0.03
2,0,0.12,0.12,0
5,0,0.31,0.31,0
X,X,X,X,X
X,X,X,X,X
2,0,0.48,0.48,0
163,15,10.81,9.9,0.91
34,4,2.05,1.83,0.22
X,X,X,X,X
1,0,0.28,0.28,0
1,0,0.29,0.29,0
0,0,0,0,0
0,0,0,0,0
9,0,0.34,0.34,0
21,3,9.16,8.02,1.15
X,X,X,X,X
3,0,0.5,0.5,0
13,0,0.69,0.69,0
0,0,0,0,0
6,1,0.51,0.44,0.07
2,12,12.28,1.75,10.53
2,1,0.12,0.08,0.04
0,0,0,0,0
1,0,0.26,0.26,0
X,X,X,X,X
X,X,X,X,X
X,X,X,X,X
8,0,0.19,0.19,0
20,0,0.36,0.36,0
X,X,X,X,X
X,X,X,X,X
38,3,0.89,0.82,0.07
0,0,0,0,0
7,0,0.2,0.2,0
1,0,0.08,0.08,0
X,X,X,X,X
29,1,2.2,2.12,0.07
0,0,0,0,0
1,0,1.69,1.69,0
204,11,3.08,2.92,0.16
X,X,X,X,X
0,0,0,0,0
5,0,0.44,0.44,0
10,1,0.46,0.42,0.04
10,0,0.74,0.74,0
27,11,0.67,0.47,0.19
X,X,X,X,X
X,X,X,X,X
X,X,X,X,X
X,X,X,X,X
18,0,4.9,4.9,0
X,X,X,X,X
0,0,0,0,0
25,1,3.93,3.78,0.15
218,0,2.97,2.97,0
0,0,0,0,0
7,0,0.42,0.42,0
X,X,X,X,X
X,X,X,X,X
2,0,0.68,0.68,0
295,19,18.15,17.05,1.1
72,6,8.03,7.42,0.62
X,X,X,X,X
0,0,0,0,0
0,0,0,0,0
1,0,0.19,0.19,0
0,0,0,0,0
1,0,0.1,0.1,0
32,2,13.44,12.65,0.79
X,X,X,X,X
7,0,1.06,1.06,0
10,0,0.5,0.5,0
0,0,0,0,0
11,1,0.85,0.77,0.07
2,6,6.9,1.72,5.17
4,1,0.19,0.15,0.04
1,0,0.19,0.19,0
1,0,0.23,0.23,0
X,X,X,X,X
X,X,X,X,X
X,X,X,X,X
12,1,0.32,0.3,0.02
16,2,0.31,0.28,0.03
X,X,X,X,X
X,X,X,X,X
32,4,0.82,0.73,0.09
3,0,0.81,0.81,0
24,3,0.5,0.45,0.06
9,0,0.75,0.75,0
X,X,X,X,X
46,3,3.94,3.69,0.24
0,0,0,0,0
0,0,0,0,0
332,13,4.64,4.46,0.17
X,X,X,X,X
0,0,0,0,0
8,0,0.65,0.65,0
22,1,0.91,0.87,0.04
16,0,1.44,1.44,0
34,20,1.13,0.71,0.42
1,0,9.09,9.09,0
X,X,X,X,X
X,X,X,X,X
X,X,X,X,X
39,0,13.78,13.78,0
X,X,X,X,X
0,0,0,0,0
34,1,6.16,5.99,0.18
290,4,2.9,2.86,0.04
2,0,0.14,0.14,0
14,0,0.78,0.78,0
X,X,X,X,X
X,X,X,X,X
3,0,0.88,0.88,0
480,24,21.73,20.7,1.03
66,3,3.94,3.77,0.17
0,1,6.25,0,6.25
5,0,1.01,1.01,0
3,0,0.7,0.7,0
4,4,0.47,0.24,0.24
0,0,0,0,0
7,1,0.78,0.69,0.1
41,3,15.83,14.75,1.08
X,X,X,X,X
6,0,0.84,0.84,0
15,0,0.64,0.64,0
1,0,0.14,0.14,0
17,3,1.23,1.05,0.19
3,12,12.82,2.56,10.26
11,0,0.42,0.42,0
0,0,0,0,0
13,7,1.02,0.66,0.36
X,X,X,X,X
X,X,X,X,X
X,X,X,X,X
15,0,0.37,0.37,0
22,1,0.38,0.36,0.02
26,1,1.6,1.54,0.06
X,X,X,X,X
62,8,1.43,1.27,0.16
4,0,1.16,1.16,0
20,2,0.52,0.47,0.05
5,0,0.57,0.57,0
X,X,X,X,X
61,0,3.58,3.58,0
1,0,1.28,1.28,0
0,0,0,0,0
586,18,8,7.77,0.24
X,X,X,X,X
1,0,0.28,0.28,0
8,1,0.6,0.53,0.07
23,0,1.11,1.11,0
48,0,3.34,3.34,0
39,11,0.86,0.67,0.19
X,X,X,X,X
X,X,X,X,X
X,X,X,X,X
X,X,X,X,X
90,0,22.96,22.96,0
X,X,X,X,X
2,0,0.52,0.52,0
64,0,10.11,10.11,0
431,2,3.75,3.73,0.02
8,1,0.67,0.59,0.07
16,0,0.81,0.81,0
X,X,X,X,X
X,X,X,X,X
7,1,2.25,1.97,0.28
391,20,24.38,23.19,1.19
87,4,4.33,4.14,0.19
0,1,5.88,0,5.88
11,0,1.92,1.92,0
3,0,0.72,0.72,0
3,0,0.19,0.19,0
0,0,0,0,0
28,1,2.56,2.48,0.09
51,1,16,15.69,0.31
X,X,X,X,X
10,0,1.33,1.33,0
16,2,0.75,0.67,0.08
1,0,0.12,0.12,0
22,1,1.43,1.37,0.06
11,6,13.49,8.73,4.76
23,0,0.81,0.81,0
3,1,0.86,0.65,0.22
12,3,0.74,0.59,0.15
X,X,X,X,X
X,X,X,X,X
X,X,X,X,X
12,1,0.17,0.15,0.01
48,1,0.75,0.73,0.02
60,0,3.08,3.08,0
X,X,X,X,X
147,6,2.81,2.7,0.11
8,0,1.93,1.93,0
22,1,0.51,0.49,0.02
12,0,1.19,1.19,0
X,X,X,X,X
118,0,6.4,6.4,0
0,0,0,0,0
3,2,4.42,2.65,1.77
1003,19,12.29,12.06,0.23
X,X,X,X,X
3,0,2.38,2.38,0
28,0,1.72,1.72,0
17,3,0.89,0.76,0.13
101,0,6.29,6.29,0
79,11,1.22,1.07,0.15
X,X,X,X,X
X,X,X,X,X
X,X,X,X,X
X,X,X,X,X
139,0,28.31,28.31,0
X,X,X,X,X
1,0,0.39,0.39,0
129,4,17.57,17.04,0.53
642,7,4.83,4.77,0.05
21,2,1.82,1.66,0.16
34,1,1.7,1.66,0.05
X,X,X,X,X
X,X,X,X,X
8,3,3.12,2.27,0.85
705,12,23.9,23.5,0.4
102,8,4.72,4.38,0.34
0,1,0.58,0,0.58
21,0,2.95,2.95,0
7,0,1.54,1.54,0
12,6,1.05,0.7,0.35
4,0,1.67,1.67,0
54,1,4.35,4.27,0.08
74,3,22.85,21.96,0.89
X,X,X,X,X
24,0,2.93,2.93,0
25,1,0.99,0.95,0.04
3,0,0.35,0.35,0
109,0,6.25,6.25,0
45,3,23.76,22.28,1.49
60,2,2.03,1.97,0.07
7,0,1.3,1.3,0
25,2,1.25,1.15,0.09
X,X,X,X,X
X,X,X,X,X
X,X,X,X,X
14,2,0.45,0.4,0.06
94,1,1.36,1.34,0.01
171,0,7.74,7.74,0
X,X,X,X,X
300,2,4.65,4.61,0.03
16,0,3.7,3.7,0
20,3,0.48,0.42,0.06
29,0,2.54,2.54,0
X,X,X,X,X
249,1,12.72,12.67,0.05
0,0,0,0,0
5,2,7.14,5.1,2.04
1466,22,15.61,15.38,0.23
X,X,X,X,X
2,0,0.6,0.6,0
64,0,3.66,3.66,0
79,3,2.52,2.43,0.09
171,0,9.21,9.21,0
126,16,1.7,1.51,0.19
1,0,7.69,7.69,0
X,X,X,X,X
X,X,X,X,X
X,X,X,X,X
291,0,35.19,35.19,0
X,X,X,X,X
0,0,0,0,0
307,3,33.92,33.59,0.33
1016,6,5.81,5.78,0.03
36,0,2.3,2.3,0
81,2,3.41,3.33,0.08
X,X,X,X,X
X,X,X,X,X
13,4,3.39,2.59,0.8
618,11,19.98,19.63,0.35
93,3,5.07,4.91,0.16
2,0,0.89,0.89,0
38,1,4.71,4.59,0.12
34,0,6.59,6.59,0
27,8,2,1.54,0.46
4,0,1.58,1.58,0
136,1,9.24,9.17,0.07
121,1,31.52,31.27,0.26
X,X,X,X,X
93,0,10.7,10.7,0
39,2,1.45,1.38,0.07
5,0,0.57,0.57,0
227,0,10.76,10.76,0
58,20,27.96,20.79,7.17
166,1,5.02,4.99,0.03
9,0,1.73,1.73,0
73,4,3.94,3.73,0.2
X,X,X,X,X
X,X,X,X,X
X,X,X,X,X
56,3,1.08,1.02,0.05
294,1,3.84,3.83,0.01
420,0,12.72,12.72,0
X,X,X,X,X
631,4,8.94,8.88,0.06
18,0,4.05,4.05,0
81,5,1.76,1.66,0.1
101,0,6.94,6.94,0
X,X,X,X,X
527,0,21.3,21.3,0
1,0,1.12,1.12,0
6,2,7.41,5.56,1.85
2535,17,22.96,22.8,0.15
X,X,X,X,X
3,0,0.74,0.74,0
208,1,10.01,9.97,0.05
167,5,4.43,4.3,0.13
404,0,18.97,18.97,0
356,8,3.55,3.48,0.08
4,0,18.18,18.18,0
X,X,X,X,X
X,X,X,X,X
X,X,X,X,X
222,0,26.71,26.71,0
X,X,X,X,X
7,0,1.63,1.63,0
347,1,33.89,33.79,0.1
2103,8,10.8,10.76,0.04
114,1,5.77,5.72,0.05
185,0,7.09,7.09,0
X,X,X,X,X
X,X,X,X,X
30,2,5.57,5.22,0.35
1121,10,24.12,23.91,0.21
130,2,5.29,5.21,0.08
13,0,5.99,5.99,0
119,0,11.62,11.62,0
58,0,10.43,10.43,0
107,13,4.36,3.89,0.47
8,0,2.64,2.64,0
440,3,23.34,23.18,0.16
112,3,26.26,25.57,0.68
X,X,X,X,X
202,0,19.2,19.2,0
102,2,3.27,3.21,0.06
10,0,1.1,1.1,0
695,1,27.56,27.52,0.04
93,27,33.24,25.76,7.48
294,1,8.6,8.57,0.03
48,2,7.37,7.08,0.29
211,1,8.07,8.04,0.04
X,X,X,X,X
X,X,X,X,X
X,X,X,X,X
178,3,2.95,2.9,0.05
568,3,6.71,6.68,0.04
709,1,18.2,18.17,0.03
X,X,X,X,X
1176,17,14.59,14.38,0.21
56,0,11.05,11.05,0
238,5,4.21,4.12,0.09
200,1,11.9,11.84,0.06
X,X,X,X,X
724,1,25.47,25.43,0.04
2,0,2.27,2.27,0
30,1,20.95,20.27,0.68
3948,17,28.65,28.52,0.12
X,X,X,X,X
6,0,1.27,1.27,0
460,1,17.97,17.93,0.04
416,3,8.44,8.38,0.06
531,0,22.36,22.36,0
753,14,6.02,5.91,0.11
15,0,31.91,31.91,0
X,X,X,X,X
X,X,X,X,X
X,X,X,X,X
148,0,21.7,21.7,0
X,X,X,X,X
34,0,6.03,6.03,0
367,2,36.79,36.59,0.2
3714,12,14.9,14.85,0.05
171,1,7.58,7.53,0.04
303,0,10.76,10.76,0
X,X,X,X,X
X,X,X,X,X
55,0,9.98,9.98,0
746,26,19.38,18.72,0.65
115,6,5.05,4.8,0.25
38,1,11.82,11.52,0.3
223,0,18.88,18.88,0
61,0,10.97,10.97,0
223,8,7.45,7.19,0.26
27,0,8.11,8.11,0
357,3,20.29,20.12,0.17
58,0,17.63,17.63,0
X,X,X,X,X
217,0,19.8,19.8,0
135,2,4.13,4.07,0.06
10,0,1.08,1.08,0
1089,2,37.4,37.33,0.07
80,35,35.06,24.39,10.67
399,0,10.57,10.57,0
161,0,19.71,19.71,0
284,4,11.41,11.25,0.16
X,X,X,X,X
X,X,X,X,X
X,X,X,X,X
299,5,4.52,4.45,0.07
1022,5,10.75,10.69,0.05
680,1,18.16,18.13,0.03
X,X,X,X,X
1466,14,17.47,17.3,0.17
64,0,14.68,14.68,0
600,9,9.07,8.94,0.13
272,0,16.46,16.46,0
X,X,X,X,X
549,0,21.74,21.74,0
5,0,4.95,4.95,0
45,1,24.21,23.68,0.53
4094,18,27.9,27.78,0.12
X,X,X,X,X
23,0,4.55,4.55,0
541,1,20.76,20.72,0.04
973,3,15.3,15.25,0.05
451,0,21.15,21.15,0
1094,29,8.38,8.17,0.22
21,0,41.18,41.18,0
X,X,X,X,X
X,X,X,X,X
X,X,X,X,X
89,1,18.6,18.39,0.21
X,X,X,X,X
43,0,7.25,7.25,0
265,5,30.27,29.71,0.56
5244,11,17.85,17.81,0.04
446,0,15.01,15.01,0
458,0,15.86,15.86,0
X,X,X,X,X
X,X,X,X,X
53,1,10.15,9.96,0.19
394,12,13.91,13.5,0.41
114,0,4.53,4.53,0
74,0,16.78,16.78,0
348,2,26.78,26.63,0.15
89,0,14.31,14.31,0
422,9,12.55,12.29,0.26
28,0,7.59,7.59,0
321,0,20.54,20.54,0
45,3,14.86,13.93,0.93
X,X,X,X,X
210,1,19.76,19.66,0.09
317,2,7.75,7.7,0.05
31,0,3.63,3.63,0
1225,2,42.02,41.95,0.07
106,38,38.3,28.19,10.11
657,2,16.7,16.65,0.05
210,2,21.22,21.02,0.2
673,7,20.4,20.19,0.21
X,X,X,X,X
X,X,X,X,X
X,X,X,X,X
693,2,9.44,9.42,0.03
1456,1,15.03,15.02,0.01
602,1,17.55,17.52,0.03
X,X,X,X,X
2419,11,23.94,23.83,0.11
112,0,19.93,19.93,0
1275,4,15.58,15.53,0.05
401,2,23.72,23.6,0.12
X,X,X,X,X
324,0,14.16,14.16,0
1,0,1.06,1.06,0
40,3,24.29,22.6,1.69
3868,19,26.49,26.36,0.13
X,X,X,X,X
26,1,5.39,5.19,0.2
541,2,21.92,21.84,0.08
1887,2,26.54,26.51,0.03
379,0,18.96,18.96,0
2536,43,16.75,16.47,0.28
30,0,33.33,33.33,0
X,X,X,X,X
X,X,X,X,X
X,X,X,X,X
82,0,20.81,20.81,0
X,X,X,X,X
66,1,10.86,10.7,0.16
278,1,31.85,31.74,0.11
5935,6,22.31,22.28,0.02
567,1,18.85,18.81,0.03
1205,0,33.22,33.22,0
X,X,X,X,X
X,X,X,X,X
46,2,9.47,9.07,0.39
337,7,12.65,12.39,0.26
150,3,6.85,6.71,0.13
176,2,26.81,26.51,0.3
423,4,34.27,33.95,0.32
198,1,26.32,26.19,0.13
796,7,20.66,20.48,0.18
124,0,25.41,25.41,0
452,2,26.77,26.65,0.12
39,3,12.73,11.82,0.91
X,X,X,X,X
230,1,21.47,21.38,0.09
629,2,14.89,14.85,0.05
62,0,7.01,7.01,0
1061,3,46.1,45.97,0.13
117,48,34.59,24.53,10.06
1429,1,30.73,30.7,0.02
324,1,27.02,26.93,0.08
889,5,32.32,32.14,0.18
X,X,X,X,X
X,X,X,X,X
X,X,X,X,X
1433,4,19.4,19.34,0.05
2478,2,25.31,25.29,0.02
946,0,22.4,22.4,0
X,X,X,X,X
2875,13,32.62,32.47,0.15
214,0,33.59,33.59,0
2825,13,29.29,29.16,0.13
777,2,38,37.9,0.1
X,X,X,X,X
353,0,16.69,16.69,0
5,0,5.26,5.26,0
132,2,39.41,38.82,0.59
3775,20,29.56,29.4,0.16
X,X,X,X,X
96,2,15.15,14.84,0.31
627,3,28,27.87,0.13
2319,2,36.18,36.15,0.03
418,0,22.41,22.41,0
5055,13,27.75,27.68,0.07
7,0,22.58,22.58,0
X,X,X,X,X
X,X,X,X,X
X,X,X,X,X
61,0,12.13,12.13,0
X,X,X,X,X
102,1,16.43,16.27,0.16
248,1,27.91,27.8,0.11
7513,12,22.35,22.31,0.04
693,1,23.08,23.05,0.03
1716,2,36.68,36.64,0.04
X,X,X,X,X
X,X,X,X,X
53,0,9.6,9.6,0
148,11,8.36,7.78,0.58
151,4,6.14,5.98,0.16
219,4,31.45,30.89,0.56
478,1,29.14,29.08,0.06
221,0,24.29,24.29,0
1316,11,24.41,24.2,0.2
154,0,36.84,36.84,0
443,0,25.17,25.17,0
26,3,7.9,7.08,0.82
X,X,X,X,X
237,0,17.78,17.78,0
1126,2,19.87,19.84,0.04
97,0,10.07,10.07,0
1196,2,32.61,32.55,0.05
70,31,29.36,20.35,9.01
1679,3,29.31,29.26,0.05
396,1,27.61,27.54,0.07
1036,7,30.43,30.23,0.2
X,X,X,X,X
X,X,X,X,X
X,X,X,X,X
2168,2,24.57,24.54,0.02
3274,1,26.78,26.77,0.01
894,1,19.2,19.18,0.02
X,X,X,X,X
4131,6,32.77,32.72,0.05
202,0,28.94,28.94,0
3283,9,27.82,27.74,0.08
934,1,39.97,39.93,0.04
X,X,X,X,X
319,0,13.38,13.38,0
13,0,13.68,13.68,0
104,5,29.3,27.96,1.34
2793,28,21.14,20.93,0.21
X,X,X,X,X
168,1,20.94,20.82,0.12
594,1,21.22,21.18,0.04
2630,1,31.71,31.7,0.01
472,0,20.86,20.86,0
6558,17,29.69,29.62,0.08
15,0,33.33,33.33,0
X,X,X,X,X
X,X,X,X,X
X,X,X,X,X
26,1,6.52,6.28,0.24
X,X,X,X,X
91,0,16.08,16.08,0
211,3,26.62,26.24,0.37
6520,10,21.88,21.85,0.03
770,5,25.9,25.74,0.17
1310,0,31.65,31.65,0
X,X,X,X,X
X,X,X,X,X
73,1,11.6,11.44,0.16
94,5,5.82,5.52,0.29
224,8,8.77,8.47,0.3
225,5,31.25,30.57,0.68
468,8,28.32,27.84,0.48
184,1,23.93,23.8,0.13
1864,6,32.99,32.89,0.11
138,0,19.17,19.17,0
279,0,17.62,17.62,0
30,3,10.12,9.2,0.92
X,X,X,X,X
161,1,15.65,15.56,0.1
1385,3,25.4,25.35,0.05
150,0,15.23,15.23,0
689,4,23.21,23.07,0.13
37,32,23.08,12.37,10.7
1550,0,28.83,28.83,0
362,0,25.86,25.86,0
1546,6,37.08,36.94,0.14
X,X,X,X,X
X,X,X,X,X
X,X,X,X,X
3115,10,34.1,33.99,0.11
3103,5,26.74,26.7,0.04
662,0,15.5,15.5,0
X,X,X,X,X
3686,10,32.95,32.86,0.09
233,1,31.08,30.94,0.13
3163,5,30.27,30.22,0.05
858,2,37.31,37.22,0.09
X,X,X,X,X
210,0,8.74,8.74,0
20,0,18.69,18.69,0
43,0,18.14,18.14,0
2536,39,20.03,19.73,0.3
X,X,X,X,X
246,0,33.74,33.74,0
439,1,17.99,17.95,0.04
2020,7,26.78,26.69,0.09
290,0,14.96,14.96,0
7913,25,33.41,33.31,0.11
5,0,20.83,20.83,0
X,X,X,X,X
X,X,X,X,X
X,X,X,X,X
13,0,2.6,2.6,0
X,X,X,X,X
84,0,15.53,15.53,0
144,9,19.34,18.2,1.14
5080,7,19.03,19,0.03
752,3,24.68,24.58,0.1
917,1,25.37,25.35,0.03
X,X,X,X,X
X,X,X,X,X
92,2,13.56,13.28,0.29
63,11,5.01,4.26,0.74
247,3,9.04,8.93,0.11
229,7,30.53,29.62,0.91
307,3,22.9,22.67,0.22
148,0,22.42,22.42,0
2276,10,37.26,37.09,0.16
139,0,32.1,32.1,0
160,0,11.87,11.87,0
16,0,5.21,5.21,0
X,X,X,X,X
117,1,12.09,11.99,0.1
1420,9,25.54,25.38,0.16
248,0,21.05,21.05,0
380,2,16.98,16.89,0.09
18,24,16.8,7.2,9.6
892,0,28.17,28.17,0
416,1,27.08,27.01,0.06
1773,15,40.17,39.83,0.34
X,X,X,X,X
X,X,X,X,X
X,X,X,X,X
3056,14,35.41,35.24,0.16
2735,2,24.37,24.35,0.02
440,1,10.46,10.44,0.02
X,X,X,X,X
3716,14,30.5,30.39,0.11
174,0,25.82,25.82,0
2212,3,26.81,26.78,0.04
660,1,29.68,29.64,0.04
X,X,X,X,X
43,0,1.9,1.9,0
21,0,22.11,22.11,0
22,2,16.44,15.07,1.37
1645,42,15.14,14.76,0.38
X,X,X,X,X
348,5,35.76,35.26,0.51
239,0,10.59,10.59,0
1425,1,21.07,21.06,0.01
259,0,12.97,12.97,0
8638,23,33.96,33.87,0.09
2,0,10,10,0
X,X,X,X,X
X,X,X,X,X
X,X,X,X,X
10,0,2.11,2.11,0
X,X,X,X,X
62,0,12.55,12.55,0
69,3,11.84,11.35,0.49
4274,6,17.33,17.31,0.02
549,4,22.22,22.06,0.16
694,4,19,18.89,0.11
X,X,X,X,X
X,X,X,X,X
95,1,15.09,14.94,0.16
75,7,5.12,4.68,0.44
274,3,9.8,9.7,0.11
204,2,31.4,31.1,0.3
157,1,17.08,16.97,0.11
116,0,19.05,19.05,0
1586,4,35.92,35.83,0.09
88,0,22.06,22.06,0
109,0,8.88,8.88,0
17,0,7.42,7.42,0
X,X,X,X,X
64,0,7.06,7.06,0
1333,10,25.19,25,0.19
238,0,21.36,21.36,0
264,1,12.32,12.27,0.05
6,17,11,2.87,8.13
776,0,19.76,19.76,0
306,3,22.47,22.25,0.22
1197,4,34.98,34.87,0.12
X,X,X,X,X
X,X,X,X,X
X,X,X,X,X
2436,6,32.01,31.93,0.08
2062,3,20.82,20.79,0.03
304,1,8.32,8.29,0.03
X,X,X,X,X
2346,4,26.74,26.69,0.05
127,0,21.53,21.53,0
1889,4,22.33,22.29,0.05
424,0,24.23,24.23,0
X,X,X,X,X
123,0,5.54,5.54,0
14,0,18.42,18.42,0
23,5,20.74,17.04,3.7
1273,24,12.19,11.97,0.23
X,X,X,X,X
207,0,28.51,28.51,0
149,1,7.79,7.74,0.05
909,2,15.78,15.75,0.03
140,0,8.28,8.28,0
5886,23,30.39,30.27,0.12
6,0,28.57,28.57,0
X,X,X,X,X
X,X,X,X,X
X,X,X,X,X
20,0,4.04,4.04,0
X,X,X,X,X
62,0,12.86,12.86,0
56,3,8.73,8.28,0.44
2654,13,12.79,12.73,0.06
466,5,18.74,18.54,0.2
417,6,13.12,12.94,0.19
X,X,X,X,X
X,X,X,X,X
73,5,11.64,10.9,0.75
54,10,3.72,3.14,0.58
260,5,9.08,8.91,0.17
207,0,29.07,29.07,0
102,0,11.4,11.4,0
77,0,13.1,13.1,0
986,7,26.26,26.07,0.19
70,0,18.72,18.72,0
55,0,4.61,4.61,0
11,0,4.78,4.78,0
X,X,X,X,X
47,0,6.3,6.3,0
865,4,17.81,17.73,0.08
192,0,17.68,17.68,0
129,2,6.91,6.81,0.11
11,30,13.85,3.72,10.14
620,2,15.36,15.31,0.05
233,1,18.38,18.3,0.08
647,9,23.65,23.32,0.32
X,X,X,X,X
X,X,X,X,X
X,X,X,X,X
1526,8,22.12,22,0.12
1243,4,14.77,14.72,0.05
324,1,7.77,7.75,0.02
X,X,X,X,X
1269,7,18.15,18.05,0.1
115,0,17.88,17.88,0
1148,2,15.11,15.08,0.03
284,0,18.37,18.37,0
X,X,X,X,X
114,0,4.85,4.85,0
8,0,10.39,10.39,0
18,0,11.54,11.54,0
1024,27,9.87,9.62,0.25
X,X,X,X,X
182,0,20.16,20.16,0
119,0,5.72,5.72,0
577,5,9.87,9.78,0.08
202,1,10.83,10.78,0.05
3645,15,22.11,22.02,0.09
7,0,41.18,41.18,0
X,X,X,X,X
X,X,X,X,X
X,X,X,X,X
15,0,3.57,3.57,0
X,X,X,X,X
32,0,7.11,7.11,0
21,2,4.81,4.39,0.42
1151,7,7.02,6.98,0.04
235,4,11.83,11.63,0.2
198,3,6.74,6.64,0.1
X,X,X,X,X
X,X,X,X,X
66,5,9.69,9,0.68
48,17,4.37,3.23,1.14
165,2,12.44,12.3,0.15
76,1,14.64,14.45,0.19
45,0,4.3,4.3,0
31,0,5.61,5.61,0
443,7,15.79,15.54,0.25
20,0,6.06,6.06,0
40,0,3.25,3.25,0
10,0,4.1,4.1,0
X,X,X,X,X
45,0,4.56,4.56,0
482,16,11.25,10.89,0.36
103,0,10.19,10.19,0
59,1,4.67,4.59,0.08
4,6,4.02,1.61,2.41
330,0,9.3,9.3,0
155,0,14.99,14.99,0
313,4,14.39,14.21,0.18
X,X,X,X,X
X,X,X,X,X
X,X,X,X,X
717,7,11.97,11.86,0.12
713,6,8.49,8.42,0.07
181,1,4.65,4.62,0.03
X,X,X,X,X
559,4,9.64,9.57,0.07
64,0,12.08,12.08,0
371,1,6.11,6.1,0.02
155,0,9.16,9.16,0
X,X,X,X,X
75,4,3.5,3.32,0.18
1,0,2.78,2.78,0
7,2,5.84,4.55,1.3
646,31,6.65,6.35,0.3
X,X,X,X,X
84,1,11.95,11.81,0.14
74,0,3.44,3.44,0
276,3,5.23,5.18,0.06
90,0,4.96,4.96,0
1970,15,13.43,13.33,0.1
3,0,14.29,14.29,0
X,X,X,X,X
X,X,X,X,X
X,X,X,X,X
9,0,2.05,2.05,0
X,X,X,X,X
17,0,5.21,5.21,0
20,3,4.49,3.91,0.59
506,9,3.49,3.42,0.06
121,2,7.16,7.05,0.12
86,4,3.34,3.19,0.15
X,X,X,X,X
X,X,X,X,X
51,3,8.68,8.2,0.48
63,14,4.27,3.5,0.78
109,4,5.03,4.85,0.18
42,1,10.59,10.34,0.25
25,0,3.37,3.37,0
9,0,2.06,2.06,0
261,9,9.66,9.34,0.32
17,0,5.59,5.59,0
9,2,0.98,0.8,0.18
7,0,3.11,3.11,0
X,X,X,X,X
24,0,2.94,2.94,0
207,20,5.57,5.08,0.49
42,0,4.88,4.88,0
35,2,3.19,3.01,0.17
8,3,5,3.64,1.36
119,2,3.89,3.82,0.06
80,0,9.93,9.93,0
187,11,9.45,8.93,0.53
X,X,X,X,X
X,X,X,X,X
X,X,X,X,X
237,4,4.65,4.57,0.08
270,11,3.57,3.43,0.14
93,0,2.96,2.96,0
X,X,X,X,X
243,9,4.33,4.18,0.15
34,0,7.11,7.11,0
191,2,3.32,3.28,0.03
54,1,3.9,3.83,0.07
X,X,X,X,X
36,0,1.76,1.76,0
5,0,7.94,7.94,0
3,2,5,3,2
414,22,5.07,4.81,0.26
X,X,X,X,X
29,0,6.26,6.26,0
24,3,1.36,1.21,0.15
122,2,2.39,2.35,0.04
27,0,1.84,1.84,0
927,9,7.68,7.61,0.07
2,0,20,20,0
X,X,X,X,X
X,X,X,X,X
X,X,X,X,X
11,1,2.95,2.7,0.25
X,X,X,X,X
8,0,3.39,3.39,0
15,3,3.96,3.3,0.66
234,13,1.96,1.86,0.1
80,4,5.26,5.01,0.25
46,3,2.08,1.95,0.13
X,X,X,X,X
X,X,X,X,X
27,2,5.48,5.1,0.38
31,1,3.11,3.01,0.1
100,0,4.46,4.46,0
27,1,7.82,7.54,0.28
8,1,1.35,1.2,0.15
4,0,0.91,0.91,0
138,11,6.26,5.8,0.46
10,0,3.34,3.34,0
11,0,0.97,0.97,0
8,0,4.04,4.04,0
X,X,X,X,X
15,1,1.96,1.84,0.12
128,27,4.18,3.45,0.73
27,0,3.6,3.6,0
37,5,2.45,2.15,0.29
3,10,6.74,1.55,5.18
94,1,3.09,3.06,0.03
57,3,7.56,7.18,0.38
110,3,5.99,5.83,0.16
X,X,X,X,X
X,X,X,X,X
X,X,X,X,X
123,4,2.63,2.54,0.08
143,10,2.21,2.06,0.14
88,2,3.01,2.94,0.07
X,X,X,X,X
156,5,3.46,3.36,0.11
23,0,4.67,4.67,0
88,0,1.73,1.73,0
34,0,2.28,2.28,0
X,X,X,X,X
33,2,1.88,1.78,0.11
1,0,1.89,1.89,0
0,1,1.03,0,1.03
282,22,1.94,1.8,0.14
X,X,X,X,X
28,0,6.59,6.59,0
25,0,1.41,1.41,0
72,4,1.64,1.55,0.09
21,0,1.5,1.5,0
585,18,5.26,5.11,0.16
4,0,36.36,36.36,0
X,X,X,X,X
X,X,X,X,X
X,X,X,X,X
12,0,2.52,2.52,0
X,X,X,X,X
3,0,1.15,1.15,0
14,1,3.09,2.88,0.21
177,14,1.43,1.33,0.1
55,2,3.77,3.64,0.13
15,5,0.9,0.68,0.23
X,X,X,X,X
X,X,X,X,X
21,4,4.8,4.03,0.77
29,12,2.47,1.75,0.72
88,2,3.99,3.9,0.09
7,1,2.43,2.13,0.3
9,2,1.59,1.3,0.29
4,0,0.96,0.96,0
86,10,4.06,3.64,0.42
11,0,3.61,3.61,0
4,0,0.34,0.34,0
4,0,1.95,1.95,0
X,X,X,X,X
11,0,1.3,1.3,0
88,12,2.59,2.28,0.31
19,1,2.63,2.5,0.13
24,8,1.78,1.34,0.45
2,3,2.87,1.15,1.72
39,1,1.33,1.3,0.03
33,0,4.64,4.64,0
77,8,4.72,4.27,0.44
X,X,X,X,X
X,X,X,X,X
X,X,X,X,X
57,5,1.22,1.12,0.1
70,22,1.29,0.98,0.31
55,1,1.88,1.85,0.03
X,X,X,X,X
91,9,2.16,1.96,0.19
15,0,3.46,3.46,0
56,1,1.38,1.36,0.02
26,0,1.77,1.77,0
X,X,X,X,X
34,5,2.05,1.79,0.26
0,0,0,0,0
1,1,2.2,1.1,1.1
240,22,3.02,2.77,0.25
X,X,X,X,X
10,2,2.12,1.77,0.35
17,0,0.91,0.91,0
32,0,0.71,0.71,0
31,0,2.31,2.31,0
334,15,3.2,3.07,0.14
0,0,0,0,0
X,X,X,X,X
X,X,X,X,X
X,X,X,X,X
4,0,0.88,0.88,0
X,X,X,X,X
3,0,1.4,1.4,0
20,3,5.46,4.75,0.71
141,18,1.18,1.04,0.13
35,5,2.61,2.28,0.33
12,5,0.77,0.55,0.23
X,X,X,X,X
X,X,X,X,X
26,3,5.12,4.59,0.53
49,17,4.38,3.25,1.13
90,3,4.31,4.17,0.14
11,0,3.03,3.03,0
3,1,0.55,0.41,0.14
2,0,0.47,0.47,0
51,11,2.69,2.21,0.48
5,0,1.74,1.74,0
2,3,0.42,0.17,0.25
5,0,2.42,2.42,0
X,X,X,X,X
8,0,1.17,1.17,0
54,7,1.73,1.53,0.2
17,0,2.5,2.5,0
19,4,1.33,1.1,0.23
2,6,4.1,1.03,3.08
24,2,1.02,0.94,0.08
14,1,2.2,2.06,0.15
40,7,2.74,2.33,0.41
X,X,X,X,X
X,X,X,X,X
X,X,X,X,X
36,7,0.82,0.69,0.13
44,18,0.88,0.62,0.25
59,0,2.03,2.03,0
X,X,X,X,X
66,11,1.62,1.39,0.23
11,0,1.12,1.12,0
38,0,0.9,0.9,0
9,0,0.63,0.63,0
X,X,X,X,X
17,2,1.01,0.9,0.11
2,0,3.03,3.03,0
0,1,1.16,0,1.16
181,49,3.17,2.5,0.68
X,X,X,X,X
4,0,1.02,1.02,0
20,2,1.16,1.05,0.11
24,0,0.51,0.51,0
29,1,2.17,2.09,0.07
215,8,2.19,2.12,0.08
X,X,X,X,X
X,X,X,X,X
X,X,X,X,X
X,X,X,X,X
7,0,1.67,1.67,0
X,X,X,X,X
5,0,1.81,1.81,0
9,1,2.48,2.23,0.25
130,16,1.06,0.94,0.12
26,4,1.87,1.62,0.25
15,2,0.8,0.7,0.09
X,X,X,X,X
X,X,X,X,X
16,2,3.52,3.13,0.39
30,18,2.48,1.55,0.93
57,7,3.07,2.74,0.34
7,0,1.93,1.93,0
4,2,0.75,0.5,0.25
2,0,0.43,0.43,0
28,17,1.91,1.19,0.72
3,0,1.05,1.05,0
6,4,0.76,0.45,0.3
2,0,0.97,0.97,0
X,X,X,X,X
4,0,0.53,0.53,0
38,11,1.31,1.01,0.29
22,0,2.69,2.69,0
9,7,0.93,0.52,0.4
1,7,4.19,0.52,3.66
7,1,0.29,0.26,0.04
8,2,1.38,1.11,0.28
35,8,2.32,1.89,0.43
X,X,X,X,X
X,X,X,X,X
X,X,X,X,X
20,12,0.58,0.36,0.22
43,36,1.06,0.58,0.48
50,2,1.68,1.62,0.06
X,X,X,X,X
67,5,1.38,1.28,0.1
5,0,1.2,1.2,0
31,3,0.66,0.6,0.06
6,2,0.58,0.44,0.15
X,X,X,X,X
14,4,0.98,0.76,0.22
5,0,8.47,8.47,0
0,0,0,0,0
123,52,2.29,1.61,0.68
X,X,X,X,X
7,1,2.08,1.82,0.26
17,2,0.96,0.86,0.1
29,2,0.65,0.61,0.04
21,1,1.43,1.37,0.07
188,32,2.26,1.93,0.33
2,0,15.38,15.38,0
X,X,X,X,X
X,X,X,X,X
X,X,X,X,X
6,1,1.79,1.53,0.26
X,X,X,X,X
4,0,1.41,1.41,0
11,2,3.15,2.66,0.48
80,13,0.7,0.6,0.1
18,10,1.75,1.12,0.62
5,5,0.47,0.23,0.23
X,X,X,X,X
X,X,X,X,X
11,2,2.44,2.07,0.38
19,20,2.29,1.12,1.18
27,3,1.75,1.58,0.18
2,0,0.57,0.57,0
5,2,0.96,0.68,0.27
3,0,0.75,0.75,0
23,17,1.83,1.05,0.78
1,0,0.41,0.41,0
5,11,1.35,0.42,0.93
0,0,0,0,0
X,X,X,X,X
7,0,0.92,0.92,0
31,25,1.49,0.83,0.67
8,0,1.04,1.04,0
8,8,0.88,0.44,0.44
0,6,3.28,0,3.28
12,1,0.47,0.43,0.04
12,0,1.67,1.67,0
28,11,2.09,1.5,0.59
X,X,X,X,X
X,X,X,X,X
X,X,X,X,X
11,13,0.45,0.21,0.24
36,25,0.83,0.49,0.34
17,5,0.74,0.57,0.17
X,X,X,X,X
58,4,1.25,1.17,0.08
1,0,0.24,0.24,0
22,6,0.58,0.46,0.12
14,1,1.05,0.98,0.07
X,X,X,X,X
20,6,1.47,1.13,0.34
0,2,3.23,0,3.23
0,1,0.93,0,0.93
116,30,2.1,1.67,0.43
X,X,X,X,X
9,0,1.83,1.83,0
19,1,1.13,1.07,0.06
12,3,0.33,0.26,0.07
11,1,0.84,0.77,0.07
92,23,1.35,1.08,0.27
0,0,0,0,0
X,X,X,X,X
X,X,X,X,X
X,X,X,X,X
2,0,0.46,0.46,0
X,X,X,X,X
2,1,0.98,0.65,0.33
7,2,1.8,1.4,0.4
74,21,0.74,0.57,0.16
19,3,1.37,1.18,0.19
9,3,0.6,0.45,0.15
X,X,X,X,X
X,X,X,X,X
6,2,1.64,1.23,0.41
25,13,2.46,1.62,0.84
50,6,2.89,2.58,0.31
4,0,1.32,1.32,0
5,4,1.2,0.66,0.53
2,0,0.56,0.56,0
12,13,1.12,0.54,0.58
1,0,0.33,0.33,0
3,7,0.81,0.24,0.57
5,0,2.53,2.53,0
X,X,X,X,X
1,0,0.16,0.16,0
32,19,1.53,0.96,0.57
3,0,0.41,0.41,0
4,2,0.37,0.25,0.12
0,9,5.33,0,5.33
8,2,0.37,0.29,0.07
7,0,0.98,0.98,0
25,8,1.73,1.31,0.42
X,X,X,X,X
X,X,X,X,X
X,X,X,X,X
29,13,0.77,0.53,0.24
39,22,0.92,0.59,0.33
23,1,0.9,0.86,0.04
X,X,X,X,X
45,3,1.03,0.96,0.06
0,0,0,0,0
11,4,0.39,0.29,0.1
6,2,0.56,0.42,0.14
X,X,X,X,X
15,4,1.11,0.87,0.23
0,0,0,0,0
0,0,0,0,0
101,33,1.83,1.38,0.45
X,X,X,X,X
18,0,3.87,3.87,0
9,0,0.56,0.56,0
17,2,0.43,0.38,0.05
6,0,0.42,0.42,0
81,15,1.12,0.95,0.18
X,X,X,X,X
X,X,X,X,X
X,X,X,X,X
X,X,X,X,X
1,0,0.33,0.33,0
X,X,X,X,X
4,0,1.5,1.5,0
12,3,3.5,2.8,0.7
65,28,0.73,0.51,0.22
14,5,1.22,0.9,0.32
5,4,0.49,0.27,0.22
X,X,X,X,X
X,X,X,X,X
9,1,2.17,1.96,0.22
0,4,0.45,0,0.45
25,1,1.31,1.26,0.05
4,1,1.34,1.07,0.27
6,4,1.19,0.72,0.48
5,0,1.42,1.42,0
15,23,1.78,0.7,1.08
1,1,0.61,0.3,0.3
0,6,0.52,0,0.52
0,0,0,0,0
X,X,X,X,X
4,0,0.69,0.69,0
17,10,0.79,0.49,0.29
6,0,0.78,0.78,0
5,12,1.09,0.32,0.77
0,5,3.23,0,3.23
2,2,0.15,0.08,0.08
2,2,0.57,0.28,0.28
20,3,1.13,0.99,0.15
X,X,X,X,X
X,X,X,X,X
X,X,X,X,X
47,14,1.13,0.87,0.26
30,23,0.8,0.45,0.35
22,3,0.99,0.87,0.12
X,X,X,X,X
38,9,1.02,0.83,0.2
0,1,0.26,0,0.26
9,1,0.27,0.24,0.03
2,3,0.41,0.17,0.25
X,X,X,X,X
8,4,0.73,0.48,0.24
0,0,0,0,0
0,0,0,0,0
91,29,1.76,1.33,0.42
X,X,X,X,X
17,0,4.15,4.15,0
12,0,0.7,0.7,0
19,1,0.44,0.42,0.02
1,3,0.29,0.07,0.22
79,16,1.1,0.91,0.18
X,X,X,X,X
X,X,X,X,X
X,X,X,X,X
X,X,X,X,X
1,0,0.38,0.38,0
X,X,X,X,X
0,0,0,0,0
7,7,3.56,1.78,1.78
71,34,0.94,0.64,0.3
9,8,1.14,0.61,0.54
12,9,1.13,0.65,0.48
X,X,X,X,X
X,X,X,X,X
7,2,1.95,1.52,0.43
4,2,0.71,0.47,0.24
34,4,2.03,1.81,0.21
11,2,3.82,3.24,0.59
3,4,0.84,0.36,0.48
1,0,0.31,0.31,0
9,28,1.92,0.47,1.45
2,1,1,0.67,0.33
0,3,0.31,0,0.31
1,1,1.24,0.62,0.62
X,X,X,X,X
3,0,0.56,0.56,0
12,15,0.77,0.34,0.43
6,0,0.79,0.79,0
6,17,1.51,0.39,1.11
1,8,5.96,0.66,5.3
12,2,0.49,0.42,0.07
4,1,0.74,0.59,0.15
18,11,1.57,0.97,0.59
X,X,X,X,X
X,X,X,X,X
X,X,X,X,X
40,15,1.08,0.79,0.3
39,32,1.09,0.6,0.49
5,8,0.55,0.21,0.34
X,X,X,X,X
42,9,1.05,0.87,0.19
0,0,0,0,0
22,4,0.61,0.51,0.09
4,3,0.56,0.32,0.24
X,X,X,X,X
9,1,0.64,0.57,0.06
3,0,4.55,4.55,0
0,0,0,0,0
90,36,1.9,1.36,0.54
X,X,X,X,X
7,1,1.97,1.72,0.25
10,0,0.62,0.62,0
17,1,0.4,0.38,0.02
2,1,0.23,0.15,0.08
55,19,1.03,0.77,0.26
0,0,0,0,0
X,X,X,X,X
X,X,X,X,X
X,X,X,X,X
1,0,0.41,0.41,0
X,X,X,X,X
1,0,0.31,0.31,0
15,8,5.34,3.48,1.86
46,24,0.59,0.39,0.2
10,10,1.4,0.7,0.7
7,6,0.73,0.39,0.34
X,X,X,X,X
X,X,X,X,X
6,2,1.81,1.36,0.45
18,22,2.75,1.24,1.52
19,4,1.37,1.13,0.24
9,2,3.82,3.13,0.69
3,1,1.27,0.95,0.32
0,1,0.32,0,0.32
8,32,1.84,0.37,1.47
0,0,0,0,0
1,1,0.23,0.11,0.11
6,1,3.35,2.87,0.48
X,X,X,X,X
1,0,0.18,0.18,0
15,14,0.85,0.44,0.41
4,0,0.5,0.5,0
3,13,1.08,0.2,0.88
0,3,2.33,0,2.33
9,1,0.38,0.34,0.04
1,1,0.31,0.16,0.16
15,2,0.96,0.84,0.11
X,X,X,X,X
X,X,X,X,X
X,X,X,X,X
23,14,0.77,0.48,0.29
37,30,1.08,0.6,0.49
6,2,0.34,0.26,0.09
X,X,X,X,X
44,7,1.22,1.06,0.17
1,0,0.26,0.26,0
17,3,0.45,0.39,0.07
7,1,0.83,0.73,0.1
X,X,X,X,X
9,0,0.58,0.58,0
2,0,3.45,3.45,0
0,0,0,0,0
54,28,1.42,0.94,0.49
X,X,X,X,X
6,0,1.73,1.73,0
8,2,0.6,0.48,0.12
11,4,0.33,0.24,0.09
2,1,0.22,0.15,0.07
52,11,0.87,0.72,0.15
0,0,0,0,0
X,X,X,X,X
X,X,X,X,X
X,X,X,X,X
4,1,1.49,1.19,0.3
X,X,X,X,X
0,1,0.43,0,0.43
16,1,4.74,4.46,0.28
42,29,0.64,0.38,0.26
7,7,0.96,0.48,0.48
7,7,0.81,0.41,0.41
X,X,X,X,X
X,X,X,X,X
3,1,0.93,0.7,0.23
22,34,3.7,1.45,2.24
13,3,0.93,0.75,0.17
2,0,0.63,0.63,0
1,1,0.58,0.29,0.29
0,0,0,0,0
18,25,2.36,0.99,1.37
0,1,0.43,0,0.43
0,4,0.43,0,0.43
3,1,1.97,1.48,0.49
X,X,X,X,X
7,0,1.2,1.2,0
15,15,0.85,0.42,0.42
1,0,0.11,0.11,0
4,20,1.49,0.25,1.24
0,4,3.39,0,3.39
8,4,0.46,0.31,0.15
6,3,1.5,1,0.5
18,6,1.42,1.07,0.36
X,X,X,X,X
X,X,X,X,X
X,X,X,X,X
10,7,0.4,0.24,0.17
45,27,1.1,0.69,0.41
8,0,0.35,0.35,0
X,X,X,X,X
42,13,1.39,1.07,0.33
0,0,0,0,0
9,2,0.35,0.29,0.06
4,1,0.67,0.53,0.13
X,X,X,X,X
8,0,0.59,0.59,0
4,0,5.33,5.33,0
0,0,0,0,0
61,35,1.59,1.01,0.58
X,X,X,X,X
2,0,0.61,0.61,0
10,1,0.67,0.61,0.06
12,5,0.36,0.26,0.11
5,1,0.45,0.37,0.07
51,20,0.9,0.65,0.25
X,X,X,X,X
X,X,X,X,X
X,X,X,X,X
X,X,X,X,X
5,1,1.95,1.63,0.33
X,X,X,X,X
1,0,0.48,0.48,0
9,2,3.49,2.86,0.63
44,24,0.64,0.42,0.23
8,6,1.21,0.69,0.52
5,11,0.94,0.29,0.65
X,X,X,X,X
X,X,X,X,X
7,3,2.36,1.65,0.71
4,8,1.43,0.48,0.95
17,5,1.4,1.08,0.32
1,1,0.76,0.38,0.38
0,2,0.76,0,0.76
2,1,1.04,0.69,0.35
11,18,1.83,0.69,1.14
1,0,0.77,0.77,0
0,2,0.29,0,0.29
1,0,0.51,0.51,0
X,X,X,X,X
7,1,1.65,1.44,0.21
11,29,1.13,0.31,0.82
3,2,0.63,0.38,0.25
5,34,2.29,0.29,2
2,7,7.09,1.57,5.51
7,2,0.36,0.28,0.08
4,2,0.96,0.64,0.32
19,4,1.54,1.28,0.27
X,X,X,X,X
X,X,X,X,X
X,X,X,X,X
15,11,0.66,0.38,0.28
35,52,1.47,0.59,0.88
10,1,0.52,0.48,0.05
X,X,X,X,X
26,14,1.01,0.65,0.35
1,0,0.27,0.27,0
14,5,0.61,0.45,0.16
1,6,1.1,0.16,0.94
X,X,X,X,X
6,2,0.72,0.54,0.18
2,0,3.13,3.13,0
0,0,0,0,0
46,23,1.17,0.78,0.39
X,X,X,X,X
3,0,0.99,0.99,0
4,3,0.45,0.26,0.19
7,5,0.27,0.16,0.11
0,1,0.08,0,0.08
29,38,0.92,0.4,0.52
X,X,X,X,X
X,X,X,X,X
X,X,X,X,X
X,X,X,X,X
1,0,0.43,0.43,0
X,X,X,X,X
6,1,2.83,2.43,0.4
9,1,3.53,3.18,0.35
40,23,0.62,0.39,0.23
8,13,1.68,0.64,1.04
4,14,1.07,0.24,0.83
X,X,X,X,X
X,X,X,X,X
6,2,1.81,1.36,0.45
13,17,2.35,1.02,1.33
15,1,0.95,0.89,0.06
3,0,1.02,1.02,0
0,4,1.69,0,1.69
1,0,0.35,0.35,0
8,10,1.24,0.55,0.69
0,0,0,0,0
3,2,0.86,0.52,0.34
1,1,1.11,0.56,0.56
X,X,X,X,X
6,0,1.28,1.28,0
8,25,0.97,0.24,0.74
0,2,0.27,0,0.27
9,32,2.65,0.58,2.06
1,14,10.27,0.68,9.59
1,5,0.27,0.04,0.22
11,2,2.16,1.83,0.33
20,11,2.26,1.46,0.8
X,X,X,X,X
X,X,X,X,X
X,X,X,X,X
2,8,0.28,0.06,0.22
40,48,1.5,0.68,0.82
9,2,0.59,0.48,0.11
X,X,X,X,X
22,9,0.86,0.61,0.25
0,0,0,0,0
4,1,0.19,0.15,0.04
5,3,1.26,0.79,0.47
X,X,X,X,X
12,0,1.07,1.07,0
6,0,7.69,7.69,0
0,0,0,0,0
35,40,1.36,0.63,0.73
X,X,X,X,X
2,1,1.17,0.78,0.39
5,1,0.41,0.34,0.07
3,10,0.33,0.08,0.25
3,1,0.38,0.28,0.09
67,38,1.54,0.98,0.56
X,X,X,X,X
X,X,X,X,X
X,X,X,X,X
X,X,X,X,X
1,0,0.4,0.4,0
X,X,X,X,X
2,1,1.46,0.98,0.49
11,4,4.75,3.48,1.27
18,16,0.96,0.51,0.45
4,13,1.36,0.32,1.04
2,8,0.63,0.13,0.5
X,X,X,X,X
X,X,X,X,X
5,1,1.46,1.21,0.24
16,30,3.94,1.37,2.57
5,3,0.44,0.28,0.17
4,0,1.54,1.54,0
1,3,1.57,0.39,1.18
0,0,0,0,0
8,13,1.59,0.61,0.98
0,0,0,0,0
0,3,0.59,0,0.59
1,0,1.92,1.92,0
X,X,X,X,X
8,2,2.02,1.62,0.4
12,19,0.96,0.37,0.59
1,5,0.87,0.15,0.73
4,38,2.98,0.28,2.7
1,6,5,0.71,4.29
0,3,0.13,0,0.13
11,1,2.14,1.96,0.18
16,0,1.26,1.26,0
X,X,X,X,X
X,X,X,X,X
X,X,X,X,X
3,7,0.29,0.09,0.21
22,53,1.3,0.38,0.92
5,2,0.35,0.25,0.1
X,X,X,X,X
16,9,0.86,0.55,0.31
0,0,0,0,0
2,4,0.23,0.08,0.16
4,2,1.07,0.71,0.36
X,X,X,X,X
4,2,0.63,0.42,0.21
3,1,4.76,3.57,1.19
0,2,3.57,0,3.57
24,45,1.22,0.42,0.8
X,X,X,X,X
2,0,0.76,0.76,0
1,0,0.26,0.26,0
10,6,0.41,0.26,0.15
1,1,0.18,0.09,0.09
51,20,1.27,0.91,0.36
X,X,X,X,X
X,X,X,X,X
X,X,X,X,X
X,X,X,X,X
0,0,0,0,0
X,X,X,X,X
2,0,0.88,0.88,0
2,2,1.3,0.65,0.65
17,8,0.74,0.5,0.24
3,7,0.88,0.26,0.62
3,5,0.55,0.21,0.34
X,X,X,X,X
X,X,X,X,X
4,5,2.2,0.98,1.22
3,12,2.07,0.41,1.66
5,1,0.35,0.29,0.06
0,0,0,0,0
0,1,0.42,0,0.42
0,0,0,0,0
6,13,1.59,0.5,1.09
0,0,0,0,0
0,3,0.69,0,0.69
0,1,2.33,0,2.33
X,X,X,X,X
5,2,1.85,1.32,0.53
5,12,0.62,0.18,0.44
0,5,0.76,0,0.76
7,23,2.38,0.56,1.83
0,11,8.09,0,8.09
2,2,0.27,0.14,0.14
5,0,0.92,0.92,0
12,6,1.76,1.17,0.59
X,X,X,X,X
X,X,X,X,X
X,X,X,X,X
5,8,0.4,0.15,0.25
18,37,1.03,0.34,0.7
5,4,0.5,0.28,0.22
X,X,X,X,X
20,5,0.99,0.79,0.2
0,0,0,0,0
0,3,0.11,0,0.11
0,1,0.19,0,0.19
X,X,X,X,X
4,2,0.66,0.44,0.22
0,1,1.19,0,1.19
0,3,5.77,0,5.77
30,41,1.2,0.51,0.69
X,X,X,X,X
2,0,0.9,0.9,0
9,2,0.94,0.77,0.17
5,12,0.49,0.14,0.34
0,1,0.1,0,0.1
27,13,0.83,0.56,0.27
X,X,X,X,X
X,X,X,X,X
X,X,X,X,X
X,X,X,X,X
0,0,0,0,0
X,X,X,X,X
0,3,1.59,0,1.59
1,1,0.7,0.35,0.35
19,11,0.9,0.57,0.33
3,13,1.4,0.26,1.14
4,5,0.65,0.29,0.36
X,X,X,X,X
X,X,X,X,X
6,13,4.6,1.45,3.15
4,25,2.43,0.34,2.1
10,2,0.76,0.63,0.13
X,X,X,X,X
0,4,1.71,0,1.71
1,2,1.22,0.41,0.81
3,13,1.4,0.26,1.14
0,0,0,0,0
1,0,0.19,0.19,0
0,1,3.23,0,3.23
X,X,X,X,X
2,0,0.54,0.54,0
3,9,0.48,0.12,0.36
2,11,2.25,0.35,1.9
15,24,2.93,1.13,1.81
1,5,4.69,0.78,3.91
1,2,0.31,0.1,0.21
1,1,0.4,0.2,0.2
6,4,0.94,0.57,0.38
X,X,X,X,X
X,X,X,X,X
X,X,X,X,X
11,14,0.81,0.36,0.45
22,45,1.4,0.46,0.94
2,1,0.18,0.12,0.06
X,X,X,X,X
29,10,1.48,1.1,0.38
1,1,0.52,0.26,0.26
0,6,0.24,0,0.24
0,0,0,0,0
X,X,X,X,X
6,4,1.04,0.62,0.42
2,0,2.5,2.5,0
0,4,6.9,0,6.9
23,26,0.91,0.42,0.48
X,X,X,X,X
2,0,1.14,1.14,0
6,1,0.68,0.59,0.1
6,4,0.28,0.17,0.11
1,1,0.2,0.1,0.1
25,12,0.82,0.55,0.26
X,X,X,X,X
X,X,X,X,X
X,X,X,X,X
X,X,X,X,X
1,0,0.33,0.33,0
X,X,X,X,X
3,7,4.31,1.29,3.02
0,1,0.36,0,0.36
11,13,0.74,0.34,0.4
4,9,1.22,0.37,0.84
3,8,0.98,0.27,0.71
X,X,X,X,X
X,X,X,X,X
5,13,4.33,1.2,3.13
1,7,1.23,0.15,1.07
6,5,0.7,0.38,0.32
0,2,15.38,0,15.38
0,4,1.5,0,1.5
0,1,0.44,0,0.44
4,13,1.67,0.39,1.28
0,1,0.58,0,0.58
0,2,0.36,0,0.36
0,0,0,0,0
X,X,X,X,X
1,0,0.23,0.23,0
5,17,0.89,0.2,0.69
1,13,2.54,0.18,2.36
22,23,3.63,1.77,1.85
0,10,8.06,0,8.06
3,2,0.27,0.16,0.11
3,4,1.48,0.63,0.84
6,6,1.34,0.67,0.67
X,X,X,X,X
X,X,X,X,X
X,X,X,X,X
7,13,0.67,0.23,0.43
19,37,1.18,0.4,0.78
4,4,0.46,0.23,0.23
X,X,X,X,X
18,4,0.86,0.71,0.16
0,0,0,0,0
6,3,0.36,0.24,0.12
0,2,0.35,0,0.35
X,X,X,X,X
5,8,1.37,0.53,0.84
0,0,0,0,0
1,2,4.17,1.39,2.78
17,39,1.06,0.32,0.74
X,X,X,X,X
1,0,0.54,0.54,0
5,1,0.57,0.48,0.1
6,3,0.27,0.18,0.09
0,2,0.21,0,0.21
28,10,0.85,0.62,0.22
0,0,0,0,0
X,X,X,X,X
X,X,X,X,X
X,X,X,X,X
0,0,0,0,0
X,X,X,X,X
1,13,6.48,0.46,6.02
2,2,1.29,0.65,0.65
16,9,0.77,0.5,0.28
2,10,1.25,0.21,1.04
2,9,0.96,0.18,0.79
X,X,X,X,X
X,X,X,X,X
3,19,5.16,0.7,4.46
11,48,0.97,0.18,0.79
2,6,0.52,0.13,0.39
X,X,X,X,X
3,3,2.47,1.23,1.23
3,0,1.33,1.33,0
4,15,1.96,0.41,1.55
0,0,0,0,0
1,4,0.88,0.18,0.7
0,2,4.76,0,4.76
X,X,X,X,X
2,0,0.52,0.52,0
3,14,0.67,0.12,0.56
0,6,1.19,0,1.19
13,13,2.12,1.06,1.06
0,2,1.61,0,1.61
2,2,0.24,0.12,0.12
0,0,0,0,0
3,2,0.55,0.33,0.22
X,X,X,X,X
X,X,X,X,X
X,X,X,X,X
4,16,0.69,0.14,0.55
20,55,1.67,0.45,1.22
3,3,0.35,0.18,0.18
X,X,X,X,X
16,8,1.03,0.68,0.34
0,0,0,0,0
2,1,0.13,0.09,0.04
1,2,0.7,0.23,0.47
X,X,X,X,X
4,12,1.65,0.41,1.24
0,0,0,0,0
0,6,9.52,0,9.52
23,40,1.44,0.52,0.91
X,X,X,X,X
0,0,0,0,0
7,1,0.82,0.72,0.1
11,2,0.43,0.37,0.07
0,0,0,0,0
29,14,1.13,0.76,0.37
X,X,X,X,X
X,X,X,X,X
X,X,X,X,X
X,X,X,X,X
0,2,0.87,0,0.87
X,X,X,X,X
3,12,6.67,1.33,5.33
0,0,0,0,0
21,18,1.25,0.67,0.58
3,13,1.82,0.34,1.48
2,4,0.67,0.22,0.44
X,X,X,X,X
X,X,X,X,X
9,15,5.94,2.23,3.71
9,53,5.07,0.74,4.33
2,7,0.58,0.13,0.45
X,X,X,X,X
0,3,1.6,0,1.6
2,1,1.23,0.82,0.41
7,10,1.73,0.71,1.02
0,0,0,0,0
0,3,0.67,0,0.67
0,0,0,0,0
X,X,X,X,X
2,1,0.95,0.63,0.32
8,13,0.87,0.33,0.54
1,7,1.37,0.17,1.2
1,9,0.84,0.08,0.76
0,5,4.9,0,4.9
0,5,0.3,0,0.3
1,2,0.74,0.25,0.49
1,6,0.88,0.13,0.76
X,X,X,X,X
X,X,X,X,X
X,X,X,X,X
8,8,0.61,0.31,0.31
28,48,1.76,0.65,1.11
2,5,0.42,0.12,0.3
X,X,X,X,X
15,16,1.26,0.61,0.65
0,0,0,0,0
4,2,0.27,0.18,0.09
0,0,0,0,0
X,X,X,X,X
4,8,1.37,0.46,0.92
0,1,1.22,0,1.22
0,0,0,0,0
24,57,1.78,0.53,1.25
X,X,X,X,X
0,0,0,0,0
0,0,0,0,0
18,4,0.77,0.63,0.14
2,2,0.47,0.24,0.24
11,12,0.64,0.3,0.33
X,X,X,X,X
X,X,X,X,X
X,X,X,X,X
X,X,X,X,X
1,1,0.76,0.38,0.38
X,X,X,X,X
2,13,6.73,0.9,5.83
0,1,0.39,0,0.39
24,13,1.2,0.78,0.42
5,7,1.41,0.59,0.82
4,3,0.74,0.42,0.32
X,X,X,X,X
X,X,X,X,X
3,16,4.97,0.79,4.19
14,18,5.63,2.46,3.17
8,10,1.25,0.56,0.7
X,X,X,X,X
1,4,2.34,0.47,1.87
0,0,0,0,0
1,6,0.87,0.12,0.75
0,0,0,0,0
1,2,0.71,0.24,0.48
0,1,3.23,0,3.23
X,X,X,X,X
0,0,0,0,0
11,15,1.15,0.49,0.67
1,8,1.67,0.19,1.48
6,7,1.22,0.56,0.66
0,5,5.62,0,5.62
2,4,0.37,0.12,0.25
3,1,1.18,0.88,0.29
1,4,0.76,0.15,0.61
X,X,X,X,X
X,X,X,X,X
X,X,X,X,X
8,5,0.51,0.32,0.2
27,48,1.88,0.68,1.2
5,8,0.82,0.31,0.5
X,X,X,X,X
13,10,1.07,0.6,0.46
X,X,X,X,X
3,2,0.25,0.15,0.1
0,0,0,0,0
X,X,X,X,X
9,7,1.81,1.02,0.79
2,0,2.56,2.56,0
0,2,3.28,0,3.28
26,51,1.77,0.6,1.17
X,X,X,X,X
2,0,1.23,1.23,0
2,2,0.48,0.24,0.24
23,0,0.88,0.88,0
3,3,0.74,0.37,0.37
14,11,0.74,0.42,0.33
X,X,X,X,X
X,X,X,X,X
X,X,X,X,X
X,X,X,X,X
0,1,0.41,0,0.41
X,X,X,X,X
1,12,6.31,0.49,5.83
1,2,1.33,0.44,0.89
28,12,1.36,0.95,0.41
6,6,1.37,0.69,0.69
0,4,0.5,0,0.5
X,X,X,X,X
X,X,X,X,X
5,16,6.02,1.43,4.58
12,68,6.64,1,5.64
8,12,1.31,0.53,0.79
X,X,X,X,X
1,2,1.8,0.6,1.2
1,1,1.08,0.54,0.54
3,4,1.03,0.44,0.59
0,0,0,0,0
3,0,0.85,0.85,0
0,0,0,0,0
X,X,X,X,X
3,0,1.09,1.09,0
8,11,0.88,0.37,0.51
1,3,0.79,0.2,0.59
4,6,0.94,0.38,0.57
0,8,6.72,0,6.72
3,3,0.4,0.2,0.2
0,0,0,0,0
2,1,0.47,0.31,0.16
X,X,X,X,X
X,X,X,X,X
X,X,X,X,X
3,6,0.4,0.13,0.26
35,41,2.09,0.96,1.13
5,6,0.71,0.32,0.39
X,X,X,X,X
15,5,1.08,0.81,0.27
X,X,X,X,X
7,4,0.53,0.34,0.19
0,0,0,0,0
X,X,X,X,X
4,12,1.75,0.44,1.31
0,0,0,0,0
0,3,4.29,0,4.29
29,32,1.51,0.72,0.79
X,X,X,X,X
2,0,1.06,1.06,0
1,1,0.24,0.12,0.12
27,0,0.99,0.99,0
0,1,0.13,0,0.13
15,7,0.72,0.49,0.23
X,X,X,X,X
X,X,X,X,X
X,X,X,X,X
X,X,X,X,X
0,3,1.09,0,1.09
X,X,X,X,X
0,11,6.59,0,6.59
1,0,0.44,0.44,0
25,10,1.23,0.88,0.35
3,1,0.47,0.36,0.12
7,5,1.44,0.84,0.6
X,X,X,X,X
X,X,X,X,X
3,10,4.44,1.02,3.41
4,31,3.09,0.35,2.74
19,14,2.28,1.31,0.97
X,X,X,X,X
0,0,0,0,0
0,1,0.46,0,0.46
3,6,1.42,0.47,0.94
0,0,0,0,0
1,2,0.87,0.29,0.58
0,1,2.22,0,2.22
X,X,X,X,X
1,0,0.4,0.4,0
10,8,0.84,0.47,0.37
1,10,2.25,0.2,2.05
1,5,0.68,0.11,0.57
2,1,3.13,2.08,1.04
4,0,0.28,0.28,0
0,0,0,0,0
2,2,0.73,0.36,0.36
X,X,X,X,X
X,X,X,X,X
X,X,X,X,X
5,2,0.35,0.25,0.1
19,18,1.04,0.53,0.5
4,3,0.51,0.29,0.22
X,X,X,X,X
10,5,0.89,0.59,0.3
X,X,X,X,X
15,2,0.87,0.77,0.1
1,3,1.82,0.45,1.36
X,X,X,X,X
4,4,0.88,0.44,0.44
0,0,0,0,0
0,0,0,0,0
21,23,1.18,0.56,0.62
X,X,X,X,X
0,0,0,0,0
2,3,0.61,0.25,0.37
37,2,1.66,1.58,0.09
0,0,0,0,0
15,12,0.99,0.55,0.44
X,X,X,X,X
X,X,X,X,X
X,X,X,X,X
X,X,X,X,X
0,0,0,0,0
X,X,X,X,X
2,5,4.29,1.23,3.07
1,0,0.61,0.61,0
21,8,1.07,0.77,0.29
7,2,1.23,0.96,0.27
3,5,1.03,0.39,0.64
X,X,X,X,X
X,X,X,X,X
4,12,5.48,1.37,4.11
2,24,2.88,0.22,2.66
23,16,2.76,1.63,1.13
X,X,X,X,X
0,2,1.59,0,1.59
0,1,0.55,0,0.55
4,4,1.44,0.72,0.72
1,1,1.37,0.68,0.68
0,5,1.58,0,1.58
1,1,4.35,2.17,2.17
X,X,X,X,X
1,0,0.52,0.52,0
4,4,0.36,0.18,0.18
2,5,1.36,0.39,0.97
4,1,0.56,0.45,0.11
0,3,2.75,0,2.75
4,2,0.48,0.32,0.16
1,1,0.78,0.39,0.39
8,1,1.65,1.47,0.18
X,X,X,X,X
X,X,X,X,X
X,X,X,X,X
9,8,0.9,0.47,0.42
14,16,0.9,0.42,0.48
7,1,0.56,0.49,0.07
X,X,X,X,X
7,3,0.62,0.43,0.19
X,X,X,X,X
8,3,0.61,0.45,0.17
0,3,1.85,0,1.85
X,X,X,X,X
3,6,1.14,0.38,0.76
1,0,1.45,1.45,0
X,X,X,X,X
19,17,1.05,0.56,0.5
X,X,X,X,X
1,0,0.65,0.65,0
2,0,0.26,0.26,0
24,3,1.39,1.24,0.15
1,1,0.29,0.15,0.15
18,22,1.6,0.72,0.88
X,X,X,X,X
X,X,X,X,X
X,X,X,X,X
X,X,X,X,X
0,0,0,0,0
X,X,X,X,X
2,10,6.74,1.12,5.62
0,0,0,0,0
21,13,1.32,0.82,0.51
2,2,0.56,0.28,0.28
1,2,0.42,0.14,0.28
X,X,X,X,X
X,X,X,X,X
0,1,0.44,0,0.44
2,10,1.38,0.23,1.15
18,14,2.23,1.25,0.97
X,X,X,X,X
1,0,0.92,0.92,0
0,0,0,0,0
4,4,1.6,0.8,0.8
2,0,1.8,1.8,0
1,1,0.69,0.35,0.35
1,0,3.85,3.85,0
X,X,X,X,X
1,0,0.61,0.61,0
5,4,0.5,0.28,0.22
0,7,1.46,0,1.46
1,0,0.11,0.11,0
0,3,4.05,0,4.05
0,3,0.24,0,0.24
1,0,0.39,0.39,0
6,3,1.94,1.29,0.65
X,X,X,X,X
X,X,X,X,X
X,X,X,X,X
12,5,0.95,0.67,0.28
6,6,0.47,0.24,0.24
5,2,0.59,0.42,0.17
X,X,X,X,X
11,3,0.98,0.77,0.21
X,X,X,X,X
10,0,0.62,0.62,0
2,0,1.15,1.15,0
X,X,X,X,X
4,3,0.89,0.51,0.38
0,0,0,0,0
X,X,X,X,X
24,18,1.3,0.74,0.56
X,X,X,X,X
0,0,0,0,0
1,0,0.14,0.14,0
24,2,1.34,1.23,0.1
1,1,0.3,0.15,0.15
18,5,0.94,0.74,0.2
X,X,X,X,X
X,X,X,X,X
X,X,X,X,X
X,X,X,X,X
0,0,0,0,0
X,X,X,X,X
0,6,4.38,0,4.38
0,0,0,0,0
39,12,2.15,1.64,0.51
6,1,1.08,0.92,0.15
2,2,0.56,0.28,0.28
X,X,X,X,X
X,X,X,X,X
2,5,2.61,0.75,1.87
0,1,0.21,0,0.21
27,20,4.02,2.31,1.71
X,X,X,X,X
2,0,1.53,1.53,0
0,0,0,0,0
1,8,1.88,0.21,1.67
0,0,0,0,0
0,0,0,0,0
1,0,4,4,0
X,X,X,X,X
0,1,0.55,0,0.55
9,2,0.8,0.65,0.14
1,1,0.45,0.22,0.22
2,2,0.49,0.24,0.24
2,4,6.38,2.13,4.26
2,3,0.42,0.17,0.25
4,1,1.87,1.5,0.37
5,0,1.42,1.42,0
X,X,X,X,X
X,X,X,X,X
X,X,X,X,X
1,2,0.18,0.06,0.12
11,6,0.58,0.38,0.21
1,5,0.52,0.09,0.43
X,X,X,X,X
19,0,1.26,1.26,0
X,X,X,X,X
4,0,0.44,0.44,0
0,0,0,0,0
X,X,X,X,X
1,3,0.54,0.13,0.4
0,1,1.56,0,1.56
0,0,0,0,0
19,17,1.2,0.64,0.57
X,X,X,X,X
1,1,1.43,0.71,0.71
2,2,0.51,0.26,0.26
46,3,2.73,2.57,0.17
0,1,0.16,0,0.16
8,3,0.52,0.38,0.14
X,X,X,X,X
X,X,X,X,X
X,X,X,X,X
X,X,X,X,X
1,0,0.51,0.51,0
X,X,X,X,X
0,2,1.67,0,1.67
0,0,0,0,0
38,13,2.41,1.79,0.61
2,0,0.33,0.33,0
3,3,0.92,0.46,0.46
X,X,X,X,X
X,X,X,X,X
2,3,2.16,0.87,1.3
1,0,0.19,0.19,0
23,19,3.21,1.76,1.45
1,0,0.77,0.77,0
0,0,0,0,0
0,1,0.68,0,0.68
0,1,0.24,0,0.24
0,0,0,0,0
0,0,0,0,0
0,2,6.45,0,6.45
X,X,X,X,X
1,0,0.7,0.7,0
9,4,1.29,0.89,0.4
0,0,0,0,0
3,1,0.55,0.42,0.14
1,5,7.06,1.18,5.88
5,0,0.43,0.43,0
0,1,0.4,0,0.4
3,0,0.71,0.71,0
X,X,X,X,X
X,X,X,X,X
X,X,X,X,X
3,0,0.19,0.19,0
11,3,0.53,0.42,0.11
5,5,0.79,0.39,0.39
X,X,X,X,X
103,1,7.71,7.64,0.07
2,1,0.95,0.63,0.32
5,1,0.38,0.32,0.06
0,1,0.55,0,0.55
X,X,X,X,X
0,4,0.62,0,0.62
0,0,0,0,0
0,0,0,0,0
16,20,1.28,0.57,0.71
X,X,X,X,X
1,1,1.4,0.7,0.7
1,3,0.58,0.15,0.44
16,1,1,0.95,0.06
0,0,0,0,0
8,2,0.55,0.44,0.11
X,X,X,X,X
X,X,X,X,X
X,X,X,X,X
X,X,X,X,X
1,0,0.44,0.44,0
X,X,X,X,X
1,3,3.2,0.8,2.4
0,1,0.66,0,0.66
26,13,1.75,1.17,0.58
6,3,1.43,0.96,0.48
6,2,1.14,0.86,0.29
X,X,X,X,X
X,X,X,X,X
1,5,2.56,0.43,2.14
2,3,1.07,0.43,0.64
16,18,2.54,1.2,1.35
1,0,0.72,0.72,0
0,1,0.27,0,0.27
0,0,0,0,0
1,7,1.57,0.2,1.37
0,0,0,0,0
2,2,1.35,0.67,0.67
0,0,0,0,0
X,X,X,X,X
2,0,1.16,1.16,0
11,2,1.24,1.05,0.19
1,0,0.26,0.26,0
0,0,0,0,0
1,6,10.14,1.45,8.7
2,1,0.26,0.17,0.09
1,2,1.2,0.4,0.8
6,2,1.88,1.41,0.47
X,X,X,X,X
X,X,X,X,X
X,X,X,X,X
3,3,0.4,0.2,0.2
17,3,0.74,0.63,0.11
17,4,1.57,1.27,0.3
X,X,X,X,X
7,1,0.6,0.52,0.07
0,1,0.32,0,0.32
4,2,0.42,0.28,0.14
0,0,0,0,0
X,X,X,X,X
0,4,0.61,0,0.61
0,0,0,0,0
X,X,X,X,X
27,21,1.76,0.99,0.77
X,X,X,X,X
0,0,0,0,0
4,3,0.98,0.56,0.42
7,1,0.5,0.43,0.06
0,0,0,0,0
12,5,0.9,0.64,0.26
X,X,X,X,X
X,X,X,X,X
X,X,X,X,X
X,X,X,X,X
1,0,0.43,0.43,0
X,X,X,X,X
0,0,0,0,0
0,0,0,0,0
36,11,2.31,1.77,0.54
5,0,0.78,0.78,0
3,2,0.76,0.46,0.3
X,X,X,X,X
X,X,X,X,X
2,3,1.72,0.69,1.03
2,1,0.59,0.39,0.2
20,28,3.23,1.35,1.89
0,0,0,0,0
1,1,0.56,0.28,0.28
1,0,0.7,0.7,0
0,6,1.21,0,1.21
0,1,0.62,0,0.62
2,0,0.71,0.71,0
1,1,6.45,3.23,3.23
X,X,X,X,X
1,0,0.55,0.55,0
4,2,0.7,0.47,0.23
0,1,0.25,0,0.25
3,0,0.43,0.43,0
1,2,3.57,1.19,2.38
4,3,0.69,0.4,0.3
0,0,0,0,0
1,1,0.41,0.2,0.2
X,X,X,X,X
X,X,X,X,X
X,X,X,X,X
3,3,0.39,0.19,0.19
7,3,0.38,0.27,0.12
11,4,1.17,0.86,0.31
X,X,X,X,X
10,2,0.75,0.62,0.12
2,0,0.63,0.63,0
9,3,0.77,0.58,0.19
0,0,0,0,0
X,X,X,X,X
2,4,0.81,0.27,0.54
0,0,0,0,0
0,0,0,0,0
34,21,1.75,1.08,0.67
X,X,X,X,X
2,0,1.32,1.32,0
2,0,0.3,0.3,0
13,0,0.8,0.8,0
2,0,0.31,0.31,0
12,5,0.88,0.62,0.26
X,X,X,X,X
X,X,X,X,X
X,X,X,X,X
X,X,X,X,X
0,1,0.43,0,0.43
X,X,X,X,X
2,1,2.46,1.64,0.82
1,1,1.18,0.59,0.59
41,9,2.26,1.85,0.41
1,3,0.6,0.15,0.45
6,0,0.85,0.85,0
X,X,X,X,X
X,X,X,X,X
1,3,1.46,0.36,1.09
5,4,0.98,0.54,0.43
22,47,4.54,1.45,3.09
2,0,1.47,1.47,0
2,1,0.95,0.63,0.32
1,1,1.2,0.6,0.6
2,7,1.77,0.39,1.38
0,0,0,0,0
0,0,0,0,0
0,0,0,0,0
X,X,X,X,X
0,1,0.57,0,0.57
1,3,0.42,0.1,0.31
1,0,0.25,0.25,0
0,0,0,0,0
0,2,2.17,0,2.17
3,2,0.57,0.34,0.23
0,0,0,0,0
2,1,0.89,0.59,0.3
X,X,X,X,X
X,X,X,X,X
X,X,X,X,X
5,2,0.47,0.34,0.14
4,4,0.36,0.18,0.18
7,1,0.56,0.49,0.07
X,X,X,X,X
6,5,0.69,0.38,0.32
0,0,0,0,0
4,5,0.6,0.27,0.33
2,0,1.61,1.61,0
X,X,X,X,X
2,2,0.51,0.25,0.25
0,0,0,0,0
0,0,0,0,0
26,16,1.31,0.81,0.5
X,X,X,X,X
2,0,1.4,1.4,0
3,1,0.59,0.44,0.15
10,0,0.62,0.62,0
3,1,0.67,0.5,0.17
10,2,0.6,0.5,0.1
X,X,X,X,X
X,X,X,X,X
X,X,X,X,X
X,X,X,X,X
3,1,1.71,1.28,0.43
X,X,X,X,X
2,2,3.33,1.67,1.67
1,2,1.36,0.45,0.91
36,9,1.88,1.5,0.38
2,0,0.29,0.29,0
2,1,0.38,0.26,0.13
X,X,X,X,X
X,X,X,X,X
1,4,1.74,0.35,1.39
2,8,0.92,0.18,0.74
23,48,4.86,1.57,3.28
0,0,0,0,0
2,1,0.96,0.64,0.32
0,0,0,0,0
2,11,2.13,0.33,1.81
1,0,0.56,0.56,0
0,0,0,0,0
2,2,9.3,4.65,4.65
X,X,X,X,X
0,1,0.55,0,0.55
3,4,0.71,0.31,0.41
0,0,0,0,0
7,1,1.11,0.97,0.14
1,3,3.67,0.92,2.75
0,0,0,0,0
1,1,0.87,0.43,0.43
1,0,0.19,0.19,0
X,X,X,X,X
X,X,X,X,X
X,X,X,X,X
X,X,X,X,X
14,4,0.68,0.53,0.15
5,2,0.47,0.34,0.13
X,X,X,X,X
5,2,0.4,0.29,0.11
0,2,0.53,0,0.53
11,4,0.87,0.64,0.23
0,0,0,0,0
X,X,X,X,X
2,3,0.64,0.26,0.39
0,0,0,0,0
X,X,X,X,X
31,24,1.41,0.79,0.61
X,X,X,X,X
0,0,0,0,0
8,1,1.15,1.03,0.13
9,0,0.59,0.59,0
1,0,0.14,0.14,0
21,0,0.92,0.92,0
X,X,X,X,X
X,X,X,X,X
X,X,X,X,X
X,X,X,X,X
2,0,0.73,0.73,0
X,X,X,X,X
1,2,2.24,0.75,1.49
0,0,0,0,0
41,6,1.78,1.55,0.23
3,2,0.69,0.42,0.28
4,0,0.42,0.42,0
X,X,X,X,X
X,X,X,X,X
2,3,1.64,0.66,0.98
0,4,0.51,0,0.51
13,41,3.46,0.83,2.63
2,0,1.67,1.67,0
1,0,0.28,0.28,0
0,0,0,0,0
1,8,1.35,0.15,1.2
0,0,0,0,0
0,1,0.24,0,0.24
0,0,0,0,0
X,X,X,X,X
2,0,1.06,1.06,0
2,1,0.28,0.18,0.09
0,0,0,0,0
0,0,0,0,0
0,7,5.22,0,5.22
1,0,0.1,0.1,0
2,1,1.32,0.88,0.44
4,1,0.84,0.67,0.17
X,X,X,X,X
X,X,X,X,X
X,X,X,X,X
5,3,0.5,0.32,0.19
17,3,0.67,0.57,0.1
6,3,0.63,0.42,0.21
X,X,X,X,X
6,3,0.51,0.34,0.17
0,0,0,0,0
12,9,1.17,0.67,0.5
1,1,1.18,0.59,0.59
X,X,X,X,X
0,2,0.21,0,0.21
0,0,0,0,0
0,0,0,0,0
25,19,1.03,0.59,0.45
X,X,X,X,X
1,0,0.58,0.58,0
1,0,0.13,0.13,0
10,2,0.69,0.57,0.11
2,1,0.4,0.26,0.13
14,1,0.6,0.56,0.04
X,X,X,X,X
X,X,X,X,X
X,X,X,X,X
X,X,X,X,X
2,1,0.87,0.58,0.29
X,X,X,X,X
0,0,0,0,0
1,6,2.3,0.33,1.97
32,6,1.59,1.34,0.25
5,2,0.81,0.58,0.23
7,1,0.88,0.77,0.11
X,X,X,X,X
X,X,X,X,X
2,2,1.37,0.68,0.68
1,2,0.31,0.1,0.2
26,27,3.14,1.54,1.6
0,0,0,0,0
3,5,2.58,0.97,1.61
1,1,0.9,0.45,0.45
2,27,3.45,0.24,3.21
0,0,0,0,0
2,0,0.4,0.4,0
1,0,2.38,2.38,0
X,X,X,X,X
2,0,0.86,0.86,0
6,5,0.89,0.49,0.41
1,0,0.25,0.25,0
3,1,0.45,0.34,0.11
2,12,8.81,1.26,7.55
2,0,0.18,0.18,0
0,0,0,0,0
6,1,1.02,0.87,0.15
X,X,X,X,X
X,X,X,X,X
X,X,X,X,X
3,12,0.75,0.15,0.6
10,1,0.31,0.28,0.03
3,1,0.26,0.2,0.07
X,X,X,X,X
12,5,0.79,0.55,0.23
1,1,0.41,0.2,0.2
10,1,0.59,0.53,0.05
1,0,0.83,0.83,0
X,X,X,X,X
1,2,0.3,0.1,0.2
1,0,1.56,1.56,0
0,0,0,0,0
31,25,1.05,0.58,0.47
X,X,X,X,X
0,0,0,0,0
0,0,0,0,0
9,1,0.57,0.51,0.06
6,0,0.76,0.76,0
11,2,0.48,0.41,0.07
X,X,X,X,X
X,X,X,X,X
X,X,X,X,X
X,X,X,X,X
0,0,0,0,0
X,X,X,X,X
0,0,0,0,0
2,3,1.13,0.45,0.68
31,2,1.05,0.98,0.06
3,0,0.3,0.3,0
9,0,0.87,0.87,0
X,X,X,X,X
X,X,X,X,X
5,4,2.47,1.37,1.1
11,12,1.09,0.52,0.57
20,31,2.86,1.12,1.74
0,0,0,0,0
0,0,0,0,0
0,0,0,0,0
3,10,1.61,0.37,1.24
3,0,1.03,1.03,0
2,2,0.6,0.3,0.3
0,0,0,0,0
X,X,X,X,X
1,0,0.39,0.39,0
5,3,0.69,0.43,0.26
1,0,0.21,0.21,0
2,0,0.21,0.21,0
1,12,5.7,0.44,5.26
1,0,0.17,0.17,0
1,0,0.38,0.38,0
8,3,1.27,0.92,0.35
X,X,X,X,X
X,X,X,X,X
X,X,X,X,X
0,1,0.04,0,0.04
9,3,0.35,0.26,0.09
9,0,0.54,0.54,0
X,X,X,X,X
14,6,0.69,0.48,0.21
1,0,0.16,0.16,0
9,0,0.43,0.43,0
0,0,0,0,0
X,X,X,X,X
4,3,0.57,0.33,0.25
0,0,0,0,0
0,0,0,0,0
45,34,1.09,0.62,0.47
X,X,X,X,X
0,0,0,0,0
3,0,0.29,0.29,0
11,1,0.65,0.6,0.05
2,0,0.2,0.2,0
11,2,0.44,0.38,0.07
X,X,X,X,X
X,X,X,X,X
X,X,X,X,X
X,X,X,X,X
1,0,0.25,0.25,0
X,X,X,X,X
1,0,0.52,0.52,0
0,0,0,0,0
37,4,1.08,0.98,0.11
2,0,0.19,0.19,0
3,1,0.38,0.28,0.09
X,X,X,X,X
X,X,X,X,X
4,5,2.49,1.1,1.38
3,4,0.61,0.26,0.35
43,30,4.04,2.38,1.66
0,0,0,0,0
2,0,0.56,0.56,0
0,1,0.42,0,0.42
1,1,0.18,0.09,0.09
2,0,0.63,0.63,0
4,0,0.48,0.48,0
0,0,0,0,0
X,X,X,X,X
0,0,0,0,0
7,5,0.88,0.51,0.37
1,0,0.21,0.21,0
3,1,0.39,0.29,0.1
0,2,1.01,0,1.01
1,1,0.27,0.13,0.13
2,0,0.68,0.68,0
6,5,0.98,0.53,0.44
X,X,X,X,X
X,X,X,X,X
X,X,X,X,X
7,2,0.38,0.3,0.08
18,5,0.58,0.45,0.13
4,0,0.2,0.2,0
X,X,X,X,X
14,3,0.47,0.39,0.08
1,0,0.14,0.14,0
2,3,0.23,0.09,0.14
3,0,1.64,1.64,0
X,X,X,X,X
14,4,1.41,1.09,0.31
0,0,0,0,0
0,0,0,0,0
52,31,0.97,0.61,0.36
X,X,X,X,X
0,0,0,0,0
1,0,0.08,0.08,0
13,2,0.75,0.65,0.1
0,0,0,0,0
12,1,0.39,0.36,0.03
X,X,X,X,X
X,X,X,X,X
X,X,X,X,X
X,X,X,X,X
3,0,0.78,0.78,0
X,X,X,X,X
0,0,0,0,0
0,1,0.18,0,0.18
27,8,1,0.77,0.23
5,3,0.68,0.43,0.26
5,0,0.35,0.35,0
X,X,X,X,X
X,X,X,X,X
4,1,1.47,1.18,0.29
6,2,0.77,0.58,0.19
46,32,4.24,2.5,1.74
0,0,0,0,0
0,0,0,0,0
0,0,0,0,0
3,6,0.67,0.22,0.45
0,0,0,0,0
3,0,0.38,0.38,0
2,0,4.08,4.08,0
X,X,X,X,X
2,0,0.56,0.56,0
3,3,0.4,0.2,0.2
0,0,0,0,0
5,0,0.44,0.44,0
0,4,2.42,0,2.42
0,0,0,0,0
0,0,0,0,0
2,4,0.56,0.19,0.37
X,X,X,X,X
X,X,X,X,X
X,X,X,X,X
7,1,0.35,0.31,0.04
17,1,0.45,0.43,0.03
2,0,0.08,0.08,0
X,X,X,X,X
11,1,0.28,0.25,0.02
0,0,0,0,0
8,1,0.36,0.32,0.04
1,0,0.42,0.42,0
X,X,X,X,X
19,3,1.69,1.46,0.23
0,0,0,0,0
0,0,0,0,0
34,48,1.06,0.44,0.62
X,X,X,X,X
2,0,0.85,0.85,0
5,0,0.4,0.4,0
23,1,1.23,1.17,0.05
1,0,0.07,0.07,0
12,3,0.38,0.31,0.08
X,X,X,X,X
X,X,X,X,X
X,X,X,X,X
X,X,X,X,X
1,0,0.37,0.37,0
X,X,X,X,X
2,0,1.23,1.23,0
0,2,0.47,0,0.47
29,4,0.91,0.8,0.11
3,0,0.27,0.27,0
4,1,0.36,0.29,0.07
X,X,X,X,X
X,X,X,X,X
3,3,1.74,0.87,0.87
7,9,1.57,0.69,0.88
58,41,4.76,2.79,1.97
1,0,0.49,0.49,0
2,0,0.4,0.4,0
0,0,0,0,0
3,6,0.61,0.2,0.41
2,0,0.63,0.63,0
1,0,0.12,0.12,0
3,0,4.55,4.55,0
X,X,X,X,X
0,0,0,0,0
1,6,0.45,0.06,0.39
1,0,0.17,0.17,0
7,0,0.49,0.49,0
0,8,4.88,0,4.88
1,2,0.36,0.12,0.24
2,0,0.47,0.47,0
0,4,0.35,0,0.35
X,X,X,X,X
X,X,X,X,X
X,X,X,X,X
14,3,0.75,0.62,0.13
16,1,0.37,0.35,0.02
5,3,0.31,0.19,0.12
X,X,X,X,X
24,2,0.58,0.53,0.04
2,0,0.29,0.29,0
13,1,0.49,0.46,0.04
0,0,0,0,0
X,X,X,X,X
13,4,1.33,1.02,0.31
0,0,0,0,0
0,0,0,0,0
33,31,0.94,0.48,0.45
X,X,X,X,X
0,0,0,0,0
5,0,0.37,0.37,0
33,2,1.47,1.39,0.08
1,0,0.07,0.07,0
19,12,0.6,0.37,0.23
X,X,X,X,X
X,X,X,X,X
X,X,X,X,X
X,X,X,X,X
1,0,0.52,0.52,0
X,X,X,X,X
1,0,0.57,0.57,0
2,0,0.5,0.5,0
28,4,0.87,0.76,0.11
5,2,0.55,0.39,0.16
3,1,0.26,0.19,0.06
X,X,X,X,X
X,X,X,X,X
5,6,3.05,1.39,1.66
14,24,2.03,0.75,1.28
54,60,5.56,2.63,2.92
0,0,0,0,0
1,0,0.2,0.2,0
0,2,0.75,0,0.75
4,4,0.55,0.28,0.28
1,0,0.31,0.31,0
3,1,0.5,0.37,0.12
0,0,0,0,0
X,X,X,X,X
1,1,0.54,0.27,0.27
3,14,0.93,0.16,0.76
1,0,0.15,0.15,0
3,1,0.25,0.19,0.06
2,1,2.22,1.48,0.74
1,0,0.12,0.12,0
6,1,1.62,1.39,0.23
2,3,0.47,0.19,0.28
X,X,X,X,X
X,X,X,X,X
X,X,X,X,X
10,0,0.4,0.4,0
20,6,0.45,0.35,0.1
14,2,0.61,0.54,0.08
X,X,X,X,X
27,6,0.67,0.54,0.12
1,0,0.15,0.15,0
17,1,0.59,0.56,0.03
0,0,0,0,0
X,X,X,X,X
17,11,2.2,1.33,0.86
0,0,0,0,0
0,0,0,0,0
20,48,1.36,0.4,0.96
X,X,X,X,X
3,1,1.41,1.06,0.35
5,1,0.45,0.38,0.08
25,3,0.98,0.88,0.11
6,0,0.45,0.45,0
30,13,0.7,0.49,0.21
X,X,X,X,X
X,X,X,X,X
X,X,X,X,X
X,X,X,X,X
0,3,1.08,0,1.08
X,X,X,X,X
3,1,2.86,2.14,0.71
0,1,0.23,0,0.23
20,5,0.67,0.53,0.13
9,2,0.84,0.69,0.15
4,0,0.26,0.26,0
X,X,X,X,X
X,X,X,X,X
3,2,2.16,1.29,0.86
12,9,2.06,1.18,0.88
56,58,5.97,2.93,3.04
0,0,0,0,0
2,5,1.41,0.4,1.01
0,4,1.59,0,1.59
5,0,0.42,0.42,0
1,0,0.3,0.3,0
7,0,0.99,0.99,0
2,1,4.55,3.03,1.52
X,X,X,X,X
1,0,0.32,0.32,0
9,12,1.31,0.56,0.75
2,0,0.29,0.29,0
0,2,0.14,0,0.14
2,8,5.88,1.18,4.71
1,0,0.12,0.12,0
4,3,1.48,0.84,0.63
1,1,0.2,0.1,0.1
X,X,X,X,X
X,X,X,X,X
X,X,X,X,X
10,0,0.38,0.38,0
14,5,0.33,0.24,0.09
13,2,0.58,0.51,0.08
X,X,X,X,X
28,7,0.8,0.64,0.16
1,0,0.15,0.15,0
12,1,0.4,0.37,0.03
1,0,0.3,0.3,0
X,X,X,X,X
10,7,1.28,0.75,0.53
0,0,0,0,0
0,0,0,0,0
63,57,1.78,0.93,0.85
X,X,X,X,X
4,0,1.32,1.32,0
4,1,0.37,0.3,0.07
23,1,0.72,0.69,0.03
6,3,0.68,0.46,0.23
24,16,0.65,0.39,0.26
X,X,X,X,X
X,X,X,X,X
X,X,X,X,X
X,X,X,X,X
7,2,2.51,1.95,0.56
X,X,X,X,X
2,0,1.09,1.09,0
5,3,1.97,1.23,0.74
26,5,0.93,0.78,0.15
12,3,1.13,0.91,0.23
1,1,0.12,0.06,0.06
X,X,X,X,X
X,X,X,X,X
5,15,5.99,1.5,4.49
20,27,2.52,1.07,1.45
66,79,6.72,3.06,3.66
0,0,0,0,0
1,7,9.09,1.14,7.95
0,3,1.03,0,1.03
4,0,0.32,0.32,0
0,0,0,0,0
2,1,0.45,0.3,0.15
2,0,3.51,3.51,0
1,0,0.12,0.12,0
0,0,0,0,0
12,3,0.74,0.59,0.15
0,0,0,0,0
6,1,0.45,0.38,0.06
1,8,6.57,0.73,5.84
3,0,0.17,0.17,0
5,2,1.41,1.01,0.4
12,3,1.29,1.03,0.26
X,X,X,X,X
X,X,X,X,X
7,1,0.57,0.5,0.07
10,3,0.49,0.38,0.11
21,7,0.48,0.36,0.12
14,3,0.62,0.51,0.11
1,0,0.45,0.45,0
25,9,0.56,0.41,0.15
0,2,0.29,0,0.29
8,4,0.66,0.44,0.22
2,0,0.58,0.58,0
X,X,X,X,X
18,20,2.86,1.35,1.5
0,0,0,0,0
1,2,3.9,1.3,2.6
54,55,1.65,0.82,0.83
X,X,X,X,X
3,0,0.82,0.82,0
14,3,1.33,1.1,0.24
33,1,1.12,1.09,0.03
5,2,0.54,0.38,0.15
21,10,0.57,0.39,0.18
X,X,X,X,X
X,X,X,X,X
X,X,X,X,X
X,X,X,X,X
5,2,1.92,1.37,0.55
X,X,X,X,X
3,0,1.84,1.84,0
3,0,0.74,0.74,0
37,6,1.2,1.03,0.17
23,8,2.18,1.62,0.56
6,2,0.52,0.39,0.13
X,X,X,X,X
X,X,X,X,X
15,14,7.38,3.82,3.56
21,22,2.26,1.1,1.16
95,61,7.43,4.52,2.9
1,1,0.78,0.39,0.39
3,2,4.9,2.94,1.96
0,1,0.33,0,0.33
3,0,0.23,0.23,0
3,0,0.86,0.86,0
4,0,0.62,0.62,0
4,1,10,8,2
1,0,0.11,0.11,0
2,2,1.11,0.56,0.56
9,11,1.08,0.49,0.59
1,0,0.15,0.15,0
7,1,0.58,0.51,0.07
1,15,8.47,0.53,7.94
9,2,0.61,0.5,0.11
3,4,1.36,0.58,0.78
12,2,1.09,0.93,0.16
X,X,X,X,X
X,X,X,X,X
7,0,0.53,0.53,0
9,3,0.44,0.33,0.11
26,7,0.61,0.48,0.13
30,4,1.21,1.06,0.14
3,0,1.18,1.18,0
35,12,0.79,0.59,0.2
3,3,0.77,0.39,0.39
10,3,0.7,0.54,0.16
0,0,0,0,0
X,X,X,X,X
15,9,1.77,1.11,0.66
0,0,0,0,0
0,2,1.94,0,1.94
105,76,2.73,1.58,1.15
X,X,X,X,X
1,0,0.27,0.27,0
7,0,0.56,0.56,0
36,1,1.16,1.13,0.03
0,0,0,0,0
35,13,0.78,0.57,0.21
X,X,X,X,X
X,X,X,X,X
X,X,X,X,X
X,X,X,X,X
9,5,3.89,2.5,1.39
X,X,X,X,X
2,0,1.18,1.18,0
2,4,1.54,0.51,1.03
54,10,1.72,1.45,0.27
21,3,1.74,1.52,0.22
7,2,0.6,0.47,0.13
X,X,X,X,X
X,X,X,X,X
7,30,10.76,2.03,8.72
33,31,3.61,1.86,1.75
103,58,7.09,4.53,2.55
1,4,1.89,0.38,1.51
2,1,3.53,2.35,1.18
0,2,0.83,0,0.83
5,0,0.36,0.36,0
5,0,1.39,1.39,0
5,0,0.78,0.78,0
0,2,3.57,0,3.57
4,0,0.45,0.45,0
2,0,0.55,0.55,0
5,6,0.55,0.25,0.3
0,0,0,0,0
8,3,0.68,0.49,0.18
3,2,2.56,1.54,1.03
8,0,0.43,0.43,0
1,1,0.44,0.22,0.22
13,3,1.21,0.98,0.23
X,X,X,X,X
X,X,X,X,X
23,2,1.93,1.78,0.15
11,8,0.64,0.37,0.27
35,8,0.77,0.63,0.14
21,12,1.38,0.88,0.5
1,0,0.4,0.4,0
36,5,0.66,0.58,0.08
4,2,0.78,0.52,0.26
11,5,0.89,0.61,0.28
3,1,1.14,0.85,0.28
X,X,X,X,X
21,13,2.61,1.61,1
0,0,0,0,0
0,2,2.13,0,2.13
126,71,2.82,1.81,1.02
X,X,X,X,X
3,0,0.9,0.9,0
16,2,1.35,1.2,0.15
43,9,1.64,1.36,0.28
0,0,0,0,0
39,11,0.77,0.6,0.17
0,0,0,0,0
X,X,X,X,X
X,X,X,X,X
X,X,X,X,X
7,6,3.26,1.75,1.5
X,X,X,X,X
4,2,3.9,2.6,1.3
3,3,1.45,0.72,0.72
70,8,2.12,1.9,0.22
33,9,3.16,2.48,0.68
22,2,1.5,1.37,0.12
X,X,X,X,X
X,X,X,X,X
11,24,9.78,3.07,6.7
51,44,4.68,2.51,2.17
127,67,8.65,5.66,2.99
4,2,2.52,1.68,0.84
4,3,5.98,3.42,2.56
1,0,0.39,0.39,0
10,5,1.08,0.72,0.36
3,1,1.07,0.8,0.27
7,0,0.99,0.99,0
2,3,6.67,2.67,4
7,0,0.85,0.85,0
6,0,1.42,1.42,0
14,11,1.24,0.69,0.54
2,1,0.45,0.3,0.15
7,0,0.41,0.41,0
1,4,3.14,0.63,2.52
3,3,0.32,0.16,0.16
0,1,0.26,0,0.26
3,5,0.59,0.22,0.37
X,X,X,X,X
X,X,X,X,X
23,5,2.11,1.74,0.38
10,6,0.52,0.32,0.19
38,4,0.74,0.67,0.07
28,9,1.28,0.97,0.31
0,0,0,0,0
41,9,0.78,0.64,0.14
7,0,0.81,0.81,0
11,3,0.83,0.65,0.18
2,0,0.44,0.44,0
X,X,X,X,X
16,13,2.28,1.26,1.02
0,0,0,0,0
1,0,1.33,1.33,0
161,124,3.85,2.17,1.67
X,X,X,X,X
4,0,1.15,1.15,0
34,1,2.58,2.51,0.07
39,4,1.32,1.2,0.12
1,0,0.09,0.09,0
43,11,0.78,0.62,0.16
0,0,0,0,0
X,X,X,X,X
X,X,X,X,X
X,X,X,X,X
28,23,11.59,6.36,5.23
X,X,X,X,X
5,1,3.19,2.66,0.53
3,8,2.35,0.64,1.71
298,31,3.57,3.23,0.34
60,14,5.48,4.44,1.04
31,6,2.23,1.87,0.36
X,X,X,X,X
X,X,X,X,X
21,32,9.52,3.77,5.75
76,48,5.98,3.67,2.32
157,61,9.08,6.54,2.54
7,0,2.66,2.66,0
1,3,3.15,0.79,2.36
1,2,0.99,0.33,0.66
10,8,1.29,0.72,0.57
1,1,0.45,0.22,0.22
15,3,2.18,1.82,0.36
4,3,8.75,5,3.75
9,0,1.08,1.08,0
0,1,0.24,0,0.24
31,15,2.14,1.44,0.7
5,1,0.99,0.82,0.16
20,2,1.24,1.12,0.11
0,1,0.61,0,0.61
13,4,0.88,0.67,0.21
6,2,1.95,1.46,0.49
14,4,1.19,0.93,0.27
X,X,X,X,X
X,X,X,X,X
32,3,2.3,2.1,0.2
31,3,1,0.91,0.09
53,8,1.08,0.94,0.14
42,10,1.65,1.33,0.32
2,0,0.87,0.87,0
18,6,0.38,0.28,0.09
2,1,0.34,0.23,0.11
9,6,0.84,0.5,0.33
3,0,0.68,0.68,0
X,X,X,X,X
21,28,3.52,1.51,2.01
0,0,0,0,0
1,1,2.74,1.37,1.37
214,209,5.43,2.75,2.68
X,X,X,X,X
7,0,1.92,1.92,0
49,1,3.58,3.51,0.07
62,6,2.11,1.92,0.19
1,0,0.09,0.09,0
92,10,1.53,1.38,0.15
0,0,0,0,0
X,X,X,X,X
X,X,X,X,X
X,X,X,X,X
38,62,18.21,6.92,11.29
X,X,X,X,X
5,0,2.48,2.48,0
6,14,3.62,1.09,2.54
684,64,4.83,4.41,0.41
97,34,8.41,6.23,2.18
33,4,1.97,1.75,0.21
X,X,X,X,X
X,X,X,X,X
16,31,10.63,3.62,7.01
138,77,8.67,5.57,3.11
142,68,8.45,5.71,2.74
7,5,3.64,2.12,1.52
5,2,4.73,3.38,1.35
1,1,0.66,0.33,0.33
25,12,2.36,1.6,0.77
1,2,0.65,0.22,0.44
17,5,2.76,2.13,0.63
15,7,20.95,14.29,6.67
9,1,1.11,1,0.11
5,2,1.56,1.12,0.45
45,34,3.33,1.9,1.43
3,0,0.45,0.45,0
16,3,0.95,0.8,0.15
8,10,9.14,4.06,5.08
26,4,1.41,1.22,0.19
16,8,4.99,3.33,1.66
29,11,1.94,1.4,0.53
X,X,X,X,X
X,X,X,X,X
30,3,2.36,2.14,0.21
28,12,1.09,0.76,0.33
102,18,1.99,1.69,0.3
108,50,4.53,3.09,1.43
4,0,1.35,1.35,0
77,18,1.34,1.08,0.25
10,0,0.98,0.98,0
26,15,2,1.27,0.73
7,0,1.02,1.02,0
X,X,X,X,X
54,74,7.53,3.18,4.35
1,0,0.97,0.97,0
0,8,6.02,0,6.02
400,381,8.41,4.31,4.1
X,X,X,X,X
23,0,5.82,5.82,0
58,4,4.19,3.92,0.27
69,5,2.21,2.06,0.15
4,2,0.51,0.34,0.17
193,21,2.62,2.36,0.26
0,0,0,0,0
X,X,X,X,X
X,X,X,X,X
X,X,X,X,X
33,88,19,5.18,13.81
X,X,X,X,X
8,0,3.83,3.83,0
3,11,2.03,0.44,1.6
1018,70,6.08,5.69,0.39
183,60,13.13,9.89,3.24
56,5,2.98,2.73,0.24
X,X,X,X,X
X,X,X,X,X
12,38,12.02,2.88,9.13
76,33,6.79,4.74,2.06
147,54,7.2,5.27,1.93
8,7,4.6,2.45,2.15
6,3,5.7,3.8,1.9
1,1,0.66,0.33,0.33
25,11,2.14,1.48,0.65
17,0,3.08,3.08,0
19,14,3.66,2.11,1.55
15,15,21.28,10.64,10.64
16,2,1.73,1.54,0.19
10,2,2.3,1.92,0.38
55,35,3.59,2.19,1.4
5,0,0.75,0.75,0
28,7,1.7,1.36,0.34
10,14,9.72,4.05,5.67
24,7,1.38,1.07,0.31
39,27,11.54,6.82,4.72
26,14,2.11,1.37,0.74
X,X,X,X,X
X,X,X,X,X
45,3,2.79,2.61,0.17
83,16,2.65,2.23,0.43
143,24,2.61,2.24,0.38
126,36,4.25,3.31,0.94
4,4,2.31,1.16,1.16
121,35,1.96,1.52,0.44
28,1,2.46,2.37,0.08
27,8,1.78,1.37,0.41
8,1,1.07,0.95,0.12
X,X,X,X,X
66,103,9.93,3.88,6.05
0,0,0,0,0
0,4,3.33,0,3.33
544,442,9.69,5.35,4.35
X,X,X,X,X
28,0,6.09,6.09,0
78,4,5.28,5.02,0.26
109,27,3.04,2.43,0.6
4,0,0.36,0.36,0
384,23,4.55,4.29,0.26
2,1,10.71,7.14,3.57
X,X,X,X,X
X,X,X,X,X
X,X,X,X,X
34,82,21.09,6.18,14.91
X,X,X,X,X
14,5,10.86,8,2.86
5,8,2.35,0.9,1.45
1046,62,6.83,6.45,0.38
216,47,14.18,11.64,2.53
84,2,3.97,3.87,0.09
X,X,X,X,X
X,X,X,X,X
11,34,10.54,2.58,7.96
206,91,13.66,9.47,4.18
139,49,8.3,6.13,2.16
15,5,5.87,4.4,1.47
13,5,9.38,6.77,2.6
4,4,2.69,1.35,1.35
42,23,3.74,2.42,1.32
14,1,2.85,2.66,0.19
8,14,2.84,1.03,1.8
8,21,34.12,9.41,24.71
24,0,2.31,2.31,0
15,1,3.52,3.3,0.22
78,26,4.5,3.37,1.12
8,1,1.27,1.13,0.14
31,5,1.78,1.53,0.25
11,12,8.01,3.83,4.18
34,13,2.15,1.56,0.6
85,27,18.09,13.73,4.36
27,10,1.94,1.42,0.52
X,X,X,X,X
X,X,X,X,X
59,6,3.98,3.62,0.37
97,27,3.52,2.76,0.77
218,17,3.93,3.65,0.28
150,60,5.84,4.17,1.67
7,2,2.59,2.01,0.57
246,43,3.86,3.28,0.57
21,3,2.13,1.86,0.27
36,13,2.75,2.02,0.73
22,3,2.76,2.43,0.33
X,X,X,X,X
73,126,11.82,4.33,7.48
0,0,0,0,0
2,4,4.88,1.63,3.25
505,416,10.21,5.6,4.61
X,X,X,X,X
24,0,5.29,5.29,0
62,3,4.72,4.5,0.22
188,50,5.12,4.04,1.08
6,1,0.55,0.47,0.08
440,25,5.21,4.93,0.28
2,0,11.11,11.11,0
X,X,X,X,X
X,X,X,X,X
X,X,X,X,X
37,91,20.71,5.99,14.72
X,X,X,X,X
13,0,6.74,6.74,0
10,20,4.59,1.53,3.06
1728,110,8.49,7.98,0.51
234,60,13.5,10.75,2.76
110,0,4.64,4.64,0
X,X,X,X,X
X,X,X,X,X
11,37,10.26,2.35,7.91
222,81,11.27,8.26,3.01
116,62,10.06,6.55,3.5
15,13,6.22,3.33,2.89
8,6,6.17,3.52,2.64
11,5,4.08,2.81,1.28
99,34,5.89,4.39,1.51
22,1,3.01,2.88,0.13
20,19,3.56,1.82,1.73
6,21,27.84,6.19,21.65
45,2,3.57,3.42,0.15
33,4,6.34,5.65,0.68
109,49,5.86,4.04,1.82
20,0,2.52,2.52,0
56,10,2.77,2.35,0.42
7,20,12.44,3.23,9.22
45,26,2.57,1.63,0.94
102,27,17.34,13.71,3.63
56,11,2.7,2.26,0.44
X,X,X,X,X
X,X,X,X,X
100,10,5.97,5.43,0.54
284,30,7.4,6.69,0.71
417,33,5.81,5.38,0.43
304,80,8.42,6.67,1.75
16,3,4.25,3.58,0.67
347,75,4.49,3.69,0.8
26,5,2.51,2.11,0.41
75,12,4.03,3.47,0.56
49,5,5.4,4.9,0.5
X,X,X,X,X
119,135,13.73,6.43,7.3
0,0,0,0,0
2,4,4.05,1.35,2.7
643,475,10.74,6.18,4.57
X,X,X,X,X
24,0,5.45,5.45,0
101,5,5.91,5.63,0.28
239,65,5.24,4.12,1.12
15,5,1.26,0.94,0.31
665,53,6.01,5.57,0.44
7,1,13.33,11.67,1.67
X,X,X,X,X
X,X,X,X,X
X,X,X,X,X
67,140,28.16,9.12,19.05
X,X,X,X,X
18,4,9.17,7.5,1.67
16,26,6.89,2.62,4.26
2574,142,11.88,11.26,0.62
287,96,17.31,12.97,4.34
142,10,6.19,5.78,0.41
X,X,X,X,X
X,X,X,X,X
19,24,9.19,4.06,5.13
379,165,15.22,10.6,4.62
230,41,9.64,8.19,1.46
11,9,5.09,2.8,2.29
13,7,10.47,6.81,3.66
13,5,4.36,3.15,1.21
173,39,8.39,6.85,1.54
34,0,5.12,5.12,0
43,38,7.61,4.04,3.57
11,17,26.42,10.38,16.04
57,3,4.58,4.35,0.23
57,6,10.34,9.36,0.99
204,54,8.72,6.89,1.82
19,1,2.34,2.23,0.12
114,12,5.06,4.57,0.48
21,15,14.17,8.27,5.91
93,63,4.65,2.77,1.88
141,34,22.35,18.01,4.34
84,40,4.61,3.13,1.49
X,X,X,X,X
X,X,X,X,X
177,10,9.1,8.61,0.49
579,42,12.34,11.51,0.83
673,51,9.19,8.54,0.65
412,101,10.96,8.8,2.16
34,12,9.48,7.01,2.47
464,93,5.67,4.72,0.95
21,10,2.55,1.72,0.82
125,10,6.12,5.67,0.45
107,6,10.51,9.95,0.56
X,X,X,X,X
61,27,4.4,3.05,1.35
1,1,1.85,0.93,0.93
7,8,9.93,4.64,5.3
1069,661,15.5,9.58,5.92
X,X,X,X,X
28,0,5.76,5.76,0
141,5,8.46,8.17,0.29
328,97,7.5,5.79,1.71
9,11,1.42,0.64,0.78
1096,70,9.47,8.9,0.57
5,1,18.18,15.15,3.03
X,X,X,X,X
X,X,X,X,X
X,X,X,X,X
85,137,29.96,11.47,18.49
X,X,X,X,X
14,2,6.99,6.11,0.87
16,60,12.77,2.69,10.08
3690,215,14.95,14.12,0.82
321,156,23.16,15.58,7.57
185,15,8.02,7.42,0.6
X,X,X,X,X
X,X,X,X,X
21,34,12.09,4.62,7.47
723,238,20.45,15.39,5.06
204,32,9.22,7.97,1.25
33,5,9.27,8.05,1.22
22,8,13.76,10.09,3.67
17,8,5.47,3.72,1.75
246,63,10.83,8.62,2.21
41,1,5.43,5.3,0.13
68,62,11.15,5.83,5.32
15,22,30.33,12.3,18.03
83,4,6.23,5.94,0.29
120,2,19.3,18.99,0.32
346,46,12.68,11.19,1.49
29,2,3.63,3.39,0.23
208,16,8.4,7.8,0.6
28,31,16.62,7.89,8.73
148,180,8.23,3.72,4.52
290,42,32.94,28.77,4.17
139,67,7.06,4.76,2.3
X,X,X,X,X
X,X,X,X,X
322,41,15.02,13.33,1.7
1020,133,21.55,19.07,2.49
1133,88,13.09,12.14,0.94
690,177,16.07,12.79,3.28
61,17,15.06,11.78,3.28
821,155,9.1,7.66,1.45
45,23,5.38,3.56,1.82
172,12,7.77,7.26,0.51
192,13,16.83,15.76,1.07
X,X,X,X,X
95,49,6.29,4.15,2.14
1,0,1.14,1.14,0
15,20,18.72,8.02,10.7
1337,880,20.86,12.58,8.28
X,X,X,X,X
35,0,6.97,6.97,0
204,12,11.57,10.93,0.64
378,105,8.25,6.45,1.79
22,19,2.48,1.33,1.15
1588,148,12.22,11.18,1.04
10,0,21.74,21.74,0
X,X,X,X,X
X,X,X,X,X
X,X,X,X,X
95,153,32.38,12.4,19.97
X,X,X,X,X
39,5,15.17,13.45,1.72
42,107,21.19,5.97,15.22
5378,313,18.38,17.37,1.01
327,228,23.19,13.66,9.53
324,27,12.1,11.16,0.93
X,X,X,X,X
X,X,X,X,X
43,11,11.82,9.41,2.41
440,205,14.71,10.03,4.68
229,29,9.79,8.69,1.1
77,20,16.19,12.85,3.34
24,12,15.93,10.62,5.31
30,25,10.11,5.51,4.6
352,97,14.37,11.27,3.1
78,2,9.29,9.06,0.23
67,65,13.51,6.86,6.65
28,49,40.31,14.66,25.65
186,2,11,10.88,0.12
192,8,23.67,22.72,0.95
486,52,16.44,14.85,1.59
77,4,8.56,8.14,0.42
237,15,9.36,8.8,0.56
42,46,20.71,9.88,10.82
201,235,10.2,4.7,5.5
194,53,36.01,28.28,7.73
245,78,10.61,8.05,2.56
X,X,X,X,X
X,X,X,X,X
450,40,18.52,17.01,1.51
1525,207,27.32,24.06,3.27
1706,87,17.95,17.08,0.87
993,331,21.14,15.86,5.29
136,17,24.09,21.42,2.68
1343,263,13.91,11.63,2.28
74,32,7.34,5.12,2.21
330,30,13.15,12.06,1.1
293,24,23.52,21.74,1.78
X,X,X,X,X
331,261,22.9,12.8,10.1
1,2,3.37,1.12,2.25
22,20,19.53,10.23,9.3
2375,1168,26.11,17.5,8.61
X,X,X,X,X
29,1,6.49,6.28,0.22
299,21,15.72,14.69,1.03
492,121,10.14,8.14,2
49,45,5.39,2.81,2.58
2369,177,15.97,14.86,1.11
13,0,40.63,40.63,0
X,X,X,X,X
X,X,X,X,X
X,X,X,X,X
83,111,25.76,11.02,14.74
X,X,X,X,X
43,11,19.08,15.19,3.89
85,67,23.1,12.92,10.18
4208,288,16.36,15.31,1.05
370,279,27.47,15.66,11.81
453,13,14.76,14.34,0.41
X,X,X,X,X
X,X,X,X,X
40,12,9.74,7.49,2.25
860,448,22.89,15.05,7.84
286,37,10.2,9.03,1.17
92,17,17.19,14.51,2.68
25,16,15.02,9.16,5.86
36,32,13.05,6.91,6.14
383,109,15.4,11.99,3.41
77,3,10.9,10.49,0.41
83,72,15.11,8.09,7.02
26,47,38.42,13.68,24.74
237,2,12.47,12.36,0.1
224,10,24.92,23.86,1.06
641,51,19.78,18.32,1.46
113,6,11.02,10.46,0.56
273,20,11.72,10.92,0.8
38,45,20.24,9.27,10.98
267,232,11.25,6.01,5.22
206,51,38.36,30.75,7.61
250,115,13.06,8.95,4.12
X,X,X,X,X
X,X,X,X,X
580,70,22.5,20.08,2.42
1374,194,25.73,22.55,3.18
1853,121,19.62,18.42,1.2
952,388,20.72,14.72,6
97,24,21.3,17.08,4.23
1916,407,18.87,15.56,3.31
79,39,8.62,5.77,2.85
311,42,11.83,10.42,1.41
391,33,27.09,24.98,2.11
X,X,X,X,X
555,240,28.57,19.94,8.62
1,1,2.3,1.15,1.15
33,30,19.38,10.15,9.23
1882,1012,24.19,15.73,8.46
X,X,X,X,X
88,8,13.06,11.97,1.09
362,23,18.28,17.19,1.09
431,64,10.09,8.79,1.3
97,72,8.5,4.88,3.62
2472,171,17.05,15.95,1.1
9,0,26.47,26.47,0
X,X,X,X,X
X,X,X,X,X
X,X,X,X,X
79,65,20.81,11.42,9.39
X,X,X,X,X
21,0,8.27,8.27,0
87,86,27.9,14.03,13.87
3132,255,12.87,11.9,0.97
337,220,21.85,13.22,8.63
285,19,9.74,9.13,0.61
X,X,X,X,X
X,X,X,X,X
53,24,13.12,9.03,4.09
220,142,8.15,4.95,3.2
225,21,8.21,7.51,0.7
83,19,17.06,13.88,3.18
21,8,12.66,9.17,3.49
30,16,8.75,5.7,3.04
313,81,15.66,12.44,3.22
65,2,8.86,8.6,0.26
68,76,12.89,6.09,6.8
25,17,24.85,14.79,10.06
199,7,10.89,10.52,0.37
135,13,18.09,16.5,1.59
466,48,14.77,13.39,1.38
70,5,7.18,6.7,0.48
214,15,8.96,8.37,0.59
43,32,16.93,9.71,7.22
205,147,8.86,5.1,3.66
184,34,35.05,29.58,5.47
242,111,13.84,9.49,4.35
X,X,X,X,X
X,X,X,X,X
429,42,14.66,13.35,1.31
X,X,X,X,X
1129,83,12.99,12.1,0.89
541,267,15.1,10.11,4.99
76,10,15.22,13.45,1.77
1024,357,13.32,9.88,3.44
93,57,12.68,7.86,4.82
280,34,11.34,10.12,1.23
233,32,19.02,16.73,2.3
X,X,X,X,X
312,148,19.3,13.09,6.21
5,1,4.84,4.03,0.81
18,20,15.77,7.47,8.3
1661,824,23.17,15.49,7.68
X,X,X,X,X
75,4,10.44,9.91,0.53
201,30,11.58,10.08,1.5
517,87,9.79,8.38,1.41
30,20,7.74,4.64,3.1
1916,185,13.49,12.3,1.19
4,1,17.86,14.29,3.57
X,X,X,X,X
X,X,X,X,X
X,X,X,X,X
29,37,13.12,5.77,7.36
X,X,X,X,X
82,24,20.04,15.5,4.54
257,108,42.05,29.61,12.44
2361,241,10.7,9.7,0.99
308,180,20.45,12.91,7.54
256,15,9.95,9.4,0.55
X,X,X,X,X
X,X,X,X,X
47,8,10.09,8.62,1.47
380,292,18.98,10.73,8.25
143,20,5.94,5.21,0.73
44,14,12.72,9.65,3.07
80,15,13.71,11.54,2.16
21,17,8.21,4.54,3.67
302,66,16.96,13.92,3.04
88,7,13.97,12.94,1.03
97,95,17.83,9.01,8.82
9,12,20.79,8.91,11.88
190,6,12.25,11.88,0.38
75,18,14.31,11.54,2.77
411,53,14.5,12.84,1.66
70,5,8.81,8.23,0.59
227,31,10.2,8.98,1.23
35,15,13.93,9.75,4.18
231,181,11.62,6.5,5.09
153,38,33.39,26.75,6.64
217,97,14.97,10.35,4.63
X,X,X,X,X
X,X,X,X,X
340,52,14.65,12.71,1.94
648,166,17.02,13.55,3.47
1041,97,12.48,11.41,1.06
348,163,11.13,7.58,3.55
69,13,16.67,14.02,2.64
1124,396,14.34,10.61,3.74
114,63,15.17,9.77,5.4
247,25,10.62,9.64,0.98
194,17,18.35,16.87,1.48
X,X,X,X,X
162,75,12.14,8.29,3.84
2,3,6.49,2.6,3.9
13,13,11.98,5.99,5.99
1549,712,21.99,15.06,6.92
X,X,X,X,X
74,0,11.99,11.99,0
183,36,11.93,9.97,1.96
404,73,8.45,7.16,1.29
34,26,10.26,5.81,4.44
1693,177,14.84,13.43,1.4
11,1,31.58,28.95,2.63
X,X,X,X,X
X,X,X,X,X
X,X,X,X,X
52,23,13.84,9.59,4.24
X,X,X,X,X
97,53,22.35,14.46,7.9
191,84,45.99,31.94,14.05
2335,309,11.98,10.58,1.4
210,172,19.21,10.56,8.65
246,20,11.82,10.93,0.89
X,X,X,X,X
X,X,X,X,X
55,12,13.24,10.87,2.37
324,315,18.74,9.5,9.24
125,28,6.3,5.15,1.15
47,18,15.29,11.06,4.24
55,13,13.41,10.85,2.56
24,14,10.83,6.84,3.99
268,116,20.13,14.05,6.08
78,7,13.56,12.44,1.12
69,51,14.98,8.61,6.37
10,2,17.91,14.93,2.99
183,8,13.98,13.4,0.59
54,50,21.85,11.34,10.5
372,46,14.7,13.08,1.62
61,2,8.51,8.24,0.27
277,28,17.6,15.98,1.62
18,7,9.96,7.17,2.79
183,117,9.98,6.01,3.84
94,33,25.05,18.54,6.51
161,109,15.78,9.41,6.37
X,X,X,X,X
X,X,X,X,X
249,26,12.64,11.45,1.2
642,231,17.69,13.01,4.68
816,101,11.8,10.5,1.3
212,201,10.26,5.27,5
150,18,25.89,23.11,2.77
1047,536,17.97,11.89,6.09
115,97,18.84,10.22,8.62
227,28,10.39,9.25,1.14
142,34,17.69,14.27,3.42
X,X,X,X,X
132,68,11.83,7.81,4.02
5,0,7.04,7.04,0
13,9,14.57,8.61,5.96
1773,752,25.16,17.67,7.49
X,X,X,X,X
87,3,13.6,13.14,0.45
148,29,12,10.03,1.97
399,67,8.7,7.45,1.25
30,33,13.43,6.4,7.04
1421,212,14.61,12.71,1.9
2,2,18.18,9.09,9.09
X,X,X,X,X
X,X,X,X,X
X,X,X,X,X
57,17,12.91,9.95,2.97
X,X,X,X,X
131,72,25.86,16.69,9.17
253,60,39.82,32.19,7.63
1714,360,9.71,8.02,1.68
201,161,17.53,9.73,7.8
318,18,13.94,13.19,0.75
X,X,X,X,X
X,X,X,X,X
42,7,8.35,7.16,1.19
333,389,18.56,8.56,10
102,24,5.46,4.42,1.04
58,22,18.1,13.12,4.98
55,21,14.5,10.5,4.01
34,22,13.79,8.37,5.42
343,101,20.75,16.03,4.72
77,17,14.29,11.7,2.58
81,55,15.53,9.25,6.28
10,0,12.66,12.66,0
230,2,17.38,17.23,0.15
77,17,19.03,15.59,3.44
381,45,15.04,13.45,1.59
75,3,9.95,9.57,0.38
327,43,15.35,13.57,1.78
16,14,10.87,5.8,5.07
193,155,10.99,6.09,4.89
105,37,26.89,19.89,7.01
214,168,18.58,10.41,8.17
X,X,X,X,X
X,X,X,X,X
154,11,13.75,12.83,0.92
677,338,19.46,12.98,6.48
729,146,11.69,9.74,1.95
213,227,10.98,5.32,5.67
131,21,27.49,23.69,3.8
1185,742,20.65,12.7,7.95
165,142,22.77,12.24,10.53
207,28,10.26,9.04,1.22
136,35,17.59,13.99,3.6
X,X,X,X,X
199,82,14.28,10.11,4.17
4,0,4.65,4.65,0
11,5,10.81,7.43,3.38
2856,1185,29.84,21.09,8.75
X,X,X,X,X
70,2,11.96,11.63,0.33
128,52,10.4,7.39,3
436,74,9.29,7.94,1.35
23,22,9.53,4.87,4.66
1373,325,17.04,13.78,3.26
9,12,38.89,16.67,22.22
X,X,X,X,X
X,X,X,X,X
X,X,X,X,X
43,10,9.48,7.69,1.79
X,X,X,X,X
78,54,16.48,9.74,6.74
300,68,66.07,53.86,12.21
1259,367,8.15,6.31,1.84
214,161,18.42,10.51,7.91
296,22,12.57,11.7,0.87
X,X,X,X,X
X,X,X,X,X
44,7,9.36,8.07,1.28
247,374,17.15,6.82,10.33
101,31,5.86,4.48,1.38
43,23,14.7,9.58,5.12
61,37,15.63,9.73,5.9
38,22,15.5,9.82,5.68
365,129,22.06,16.3,5.76
132,50,21.21,15.38,5.83
74,44,14.53,9.11,5.42
7,4,12.22,7.78,4.44
309,5,20.43,20.1,0.33
31,36,15.99,7.4,8.59
376,67,16.54,14.04,2.5
69,16,10.61,8.61,2
332,57,16.53,14.1,2.42
12,12,10.17,5.08,5.08
263,247,14.9,7.69,7.22
52,48,20.58,10.7,9.88
378,347,27.41,14.29,13.12
X,X,X,X,X
X,X,X,X,X
186,42,11.2,9.14,2.06
451,455,17.61,8.76,8.84
653,181,11.48,8.99,2.49
145,151,7.71,3.78,3.93
116,38,26.32,19.83,6.5
1291,1034,23.13,12.84,10.28
163,196,25.12,11.41,13.72
154,36,8.66,7.02,1.64
134,59,18.94,13.15,5.79
X,X,X,X,X
141,63,10.81,7.47,3.34
1,0,1.22,1.22,0
10,6,10.46,6.54,3.92
2845,1492,28.56,18.74,9.83
X,X,X,X,X
48,5,8.98,8.14,0.85
113,70,11.04,6.82,4.22
394,54,8.57,7.53,1.03
24,37,14.22,5.59,8.62
1482,506,16.65,12.41,4.24
6,19,53.19,12.77,40.43
X,X,X,X,X
X,X,X,X,X
X,X,X,X,X
40,15,9.14,6.64,2.49
X,X,X,X,X
37,48,12.63,5.5,7.13
303,65,44.61,36.73,7.88
801,308,6.51,4.7,1.81
196,185,18.23,9.35,8.83
319,37,15.35,13.76,1.6
X,X,X,X,X
X,X,X,X,X
36,6,7.53,6.45,1.08
235,343,17.76,7.22,10.54
104,24,3.61,2.93,0.68
39,27,13.44,7.94,5.5
52,32,11.98,7.42,4.56
38,22,13.76,8.72,5.05
426,224,25.77,16.89,8.88
124,104,22.8,12.4,10.4
109,33,16.03,12.3,3.72
12,3,14.42,11.54,2.88
307,6,20.15,19.77,0.39
35,43,16.12,7.23,8.88
382,91,16.49,13.32,3.17
91,26,13.7,10.66,3.04
291,74,15.4,12.28,3.12
11,12,6.28,3.01,3.28
271,323,16.05,7.32,8.73
59,26,19.68,13.66,6.02
434,432,28.55,14.31,14.24
X,X,X,X,X
X,X,X,X,X
159,41,10.68,8.49,2.19
416,481,16.75,7.77,8.98
665,253,12.12,8.78,3.34
133,226,9.49,3.52,5.98
76,73,27.34,13.94,13.39
1584,1359,26.53,14.28,12.25
121,222,22.87,8.07,14.8
124,45,7.29,5.35,1.94
171,103,21.94,13.69,8.25
X,X,X,X,X
125,41,8.77,6.61,2.17
10,3,15.66,12.05,3.61
11,10,13.64,7.14,6.49
1707,1227,21.76,12.66,9.1
X,X,X,X,X
80,7,12.5,11.49,1.01
164,112,15.71,9.33,6.37
330,59,7.9,6.7,1.2
26,40,11.36,4.48,6.88
1441,694,17.5,11.81,5.69
9,19,35,11.25,23.75
X,X,X,X,X
X,X,X,X,X
X,X,X,X,X
36,7,7.45,6.24,1.21
X,X,X,X,X
19,39,8.66,2.84,5.82
261,73,44.3,34.62,9.68
873,411,6.79,4.61,2.17
128,138,15.24,7.34,7.91
253,18,12.84,11.98,0.85
X,X,X,X,X
X,X,X,X,X
38,5,8.9,7.87,1.04
165,265,14.99,5.75,9.24
99,30,5.59,4.29,1.3
24,29,11.86,5.37,6.49
43,54,15.82,7.01,8.81
38,33,18.3,9.79,8.51
432,246,27.07,17.25,9.82
133,115,23.85,12.79,11.06
81,47,15.38,9.74,5.65
14,4,19.15,14.89,4.26
302,8,19.97,19.46,0.52
44,60,17.93,7.59,10.34
368,121,17.56,13.22,4.35
85,18,13.24,10.93,2.31
296,87,15.49,11.97,3.52
12,6,6.5,4.33,2.17
314,339,18.2,8.75,9.45
66,40,21.46,13.36,8.1
460,446,29.71,15.09,14.63
X,X,X,X,X
X,X,X,X,X
121,30,11.39,9.13,2.26
319,595,17.16,5.99,11.17
691,330,13.72,9.29,4.43
112,180,7.76,2.98,4.78
54,60,22.8,10.8,12
1502,1472,27.11,13.69,13.42
122,201,23.53,8.89,14.64
140,69,8.86,5.93,2.92
160,116,23.25,13.48,9.77
X,X,X,X,X
32,7,2.03,1.67,0.36
3,3,7.32,3.66,3.66
5,1,3.64,3.03,0.61
1161,850,17.73,10.24,7.49
X,X,X,X,X
100,8,16.19,14.99,1.2
116,143,14.71,6.59,8.12
265,61,6.82,5.54,1.28
39,49,14.77,6.54,8.22
1489,827,18.69,12.01,6.67
3,16,48.72,7.69,41.03
X,X,X,X,X
X,X,X,X,X
X,X,X,X,X
31,7,7.62,6.21,1.4
X,X,X,X,X
21,43,9.89,3.25,6.65
215,83,36.65,26.45,10.21
625,384,5.71,3.54,2.17
145,145,16.61,8.3,8.3
247,46,14.25,12.01,2.24
X,X,X,X,X
X,X,X,X,X
30,2,6.67,6.25,0.42
130,201,12.11,4.75,7.35
102,28,5.53,4.34,1.19
48,16,12.75,9.56,3.19
47,58,17.59,7.87,9.72
22,23,11.75,5.74,6.01
398,290,26.21,15.16,11.05
120,169,26.08,10.83,15.25
58,49,13.11,7.11,6
9,0,12,12,0
216,15,17.71,16.56,1.15
32,72,21.58,6.64,14.94
331,106,15.82,11.98,3.84
112,27,15.44,12.44,3
259,117,16.41,11.31,5.11
12,8,7.25,4.35,2.9
396,336,19.18,10.37,8.8
30,20,12.08,7.25,4.83
501,516,34.84,17.16,17.68
X,X,X,X,X
X,X,X,X,X
165,58,11.93,8.82,3.1
254,600,16.31,4.85,11.46
610,344,13.66,8.73,4.92
95,147,6.59,2.59,4.01
56,54,24.44,12.44,12
1552,1606,27.97,13.75,14.23
143,212,24.43,9.84,14.59
113,104,8.82,4.59,4.23
114,145,21.73,9.56,12.16
X,X,X,X,X
90,42,7.04,4.8,2.24
4,3,8.05,4.6,3.45
5,14,12.03,3.16,8.86
888,673,14.71,8.37,6.34
X,X,X,X,X
88,17,17.02,14.26,2.76
112,154,14.46,6.09,8.37
232,61,6.19,4.9,1.29
43,44,15.26,7.54,7.72
1406,1125,20.38,11.32,9.06
3,13,39.02,7.32,31.71
X,X,X,X,X
X,X,X,X,X
X,X,X,X,X
16,11,6.21,3.68,2.53
X,X,X,X,X
13,47,9.19,1.99,7.2
161,55,33.96,25.31,8.65
568,361,5.77,3.53,2.24
118,110,13.11,6.79,6.33
268,61,15.25,12.42,2.83
X,X,X,X,X
X,X,X,X,X
22,3,4.7,4.14,0.56
92,152,9.92,3.74,6.18
93,26,5.5,4.3,1.2
35,19,11.2,7.26,3.94
43,56,16.47,7.15,9.32
21,29,15.34,6.44,8.9
392,280,27.25,15.9,11.35
X,X,X,X,X
73,47,14.51,8.83,5.68
4,1,7.04,5.63,1.41
158,14,14.21,13.06,1.16
45,52,17.64,8.18,9.45
330,96,15.84,12.27,3.57
89,48,15.41,10.01,5.4
177,124,12.8,7.53,5.27
10,9,7.98,4.2,3.78
301,198,20.76,12.52,8.24
41,22,14.96,9.74,5.23
571,540,33.86,17.4,16.46
X,X,X,X,X
X,X,X,X,X
149,61,10.4,7.38,3.02
214,590,15.5,4.13,11.37
535,290,12.56,8.14,4.41
118,122,6.92,3.4,3.52
56,36,20.31,12.36,7.95
1539,1466,28.56,14.63,13.93
88,165,19.49,6.78,12.71
119,93,8.93,5.01,3.92
100,158,22.97,8.9,14.07
X,X,X,X,X
95,4,5.51,5.29,0.22
4,6,11.76,4.71,7.06
11,7,12,7.33,4.67
622,495,11.84,6.59,5.25
X,X,X,X,X
83,12,16.87,14.74,2.13
97,145,13.94,5.59,8.35
191,59,5.5,4.2,1.3
47,50,16.96,8.22,8.74
1215,1306,21.36,10.3,11.07
3,7,28.57,8.57,20
X,X,X,X,X
X,X,X,X,X
X,X,X,X,X
21,2,5.69,5.2,0.5
X,X,X,X,X
7,42,8.46,1.21,7.25
100,58,27.62,17.48,10.14
535,333,5.27,3.25,2.02
90,95,11.34,5.52,5.82
235,80,15.81,11.79,4.01
X,X,X,X,X
X,X,X,X,X
30,3,6.21,5.65,0.56
94,87,9.34,4.85,4.49
53,19,3.52,2.59,0.93
25,16,10.57,6.44,4.12
44,70,18.84,7.27,11.57
23,16,11.21,6.61,4.6
326,242,27.43,15.74,11.69
X,X,X,X,X
45,41,13.4,7.01,6.39
6,2,10,7.5,2.5
128,19,12.59,10.96,1.63
30,43,14.84,6.1,8.74
289,89,15.98,12.22,3.76
75,48,13.41,8.18,5.23
159,190,15.19,6.92,8.27
9,3,6.15,4.62,1.54
255,164,20.19,12.29,7.9
23,19,10.5,5.75,4.75
433,474,33.94,16.21,17.74
X,X,X,X,X
X,X,X,X,X
143,64,10.4,7.18,3.21
209,634,16.56,4.11,12.45
397,286,11.93,6.93,5
94,100,5.88,2.85,3.03
36,43,18.85,8.59,10.26
1342,1134,26.03,14.11,11.92
104,152,21.12,8.58,12.54
133,118,10.54,5.59,4.96
117,129,22.84,10.86,11.98
X,X,X,X,X
71,24,5.58,4.17,1.41
6,6,11.88,5.94,5.94
12,9,13.91,7.95,5.96
521,439,10.89,5.91,4.98
X,X,X,X,X
99,11,16.72,15.05,1.67
77,150,13.73,4.66,9.07
195,41,5.27,4.36,0.92
32,34,12.55,6.08,6.46
1140,1363,22.21,10.11,12.09
3,5,22.22,8.33,13.89
X,X,X,X,X
X,X,X,X,X
X,X,X,X,X
14,4,4.09,3.18,0.91
X,X,X,X,X
10,45,9.93,1.81,8.12
76,39,20.95,13.84,7.1
454,355,5.05,2.83,2.22
82,63,9.55,5.4,4.15
136,58,10.34,7.25,3.09
X,X,X,X,X
X,X,X,X,X
25,5,6.61,5.51,1.1
60,52,5.54,2.97,2.57
52,21,3.92,2.79,1.13
27,14,9.45,6.22,3.23
29,55,13.66,4.72,8.94
15,16,10.37,5.02,5.35
243,177,22.78,13.18,9.6
X,X,X,X,X
22,24,7.58,3.62,3.95
1,1,2.86,1.43,1.43
78,27,10.08,7.49,2.59
24,28,12.06,5.57,6.5
188,75,10.85,7.75,3.09
62,58,14.15,7.31,6.84
151,199,15.34,6.62,8.72
3,2,2.67,1.6,1.07
218,194,13.59,7.19,6.4
21,27,12.73,5.57,7.16
425,446,32,15.61,16.39
X,X,X,X,X
X,X,X,X,X
44,28,5.54,3.38,2.15
186,622,16.27,3.75,12.53
301,239,10.07,5.61,4.46
46,56,3.6,1.62,1.97
41,52,22.09,9.74,12.35
763,722,18.36,9.43,8.93
83,85,14.19,7.01,7.18
146,124,10.94,5.92,5.02
73,120,18.24,6.9,11.34
X,X,X,X,X
45,24,4.5,2.93,1.56
6,5,13.25,7.23,6.02
6,2,5.33,4,1.33
370,223,7.74,4.83,2.91
X,X,X,X,X
37,7,10.53,8.85,1.67
29,101,8.9,1.99,6.92
261,78,7.33,5.64,1.69
12,18,7.58,3.03,4.55
918,1347,20.83,8.44,12.39
1,1,6.45,3.23,3.23
X,X,X,X,X
X,X,X,X,X
X,X,X,X,X
23,4,7.28,6.2,1.08
X,X,X,X,X
10,34,10.19,2.31,7.87
20,19,9.77,5.01,4.76
440,374,5.31,2.87,2.44
64,48,7.73,4.42,3.31
119,66,10.33,6.64,3.69
X,X,X,X,X
X,X,X,X,X
23,1,6.25,5.99,0.26
62,46,5.88,3.38,2.51
62,18,4.17,3.23,0.94
15,10,6.7,4.02,2.68
19,50,12.02,3.31,8.71
15,9,7.62,4.76,2.86
153,132,17.43,9.36,8.07
X,X,X,X,X
23,21,6.33,3.31,3.02
2,1,3.8,2.53,1.27
73,26,9.62,7.09,2.53
19,16,8.43,4.58,3.86
167,82,10.68,7.16,3.52
41,50,10.78,4.86,5.92
130,196,14.84,5.92,8.92
4,4,3.74,1.87,1.87
128,103,8.79,4.87,3.92
10,18,8.33,2.98,5.36
339,275,26.52,14.64,11.88
X,X,X,X,X
X,X,X,X,X
14,17,9.72,4.39,5.33
195,474,13.86,4.04,9.82
256,231,9.4,4.94,4.46
40,43,3,1.44,1.55
29,35,17.3,7.84,9.46
612,479,14.98,8.41,6.58
44,47,10.19,4.93,5.26
192,124,13.5,8.2,5.3
49,85,13.62,4.98,8.64
X,X,X,X,X
47,10,3.66,3.02,0.64
5,7,11.11,4.63,6.48
5,3,11.11,6.94,4.17
311,132,6.26,4.39,1.86
X,X,X,X,X
45,4,10.84,9.96,0.88
30,67,6.83,2.11,4.71
199,50,5.71,4.56,1.15
16,40,10.85,3.1,7.75
708,1155,18.9,7.18,11.72
0,1,4.35,0,4.35
X,X,X,X,X
X,X,X,X,X
X,X,X,X,X
28,1,7.32,7.07,0.25
X,X,X,X,X
8,16,5.15,1.72,3.43
17,17,9.8,4.9,4.9
342,294,4.47,2.4,2.07
57,26,6.16,4.23,1.93
96,87,10.24,5.37,4.87
X,X,X,X,X
X,X,X,X,X
12,1,3.13,2.88,0.24
9,7,1.37,0.77,0.6
49,20,3.8,2.7,1.1
17,11,7.65,4.64,3.01
39,60,20.37,8.02,12.35
14,6,6.67,4.67,2
120,121,16.51,8.22,8.29
X,X,X,X,X
33,15,6.97,4.79,2.18
0,3,4.35,0,4.35
58,23,8.66,6.2,2.46
20,13,9.35,5.67,3.68
130,89,9.25,5.49,3.76
41,42,11.32,5.59,5.73
78,146,11.59,4.04,7.55
4,7,4.93,1.79,3.14
137,104,9.17,5.22,3.96
17,10,9.68,6.09,3.58
323,217,25.01,14.96,10.05
X,X,X,X,X
X,X,X,X,X
87,29,7.19,5.39,1.8
139,346,11.16,3.2,7.96
244,320,11.03,4.77,6.26
48,26,3.01,1.95,1.06
18,29,13.09,5.01,8.08
537,332,13,8.03,4.96
40,43,8.87,4.27,4.59
154,103,12.11,7.25,4.85
43,83,13.59,4.64,8.95
X,X,X,X,X
23,15,2.59,1.57,1.02
4,6,12.5,5,7.5
3,2,4.76,2.86,1.9
219,110,4.81,3.2,1.61
X,X,X,X,X
32,11,10.57,7.86,2.7
34,54,6.61,2.55,4.05
134,58,4.53,3.16,1.37
17,15,6.54,3.48,3.07
567,956,16.11,6,10.11
0,1,5.56,0,5.56
X,X,X,X,X
X,X,X,X,X
X,X,X,X,X
17,2,5,4.47,0.53
X,X,X,X,X
4,11,3.9,1.04,2.86
12,7,6.44,4.07,2.37
324,253,4.27,2.4,1.87
38,20,4.48,2.93,1.54
82,73,8.82,4.67,4.15
X,X,X,X,X
X,X,X,X,X
15,1,4.05,3.8,0.25
32,18,3.15,2.01,1.13
48,21,4.04,2.81,1.23
10,12,6.53,2.97,3.56
32,37,13.8,6.4,7.4
10,8,5.94,3.3,2.64
136,92,14.11,8.42,5.69
X,X,X,X,X
19,10,4.64,3.04,1.6
1,1,2.63,1.32,1.32
50,15,7.21,5.54,1.66
29,17,12.57,7.92,4.64
134,95,10.16,5.95,4.22
36,47,10.27,4.46,5.82
73,126,11.21,4.11,7.1
8,8,8.47,4.23,4.23
76,32,8.11,5.71,2.4
8,15,8.95,3.11,5.84
314,199,23.96,14.67,9.29
X,X,X,X,X
X,X,X,X,X
53,29,5.06,3.27,1.79
99,210,7.79,2.5,5.29
198,241,8.88,4,4.87
44,10,2.39,1.95,0.44
14,33,13.58,4.05,9.54
371,219,9.34,5.87,3.47
35,24,6.76,4.01,2.75
99,66,8.43,5.06,3.37
50,55,11.86,5.65,6.21
X,X,X,X,X
28,8,2.88,2.24,0.64
9,3,13.04,9.78,3.26
0,2,1.72,0,1.72
153,74,3.38,2.28,1.1
X,X,X,X,X
25,5,7.19,6,1.2
20,54,5.52,1.49,4.03
100,47,3.63,2.47,1.16
48,20,6.76,4.77,1.99
382,700,12.54,4.43,8.11
0,0,0,0,0
X,X,X,X,X
X,X,X,X,X
X,X,X,X,X
7,1,2.06,1.8,0.26
X,X,X,X,X
8,10,4.37,1.94,2.43
10,8,4.83,2.68,2.14
335,257,4.34,2.46,1.89
69,21,6.59,5.05,1.54
73,73,8.69,4.34,4.34
X,X,X,X,X
X,X,X,X,X
6,1,1.7,1.46,0.24
11,8,1.35,0.78,0.57
38,15,2.88,2.07,0.82
2,7,2.82,0.63,2.19
18,20,8.32,3.94,4.38
5,3,3.31,2.07,1.24
85,64,10.12,5.77,4.35
X,X,X,X,X
14,3,2.72,2.24,0.48
0,0,0,0,0
55,23,8.38,5.91,2.47
12,7,5.72,3.61,2.11
85,89,7.72,3.77,3.95
20,28,6.5,2.71,3.79
45,91,7.59,2.51,5.08
6,4,5.85,3.51,2.34
67,14,5.66,4.68,0.98
2,8,4.57,0.91,3.65
197,117,19.76,12.4,7.36
X,X,X,X,X
X,X,X,X,X
28,11,4.14,2.98,1.17
51,188,6.22,1.33,4.9
135,173,6.5,2.85,3.65
19,14,1.45,0.84,0.62
10,20,8.75,2.92,5.83
255,125,6.64,4.46,2.18
24,6,3.26,2.61,0.65
55,62,6.44,3.03,3.41
39,19,7.92,5.33,2.6
X,X,X,X,X
10,7,1.39,0.82,0.57
2,5,6.03,1.72,4.31
2,2,3.7,1.85,1.85
136,49,2.87,2.11,0.76
X,X,X,X,X
21,6,6.67,5.19,1.48
12,26,3.31,1.05,2.26
79,35,2.98,2.07,0.92
27,10,3.77,2.75,1.02
313,496,10.05,3.89,6.16
X,X,X,X,X
X,X,X,X,X
X,X,X,X,X
X,X,X,X,X
4,1,1.66,1.32,0.33
X,X,X,X,X
13,17,6.52,2.83,3.7
5,0,1.48,1.48,0
393,229,4.77,3.01,1.76
40,7,3.91,3.33,0.58
75,42,7.67,4.92,2.75
X,X,X,X,X
X,X,X,X,X
10,3,3.32,2.55,0.77
9,2,1.39,1.14,0.25
59,21,4.01,2.96,1.05
3,5,2.45,0.92,1.53
16,25,10.43,4.07,6.36
3,0,1.29,1.29,0
49,37,6.76,3.85,2.91
X,X,X,X,X
4,3,1.28,0.73,0.55
0,0,0,0,0
20,20,5.33,2.66,2.66
2,5,2.41,0.69,1.72
52,56,5.89,2.83,3.05
9,20,4.28,1.33,2.95
26,69,5.71,1.56,4.15
4,9,7.1,2.19,4.92
60,15,5.63,4.5,1.13
4,8,5.38,1.79,3.59
155,55,14.15,10.44,3.71
X,X,X,X,X
X,X,X,X,X
12,16,2.7,1.16,1.54
49,161,5.67,1.32,4.35
82,109,4.42,1.9,2.52
20,9,1.34,0.92,0.41
0,18,6.77,0,6.77
128,59,3.68,2.52,1.16
24,11,4.2,2.88,1.32
41,35,4.29,2.32,1.98
25,17,6.87,4.09,2.78
X,X,X,X,X
15,2,1.45,1.28,0.17
1,1,2.3,1.15,1.15
5,4,10,5.56,4.44
113,23,2.27,1.88,0.38
X,X,X,X,X
18,6,6.42,4.81,1.6
8,18,2.38,0.73,1.65
83,50,3.74,2.34,1.41
13,4,1.84,1.41,0.43
210,356,7.81,2.9,4.92
1,0,9.09,9.09,0
X,X,X,X,X
X,X,X,X,X
X,X,X,X,X
8,1,2.54,2.26,0.28
X,X,X,X,X
2,15,5,0.59,4.41
0,3,0.9,0,0.9
314,202,4.15,2.52,1.62
25,4,2.38,2.05,0.33
89,33,8.16,5.95,2.21
X,X,X,X,X
X,X,X,X,X
6,2,2.14,1.6,0.53
5,1,0.75,0.63,0.13
41,10,3.13,2.51,0.61
14,0,4.58,4.58,0
20,18,9.79,5.15,4.64
1,0,0.36,0.36,0
31,21,4.61,2.75,1.86
X,X,X,X,X
3,4,1.28,0.55,0.73
0,0,0,0,0
17,13,4.43,2.51,1.92
6,5,4.04,2.21,1.84
30,32,3.46,1.67,1.78
8,12,3.05,1.22,1.83
24,63,5.4,1.49,3.91
5,13,8.04,2.23,5.8
43,12,2.54,1.98,0.55
5,6,4.89,2.22,2.67
139,37,11.1,8.76,2.33
X,X,X,X,X
X,X,X,X,X
18,7,1.75,1.26,0.49
53,125,4.74,1.41,3.33
91,74,4.06,2.24,1.82
18,1,0.91,0.87,0.05
1,11,4.15,0.35,3.81
78,29,2.2,1.61,0.6
12,10,2.8,1.52,1.27
45,40,5.04,2.67,2.37
11,16,4.3,1.75,2.55
X,X,X,X,X
3,4,0.64,0.28,0.37
0,1,1.23,0,1.23
2,0,1.94,1.94,0
66,31,1.7,1.15,0.54
X,X,X,X,X
1,1,0.79,0.39,0.39
4,15,1.8,0.38,1.42
106,33,3.79,2.89,0.9
10,3,1.42,1.1,0.33
141,263,6.01,2.1,3.91
X,X,X,X,X
X,X,X,X,X
X,X,X,X,X
X,X,X,X,X
7,0,2.55,2.55,0
X,X,X,X,X
11,25,9.21,2.81,6.39
1,7,2.48,0.31,2.17
145,129,3.68,1.95,1.73
28,5,2.66,2.26,0.4
52,29,6.1,3.92,2.19
X,X,X,X,X
X,X,X,X,X
4,3,1.82,1.04,0.78
30,0,3.84,3.84,0
36,19,3.37,2.2,1.16
3,1,1.4,1.05,0.35
6,20,7.18,1.66,5.52
1,0,0.4,0.4,0
23,18,3.9,2.19,1.71
X,X,X,X,X
2,2,0.76,0.38,0.38
1,0,2.7,2.7,0
11,16,4.01,1.63,2.38
5,1,2.14,1.79,0.36
39,31,4.25,2.37,1.88
7,11,3.19,1.24,1.95
19,29,3.05,1.21,1.84
2,8,6.13,1.23,4.91
23,1,2.25,2.16,0.09
2,1,1.8,1.2,0.6
55,24,5.98,4.16,1.82
X,X,X,X,X
X,X,X,X,X
27,13,2.95,1.99,0.96
65,57,3.41,1.81,1.59
99,52,3.82,2.51,1.32
12,3,0.77,0.62,0.15
0,10,4.12,0,4.12
51,18,1.55,1.15,0.41
4,1,2.79,2.23,0.56
43,21,3.9,2.62,1.28
8,16,3.97,1.32,2.65
X,X,X,X,X
4,1,0.5,0.4,0.1
1,3,3.7,0.93,2.78
0,0,0,0,0
64,27,1.74,1.22,0.51
X,X,X,X,X
6,2,2.75,2.06,0.69
6,5,1.29,0.7,0.58
99,25,3.54,2.83,0.71
6,1,0.72,0.62,0.1
96,180,4.44,1.54,2.9
X,X,X,X,X
X,X,X,X,X
X,X,X,X,X
X,X,X,X,X
9,0,3.02,3.02,0
X,X,X,X,X
2,20,5.66,0.51,5.14
4,1,1.57,1.25,0.31
66,39,3.87,2.43,1.44
28,3,2.53,2.29,0.25
41,12,3.79,2.93,0.86
X,X,X,X,X
X,X,X,X,X
7,0,2.18,2.18,0
7,1,0.59,0.52,0.07
34,17,3.11,2.08,1.04
0,4,1.39,0,1.39
4,9,3.49,1.08,2.42
0,0,0,0,0
14,10,2.37,1.38,0.99
X,X,X,X,X
1,1,0.37,0.18,0.18
2,0,3.92,3.92,0
4,11,2.3,0.61,1.69
1,4,1.75,0.35,1.4
19,22,2.58,1.2,1.39
3,1,0.75,0.56,0.19
11,16,1.85,0.75,1.1
4,7,6.47,2.35,4.12
8,0,0.99,0.99,0
3,1,1.9,1.42,0.47
40,15,4.24,3.09,1.16
X,X,X,X,X
X,X,X,X,X
18,4,1.64,1.35,0.3
36,38,2.33,1.14,1.2
53,32,2.28,1.42,0.86
7,4,0.59,0.37,0.21
2,2,1.86,0.93,0.93
25,10,0.79,0.57,0.23
1,1,0.57,0.29,0.29
72,26,5.78,4.25,1.53
3,10,2.69,0.62,2.07
X,X,X,X,X
6,2,0.83,0.62,0.21
0,0,0,0,0
0,0,0,0,0
71,11,1.61,1.4,0.22
X,X,X,X,X
7,1,2.47,2.16,0.31
4,6,0.96,0.38,0.57
115,36,4.4,3.35,1.05
1,1,0.19,0.1,0.1
73,71,2.65,1.34,1.31
X,X,X,X,X
X,X,X,X,X
X,X,X,X,X
X,X,X,X,X
5,0,1.59,1.59,0
X,X,X,X,X
4,15,5.48,1.15,4.32
1,1,0.71,0.35,0.35
29,51,2.88,1.04,1.83
27,1,2.45,2.36,0.09
17,10,2.02,1.27,0.75
X,X,X,X,X
X,X,X,X,X
17,0,5.14,5.14,0
1,2,0.23,0.08,0.16
21,16,2.5,1.42,1.08
2,2,1.27,0.63,0.63
1,1,0.67,0.33,0.33
0,0,0,0,0
7,9,1.66,0.73,0.94
X,X,X,X,X
3,1,0.78,0.59,0.2
0,0,0,0,0
4,6,1.5,0.6,0.9
5,0,1.98,1.98,0
18,13,2.07,1.2,0.87
2,2,0.82,0.41,0.41
8,8,1.18,0.59,0.59
2,3,3.88,1.55,2.33
0,2,0.31,0,0.31
0,0,0,0,0
22,8,2.81,2.06,0.75
X,X,X,X,X
X,X,X,X,X
8,0,0.9,0.9,0
31,33,2.11,1.02,1.09
26,21,1.25,0.69,0.56
6,1,0.37,0.32,0.05
2,1,1.57,1.05,0.52
26,5,0.73,0.61,0.12
0,2,0.51,0,0.51
84,30,6.58,4.85,1.73
3,1,1.41,1.06,0.35
X,X,X,X,X
4,1,0.5,0.4,0.1
0,0,0,0,0
1,0,1.33,1.33,0
67,16,1.58,1.27,0.3
X,X,X,X,X
6,1,2.37,2.03,0.34
4,7,1.11,0.4,0.71
80,35,3.34,2.32,1.02
1,2,0.29,0.1,0.19
50,46,1.8,0.94,0.86
X,X,X,X,X
X,X,X,X,X
X,X,X,X,X
X,X,X,X,X
5,0,1.92,1.92,0
X,X,X,X,X
12,30,10.91,3.12,7.79
1,0,0.37,0.37,0
39,36,2.76,1.43,1.32
17,1,1.57,1.49,0.09
12,10,1.64,0.89,0.75
X,X,X,X,X
X,X,X,X,X
5,0,1.56,1.56,0
5,0,0.69,0.69,0
34,24,3.61,2.11,1.49
4,1,1.75,1.4,0.35
1,5,2.11,0.35,1.76
0,0,0,0,0
1,4,0.71,0.14,0.57
X,X,X,X,X
2,0,0.42,0.42,0
0,0,0,0,0
5,2,1.07,0.76,0.3
1,0,0.38,0.38,0
17,7,1.64,1.17,0.48
2,2,0.81,0.4,0.4
6,4,0.73,0.44,0.29
1,7,4.6,0.57,4.02
2,0,0.32,0.32,0
3,0,1.52,1.52,0
14,3,1.71,1.41,0.3
X,X,X,X,X
X,X,X,X,X
18,6,1.78,1.33,0.44
20,13,1.17,0.71,0.46
31,19,1.4,0.87,0.53
4,2,0.34,0.23,0.11
1,1,1.29,0.65,0.65
27,6,0.81,0.67,0.15
1,0,0.26,0.26,0
77,24,6.18,4.71,1.47
0,1,0.41,0,0.41
X,X,X,X,X
2,0,0.21,0.21,0
0,0,0,0,0
0,0,0,0,0
66,18,1.57,1.23,0.34
X,X,X,X,X
5,2,2.94,2.1,0.84
1,3,0.4,0.1,0.3
65,29,2.56,1.77,0.79
3,0,0.32,0.32,0
28,28,1.14,0.57,0.57
X,X,X,X,X
X,X,X,X,X
X,X,X,X,X
X,X,X,X,X
3,0,1.07,1.07,0
X,X,X,X,X
7,33,10.9,1.91,8.99
1,1,0.77,0.39,0.39
48,22,2.73,1.87,0.86
17,0,1.59,1.59,0
8,14,1.82,0.66,1.16
X,X,X,X,X
X,X,X,X,X
4,0,1.22,1.22,0
3,0,0.43,0.43,0
53,17,3.65,2.76,0.89
6,1,3.26,2.79,0.47
1,1,0.84,0.42,0.42
0,0,0,0,0
5,0,0.7,0.7,0
X,X,X,X,X
2,0,0.4,0.4,0
0,0,0,0,0
5,0,0.93,0.93,0
1,0,0.4,0.4,0
14,7,1.53,1.02,0.51
3,3,1.2,0.6,0.6
2,5,0.48,0.14,0.34
0,8,4.65,0,4.65
3,1,0.8,0.6,0.2
7,0,4.55,4.55,0
15,0,1.9,1.9,0
X,X,X,X,X
X,X,X,X,X
10,1,0.88,0.8,0.08
29,13,1.49,1.03,0.46
30,4,1.03,0.91,0.12
9,0,0.55,0.55,0
0,0,0,0,0
30,4,0.93,0.82,0.11
3,0,0.78,0.78,0
85,13,5.61,4.87,0.74
0,0,0,0,0
X,X,X,X,X
2,0,0.84,0.84,0
0,0,0,0,0
0,0,0,0,0
39,14,1.33,0.98,0.35
X,X,X,X,X
4,1,1.95,1.56,0.39
7,1,0.86,0.75,0.11
70,12,3.07,2.62,0.45
0,0,0,0,0
36,6,0.96,0.82,0.14
X,X,X,X,X
X,X,X,X,X
X,X,X,X,X
X,X,X,X,X
3,0,1.24,1.24,0
X,X,X,X,X
1,16,5.33,0.31,5.02
3,0,1.08,1.08,0
58,34,3.88,2.44,1.43
5,1,0.65,0.54,0.11
2,3,0.42,0.17,0.25
X,X,X,X,X
X,X,X,X,X
2,1,0.91,0.61,0.3
2,0,0.28,0.28,0
57,8,3.5,3.07,0.43
5,2,2.56,1.83,0.73
5,4,3.5,1.95,1.56
0,0,0,0,0
3,0,0.5,0.5,0
X,X,X,X,X
0,0,0,0,0
1,2,5.77,1.92,3.85
2,0,0.76,0.76,0
2,0,0.84,0.84,0
10,2,1,0.84,0.17
2,0,0.41,0.41,0
9,5,1.21,0.78,0.43
0,4,3.05,0,3.05
4,0,0.77,0.77,0
5,0,3.21,3.21,0
8,1,1.04,0.92,0.12
X,X,X,X,X
X,X,X,X,X
8,0,0.92,0.92,0
25,6,1.17,0.94,0.23
16,8,0.73,0.48,0.24
9,1,0.64,0.58,0.06
0,0,0,0,0
25,3,0.79,0.71,0.08
0,0,0,0,0
80,11,5.75,5.05,0.69
1,0,0.42,0.42,0
X,X,X,X,X
1,0,0.37,0.37,0
0,0,0,0,0
0,0,0,0,0
42,9,1,0.83,0.18
X,X,X,X,X
1,0,0.43,0.43,0
0,1,0.11,0,0.11
61,11,2.67,2.26,0.41
2,0,0.22,0.22,0
42,11,1.27,1.01,0.26
X,X,X,X,X
X,X,X,X,X
X,X,X,X,X
X,X,X,X,X
5,0,1.79,1.79,0
X,X,X,X,X
4,8,4.03,1.34,2.68
1,0,0.44,0.44,0
44,27,3.01,1.87,1.15
16,0,2.07,2.07,0
4,2,0.56,0.37,0.19
X,X,X,X,X
X,X,X,X,X
2,0,0.68,0.68,0
1,0,0.15,0.15,0
44,6,2.44,2.15,0.29
4,2,2.18,1.45,0.73
2,1,1.18,0.78,0.39
0,0,0,0,0
4,0,0.6,0.6,0
X,X,X,X,X
5,0,1.23,1.23,0
2,0,4.76,4.76,0
1,0,0.46,0.46,0
3,0,1.22,1.22,0
12,2,1.14,0.97,0.16
2,0,0.46,0.46,0
4,3,0.68,0.39,0.29
2,1,2.38,1.59,0.79
3,0,0.55,0.55,0
2,0,1.52,1.52,0
1,1,0.27,0.13,0.13
X,X,X,X,X
X,X,X,X,X
4,2,0.87,0.58,0.29
16,2,0.74,0.66,0.08
22,6,0.87,0.68,0.19
8,1,0.52,0.46,0.06
0,0,0,0,0
19,0,0.55,0.55,0
1,1,0.56,0.28,0.28
51,12,3.97,3.21,0.76
1,1,0.93,0.47,0.47
X,X,X,X,X
3,0,1.23,1.23,0
0,0,0,0,0
0,0,0,0,0
42,8,1.15,0.97,0.18
X,X,X,X,X
1,0,0.45,0.45,0
3,1,0.44,0.33,0.11
51,17,2.47,1.85,0.62
2,0,0.23,0.23,0
33,9,1.07,0.84,0.23
X,X,X,X,X
X,X,X,X,X
X,X,X,X,X
X,X,X,X,X
1,0,0.5,0.5,0
X,X,X,X,X
2,15,4.84,0.57,4.27
1,1,1.02,0.51,0.51
52,10,2.74,2.3,0.44
5,0,0.56,0.56,0
5,2,0.67,0.48,0.19
X,X,X,X,X
X,X,X,X,X
4,1,1.62,1.3,0.32
3,1,0.65,0.49,0.16
30,6,2.21,1.84,0.37
5,0,2.49,2.49,0
1,1,4.35,2.17,2.17
2,0,0.99,0.99,0
3,0,0.48,0.48,0
X,X,X,X,X
0,0,0,0,0
0,0,0,0,0
1,0,0.42,0.42,0
1,0,0.44,0.44,0
10,0,0.82,0.82,0
0,0,0,0,0
2,2,0.39,0.2,0.2
0,3,2.07,0,2.07
2,0,0.44,0.44,0
1,1,1.32,0.66,0.66
6,0,0.84,0.84,0
X,X,X,X,X
X,X,X,X,X
7,0,0.57,0.57,0
8,2,0.43,0.35,0.09
24,7,1.01,0.78,0.23
4,1,0.35,0.28,0.07
1,0,0.79,0.79,0
13,1,0.45,0.42,0.03
1,0,0.27,0.27,0
35,10,2.97,2.31,0.66
2,0,1,1,0
X,X,X,X,X
1,0,0.43,0.43,0
0,0,0,0,0
1,0,2.22,2.22,0
30,1,0.72,0.7,0.02
X,X,X,X,X
1,0,0.39,0.39,0
1,0,0.12,0.12,0
49,10,2.42,2.01,0.41
1,0,0.12,0.12,0
25,1,0.72,0.69,0.03
X,X,X,X,X
X,X,X,X,X
X,X,X,X,X
X,X,X,X,X
1,0,0.52,0.52,0
X,X,X,X,X
2,7,3.42,0.76,2.66
0,0,0,0,0
23,4,2.92,2.49,0.43
9,0,1.11,1.11,0
6,2,0.77,0.58,0.19
X,X,X,X,X
X,X,X,X,X
1,0,0.4,0.4,0
4,0,0.37,0.37,0
32,5,2.43,2.11,0.33
4,1,1.82,1.46,0.36
2,1,6.12,4.08,2.04
0,0,0,0,0
2,0,0.32,0.32,0
X,X,X,X,X
0,0,0,0,0
0,0,0,0,0
4,0,1.45,1.45,0
1,0,0.52,0.52,0
11,0,0.91,0.91,0
0,0,0,0,0
0,0,0,0,0
0,2,1.5,0,1.5
0,0,0,0,0
2,0,1.2,1.2,0
2,1,0.46,0.31,0.15
X,X,X,X,X
X,X,X,X,X
6,0,0.83,0.83,0
7,1,0.38,0.33,0.05
16,3,0.6,0.51,0.09
6,0,0.39,0.39,0
0,0,0,0,0
19,1,0.63,0.6,0.03
0,0,0,0,0
20,4,1.77,1.47,0.29
0,0,0,0,0
X,X,X,X,X
0,0,0,0,0
0,0,0,0,0
0,0,0,0,0
33,3,0.76,0.7,0.06
X,X,X,X,X
0,0,0,0,0
2,0,0.24,0.24,0
55,4,2.59,2.41,0.18
1,0,0.12,0.12,0
23,4,0.75,0.64,0.11
X,X,X,X,X
X,X,X,X,X
X,X,X,X,X
X,X,X,X,X
1,0,0.47,0.47,0
X,X,X,X,X
5,1,2.53,2.11,0.42
1,0,0.58,0.58,0
67,5,3.53,3.28,0.24
13,2,1.97,1.7,0.26
5,0,0.47,0.47,0
X,X,X,X,X
X,X,X,X,X
2,1,1.02,0.68,0.34
5,0,0.5,0.5,0
29,3,2.28,2.07,0.21
1,0,0.4,0.4,0
1,0,0.98,0.98,0
0,0,0,0,0
7,0,1.14,1.14,0
X,X,X,X,X
1,0,0.26,0.26,0
0,0,0,0,0
2,0,0.84,0.84,0
3,0,1.38,1.38,0
9,1,0.85,0.76,0.08
0,0,0,0,0
2,0,0.24,0.24,0
0,4,3.74,0,3.74
1,0,0.23,0.23,0
4,2,2.39,1.59,0.8
6,2,1.29,0.97,0.32
X,X,X,X,X
X,X,X,X,X
18,0,1.6,1.6,0
13,0,0.61,0.61,0
9,1,0.35,0.32,0.04
5,1,0.41,0.34,0.07
1,0,0.8,0.8,0
15,2,0.55,0.48,0.06
0,1,0.33,0,0.33
19,1,1.66,1.58,0.08
1,0,0.49,0.49,0
X,X,X,X,X
0,0,0,0,0
0,0,0,0,0
1,0,2.86,2.86,0
33,4,0.78,0.7,0.08
X,X,X,X,X
2,0,0.77,0.77,0
4,0,0.48,0.48,0
35,1,1.64,1.6,0.05
0,0,0,0,0
22,1,0.66,0.63,0.03
X,X,X,X,X
X,X,X,X,X
X,X,X,X,X
X,X,X,X,X
4,0,1.4,1.4,0
X,X,X,X,X
1,2,1.09,0.36,0.73
0,0,0,0,0
50,2,2.36,2.27,0.09
10,1,1.22,1.11,0.11
6,0,0.51,0.51,0
X,X,X,X,X
X,X,X,X,X
1,1,0.72,0.36,0.36
7,2,0.75,0.59,0.17
45,0,3.38,3.38,0
1,0,0.41,0.41,0
1,0,0.49,0.49,0
0,0,0,0,0
2,1,0.45,0.3,0.15
X,X,X,X,X
2,0,0.47,0.47,0
0,1,2.17,0,2.17
3,0,1.46,1.46,0
5,0,2.05,2.05,0
9,0,0.67,0.67,0
1,0,0.24,0.24,0
4,1,0.49,0.4,0.1
0,5,2.98,0,2.98
2,0,0.41,0.41,0
0,1,0.31,0,0.31
3,1,0.5,0.37,0.12
X,X,X,X,X
X,X,X,X,X
10,0,1.4,1.4,0
13,0,0.58,0.58,0
7,0,0.23,0.23,0
5,1,0.38,0.32,0.06
1,0,0.68,0.68,0
10,1,0.29,0.27,0.03
0,0,0,0,0
9,2,0.8,0.66,0.15
0,0,0,0,0
X,X,X,X,X
1,1,0.75,0.38,0.38
0,0,0,0,0
1,0,2.08,2.08,0
35,5,0.83,0.72,0.1
X,X,X,X,X
1,0,0.34,0.34,0
10,2,1.37,1.14,0.23
20,6,1.21,0.93,0.28
1,0,0.11,0.11,0
22,2,0.65,0.59,0.05
X,X,X,X,X
X,X,X,X,X
X,X,X,X,X
X,X,X,X,X
1,0,0.33,0.33,0
X,X,X,X,X
4,1,1.98,1.59,0.4
1,0,0.5,0.5,0
35,5,1.82,1.59,0.23
6,0,0.66,0.66,0
10,0,0.85,0.85,0
X,X,X,X,X
X,X,X,X,X
1,1,0.66,0.33,0.33
5,0,0.67,0.67,0
48,0,3.77,3.77,0
0,0,0,0,0
2,0,0.91,0.91,0
0,0,0,0,0
2,0,0.3,0.3,0
X,X,X,X,X
0,0,0,0,0
0,1,2.22,0,2.22
1,0,0.47,0.47,0
1,2,1.19,0.4,0.79
6,1,0.56,0.48,0.08
0,0,0,0,0
2,0,0.18,0.18,0
1,4,2.24,0.45,1.79
1,0,0.21,0.21,0
5,1,1.8,1.5,0.3
1,1,0.26,0.13,0.13
X,X,X,X,X
X,X,X,X,X
3,0,0.44,0.44,0
12,1,0.54,0.5,0.04
19,3,0.69,0.6,0.09
7,1,0.51,0.44,0.06
1,0,0.59,0.59,0
15,0,0.4,0.4,0
0,0,0,0,0
2,2,0.34,0.17,0.17
1,0,0.47,0.47,0
X,X,X,X,X
1,0,0.35,0.35,0
0,0,0,0,0
0,0,0,0,0
27,3,0.59,0.53,0.06
X,X,X,X,X
0,0,0,0,0
2,0,0.24,0.24,0
19,2,1.02,0.92,0.1
1,0,0.11,0.11,0
13,2,0.37,0.32,0.05
X,X,X,X,X
X,X,X,X,X
X,X,X,X,X
X,X,X,X,X
0,0,0,0,0
X,X,X,X,X
2,1,1.12,0.74,0.37
1,1,0.68,0.34,0.34
21,2,1.11,1.02,0.1
4,0,0.4,0.4,0
3,1,0.31,0.23,0.08
X,X,X,X,X
X,X,X,X,X
1,1,0.7,0.35,0.35
5,1,0.5,0.42,0.08
54,1,4.49,4.41,0.08
1,0,0.4,0.4,0
3,2,1.95,1.17,0.78
0,0,0,0,0
0,0,0,0,0
X,X,X,X,X
0,0,0,0,0
0,0,0,0,0
4,0,1.61,1.61,0
2,0,0.75,0.75,0
4,0,0.31,0.31,0
2,0,0.5,0.5,0
2,0,0.18,0.18,0
3,8,5.91,1.61,4.3
0,0,0,0,0
4,0,1.32,1.32,0
0,0,0,0,0
X,X,X,X,X
X,X,X,X,X
5,0,0.63,0.63,0
2,1,0.12,0.08,0.04
11,0,0.34,0.34,0
2,0,0.12,0.12,0
0,0,0,0,0
24,3,0.68,0.6,0.08
2,0,0.53,0.53,0
5,0,0.41,0.41,0
2,0,0.84,0.84,0
X,X,X,X,X
0,0,0,0,0
0,0,0,0,0
0,0,0,0,0
36,3,0.66,0.61,0.05
X,X,X,X,X
0,0,0,0,0
2,0,0.21,0.21,0
26,0,1.28,1.28,0
0,0,0,0,0
6,2,0.18,0.14,0.05
X,X,X,X,X
X,X,X,X,X
X,X,X,X,X
X,X,X,X,X
1,0,0.32,0.32,0
X,X,X,X,X
6,0,2.17,2.17,0
0,0,0,0,0
30,6,1.58,1.32,0.26
6,0,0.62,0.62,0
3,0,0.23,0.23,0
X,X,X,X,X
X,X,X,X,X
1,0,0.36,0.36,0
5,1,0.68,0.56,0.11
40,2,3.45,3.29,0.16
0,1,0.37,0,0.37
1,1,1.39,0.69,0.69
1,0,0.47,0.47,0
0,0,0,0,0
X,X,X,X,X
0,0,0,0,0
0,1,2.08,0,2.08
2,0,0.89,0.89,0
1,0,0.32,0.32,0
7,1,0.56,0.49,0.07
1,0,0.28,0.28,0
2,1,0.28,0.19,0.09
0,11,5.02,0,5.02
0,0,0,0,0
3,0,0.95,0.95,0
1,0,0.12,0.12,0
X,X,X,X,X
X,X,X,X,X
2,0,0.24,0.24,0
4,2,0.24,0.16,0.08
9,1,0.31,0.28,0.03
2,0,0.11,0.11,0
0,0,0,0,0
16,2,0.43,0.38,0.05
2,0,0.52,0.52,0
2,0,0.15,0.15,0
1,0,0.39,0.39,0
X,X,X,X,X
2,0,0.54,0.54,0
0,0,0,0,0
0,0,0,0,0
29,3,0.52,0.47,0.05
X,X,X,X,X
4,0,1.32,1.32,0
2,0,0.19,0.19,0
20,2,1.16,1.05,0.11
0,0,0,0,0
9,2,0.26,0.21,0.05
X,X,X,X,X
X,X,X,X,X
X,X,X,X,X
X,X,X,X,X
1,0,0.27,0.27,0
X,X,X,X,X
0,2,0.59,0,0.59
0,0,0,0,0
38,4,1.78,1.61,0.17
3,0,0.32,0.32,0
7,0,0.52,0.52,0
X,X,X,X,X
X,X,X,X,X
4,1,1.99,1.59,0.4
1,1,0.2,0.1,0.1
18,0,1.73,1.73,0
2,0,0.85,0.85,0
1,0,0.37,0.37,0
1,0,0.48,0.48,0
1,1,0.23,0.12,0.12
X,X,X,X,X
0,0,0,0,0
0,0,0,0,0
1,0,0.35,0.35,0
3,0,0.92,0.92,0
2,0,0.13,0.13,0
0,0,0,0,0
2,0,0.2,0.2,0
0,5,2.45,0,2.45
2,0,0.4,0.4,0
3,0,1.02,1.02,0
2,0,0.2,0.2,0
X,X,X,X,X
X,X,X,X,X
3,0,0.38,0.38,0
1,1,0.08,0.04,0.04
7,0,0.21,0.21,0
6,1,0.35,0.3,0.05
0,0,0,0,0
15,1,0.36,0.34,0.02
0,1,0.26,0,0.26
7,0,0.56,0.56,0
0,0,0,0,0
X,X,X,X,X
1,0,0.27,0.27,0
0,0,0,0,0
0,0,0,0,0
28,1,0.48,0.46,0.02
X,X,X,X,X
1,0,0.32,0.32,0
8,0,0.57,0.57,0
10,4,0.75,0.54,0.21
0,0,0,0,0
20,4,0.54,0.45,0.09
X,X,X,X,X
X,X,X,X,X
X,X,X,X,X
X,X,X,X,X
3,0,0.76,0.76,0
X,X,X,X,X
3,0,0.68,0.68,0
0,0,0,0,0
26,4,1.33,1.15,0.18
1,0,0.09,0.09,0
4,0,0.29,0.29,0
X,X,X,X,X
X,X,X,X,X
0,1,0.36,0,0.36
3,0,0.16,0.16,0
22,0,1.76,1.76,0
0,1,0.36,0,0.36
1,0,0.36,0.36,0
1,0,0.4,0.4,0
0,0,0,0,0
X,X,X,X,X
1,0,0.19,0.19,0
0,0,0,0,0
0,1,0.37,0,0.37
0,0,0,0,0
1,4,0.33,0.07,0.26
1,0,0.21,0.21,0
1,0,0.09,0.09,0
2,8,3.76,0.75,3.01
2,0,0.38,0.38,0
1,0,0.28,0.28,0
2,0,0.19,0.19,0
X,X,X,X,X
X,X,X,X,X
7,0,0.87,0.87,0
4,0,0.13,0.13,0
14,0,0.4,0.4,0
2,3,0.24,0.1,0.14
0,0,0,0,0
15,1,0.32,0.3,0.02
2,0,0.48,0.48,0
9,1,0.78,0.7,0.08
1,0,0.3,0.3,0
X,X,X,X,X
2,0,0.47,0.47,0
0,1,1.33,0,1.33
0,0,0,0,0
38,0,0.61,0.61,0
X,X,X,X,X
0,0,0,0,0
2,0,0.14,0.14,0
18,0,0.9,0.9,0
0,0,0,0,0
12,2,0.29,0.25,0.04
X,X,X,X,X
X,X,X,X,X
X,X,X,X,X
X,X,X,X,X
0,0,0,0,0
X,X,X,X,X
5,1,1.25,1.04,0.21
0,0,0,0,0
28,3,1.29,1.17,0.13
1,0,0.08,0.08,0
6,0,0.41,0.41,0
X,X,X,X,X
X,X,X,X,X
3,0,1.13,1.13,0
8,0,0.36,0.36,0
26,0,2.11,2.11,0
0,1,0.36,0,0.36
2,0,0.74,0.74,0
0,1,0.37,0,0.37
2,0,0.19,0.19,0
X,X,X,X,X
2,0,0.29,0.29,0
1,0,1.72,1.72,0
1,0,0.33,0.33,0
0,0,0,0,0
2,1,0.2,0.13,0.07
0,0,0,0,0
2,0,0.18,0.18,0
0,8,3.6,0,3.6
2,1,0.52,0.35,0.17
3,0,1.08,1.08,0
0,0,0,0,0
X,X,X,X,X
X,X,X,X,X
1,0,0.14,0.14,0
2,1,0.09,0.06,0.03
8,0,0.22,0.22,0
7,2,0.44,0.34,0.1
0,0,0,0,0
11,3,0.27,0.21,0.06
1,0,0.22,0.22,0
5,0,0.38,0.38,0
0,0,0,0,0
X,X,X,X,X
0,0,0,0,0
0,0,0,0,0
0,0,0,0,0
50,5,0.71,0.65,0.06
X,X,X,X,X
0,1,0.29,0,0.29
4,0,0.24,0.24,0
6,1,0.37,0.31,0.05
0,0,0,0,0
16,1,0.38,0.35,0.02
X,X,X,X,X
X,X,X,X,X
X,X,X,X,X
X,X,X,X,X
0,0,0,0,0
X,X,X,X,X
3,0,0.68,0.68,0
0,0,0,0,0
34,4,1.46,1.31,0.15
2,0,0.13,0.13,0
0,5,0.38,0,0.38
X,X,X,X,X
X,X,X,X,X
2,0,0.66,0.66,0
7,0,0.16,0.16,0
21,0,1.94,1.94,0
1,0,0.34,0.34,0
2,1,0.95,0.63,0.32
0,0,0,0,0
3,0,0.3,0.3,0
X,X,X,X,X
0,0,0,0,0
1,0,1.49,1.49,0
0,0,0,0,0
2,0,0.56,0.56,0
3,2,0.33,0.2,0.13
0,0,0,0,0
4,0,0.39,0.39,0
2,4,2.26,0.75,1.5
1,0,0.14,0.14,0
2,0,0.66,0.66,0
6,0,0.45,0.45,0
X,X,X,X,X
X,X,X,X,X
1,0,0.13,0.13,0
5,0,0.16,0.16,0
8,0,0.22,0.22,0
1,1,0.08,0.04,0.04
0,0,0,0,0
13,4,0.27,0.21,0.06
1,0,0.18,0.18,0
3,1,0.3,0.23,0.08
3,0,0.73,0.73,0
X,X,X,X,X
1,0,0.21,0.21,0
0,0,0,0,0
0,0,0,0,0
47,13,0.7,0.55,0.15
X,X,X,X,X
1,0,0.31,0.31,0
2,0,0.11,0.11,0
12,0,0.62,0.62,0
0,0,0,0,0
17,2,0.39,0.35,0.04
X,X,X,X,X
X,X,X,X,X
X,X,X,X,X
X,X,X,X,X
0,0,0,0,0
X,X,X,X,X
1,0,0.29,0.29,0
0,0,0,0,0
31,1,1.31,1.26,0.04
4,0,0.28,0.28,0
5,4,0.63,0.35,0.28
X,X,X,X,X
X,X,X,X,X
2,1,0.96,0.64,0.32
9,2,0.28,0.23,0.05
29,0,2.63,2.63,0
1,0,0.38,0.38,0
1,1,2.33,1.16,1.16
0,0,0,0,0
1,1,0.18,0.09,0.09
X,X,X,X,X
0,0,0,0,0
0,0,0,0,0
2,0,0.55,0.55,0
0,0,0,0,0
7,0,0.46,0.46,0
0,0,0,0,0
6,1,0.61,0.52,0.09
1,7,3.21,0.4,2.81
0,0,0,0,0
4,0,1.37,1.37,0
2,0,0.19,0.19,0
X,X,X,X,X
X,X,X,X,X
0,0,0,0,0
6,2,0.27,0.2,0.07
9,0,0.24,0.24,0
3,0,0.13,0.13,0
0,0,0,0,0
12,2,0.2,0.17,0.03
1,0,0.2,0.2,0
2,2,0.32,0.16,0.16
2,0,0.49,0.49,0
X,X,X,X,X
3,0,0.72,0.72,0
0,0,0,0,0
0,0,0,0,0
50,2,0.65,0.63,0.03
X,X,X,X,X
2,0,0.53,0.53,0
4,0,0.25,0.25,0
19,2,1.03,0.93,0.1
0,0,0,0,0
14,1,0.3,0.28,0.02
X,X,X,X,X
X,X,X,X,X
X,X,X,X,X
X,X,X,X,X
0,0,0,0,0
X,X,X,X,X
3,0,0.85,0.85,0
1,0,0.25,0.25,0
25,1,0.97,0.93,0.04
4,0,0.31,0.31,0
2,2,0.25,0.13,0.13
X,X,X,X,X
X,X,X,X,X
4,0,1.24,1.24,0
4,2,0.36,0.24,0.12
33,0,2.47,2.47,0
1,0,0.3,0.3,0
0,0,0,0,0
1,0,0.36,0.36,0
1,3,0.31,0.08,0.24
X,X,X,X,X
1,0,0.13,0.13,0
0,0,0,0,0
0,0,0,0,0
0,0,0,0,0
12,1,0.77,0.71,0.06
2,0,0.38,0.38,0
9,1,0.73,0.66,0.07
0,4,2.12,0,2.12
4,0,0.2,0.2,0
3,1,0.99,0.74,0.25
1,0,0.08,0.08,0
X,X,X,X,X
X,X,X,X,X
4,0,0.46,0.46,0
1,1,0.06,0.03,0.03
6,1,0.16,0.14,0.02
1,1,0.08,0.04,0.04
1,0,0.39,0.39,0
26,1,0.36,0.35,0.01
0,0,0,0,0
9,0,0.55,0.55,0
1,0,0.19,0.19,0
X,X,X,X,X
4,0,1.06,1.06,0
0,0,0,0,0
0,0,0,0,0
59,3,0.83,0.79,0.04
X,X,X,X,X
0,0,0,0,0
3,0,0.18,0.18,0
26,3,1.35,1.21,0.14
1,0,0.08,0.08,0
18,1,0.3,0.29,0.02
X,X,X,X,X
X,X,X,X,X
X,X,X,X,X
X,X,X,X,X
1,0,0.29,0.29,0
X,X,X,X,X
2,0,0.57,0.57,0
0,0,0,0,0
29,0,1.15,1.15,0
2,0,0.27,0.27,0
0,1,0.06,0,0.06
X,X,X,X,X
X,X,X,X,X
3,1,1.32,0.99,0.33
7,0,0.41,0.41,0
28,1,2.38,2.3,0.08
0,0,0,0,0
3,0,0.82,0.82,0
0,0,0,0,0
4,0,0.32,0.32,0
X,X,X,X,X
0,0,0,0,0
1,0,2.17,2.17,0
3,0,0.59,0.59,0
0,0,0,0,0
4,4,0.4,0.2,0.2
1,0,0.17,0.17,0
9,0,0.57,0.57,0
2,6,3.19,0.8,2.39
4,0,0.23,0.23,0
1,0,0.21,0.21,0
10,2,0.84,0.7,0.14
X,X,X,X,X
X,X,X,X,X
1,0,0.09,0.09,0
8,0,0.26,0.26,0
21,4,0.49,0.41,0.08
7,1,0.33,0.29,0.04
0,0,0,0,0
23,6,0.4,0.32,0.08
0,0,0,0,0
4,1,0.3,0.24,0.06
1,0,0.16,0.16,0
X,X,X,X,X
2,0,0.52,0.52,0
0,0,0,0,0
0,0,0,0,0
70,4,1.02,0.97,0.06
X,X,X,X,X
1,0,0.2,0.2,0
0,0,0,0,0
20,1,0.88,0.84,0.04
0,0,0,0,0
23,9,0.48,0.35,0.14
X,X,X,X,X
X,X,X,X,X
X,X,X,X,X
X,X,X,X,X
0,0,0,0,0
X,X,X,X,X
5,0,1.43,1.43,0
1,0,0.24,0.24,0
37,8,1.76,1.45,0.31
3,0,0.29,0.29,0
2,1,0.18,0.12,0.06
X,X,X,X,X
X,X,X,X,X
10,1,3.69,3.36,0.34
4,0,0.42,0.42,0
10,1,0.96,0.87,0.09
0,0,0,0,0
0,1,0.27,0,0.27
0,0,0,0,0
6,0,0.53,0.53,0
X,X,X,X,X
0,0,0,0,0
1,0,2.44,2.44,0
3,1,0.68,0.51,0.17
0,0,0,0,0
3,5,0.43,0.16,0.27
1,0,0.18,0.18,0
1,1,0.14,0.07,0.07
3,8,5.5,1.5,4
2,2,0.22,0.11,0.11
1,3,1,0.25,0.75
7,0,0.61,0.61,0
X,X,X,X,X
X,X,X,X,X
5,0,0.48,0.48,0
11,2,0.43,0.36,0.07
5,4,0.18,0.1,0.08
5,2,0.28,0.2,0.08
1,0,0.43,0.43,0
11,0,0.16,0.16,0
0,0,0,0,0
5,2,0.39,0.28,0.11
3,0,0.49,0.49,0
X,X,X,X,X
1,0,0.25,0.25,0
0,0,0,0,0
0,0,0,0,0
42,2,0.94,0.9,0.04
X,X,X,X,X
0,0,0,0,0
4,1,0.41,0.33,0.08
20,0,0.81,0.81,0
1,0,0.1,0.1,0
30,15,0.76,0.5,0.25
X,X,X,X,X
X,X,X,X,X
X,X,X,X,X
X,X,X,X,X
2,0,0.67,0.67,0
X,X,X,X,X
5,0,1.47,1.47,0
1,0,0.25,0.25,0
98,4,1.61,1.55,0.06
4,0,0.37,0.37,0
7,2,0.55,0.43,0.12
X,X,X,X,X
X,X,X,X,X
5,2,2.04,1.46,0.58
3,0,0.17,0.17,0
25,0,2.37,2.37,0
3,0,0.99,0.99,0
4,0,1.18,1.18,0
0,0,0,0,0
2,2,0.22,0.11,0.11
X,X,X,X,X
1,0,0.15,0.15,0
0,0,0,0,0
5,0,0.69,0.69,0
0,0,0,0,0
4,1,0.26,0.21,0.05
1,0,0.2,0.2,0
7,2,0.57,0.44,0.13
1,7,4.37,0.55,3.83
3,2,0.35,0.21,0.14
4,0,1.03,1.03,0
5,1,0.45,0.37,0.07
11,1,1.76,1.61,0.15
X,X,X,X,X
4,0,0.67,0.67,0
15,1,0.51,0.48,0.03
12,1,0.27,0.25,0.02
14,0,0.52,0.52,0
1,0,0.38,0.38,0
15,3,0.27,0.23,0.05
1,0,0.19,0.19,0
11,3,0.74,0.58,0.16
4,0,0.34,0.34,0
X,X,X,X,X
1,0,0.27,0.27,0
0,0,0,0,0
0,0,0,0,0
53,3,1.07,1.01,0.06
X,X,X,X,X
0,0,0,0,0
2,0,0.16,0.16,0
32,5,1.4,1.21,0.19
0,0,0,0,0
24,16,0.54,0.32,0.21
X,X,X,X,X
X,X,X,X,X
X,X,X,X,X
X,X,X,X,X
0,0,0,0,0
X,X,X,X,X
4,0,1.18,1.18,0
1,0,0.2,0.2,0
146,10,1.55,1.45,0.1
9,0,0.84,0.84,0
3,4,0.45,0.19,0.26
X,X,X,X,X
X,X,X,X,X
8,1,2.76,2.45,0.31
1,1,0.23,0.11,0.11
12,0,1.27,1.27,0
1,0,0.36,0.36,0
6,1,1.61,1.38,0.23
3,1,1.34,1,0.33
0,1,0.06,0,0.06
X,X,X,X,X
1,0,0.16,0.16,0
0,0,0,0,0
2,0,0.22,0.22,0
0,0,0,0,0
4,0,0.21,0.21,0
2,0,0.4,0.4,0
6,0,0.36,0.36,0
1,6,3.4,0.49,2.91
4,0,0.22,0.22,0
5,0,1.25,1.25,0
10,1,0.86,0.78,0.08
6,0,0.97,0.97,0
X,X,X,X,X
4,0,0.61,0.61,0
12,2,0.45,0.38,0.06
2,3,0.1,0.04,0.06
8,1,0.32,0.28,0.04
0,0,0,0,0
22,3,0.37,0.33,0.04
1,0,0.2,0.2,0
8,0,0.47,0.47,0
1,0,0.08,0.08,0
X,X,X,X,X
1,0,0.29,0.29,0
0,0,0,0,0
0,0,0,0,0
72,4,1.44,1.36,0.08
X,X,X,X,X
0,0,0,0,0
3,1,0.31,0.24,0.08
24,4,1.07,0.91,0.15
3,0,0.3,0.3,0
18,10,0.37,0.24,0.13
X,X,X,X,X
X,X,X,X,X
X,X,X,X,X
X,X,X,X,X
0,0,0,0,0
X,X,X,X,X
4,0,1.2,1.2,0
3,1,0.92,0.69,0.23
154,12,1.61,1.5,0.12
8,1,0.83,0.74,0.09
2,3,0.31,0.13,0.19
X,X,X,X,X
X,X,X,X,X
7,0,2.07,2.07,0
12,0,0.64,0.64,0
5,0,0.52,0.52,0
0,0,0,0,0
2,1,0.72,0.48,0.24
0,0,0,0,0
3,0,0.17,0.17,0
X,X,X,X,X
0,0,0,0,0
0,0,0,0,0
0,0,0,0,0
1,0,0.25,0.25,0
6,0,0.32,0.32,0
4,0,0.79,0.79,0
7,2,0.57,0.45,0.13
1,8,4.05,0.45,3.6
6,1,0.22,0.19,0.03
2,0,0.53,0.53,0
5,1,0.48,0.4,0.08
19,1,3,2.85,0.15
X,X,X,X,X
3,0,0.47,0.47,0
21,8,0.91,0.66,0.25
10,3,0.27,0.21,0.06
7,0,0.24,0.24,0
0,0,0,0,0
14,2,0.23,0.2,0.03
1,0,0.19,0.19,0
17,3,1.01,0.86,0.15
3,0,0.24,0.24,0
X,X,X,X,X
3,1,1.21,0.91,0.3
X,X,X,X,X
0,0,0,0,0
68,5,1.4,1.3,0.1
X,X,X,X,X
5,1,1.45,1.21,0.24
5,0,0.4,0.4,0
32,4,1.42,1.26,0.16
5,0,0.48,0.48,0
19,5,0.31,0.24,0.06
X,X,X,X,X
X,X,X,X,X
X,X,X,X,X
X,X,X,X,X
1,0,0.32,0.32,0
X,X,X,X,X
9,0,2.57,2.57,0
1,5,1.31,0.22,1.09
183,10,1.73,1.64,0.09
10,0,0.86,0.86,0
17,5,1.25,0.97,0.28
X,X,X,X,X
X,X,X,X,X
4,2,1.82,1.21,0.61
6,0,0.5,0.5,0
19,1,2.41,2.29,0.12
1,0,0.28,0.28,0
4,1,1.27,1.02,0.25
2,1,1.07,0.71,0.36
2,0,0.12,0.12,0
X,X,X,X,X
3,3,0.86,0.43,0.43
3,0,4,4,0
2,0,0.2,0.2,0
1,1,0.43,0.22,0.22
10,3,0.65,0.5,0.15
5,0,0.97,0.97,0
4,2,0.38,0.25,0.13
1,9,4.35,0.43,3.91
17,0,0.49,0.49,0
2,1,0.81,0.54,0.27
6,1,0.57,0.49,0.08
39,0,6.33,6.33,0
X,X,X,X,X
7,0,0.55,0.55,0
18,5,0.77,0.6,0.17
9,1,0.2,0.18,0.02
28,2,1,0.93,0.07
1,0,0.34,0.34,0
29,4,0.47,0.41,0.06
4,0,0.72,0.72,0
15,0,0.79,0.79,0
16,0,1.18,1.18,0
X,X,X,X,X
0,0,0,0,0
0,0,0,0,0
0,0,0,0,0
101,5,1.9,1.81,0.09
X,X,X,X,X
3,0,0.68,0.68,0
6,1,0.52,0.45,0.07
33,6,1.58,1.34,0.24
2,1,0.29,0.19,0.1
19,15,0.42,0.23,0.18
X,X,X,X,X
X,X,X,X,X
X,X,X,X,X
X,X,X,X,X
2,0,0.59,0.59,0
X,X,X,X,X
24,0,5.62,5.62,0
3,0,0.61,0.61,0
223,14,2.11,1.98,0.12
17,0,1.39,1.39,0
8,3,0.69,0.5,0.19
X,X,X,X,X
X,X,X,X,X
9,1,3.12,2.8,0.31
21,0,1,1,0
17,0,2.37,2.37,0
4,0,1.36,1.36,0
1,0,0.72,0.72,0
3,0,1.08,1.08,0
18,1,1.17,1.11,0.06
X,X,X,X,X
1,0,0.13,0.13,0
0,0,0,0,0
4,0,0.46,0.46,0
0,0,0,0,0
14,6,1.2,0.84,0.36
3,0,0.59,0.59,0
2,2,0.25,0.13,0.13
3,7,4.41,1.32,3.08
12,2,0.43,0.37,0.06
0,0,0,0,0
20,3,1.71,1.48,0.22
36,1,5.08,4.94,0.14
X,X,X,X,X
14,0,2.39,2.39,0
46,2,1.4,1.34,0.06
14,1,0.32,0.3,0.02
25,0,0.81,0.81,0
2,0,0.72,0.72,0
45,3,0.68,0.64,0.04
1,0,0.2,0.2,0
28,0,1.51,1.51,0
9,1,0.79,0.71,0.08
X,X,X,X,X
3,0,0.85,0.85,0
0,0,0,0,0
0,0,0,0,0
103,5,1.96,1.87,0.09
X,X,X,X,X
0,0,0,0,0
5,2,0.53,0.38,0.15
35,3,1.64,1.51,0.13
6,0,0.57,0.57,0
62,17,0.91,0.72,0.2
0,0,0,0,0
X,X,X,X,X
X,X,X,X,X
X,X,X,X,X
6,0,1.95,1.95,0
X,X,X,X,X
58,0,11.35,11.35,0
3,0,0.62,0.62,0
288,25,2.44,2.25,0.2
23,0,2.03,2.03,0
5,4,0.54,0.3,0.24
X,X,X,X,X
X,X,X,X,X
6,1,2.08,1.79,0.3
5,1,0.48,0.4,0.08
16,0,1.94,1.94,0
1,0,0.36,0.36,0
7,1,1.87,1.64,0.23
1,0,0.34,0.34,0
12,1,0.72,0.66,0.06
X,X,X,X,X
5,0,0.78,0.78,0
1,0,1.82,1.82,0
4,1,0.54,0.43,0.11
3,0,0.69,0.69,0
19,2,1.13,1.03,0.11
4,0,0.74,0.74,0
15,0,0.91,0.91,0
4,6,4.44,1.78,2.67
9,1,0.31,0.28,0.03
0,0,0,0,0
11,5,1.23,0.84,0.38
70,3,9.17,8.79,0.38
X,X,X,X,X
7,0,1.12,1.12,0
55,7,1.83,1.63,0.21
30,5,0.79,0.67,0.11
26,0,0.87,0.87,0
5,0,1.93,1.93,0
48,0,0.69,0.69,0
1,0,0.22,0.22,0
53,1,2.58,2.53,0.05
12,0,1,1,0
X,X,X,X,X
2,0,0.56,0.56,0
0,0,0,0,0
0,0,0,0,0
166,6,2.82,2.72,0.1
X,X,X,X,X
2,1,0.7,0.47,0.23
12,2,1.02,0.87,0.15
34,4,1.47,1.31,0.15
0,1,0.09,0,0.09
59,6,0.83,0.76,0.08
X,X,X,X,X
X,X,X,X,X
X,X,X,X,X
X,X,X,X,X
0,0,0,0,0
X,X,X,X,X
84,2,14.29,13.95,0.33
4,0,0.68,0.68,0
512,40,4.03,3.74,0.29
31,0,2.5,2.5,0
2,2,0.24,0.12,0.12
X,X,X,X,X
X,X,X,X,X
13,1,3.6,3.34,0.26
46,1,2.04,1.99,0.04
16,1,2.07,1.95,0.12
3,0,0.9,0.9,0
10,1,2.61,2.38,0.24
0,0,0,0,0
8,7,0.86,0.46,0.4
X,X,X,X,X
1,0,0.14,0.14,0
7,0,13.21,13.21,0
1,0,0.11,0.11,0
7,0,1.74,1.74,0
17,6,1.27,0.94,0.33
8,0,1.41,1.41,0
13,0,0.76,0.76,0
6,8,6.39,2.74,3.65
11,0,0.33,0.33,0
2,0,0.52,0.52,0
8,0,0.81,0.81,0
90,1,10.85,10.73,0.12
X,X,X,X,X
3,0,0.48,0.48,0
73,16,2.32,1.9,0.42
22,5,0.57,0.46,0.1
15,0,0.49,0.49,0
2,0,0.85,0.85,0
60,3,0.91,0.86,0.04
2,0,0.39,0.39,0
112,2,5.04,4.95,0.09
21,0,1.53,1.53,0
X,X,X,X,X
1,0,0.3,0.3,0
1,0,0.75,0.75,0
0,0,0,0,0
236,7,3.67,3.56,0.11
X,X,X,X,X
2,2,1.01,0.5,0.5
8,3,0.83,0.6,0.23
46,6,2.05,1.81,0.24
6,0,0.43,0.43,0
93,11,1.17,1.04,0.12
1,0,6.67,6.67,0
X,X,X,X,X
X,X,X,X,X
X,X,X,X,X
6,1,2.07,1.78,0.3
X,X,X,X,X
173,2,23.09,22.82,0.26
3,1,0.58,0.43,0.14
695,63,5.11,4.68,0.42
32,4,2.87,2.48,0.31
7,2,0.55,0.42,0.12
X,X,X,X,X
X,X,X,X,X
14,1,4.27,3.99,0.28
17,2,1.35,1.21,0.14
20,0,2.22,2.22,0
1,1,5.26,2.63,2.63
6,0,1.25,1.25,0
4,0,1.17,1.17,0
11,1,0.66,0.6,0.05
X,X,X,X,X
3,0,0.36,0.36,0
5,0,7.25,7.25,0
1,0,0.1,0.1,0
1,0,0.21,0.21,0
23,15,1.77,1.07,0.7
9,0,1.54,1.54,0
17,2,1.08,0.97,0.11
9,5,6.25,4.02,2.23
20,4,0.67,0.56,0.11
0,0,0,0,0
16,2,1.17,1.04,0.13
143,1,15.13,15.02,0.11
X,X,X,X,X
8,0,1.3,1.3,0
112,10,2.84,2.61,0.23
43,6,1.03,0.91,0.13
9,2,0.37,0.3,0.07
2,0,0.92,0.92,0
85,0,1.19,1.19,0
4,0,0.68,0.68,0
213,2,9.21,9.12,0.09
31,2,2.12,1.99,0.13
X,X,X,X,X
5,0,1.37,1.37,0
1,0,0.88,0.88,0
0,0,0,0,0
344,14,4.97,4.77,0.19
X,X,X,X,X
1,0,0.32,0.32,0
19,4,1.69,1.4,0.29
70,13,2.98,2.52,0.47
2,0,0.14,0.14,0
104,7,1.11,1.04,0.07
1,0,6.67,6.67,0
X,X,X,X,X
X,X,X,X,X
X,X,X,X,X
4,0,1.1,1.1,0
X,X,X,X,X
258,0,27.45,27.45,0
2,0,0.34,0.34,0
932,72,7.24,6.72,0.52
67,1,5.27,5.19,0.08
16,2,1.08,0.96,0.12
X,X,X,X,X
X,X,X,X,X
18,1,4.85,4.59,0.26
66,10,3.01,2.61,0.4
26,5,3.74,3.14,0.6
17,0,4.8,4.8,0
3,0,0.76,0.76,0
2,0,0.7,0.7,0
18,3,1.16,1,0.17
18,0,2.06,2.06,0
12,0,1.7,1.7,0
5,0,7.14,7.14,0
5,0,0.57,0.57,0
4,0,0.89,0.89,0
24,5,1.49,1.23,0.26
8,0,1.56,1.56,0
37,2,2.37,2.25,0.12
13,1,5.88,5.46,0.42
32,1,0.96,0.93,0.03
13,0,3.56,3.56,0
25,5,2.32,1.93,0.39
199,7,18.56,17.93,0.63
X,X,X,X,X
4,0,0.71,0.71,0
145,5,3.7,3.58,0.12
86,6,2.1,1.96,0.14
35,0,1.12,1.12,0
1,0,0.45,0.45,0
108,1,1.65,1.63,0.02
5,1,1.15,0.96,0.19
176,1,7.95,7.91,0.04
35,2,2.61,2.47,0.14
X,X,X,X,X
3,0,0.82,0.82,0
1,0,0.86,0.86,0
X,X,X,X,X
448,16,6.6,6.37,0.23
X,X,X,X,X
7,1,1.96,1.71,0.24
28,1,2.35,2.27,0.08
102,29,4.99,3.89,1.1
3,0,0.24,0.24,0
110,9,1.37,1.27,0.1
X,X,X,X,X
X,X,X,X,X
X,X,X,X,X
X,X,X,X,X
13,0,3.63,3.63,0
X,X,X,X,X
235,1,28.03,27.91,0.12
6,0,0.82,0.82,0
1512,101,8.95,8.39,0.56
90,2,6.17,6.04,0.13
38,1,2,1.95,0.05
X,X,X,X,X
X,X,X,X,X
20,1,5.19,4.94,0.25
75,1,2.94,2.9,0.04
36,4,4.25,3.82,0.42
32,1,8.87,8.6,0.27
26,3,4.93,4.42,0.51
7,0,1.87,1.87,0
44,2,2.16,2.07,0.09
X,X,X,X,X
13,2,1.76,1.53,0.24
8,0,8.16,8.16,0
9,2,1.1,0.9,0.2
13,0,2.67,2.67,0
48,19,2.79,2,0.79
14,1,2.44,2.27,0.16
54,6,2.97,2.68,0.3
21,2,8.61,7.87,0.75
60,2,1.59,1.54,0.05
17,0,4.27,4.27,0
132,5,7.47,7.2,0.27
208,13,19.05,17.93,1.12
X,X,X,X,X
34,0,4.7,4.7,0
269,9,5.67,5.48,0.18
126,13,2.74,2.48,0.26
48,3,1.51,1.42,0.09
5,0,1.74,1.74,0
217,0,2.76,2.76,0
5,0,0.81,0.81,0
333,5,12.67,12.49,0.19
40,0,2.64,2.64,0
X,X,X,X,X
3,0,0.72,0.72,0
1,0,0.83,0.83,0
X,X,X,X,X
514,24,7.05,6.73,0.31
X,X,X,X,X
7,0,1.78,1.78,0
105,2,7.64,7.49,0.14
147,24,5.65,4.86,0.79
7,0,0.47,0.47,0
242,12,2.36,2.25,0.11
2,0,10,10,0
X,X,X,X,X
X,X,X,X,X
X,X,X,X,X
56,1,13.94,13.69,0.24
X,X,X,X,X
341,0,37.35,37.35,0
40,1,5.04,4.92,0.12
2315,174,12.47,11.6,0.87
112,1,7.25,7.18,0.06
81,10,4.56,4.06,0.5
X,X,X,X,X
X,X,X,X,X
42,0,8.94,8.94,0
233,3,8,7.9,0.1
74,0,6.34,6.34,0
47,0,11.08,11.08,0
50,1,8.43,8.26,0.17
11,0,2.86,2.86,0
77,4,3.69,3.5,0.18
X,X,X,X,X
36,4,4.39,3.95,0.44
17,0,14.53,14.53,0
13,4,1.83,1.4,0.43
19,0,3.7,3.7,0
99,23,4.81,3.9,0.91
31,0,4.51,4.51,0
133,5,6.61,6.37,0.24
30,5,11.04,9.46,1.58
156,1,3.74,3.72,0.02
35,0,7.64,7.64,0
228,15,12.37,11.6,0.76
316,12,24.79,23.89,0.91
X,X,X,X,X
41,1,4.92,4.8,0.12
469,10,9.41,9.21,0.2
227,15,4.53,4.25,0.28
100,2,2.84,2.78,0.06
13,1,4.4,4.09,0.31
435,4,5.12,5.08,0.05
26,0,3.55,3.55,0
723,6,21.62,21.44,0.18
68,1,4.1,4.04,0.06
X,X,X,X,X
17,1,4.14,3.91,0.23
1,0,0.94,0.94,0
X,X,X,X,X
1108,23,14.27,13.98,0.29
X,X,X,X,X
5,0,1.31,1.31,0
115,1,7.63,7.57,0.07
213,25,7.49,6.7,0.79
20,0,1.3,1.3,0
579,14,5.17,5.05,0.12
2,0,6.9,6.9,0
X,X,X,X,X
X,X,X,X,X
X,X,X,X,X
98,1,19.76,19.56,0.2
X,X,X,X,X
514,4,41.54,41.22,0.32
62,0,7.63,7.63,0
4355,230,18.27,17.35,0.92
258,0,13.75,13.75,0
136,7,6.79,6.46,0.33
X,X,X,X,X
X,X,X,X,X
70,0,14.83,14.83,0
580,4,15.8,15.69,0.11
112,1,8.9,8.82,0.08
98,1,18.54,18.35,0.19
101,2,15.19,14.9,0.29
12,0,3.25,3.25,0
143,8,6.74,6.38,0.36
X,X,X,X,X
75,1,7.6,7.5,0.1
24,0,20.51,20.51,0
38,1,3.87,3.77,0.1
36,0,6.38,6.38,0
139,35,6.54,5.23,1.32
61,2,8.28,8.02,0.26
350,7,13.73,13.46,0.27
42,7,16.07,13.77,2.3
452,2,9.66,9.62,0.04
127,0,21.97,21.97,0
486,34,21.23,19.84,1.39
536,16,34.61,33.61,1
X,X,X,X,X
82,0,8.54,8.54,0
920,25,15.64,15.22,0.41
405,26,7.26,6.82,0.44
222,6,6.01,5.85,0.16
73,0,18.58,18.58,0
975,5,9.54,9.49,0.05
50,0,6.41,6.41,0
1230,8,28.43,28.24,0.18
143,4,8.42,8.19,0.23
X,X,X,X,X
37,0,7.13,7.13,0
3,0,2.44,2.44,0
X,X,X,X,X
1922,25,21.56,21.28,0.28
X,X,X,X,X
30,0,6.17,6.17,0
219,1,13.59,13.53,0.06
450,31,14.16,13.25,0.91
56,0,4.27,4.27,0
1273,18,9.68,9.55,0.13
6,0,24,24,0
X,X,X,X,X
X,X,X,X,X
X,X,X,X,X
21,0,10,10,0
X,X,X,X,X
622,6,45.02,44.59,0.43
74,1,10.27,10.14,0.14
5288,258,20.68,19.71,0.96
438,8,20.18,19.82,0.36
252,16,11.63,10.93,0.69
X,X,X,X,X
X,X,X,X,X
88,2,15.76,15.41,0.35
333,0,12.44,12.44,0
187,3,14.84,14.61,0.23
196,5,26,25.36,0.65
182,8,23.78,22.78,1
38,3,8.86,8.21,0.65
335,10,13.98,13.57,0.41
X,X,X,X,X
137,0,13.12,13.12,0
40,0,24.1,24.1,0
113,6,9.64,9.15,0.49
67,2,10.58,10.28,0.31
287,34,11.32,10.12,1.2
131,0,15.04,15.04,0
614,8,21.6,21.32,0.28
84,4,25.07,23.93,1.14
972,3,17.32,17.27,0.05
181,1,25,24.86,0.14
737,35,28.51,27.22,1.29
550,22,36.13,34.74,1.39
X,X,X,X,X
186,7,18.59,17.92,0.67
920,25,15.64,15.22,0.41
791,43,13.38,12.69,0.69
429,6,9.96,9.82,0.14
130,0,26.32,26.32,0
1516,10,13.93,13.83,0.09
122,2,14.52,14.29,0.23
1066,3,28.97,28.89,0.08
346,3,18.95,18.78,0.16
X,X,X,X,X
57,0,11.15,11.15,0
2,0,1.85,1.85,0
X,X,X,X,X
2676,23,27.34,27.11,0.23
X,X,X,X,X
66,0,11.52,11.52,0
245,2,26.22,26.01,0.21
570,34,16.79,15.85,0.95
110,0,6.85,6.85,0
1991,18,14.29,14.16,0.13
5,0,26.32,26.32,0
X,X,X,X,X
X,X,X,X,X
X,X,X,X,X
126,0,21.18,21.18,0
X,X,X,X,X
381,9,34.09,33.3,0.79
60,0,10.89,10.89,0
5055,260,19.33,18.38,0.95
533,8,23.67,23.32,0.35
429,19,16.24,15.55,0.69
X,X,X,X,X
X,X,X,X,X
75,1,13.92,13.74,0.18
691,3,17.81,17.73,0.08
221,8,13.76,13.28,0.48
154,0,20.13,20.13,0
150,4,18.47,17.99,0.48
43,0,9.01,9.01,0
445,11,15.12,14.76,0.36
X,X,X,X,X
107,4,13.72,13.23,0.49
27,0,20.3,20.3,0
195,5,11.47,11.18,0.29
97,1,13.74,13.6,0.14
425,48,15.03,13.5,1.52
110,1,11.47,11.36,0.1
670,7,22.64,22.41,0.23
60,4,16.67,15.63,1.04
767,6,14.4,14.29,0.11
157,6,20.05,19.31,0.74
718,40,26.01,24.64,1.37
630,16,35.53,34.65,0.88
X,X,X,X,X
190,0,17.04,17.04,0
1804,23,26.73,26.4,0.34
966,52,14.58,13.84,0.74
524,5,10.85,10.74,0.1
116,0,22.66,22.66,0
1581,19,15.27,15.09,0.18
99,1,12.17,12.04,0.12
897,3,22.03,21.95,0.07
413,2,19.04,18.94,0.09
X,X,X,X,X
77,0,12.96,12.96,0
8,0,6.3,6.3,0
X,X,X,X,X
2107,35,23.45,23.07,0.38
X,X,X,X,X
91,2,13.46,13.17,0.29
247,2,17.94,17.8,0.14
562,29,15.06,14.32,0.74
94,1,12.96,12.82,0.14
2479,23,15.45,15.31,0.14
5,0,23.81,23.81,0
X,X,X,X,X
X,X,X,X,X
X,X,X,X,X
149,1,24.39,24.23,0.16
X,X,X,X,X
280,7,29.8,29.08,0.73
50,1,10.18,9.98,0.2
5316,318,19.32,18.23,1.09
409,1,19.23,19.18,0.05
493,20,18.53,17.8,0.72
X,X,X,X,X
X,X,X,X,X
61,1,10.53,10.36,0.17
264,2,11.88,11.79,0.09
297,8,16.45,16.02,0.43
114,1,18.58,18.42,0.16
178,4,22.64,22.14,0.5
19,0,5.4,5.4,0
549,8,15.93,15.7,0.23
X,X,X,X,X
105,1,14.29,14.15,0.13
X,X,X,X,X
198,8,12.83,12.34,0.5
97,2,16.69,16.36,0.34
452,40,16.08,14.77,1.31
97,0,12.06,12.06,0
858,11,26.2,25.87,0.33
34,10,14.81,11.45,3.37
573,6,13.86,13.72,0.14
140,2,19.67,19.39,0.28
808,64,28.52,26.42,2.09
337,6,29.83,29.3,0.52
X,X,X,X,X
226,3,20.93,20.66,0.27
1326,12,22.44,22.24,0.2
962,42,14.18,13.59,0.59
465,4,11.09,10.99,0.09
150,2,25.89,25.55,0.34
1368,7,13.42,13.35,0.07
108,1,14.12,13.99,0.13
578,7,16.42,16.22,0.2
364,9,18.56,18.11,0.45
X,X,X,X,X
84,0,13.29,13.29,0
9,0,6.87,6.87,0
X,X,X,X,X
1677,20,24.81,24.52,0.29
X,X,X,X,X
25,0,13.81,13.81,0
238,5,18.71,18.32,0.38
607,39,16.18,15.21,0.98
67,1,13.52,13.32,0.2
3600,22,20.12,20,0.12
13,0,28.89,28.89,0
X,X,X,X,X
X,X,X,X,X
X,X,X,X,X
150,0,25,25,0
X,X,X,X,X
255,14,27.14,25.73,1.41
85,1,16.38,16.19,0.19
6319,351,22.59,21.4,1.19
431,0,21.52,21.52,0
640,27,23,22.07,0.93
X,X,X,X,X
X,X,X,X,X
85,1,15.78,15.6,0.18
865,15,27.01,26.55,0.46
247,13,15.1,14.34,0.75
116,2,19,18.68,0.32
234,1,28.04,27.92,0.12
38,0,10.95,10.95,0
917,8,24.15,23.94,0.21
X,X,X,X,X
112,1,15.03,14.89,0.13
X,X,X,X,X
232,11,14.99,14.31,0.68
116,0,19.8,19.8,0
754,71,25.44,23.25,2.19
167,1,20.05,19.93,0.12
1192,24,33.03,32.38,0.65
35,7,12.28,10.23,2.05
650,6,14.44,14.31,0.13
143,7,23.44,22.34,1.09
972,104,32.2,29.08,3.11
388,25,34.22,32.15,2.07
X,X,X,X,X
257,8,24.31,23.58,0.73
1281,15,22.16,21.9,0.26
1477,57,20.87,20.09,0.78
720,2,16.16,16.12,0.04
231,4,36.38,35.76,0.62
2165,14,21.06,20.93,0.14
193,0,22.03,22.03,0
515,13,16.21,15.81,0.4
520,7,24.34,24.02,0.32
X,X,X,X,X
110,0,17.57,17.57,0
17,0,12.69,12.69,0
X,X,X,X,X
2691,26,34.23,33.9,0.33
X,X,X,X,X
204,2,23.93,23.69,0.23
317,1,20.36,20.29,0.06
656,45,17.48,16.36,1.12
71,0,12.91,12.91,0
5853,39,29.95,29.76,0.2
22,0,37.29,37.29,0
X,X,X,X,X
X,X,X,X,X
X,X,X,X,X
188,0,30.82,30.82,0
X,X,X,X,X
256,12,24.75,23.64,1.11
143,0,23.18,23.18,0
7483,589,25.84,23.96,1.89
492,1,19.74,19.7,0.04
807,40,28.92,27.55,1.37
X,X,X,X,X
X,X,X,X,X
95,1,17.78,17.59,0.19
979,13,27.87,27.51,0.37
240,7,14.84,14.42,0.42
129,3,38.94,38.05,0.88
243,3,31.54,31.15,0.38
75,0,17.81,17.81,0
1321,19,31.32,30.88,0.44
X,X,X,X,X
150,1,19.38,19.26,0.13
X,X,X,X,X
298,12,19.87,19.1,0.77
69,0,34.33,34.33,0
1169,82,33.54,31.34,2.2
205,1,22.86,22.75,0.11
1141,11,32.12,31.81,0.31
59,6,20.31,18.44,1.88
1028,3,20.6,20.54,0.06
174,2,38.51,38.07,0.44
806,91,37.47,33.67,3.8
308,19,28.26,26.62,1.64
X,X,X,X,X
441,5,35.88,35.48,0.4
1366,26,22.76,22.34,0.43
1921,92,27.43,26.18,1.25
1146,4,24.4,24.31,0.08
243,4,37.25,36.65,0.6
2940,29,27.74,27.47,0.27
330,0,31.46,31.46,0
661,22,20.33,19.67,0.65
571,17,28.3,27.48,0.82
X,X,X,X,X
200,1,26.87,26.74,0.13
20,1,20,19.05,0.95
X,X,X,X,X
2994,33,41.13,40.68,0.45
X,X,X,X,X
362,4,37.27,36.86,0.41
452,7,28.3,27.87,0.43
880,67,22.79,21.18,1.61
70,0,14.29,14.29,0
6675,48,36.53,36.27,0.26
19,0,31.67,31.67,0
X,X,X,X,X
X,X,X,X,X
X,X,X,X,X
151,0,23.59,23.59,0
X,X,X,X,X
266,34,22.81,20.23,2.59
284,3,34.96,34.59,0.37
9012,963,27.21,24.58,2.63
570,8,27.51,27.13,0.38
1001,43,30.27,29.02,1.25
X,X,X,X,X
X,X,X,X,X
127,2,20.41,20.09,0.32
939,15,26.33,25.92,0.41
166,7,12.66,12.15,0.51
139,1,34.91,34.66,0.25
339,13,32.44,31.24,1.2
114,2,24.12,23.7,0.42
1890,33,38.39,37.73,0.66
X,X,X,X,X
303,2,29.19,29,0.19
X,X,X,X,X
456,26,25.38,24.01,1.37
68,0,24.46,24.46,0
1401,121,37.24,34.28,2.96
203,5,20.97,20.46,0.5
990,25,30.02,29.28,0.74
80,11,20.78,18.26,2.51
1891,6,32.15,32.05,0.1
223,1,38.29,38.12,0.17
1606,163,39.11,35.51,3.6
272,37,29.04,25.56,3.48
X,X,X,X,X
523,7,38.18,37.68,0.5
1708,32,25.79,25.31,0.47
2180,137,28.06,26.4,1.66
1748,10,28.72,28.56,0.16
310,3,38.26,37.9,0.37
4349,41,31.92,31.62,0.3
461,1,39.39,39.3,0.09
960,43,23.19,22.2,0.99
803,15,33.5,32.88,0.61
X,X,X,X,X
243,0,29.82,29.82,0
13,0,11.4,11.4,0
X,X,X,X,X
4331,42,46.54,46.09,0.45
X,X,X,X,X
456,6,36.7,36.22,0.48
672,13,34.53,33.87,0.66
1187,109,28.45,26.05,2.39
147,0,21.62,21.62,0
7464,70,37.12,36.77,0.34
9,0,19.15,19.15,0
X,X,X,X,X
X,X,X,X,X
X,X,X,X,X
125,1,21.58,21.4,0.17
X,X,X,X,X
194,55,18.53,14.43,4.09
378,4,38.9,38.49,0.41
8195,1308,26.35,22.72,3.63
946,11,30.15,29.8,0.35
960,83,30.21,27.8,2.4
X,X,X,X,X
X,X,X,X,X
106,2,17.48,17.15,0.32
838,18,20.92,20.48,0.44
125,6,10.9,10.4,0.5
122,4,36.84,35.67,1.17
288,4,31.36,30.93,0.43
147,0,26.97,26.97,0
1916,33,37.82,37.18,0.64
X,X,X,X,X
443,4,34.17,33.87,0.31
X,X,X,X,X
511,46,28.97,26.57,2.39
72,1,23.55,23.23,0.32
1526,128,40.01,36.91,3.1
248,4,26.22,25.81,0.42
761,16,25.09,24.57,0.52
51,9,15.11,12.85,2.27
1812,8,28.07,27.95,0.12
217,3,34.48,34.01,0.47
1802,189,42.15,38.15,4
280,48,28.4,24.24,4.16
X,X,X,X,X
619,16,40.5,39.48,1.02
1778,38,24.9,24.38,0.52
1830,112,29.5,27.79,1.7
1783,6,30.42,30.32,0.1
210,10,32.74,31.25,1.49
5709,58,36.93,36.56,0.37
379,0,33.42,33.42,0
1027,73,25.06,23.4,1.66
837,29,33.02,31.91,1.11
X,X,X,X,X
231,2,31.15,30.88,0.27
16,0,12.03,12.03,0
X,X,X,X,X
3670,90,38.38,37.46,0.92
X,X,X,X,X
354,14,32.48,31.24,1.24
851,11,37.46,36.98,0.48
1232,174,29.35,25.71,3.63
211,4,25.75,25.27,0.48
7285,147,36.6,35.88,0.72
26,0,41.94,41.94,0
X,X,X,X,X
X,X,X,X,X
X,X,X,X,X
68,2,14.83,14.41,0.42
X,X,X,X,X
167,74,17.28,11.97,5.3
262,5,32.84,32.23,0.62
5813,1453,23.47,18.78,4.69
775,8,26.04,25.77,0.27
550,69,21.65,19.24,2.41
X,X,X,X,X
X,X,X,X,X
68,0,13.05,13.05,0
435,14,16.43,15.92,0.51
140,10,12.86,12.01,0.86
103,1,29.89,29.6,0.29
167,4,28.45,27.79,0.67
133,0,25.98,25.98,0
1399,39,32.34,31.47,0.88
X,X,X,X,X
275,7,26.4,25.75,0.66
X,X,X,X,X
599,63,32.03,28.98,3.05
52,0,17.93,17.93,0
1198,130,34.44,31.07,3.37
262,0,26.1,26.1,0
543,43,22.73,21.06,1.67
21,7,9.36,7.02,2.34
1447,17,24.11,23.83,0.28
233,12,33.93,32.27,1.66
1496,143,39.28,35.85,3.43
173,53,22.4,17.15,5.25
X,X,X,X,X
462,1,34.5,34.43,0.07
1596,59,23.14,22.31,0.82
1965,170,31.88,29.34,2.54
1117,7,23.15,23,0.14
148,8,29.21,27.72,1.5
5648,53,36.14,35.81,0.34
264,0,27.59,27.59,0
589,34,19.06,18.02,1.04
735,23,31.14,30.2,0.94
X,X,X,X,X
94,0,15.46,15.46,0
13,1,10.07,9.35,0.72
X,X,X,X,X
1633,38,26.86,26.25,0.61
X,X,X,X,X
250,16,27.14,25.51,1.63
416,11,27.78,27.07,0.72
945,162,30.79,26.29,4.51
250,5,29.41,28.84,0.58
5747,136,33.53,32.75,0.78
11,1,25,22.92,2.08
X,X,X,X,X
X,X,X,X,X
X,X,X,X,X
59,3,13.75,13.08,0.67
X,X,X,X,X
121,96,17.56,9.79,7.77
169,4,30.46,29.75,0.7
X,X,X,X,X
327,6,19.43,19.08,0.35
464,65,21.9,19.21,2.69
X,X,X,X,X
X,X,X,X,X
33,1,8,7.76,0.24
92,3,14.39,13.94,0.45
106,5,9.02,8.62,0.41
80,4,24.93,23.74,1.19
38,3,29.93,27.74,2.19
107,1,21.51,21.31,0.2
876,40,30.78,29.44,1.34
X,X,X,X,X
171,6,19.28,18.63,0.65
X,X,X,X,X
471,83,29.11,24.75,4.36
39,1,18.69,18.22,0.47
595,110,31.76,26.8,4.95
203,1,23.37,23.25,0.11
178,19,13.89,12.55,1.34
X,X,X,X,X
994,15,20.6,20.29,0.31
219,18,34.1,31.51,2.59
1010,96,32.97,30.1,2.86
X,X,X,X,X
X,X,X,X,X
308,2,25.62,25.45,0.17
1093,82,21.29,19.8,1.49
1306,182,27.25,23.92,3.33
530,10,17.45,17.12,0.32
125,4,23.93,23.19,0.74
3387,52,23.34,22.99,0.35
X,X,X,X,X
498,53,18.42,16.64,1.77
368,29,29.72,27.54,2.17
X,X,X,X,X
62,0,12.11,12.11,0
14,0,11.11,11.11,0
X,X,X,X,X
1019,52,21.57,20.52,1.05
X,X,X,X,X
223,23,25.63,23.23,2.4
140,2,20.11,19.83,0.28
932,180,31.69,26.56,5.13
193,2,28.3,28.01,0.29
4507,171,29.01,27.95,1.06
4,0,12.5,12.5,0
X,X,X,X,X
X,X,X,X,X
X,X,X,X,X
