202040,2020-21,Average patients with influenza in ICU,Unnamed: 3,National,0.0
202041,2020-21,Influenza Hospital Admissions Rate Per 100k,,National,0.0
202041,2020-21,Influenza Hospital Admissions,,National,0.0
202041,2020-21,Influenza Hospitalization (Avg 7 Day),,National,0.0
202041,2020-21,Average patients with influenza in ICU,,National,0.0
202040,2020-21,Influenza Hospital Admissions,,National,0.0
202040,2020-21,Influenza Hospitalization (Avg 7 Day),,National,0.0
202040,2020-21,Average patients with influenza in ICU,,National,0.0
202041,2020-21,Influenza Hospital Admissions Rate Per 100k,,National,0.0
202041,2020-21,Influenza Hospital Admissions,,National,0.0
202041,2020-21,Influenza Hospitalization (Avg 7 Day),,National,0.0
202041,2020-21,Average patients with influenza in ICU,,National,0.0
202049,2020-21,Influenza Hospital Admissions Rate Per 100k,,National,0.17
202049,2020-21,Influenza Hospital Admissions,,National,573.0
202049,2020-21,Influenza Hospitalization (Avg 7 Day),,National,617.86
202049,2020-21,Average patients with influenza in ICU,,National,96.29
202050,2020-21,Influenza Hospital Admissions Rate Per 100k,,National,0.17
202050,2020-21,Influenza Hospital Admissions,,National,571.0
202050,2020-21,Influenza Hospitalization (Avg 7 Day),,National,614.57
202050,2020-21,Average patients with influenza in ICU,,National,95.43
202105,2020-21,Influenza Hospital Admissions Rate Per 100k,,National,0.13
202105,2020-21,Influenza Hospital Admissions,,National,433.0
202105,2020-21,Influenza Hospitalization (Avg 7 Day),,National,386.57
202105,2020-21,Average patients with influenza in ICU,,National,70.71
202113,2020-21,Average patients with influenza in ICU,,National,53.43
202114,2020-21,Influenza Hospital Admissions Rate Per 100k,,National,0.09
202114,2020-21,Influenza Hospital Admissions,,National,293.0
202114,2020-21,Influenza Hospitalization (Avg 7 Day),,National,253.0
202114,2020-21,Average patients with influenza in ICU,,National,46.43
202122,2020-21,Influenza Hospital Admissions Rate Per 100k,,National,0.06
202122,2020-21,Influenza Hospital Admissions,,National,209.0
202122,2020-21,Influenza Hospitalization (Avg 7 Day),,National,209.57
202122,2020-21,Average patients with influenza in ICU,,National,34.0
202123,2020-21,Influenza Hospital Admissions Rate Per 100k,,National,0.06
202123,2020-21,Influenza Hospital Admissions,,National,185.0
202123,2020-21,Influenza Hospitalization (Avg 7 Day),,National,213.57
202123,2020-21,Average patients with influenza in ICU,,National,31.86
202131,2020-21,Influenza Hospital Admissions Rate Per 100k,,National,0.09
202131,2020-21,Influenza Hospital Admissions,,National,308.0
202131,2020-21,Influenza Hospitalization (Avg 7 Day),,National,344.29
202131,2020-21,Average patients with influenza in ICU,,National,52.71
202047,2020-21,Influenza Hospital Admissions Rate Per 100k,,National,0.16
202047,2020-21,Influenza Hospital Admissions,,National,538.0
202047,2020-21,Influenza Hospitalization (Avg 7 Day),,National,481.29
202047,2020-21,Average patients with influenza in ICU,,National,74.57
202048,2020-21,Influenza Hospital Admissions Rate Per 100k,,National,0.17
202048,2020-21,Influenza Hospital Admissions,,National,576.0
202048,2020-21,Influenza Hospitalization (Avg 7 Day),,National,519.57
202048,2020-21,Average patients with influenza in ICU,,National,93.0
202042,2020-21,Influenza Hospital Admissions Rate Per 100k,,National,0.0
202042,2020-21,Influenza Hospital Admissions,,National,6.0
202042,2020-21,Influenza Hospitalization (Avg 7 Day),,National,4.29
202042,2020-21,Average patients with influenza in ICU,,National,1.0
202051,2020-21,Influenza Hospital Admissions Rate Per 100k,,National,0.21
202051,2020-21,Influenza Hospital Admissions,,National,685.0
202051,2020-21,Influenza Hospitalization (Avg 7 Day),,National,643.57
202051,2020-21,Average patients with influenza in ICU,,National,108.57
202106,2020-21,Influenza Hospital Admissions Rate Per 100k,,National,0.11
202106,2020-21,Influenza Hospital Admissions,,National,375.0
202106,2020-21,Influenza Hospitalization (Avg 7 Day),,National,389.43
202106,2020-21,Average patients with influenza in ICU,,National,67.43
202107,2020-21,Influenza Hospital Admissions Rate Per 100k,,National,0.12
202107,2020-21,Influenza Hospital Admissions,,National,388.0
202107,2020-21,Influenza Hospitalization (Avg 7 Day),,National,374.29
202107,2020-21,Average patients with influenza in ICU,,National,75.57
202115,2020-21,Influenza Hospital Admissions Rate Per 100k,,National,0.09
202115,2020-21,Influenza Hospital Admissions,,National,310.0
202115,2020-21,Influenza Hospitalization (Avg 7 Day),,National,252.71
202115,2020-21,Average patients with influenza in ICU,,National,44.29
202124,2020-21,Influenza Hospital Admissions Rate Per 100k,,National,0.05
202124,2020-21,Influenza Hospital Admissions,,National,178.0
202124,2020-21,Influenza Hospitalization (Avg 7 Day),,National,194.57
202124,2020-21,Average patients with influenza in ICU,,National,22.86
202132,2020-21,Influenza Hospital Admissions Rate Per 100k,,National,0.08
202132,2020-21,Influenza Hospital Admissions,,National,250.0
202132,2020-21,Influenza Hospitalization (Avg 7 Day),,National,274.29
202132,2020-21,Average patients with influenza in ICU,,National,40.29
202133,2020-21,Influenza Hospital Admissions Rate Per 100k,,National,0.08
202133,2020-21,Influenza Hospital Admissions,,National,253.0
202133,2020-21,Influenza Hospitalization (Avg 7 Day),,National,251.14
202133,2020-21,Average patients with influenza in ICU,,National,35.43
202043,2020-21,Influenza Hospital Admissions Rate Per 100k,,National,0.06
202043,2020-21,Influenza Hospital Admissions,,National,192.0
202043,2020-21,Influenza Hospitalization (Avg 7 Day),,National,147.14
202043,2020-21,Average patients with influenza in ICU,,National,33.57
202044,2020-21,Influenza Hospital Admissions Rate Per 100k,,National,0.12
202044,2020-21,Influenza Hospital Admissions,,National,403.0
202044,2020-21,Influenza Hospitalization (Avg 7 Day),,National,265.43
202044,2020-21,Average patients with influenza in ICU,,National,50.0
202052,2020-21,Influenza Hospital Admissions Rate Per 100k,,National,0.2
202052,2020-21,Influenza Hospital Admissions,,National,670.0
202052,2020-21,Influenza Hospitalization (Avg 7 Day),,National,714.86
202052,2020-21,Average patients with influenza in ICU,,National,127.71
202053,2020-21,Influenza Hospital Admissions Rate Per 100k,,National,0.2
202108,2020-21,Influenza Hospital Admissions Rate Per 100k,,National,0.1
202108,2020-21,Influenza Hospital Admissions,,National,343.0
202108,2020-21,Influenza Hospitalization (Avg 7 Day),,National,359.14
202108,2020-21,Average patients with influenza in ICU,,National,70.43
202116,2020-21,Influenza Hospital Admissions Rate Per 100k,,National,0.12
202116,2020-21,Influenza Hospital Admissions,,National,408.0
202116,2020-21,Influenza Hospitalization (Avg 7 Day),,National,266.86
202116,2020-21,Average patients with influenza in ICU,,National,50.0
202117,2020-21,Influenza Hospital Admissions Rate Per 100k,,National,0.12
202117,2020-21,Influenza Hospital Admissions,,National,390.0
202117,2020-21,Influenza Hospitalization (Avg 7 Day),,National,278.14
202117,2020-21,Average patients with influenza in ICU,,National,47.57
202125,2020-21,Influenza Hospital Admissions Rate Per 100k,,National,0.06
202125,2020-21,Influenza Hospital Admissions,,National,189.0
202125,2020-21,Influenza Hospitalization (Avg 7 Day),,National,194.29
202125,2020-21,Average patients with influenza in ICU,,National,26.43
202126,2020-21,Influenza Hospital Admissions Rate Per 100k,,National,0.06
202126,2020-21,Influenza Hospital Admissions,,National,198.0
202126,2020-21,Influenza Hospitalization (Avg 7 Day),,National,200.71
202134,2020-21,Influenza Hospital Admissions Rate Per 100k,,National,0.07
202134,2020-21,Influenza Hospital Admissions,,National,217.0
202134,2020-21,Influenza Hospitalization (Avg 7 Day),,National,251.86
202134,2020-21,Average patients with influenza in ICU,,National,43.0
202053,2020-21,Influenza Hospital Admissions,,National,654.0
202126,2020-21,Average patients with influenza in ICU,,National,24.71
202135,2020-21,Influenza Hospital Admissions Rate Per 100k,,National,0.07
202135,2020-21,Influenza Hospital Admissions,,National,235.0
202135,2020-21,Influenza Hospitalization (Avg 7 Day),,National,287.29
202135,2020-21,Average patients with influenza in ICU,,National,49.0
202136,2020-21,Influenza Hospital Admissions Rate Per 100k,,National,0.06
202042,2020-21,Influenza Hospital Admissions Rate Per 100k,,National,0.0
202042,2020-21,Influenza Hospital Admissions,,National,6.0
202042,2020-21,Influenza Hospitalization (Avg 7 Day),,National,4.29
202042,2020-21,Average patients with influenza in ICU,,National,1.0
202049,2020-21,Influenza Hospital Admissions Rate Per 100k,,National,0.17
202049,2020-21,Influenza Hospital Admissions,,National,573.0
202049,2020-21,Influenza Hospitalization (Avg 7 Day),,National,617.86
202049,2020-21,Average patients with influenza in ICU,,National,96.29
202122,2020-21,Influenza Hospital Admissions Rate Per 100k,,National,0.06
202122,2020-21,Influenza Hospital Admissions,,National,209.0
202122,2020-21,Influenza Hospitalization (Avg 7 Day),,National,209.57
202122,2020-21,Average patients with influenza in ICU,,National,34.0
202128,2020-21,Influenza Hospital Admissions Rate Per 100k,,National,0.08
202128,2020-21,Influenza Hospital Admissions,,National,264.0
202128,2020-21,Influenza Hospitalization (Avg 7 Day),,National,220.86
202128,2020-21,Average patients with influenza in ICU,,National,25.71
202101,2020-21,Influenza Hospital Admissions Rate Per 100k,,National,0.15
202101,2020-21,Influenza Hospital Admissions,,National,513.0
202101,2020-21,Influenza Hospitalization (Avg 7 Day),,National,615.29
202101,2020-21,Average patients with influenza in ICU,,National,130.43
202102,2020-21,Influenza Hospital Admissions Rate Per 100k,,National,0.17
202102,2020-21,Influenza Hospital Admissions,,National,553.0
202102,2020-21,Influenza Hospitalization (Avg 7 Day),,National,532.29
202102,2020-21,Average patients with influenza in ICU,,National,134.86
202106,2020-21,Influenza Hospital Admissions Rate Per 100k,,National,0.11
202106,2020-21,Influenza Hospital Admissions,,National,375.0
202106,2020-21,Influenza Hospitalization (Avg 7 Day),,National,389.43
202106,2020-21,Average patients with influenza in ICU,,National,67.43
202110,2020-21,Influenza Hospital Admissions Rate Per 100k,,National,0.11
202110,2020-21,Influenza Hospital Admissions,,National,364.0
202110,2020-21,Influenza Hospitalization (Avg 7 Day),,National,304.86
202110,2020-21,Average patients with influenza in ICU,,National,56.14
202111,2020-21,Influenza Hospital Admissions Rate Per 100k,,National,0.09
202111,2020-21,Influenza Hospital Admissions,,National,308.0
202111,2020-21,Influenza Hospitalization (Avg 7 Day),,National,294.0
202111,2020-21,Average patients with influenza in ICU,,National,47.86
202116,2020-21,Influenza Hospital Admissions Rate Per 100k,,National,0.12
202116,2020-21,Influenza Hospital Admissions,,National,408.0
202116,2020-21,Influenza Hospitalization (Avg 7 Day),,National,266.86
202116,2020-21,Average patients with influenza in ICU,,National,50.0
202117,2020-21,Influenza Hospital Admissions Rate Per 100k,,National,0.12
202117,2020-21,Influenza Hospital Admissions,,National,390.0
202117,2020-21,Influenza Hospitalization (Avg 7 Day),,National,278.14
202117,2020-21,Average patients with influenza in ICU,,National,47.57
202045,2020-21,Influenza Hospital Admissions Rate Per 100k,,National,0.13
202045,2020-21,Influenza Hospital Admissions,,National,428.0
202045,2020-21,Influenza Hospitalization (Avg 7 Day),,National,351.57
202045,2020-21,Average patients with influenza in ICU,,National,72.43
202053,2020-21,Influenza Hospitalization (Avg 7 Day),,National,708.0
202053,2020-21,Average patients with influenza in ICU,,National,122.57
202101,2020-21,Influenza Hospital Admissions Rate Per 100k,,National,0.15
202101,2020-21,Influenza Hospital Admissions,,National,513.0
202101,2020-21,Influenza Hospitalization (Avg 7 Day),,National,615.29
202101,2020-21,Average patients with influenza in ICU,,National,130.43
202109,2020-21,Influenza Hospital Admissions Rate Per 100k,,National,0.11
202109,2020-21,Influenza Hospital Admissions,,National,379.0
202109,2020-21,Influenza Hospitalization (Avg 7 Day),,National,329.43
202109,2020-21,Average patients with influenza in ICU,,National,65.86
202110,2020-21,Influenza Hospital Admissions Rate Per 100k,,National,0.11
202110,2020-21,Influenza Hospital Admissions,,National,364.0
202110,2020-21,Influenza Hospitalization (Avg 7 Day),,National,304.86
202110,2020-21,Average patients with influenza in ICU,,National,56.14
202118,2020-21,Influenza Hospital Admissions Rate Per 100k,,National,0.09
202118,2020-21,Influenza Hospital Admissions,,National,299.0
202118,2020-21,Influenza Hospitalization (Avg 7 Day),,National,265.86
202118,2020-21,Average patients with influenza in ICU,,National,46.43
202127,2020-21,Influenza Hospital Admissions Rate Per 100k,,National,0.07
202127,2020-21,Influenza Hospital Admissions,,National,233.0
202127,2020-21,Influenza Hospitalization (Avg 7 Day),,National,212.29
202127,2020-21,Average patients with influenza in ICU,,National,25.86
202135,2020-21,Influenza Hospital Admissions Rate Per 100k,,National,0.07
202135,2020-21,Influenza Hospital Admissions,,National,235.0
202135,2020-21,Influenza Hospitalization (Avg 7 Day),,National,287.29
202135,2020-21,Average patients with influenza in ICU,,National,49.0
202136,2020-21,Influenza Hospital Admissions Rate Per 100k,,National,0.06
202136,2020-21,Influenza Hospital Admissions,,National,213.0
202136,2020-21,Influenza Hospitalization (Avg 7 Day),,National,264.43
202136,2020-21,Average patients with influenza in ICU,,National,44.43
202046,2020-21,Influenza Hospital Admissions Rate Per 100k,,National,0.17
202046,2020-21,Influenza Hospital Admissions,,National,558.0
202046,2020-21,Influenza Hospitalization (Avg 7 Day),,National,408.86
202046,2020-21,Average patients with influenza in ICU,,National,78.57
202047,2020-21,Influenza Hospital Admissions Rate Per 100k,,National,0.16
202047,2020-21,Influenza Hospital Admissions,,National,538.0
202047,2020-21,Influenza Hospitalization (Avg 7 Day),,National,481.29
202047,2020-21,Average patients with influenza in ICU,,National,74.57
202102,2020-21,Influenza Hospital Admissions Rate Per 100k,,National,0.17
202102,2020-21,Influenza Hospital Admissions,,National,553.0
202102,2020-21,Influenza Hospitalization (Avg 7 Day),,National,532.29
202102,2020-21,Average patients with influenza in ICU,,National,134.86
202111,2020-21,Influenza Hospital Admissions Rate Per 100k,,National,0.09
202111,2020-21,Influenza Hospital Admissions,,National,308.0
202111,2020-21,Influenza Hospitalization (Avg 7 Day),,National,294.0
202111,2020-21,Average patients with influenza in ICU,,National,47.86
202119,2020-21,Influenza Hospital Admissions Rate Per 100k,,National,0.07
202119,2020-21,Influenza Hospital Admissions,,National,237.0
202119,2020-21,Influenza Hospitalization (Avg 7 Day),,National,245.14
202119,2020-21,Average patients with influenza in ICU,,National,38.14
202120,2020-21,Influenza Hospital Admissions Rate Per 100k,,National,0.08
202120,2020-21,Influenza Hospital Admissions,,National,258.0
202120,2020-21,Influenza Hospitalization (Avg 7 Day),,National,236.43
202120,2020-21,Average patients with influenza in ICU,,National,35.86
202128,2020-21,Influenza Hospital Admissions Rate Per 100k,,National,0.08
202128,2020-21,Influenza Hospital Admissions,,National,264.0
202128,2020-21,Influenza Hospitalization (Avg 7 Day),,National,220.86
202128,2020-21,Average patients with influenza in ICU,,National,25.71
202137,2020-21,Influenza Hospital Admissions Rate Per 100k,,National,0.06
202137,2020-21,Influenza Hospital Admissions,,National,214.0
202137,2020-21,Influenza Hospitalization (Avg 7 Day),,National,252.43
202137,2020-21,Average patients with influenza in ICU,,National,48.14
202123,2020-21,Influenza Hospital Admissions Rate Per 100k,,National,0.06
202136,2020-21,Influenza Hospital Admissions,,National,213.0
202118,2020-21,Influenza Hospital Admissions Rate Per 100k,,National,0.09
202118,2020-21,Influenza Hospital Admissions,,National,299.0
202118,2020-21,Influenza Hospitalization (Avg 7 Day),,National,265.86
202118,2020-21,Average patients with influenza in ICU,,National,46.43
202123,2020-21,Influenza Hospital Admissions,,National,185.0
202123,2020-21,Influenza Hospitalization (Avg 7 Day),,National,213.57
202123,2020-21,Average patients with influenza in ICU,,National,31.86
202124,2020-21,Influenza Hospital Admissions Rate Per 100k,,National,0.05
202124,2020-21,Influenza Hospital Admissions,,National,178.0
202124,2020-21,Influenza Hospitalization (Avg 7 Day),,National,194.57
202124,2020-21,Average patients with influenza in ICU,,National,22.86
202129,2020-21,Influenza Hospital Admissions Rate Per 100k,,National,0.08
202129,2020-21,Influenza Hospital Admissions,,National,254.0
202129,2020-21,Influenza Hospitalization (Avg 7 Day),,National,240.57
202129,2020-21,Average patients with influenza in ICU,,National,29.0
202130,2020-21,Influenza Hospital Admissions Rate Per 100k,,National,0.07
202130,2020-21,Influenza Hospital Admissions,,National,247.0
202130,2020-21,Influenza Hospitalization (Avg 7 Day),,National,248.86
202130,2020-21,Average patients with influenza in ICU,,National,29.0
202136,2020-21,Influenza Hospitalization (Avg 7 Day),,National,264.43
202136,2020-21,Average patients with influenza in ICU,,National,44.43
202137,2020-21,Influenza Hospital Admissions Rate Per 100k,,National,0.06
202137,2020-21,Influenza Hospital Admissions,,National,214.0
202137,2020-21,Influenza Hospitalization (Avg 7 Day),,National,252.43
202137,2020-21,Average patients with influenza in ICU,,National,48.14
202103,2020-21,Influenza Hospital Admissions Rate Per 100k,,National,0.13
202103,2020-21,Influenza Hospital Admissions,,National,441.0
202103,2020-21,Influenza Hospitalization (Avg 7 Day),,National,427.29
202103,2020-21,Average patients with influenza in ICU,,National,98.71
202107,2020-21,Influenza Hospital Admissions Rate Per 100k,,National,0.12
202107,2020-21,Influenza Hospital Admissions,,National,388.0
202107,2020-21,Influenza Hospitalization (Avg 7 Day),,National,374.29
202107,2020-21,Average patients with influenza in ICU,,National,75.57
202108,2020-21,Influenza Hospital Admissions Rate Per 100k,,National,0.1
202108,2020-21,Influenza Hospital Admissions,,National,343.0
202108,2020-21,Influenza Hospitalization (Avg 7 Day),,National,359.14
202108,2020-21,Average patients with influenza in ICU,,National,70.43
202112,2020-21,Influenza Hospital Admissions Rate Per 100k,,National,0.09
202112,2020-21,Influenza Hospital Admissions,,National,307.0
202112,2020-21,Influenza Hospitalization (Avg 7 Day),,National,295.14
202112,2020-21,Average patients with influenza in ICU,,National,50.14
202119,2020-21,Influenza Hospital Admissions Rate Per 100k,,National,0.07
202119,2020-21,Influenza Hospital Admissions,,National,237.0
202119,2020-21,Influenza Hospitalization (Avg 7 Day),,National,245.14
202119,2020-21,Average patients with influenza in ICU,,National,38.14
202120,2020-21,Influenza Hospital Admissions Rate Per 100k,,National,0.08
202125,2020-21,Influenza Hospital Admissions Rate Per 100k,,National,0.06
202125,2020-21,Influenza Hospital Admissions,,National,189.0
202125,2020-21,Influenza Hospitalization (Avg 7 Day),,National,194.29
202125,2020-21,Average patients with influenza in ICU,,National,26.43
202131,2020-21,Influenza Hospital Admissions Rate Per 100k,,National,0.09
202131,2020-21,Influenza Hospital Admissions,,National,308.0
202131,2020-21,Influenza Hospitalization (Avg 7 Day),,National,344.29
202131,2020-21,Average patients with influenza in ICU,,National,52.71
202132,2020-21,Influenza Hospital Admissions Rate Per 100k,,National,0.08
202132,2020-21,Influenza Hospital Admissions,,National,250.0
202132,2020-21,Influenza Hospitalization (Avg 7 Day),,National,274.29
202132,2020-21,Average patients with influenza in ICU,,National,40.29
202133,2020-21,Influenza Hospital Admissions Rate Per 100k,,National,0.08
202133,2020-21,Influenza Hospital Admissions,,National,253.0
202133,2020-21,Influenza Hospitalization (Avg 7 Day),,National,251.14
202133,2020-21,Average patients with influenza in ICU,,National,35.43
202138,2020-21,Influenza Hospital Admissions Rate Per 100k,,National,0.06
202138,2020-21,Influenza Hospital Admissions,,National,210.0
202138,2020-21,Influenza Hospitalization (Avg 7 Day),,National,242.29
202138,2020-21,Average patients with influenza in ICU,,National,47.43
202139,2020-21,Influenza Hospital Admissions Rate Per 100k,,National,0.07
202139,2020-21,Influenza Hospital Admissions,,National,222.0
202139,2020-21,Influenza Hospitalization (Avg 7 Day),,National,231.71
202139,2020-21,Average patients with influenza in ICU,,National,48.0
202120,2020-21,Influenza Hospital Admissions,,National,258.0
202050,2020-21,Influenza Hospital Admissions Rate Per 100k,,National,0.17
202050,2020-21,Influenza Hospital Admissions,,National,571.0
202050,2020-21,Influenza Hospitalization (Avg 7 Day),,National,614.57
202050,2020-21,Average patients with influenza in ICU,,National,95.43
202051,2020-21,Influenza Hospital Admissions Rate Per 100k,,National,0.21
202051,2020-21,Influenza Hospital Admissions,,National,685.0
202051,2020-21,Influenza Hospitalization (Avg 7 Day),,National,643.57
202051,2020-21,Average patients with influenza in ICU,,National,108.57
202052,2020-21,Influenza Hospital Admissions Rate Per 100k,,National,0.2
202052,2020-21,Influenza Hospital Admissions,,National,670.0
202052,2020-21,Influenza Hospitalization (Avg 7 Day),,National,714.86
202052,2020-21,Average patients with influenza in ICU,,National,127.71
202104,2020-21,Influenza Hospital Admissions Rate Per 100k,,National,0.13
202104,2020-21,Influenza Hospital Admissions,,National,443.0
202104,2020-21,Influenza Hospitalization (Avg 7 Day),,National,409.57
202104,2020-21,Average patients with influenza in ICU,,National,91.29
202105,2020-21,Influenza Hospital Admissions Rate Per 100k,,National,0.13
202105,2020-21,Influenza Hospital Admissions,,National,433.0
202105,2020-21,Influenza Hospitalization (Avg 7 Day),,National,386.57
202105,2020-21,Average patients with influenza in ICU,,National,70.71
202134,2020-21,Influenza Hospital Admissions Rate Per 100k,,National,0.07
202134,2020-21,Influenza Hospital Admissions,,National,217.0
202134,2020-21,Influenza Hospitalization (Avg 7 Day),,National,251.86
202134,2020-21,Average patients with influenza in ICU,,National,43.0
202109,2020-21,Influenza Hospital Admissions Rate Per 100k,,National,0.11
202109,2020-21,Influenza Hospital Admissions,,National,379.0
202109,2020-21,Influenza Hospitalization (Avg 7 Day),,National,329.43
202109,2020-21,Average patients with influenza in ICU,,National,65.86
202113,2020-21,Influenza Hospital Admissions Rate Per 100k,,National,0.1
202113,2020-21,Influenza Hospital Admissions,,National,337.0
202113,2020-21,Influenza Hospitalization (Avg 7 Day),,National,278.57
202113,2020-21,Average patients with influenza in ICU,,National,53.43
202114,2020-21,Influenza Hospital Admissions Rate Per 100k,,National,0.09
202114,2020-21,Influenza Hospital Admissions,,National,293.0
202114,2020-21,Influenza Hospitalization (Avg 7 Day),,National,253.0
202114,2020-21,Average patients with influenza in ICU,,National,46.43
202043,2020-21,Influenza Hospital Admissions Rate Per 100k,,National,0.06
202043,2020-21,Influenza Hospital Admissions,,National,192.0
202043,2020-21,Influenza Hospitalization (Avg 7 Day),,National,147.14
202043,2020-21,Average patients with influenza in ICU,,National,33.57
202044,2020-21,Influenza Hospital Admissions Rate Per 100k,,National,0.12
202044,2020-21,Influenza Hospital Admissions,,National,403.0
202044,2020-21,Influenza Hospitalization (Avg 7 Day),,National,265.43
202044,2020-21,Average patients with influenza in ICU,,National,50.0
202126,2020-21,Influenza Hospital Admissions Rate Per 100k,,National,0.06
202126,2020-21,Influenza Hospital Admissions,,National,198.0
202126,2020-21,Influenza Hospitalization (Avg 7 Day),,National,200.71
202126,2020-21,Average patients with influenza in ICU,,National,24.71
202127,2020-21,Influenza Hospital Admissions Rate Per 100k,,National,0.07
202127,2020-21,Influenza Hospital Admissions,,National,233.0
202127,2020-21,Influenza Hospitalization (Avg 7 Day),,National,212.29
202127,2020-21,Average patients with influenza in ICU,,National,25.86
202115,2020-21,Influenza Hospital Admissions Rate Per 100k,,National,0.09
202115,2020-21,Influenza Hospital Admissions,,National,310.0
202115,2020-21,Influenza Hospitalization (Avg 7 Day),,National,252.71
202115,2020-21,Average patients with influenza in ICU,,National,44.29
202120,2020-21,Influenza Hospitalization (Avg 7 Day),,National,236.43
202120,2020-21,Average patients with influenza in ICU,,National,35.86
202121,2020-21,Influenza Hospital Admissions Rate Per 100k,,National,0.06
202121,2020-21,Influenza Hospital Admissions,,National,211.0
202121,2020-21,Influenza Hospitalization (Avg 7 Day),,National,219.57
202121,2020-21,Average patients with influenza in ICU,,National,31.86
202053,2020-21,Influenza Hospital Admissions Rate Per 100k,,National,0.2
202053,2020-21,Influenza Hospital Admissions,,National,654.0
202053,2020-21,Influenza Hospitalization (Avg 7 Day),,National,708.0
202053,2020-21,Average patients with influenza in ICU,,National,122.57
202045,2020-21,Influenza Hospital Admissions Rate Per 100k,,National,0.13
202045,2020-21,Influenza Hospital Admissions,,National,428.0
202045,2020-21,Influenza Hospitalization (Avg 7 Day),,National,351.57
202045,2020-21,Average patients with influenza in ICU,,National,72.43
202048,2020-21,Influenza Hospital Admissions Rate Per 100k,,National,0.17
202048,2020-21,Influenza Hospital Admissions,,National,576.0
202048,2020-21,Influenza Hospitalization (Avg 7 Day),,National,519.57
202048,2020-21,Average patients with influenza in ICU,,National,93.0
202103,2020-21,Influenza Hospital Admissions Rate Per 100k,,National,0.13
202103,2020-21,Influenza Hospital Admissions,,National,441.0
202103,2020-21,Influenza Hospitalization (Avg 7 Day),,National,427.29
202103,2020-21,Average patients with influenza in ICU,,National,98.71
202104,2020-21,Influenza Hospital Admissions Rate Per 100k,,National,0.13
202104,2020-21,Influenza Hospital Admissions,,National,443.0
202104,2020-21,Influenza Hospitalization (Avg 7 Day),,National,409.57
202104,2020-21,Average patients with influenza in ICU,,National,91.29
202112,2020-21,Influenza Hospital Admissions Rate Per 100k,,National,0.09
202112,2020-21,Influenza Hospital Admissions,,National,307.0
202112,2020-21,Influenza Hospitalization (Avg 7 Day),,National,295.14
202112,2020-21,Average patients with influenza in ICU,,National,50.14
202113,2020-21,Influenza Hospital Admissions Rate Per 100k,,National,0.1
202113,2020-21,Influenza Hospital Admissions,,National,337.0
202121,2020-21,Influenza Hospital Admissions Rate Per 100k,,National,0.06
202121,2020-21,Influenza Hospital Admissions,,National,211.0
202121,2020-21,Influenza Hospitalization (Avg 7 Day),,National,219.57
202121,2020-21,Average patients with influenza in ICU,,National,31.86
202129,2020-21,Influenza Hospital Admissions Rate Per 100k,,National,0.08
202129,2020-21,Influenza Hospital Admissions,,National,254.0
202129,2020-21,Influenza Hospitalization (Avg 7 Day),,National,240.57
202129,2020-21,Average patients with influenza in ICU,,National,29.0
202130,2020-21,Influenza Hospital Admissions Rate Per 100k,,National,0.07
202130,2020-21,Influenza Hospital Admissions,,National,247.0
202130,2020-21,Influenza Hospitalization (Avg 7 Day),,National,248.86
202130,2020-21,Average patients with influenza in ICU,,National,29.0
202138,2020-21,Influenza Hospital Admissions Rate Per 100k,,National,0.06
202138,2020-21,Influenza Hospital Admissions,,National,210.0
202138,2020-21,Influenza Hospitalization (Avg 7 Day),,National,242.29
202138,2020-21,Average patients with influenza in ICU,,National,47.43
202139,2020-21,Influenza Hospital Admissions Rate Per 100k,,National,0.07
202139,2020-21,Influenza Hospital Admissions,,National,222.0
202139,2020-21,Influenza Hospitalization (Avg 7 Day),,National,231.71
202139,2020-21,Average patients with influenza in ICU,,National,48.0
202149,2021-22,Influenza Hospitalization (Avg 7 Day),,National,744.71
202149,2021-22,Average patients with influenza in ICU,,National,114.29
202205,2021-22,Influenza Hospital Admissions Rate Per 100k,,National,0.28
202205,2021-22,Influenza Hospital Admissions,,National,913.0
202205,2021-22,Influenza Hospitalization (Avg 7 Day),,National,760.86
202205,2021-22,Average patients with influenza in ICU,,National,131.43
202212,2021-22,Influenza Hospital Admissions Rate Per 100k,,National,0.85
202212,2021-22,Influenza Hospital Admissions,,National,2826.0
202212,2021-22,Influenza Hospitalization (Avg 7 Day),,National,1713.57
202212,2021-22,Average patients with influenza in ICU,,National,223.86
202213,2021-22,Influenza Hospital Admissions Rate Per 100k,,National,0.88
202213,2021-22,Influenza Hospital Admissions,,National,2927.0
202213,2021-22,Influenza Hospitalization (Avg 7 Day),,National,1819.71
202213,2021-22,Average patients with influenza in ICU,,National,258.57
202221,2021-22,Influenza Hospital Admissions Rate Per 100k,,National,0.81
202221,2021-22,Influenza Hospital Admissions,,National,2669.0
202221,2021-22,Influenza Hospitalization (Avg 7 Day),,National,2136.14
202221,2021-22,Average patients with influenza in ICU,,National,291.57
202231,2021-22,Influenza Hospital Admissions Rate Per 100k,,National,0.14
202231,2021-22,Influenza Hospital Admissions,,National,476.0
202231,2021-22,Influenza Hospitalization (Avg 7 Day),,National,834.14
202231,2021-22,Average patients with influenza in ICU,,National,149.43
202232,2021-22,Influenza Hospital Admissions Rate Per 100k,,National,0.14
202232,2021-22,Influenza Hospital Admissions,,National,472.0
202232,2021-22,Influenza Hospitalization (Avg 7 Day),,National,822.0
202232,2021-22,Average patients with influenza in ICU,,National,143.86
202222,2021-22,Influenza Hospital Admissions Rate Per 100k,,National,0.78
202222,2021-22,Influenza Hospital Admissions,,National,2600.0
202222,2021-22,Influenza Hospitalization (Avg 7 Day),,National,2034.71
202222,2021-22,Average patients with influenza in ICU,,National,274.86
202223,2021-22,Influenza Hospital Admissions Rate Per 100k,,National,0.63
202223,2021-22,Influenza Hospital Admissions,,National,2100.0
202223,2021-22,Influenza Hospitalization (Avg 7 Day),,National,1819.86
202223,2021-22,Average patients with influenza in ICU,,National,260.14
202233,2021-22,Influenza Hospital Admissions Rate Per 100k,,National,0.14
202233,2021-22,Influenza Hospital Admissions,,National,475.0
202233,2021-22,Influenza Hospitalization (Avg 7 Day),,National,824.86
202233,2021-22,Average patients with influenza in ICU,,National,147.86
202224,2021-22,Influenza Hospital Admissions Rate Per 100k,,National,0.51
202224,2021-22,Influenza Hospital Admissions,,National,1697.0
202224,2021-22,Influenza Hospitalization (Avg 7 Day),,National,1619.86
202224,2021-22,Average patients with influenza in ICU,,National,236.14
202234,2021-22,Influenza Hospital Admissions Rate Per 100k,,National,0.14
202234,2021-22,Influenza Hospital Admissions,,National,462.0
202234,2021-22,Influenza Hospitalization (Avg 7 Day),,National,847.0
202234,2021-22,Average patients with influenza in ICU,,National,152.0
202150,2021-22,Influenza Hospital Admissions Rate Per 100k,,National,0.37
202150,2021-22,Influenza Hospital Admissions,,National,1232.0
202150,2021-22,Influenza Hospitalization (Avg 7 Day),,National,885.43
202150,2021-22,Average patients with influenza in ICU,,National,116.57
202206,2021-22,Influenza Hospital Admissions Rate Per 100k,,National,0.32
202206,2021-22,Influenza Hospital Admissions,,National,1052.0
202206,2021-22,Influenza Hospitalization (Avg 7 Day),,National,804.43
202206,2021-22,Average patients with influenza in ICU,,National,135.43
202207,2021-22,Influenza Hospital Admissions Rate Per 100k,,National,0.4
202207,2021-22,Influenza Hospital Admissions,,National,1342.0
202207,2021-22,Influenza Hospitalization (Avg 7 Day),,National,860.0
202207,2021-22,Average patients with influenza in ICU,,National,121.57
202214,2021-22,Influenza Hospital Admissions Rate Per 100k,,National,0.93
202214,2021-22,Influenza Hospital Admissions,,National,3083.0
202214,2021-22,Influenza Hospitalization (Avg 7 Day),,National,2017.0
202214,2021-22,Average patients with influenza in ICU,,National,270.43
202235,2021-22,Influenza Hospital Admissions Rate Per 100k,,National,0.16
202235,2021-22,Influenza Hospital Admissions,,National,517.0
202235,2021-22,Influenza Hospitalization (Avg 7 Day),,National,875.43
202235,2021-22,Average patients with influenza in ICU,,National,149.71
202236,2021-22,Influenza Hospital Admissions Rate Per 100k,,National,0.17
202236,2021-22,Influenza Hospital Admissions,,National,548.0
202236,2021-22,Influenza Hospitalization (Avg 7 Day),,National,891.86
202236,2021-22,Average patients with influenza in ICU,,National,153.43
202237,2021-22,Influenza Hospital Admissions Rate Per 100k,,National,0.19
202237,2021-22,Influenza Hospital Admissions,,National,643.0
202237,2021-22,Influenza Hospitalization (Avg 7 Day),,National,933.86
202237,2021-22,Average patients with influenza in ICU,,National,155.29
202215,2021-22,Influenza Hospital Admissions Rate Per 100k,,National,0.98
202215,2021-22,Influenza Hospital Admissions,,National,3243.0
202215,2021-22,Influenza Hospitalization (Avg 7 Day),,National,2194.71
202215,2021-22,Average patients with influenza in ICU,,National,290.57
202216,2021-22,Influenza Hospital Admissions Rate Per 100k,,National,1.01
202216,2021-22,Influenza Hospital Admissions,,National,3359.0
202216,2021-22,Influenza Hospitalization (Avg 7 Day),,National,2249.43
202216,2021-22,Average patients with influenza in ICU,,National,289.14
202225,2021-22,Influenza Hospital Admissions Rate Per 100k,,National,0.4
202225,2021-22,Influenza Hospital Admissions,,National,1334.0
202225,2021-22,Influenza Hospitalization (Avg 7 Day),,National,1401.29
202225,2021-22,Average patients with influenza in ICU,,National,215.14
202226,2021-22,Influenza Hospital Admissions Rate Per 100k,,National,0.31
202226,2021-22,Influenza Hospital Admissions,,National,1028.0
202226,2021-22,Influenza Hospitalization (Avg 7 Day),,National,1253.0
202226,2021-22,Average patients with influenza in ICU,,National,199.57
202141,2021-22,Influenza Hospital Admissions Rate Per 100k,,National,0.07
202141,2021-22,Influenza Hospital Admissions,,National,225.0
202141,2021-22,Influenza Hospitalization (Avg 7 Day),,National,245.14
202141,2021-22,Average patients with influenza in ICU,,National,37.86
202142,2021-22,Influenza Hospital Admissions Rate Per 100k,,National,0.08
202142,2021-22,Influenza Hospital Admissions,,National,274.0
202142,2021-22,Influenza Hospitalization (Avg 7 Day),,National,255.71
202142,2021-22,Average patients with influenza in ICU,,National,43.0
202143,2021-22,Influenza Hospital Admissions Rate Per 100k,,National,0.08
202143,2021-22,Influenza Hospital Admissions,,National,250.0
202143,2021-22,Influenza Hospitalization (Avg 7 Day),,National,246.0
202143,2021-22,Average patients with influenza in ICU,,National,42.57
202151,2021-22,Influenza Hospital Admissions Rate Per 100k,,National,0.5
202151,2021-22,Influenza Hospital Admissions,,National,1669.0
202151,2021-22,Influenza Hospitalization (Avg 7 Day),,National,1065.43
202151,2021-22,Average patients with influenza in ICU,,National,123.71
202152,2021-22,Influenza Hospital Admissions Rate Per 100k,,National,0.78
202152,2021-22,Influenza Hospital Admissions,,National,2580.0
202152,2021-22,Influenza Hospitalization (Avg 7 Day),,National,1531.86
202152,2021-22,Average patients with influenza in ICU,,National,161.0
202151,2021-22,Influenza Hospital Admissions Rate Per 100k,,National,0.5
202151,2021-22,Influenza Hospital Admissions,,National,1669.0
202151,2021-22,Influenza Hospitalization (Avg 7 Day),,National,1065.43
202151,2021-22,Average patients with influenza in ICU,,National,123.71
202201,2021-22,Influenza Hospital Admissions Rate Per 100k,,National,0.57
202201,2021-22,Influenza Hospital Admissions,,National,1896.0
202201,2021-22,Influenza Hospitalization (Avg 7 Day),,National,1500.86
202201,2021-22,Average patients with influenza in ICU,,National,186.0
202142,2021-22,Influenza Hospital Admissions Rate Per 100k,,National,0.08
202142,2021-22,Influenza Hospital Admissions,,National,274.0
202142,2021-22,Influenza Hospitalization (Avg 7 Day),,National,255.71
202142,2021-22,Average patients with influenza in ICU,,National,43.0
202143,2021-22,Influenza Hospital Admissions Rate Per 100k,,National,0.08
202143,2021-22,Influenza Hospital Admissions,,National,250.0
202143,2021-22,Influenza Hospitalization (Avg 7 Day),,National,246.0
202143,2021-22,Average patients with influenza in ICU,,National,42.57
202201,2021-22,Influenza Hospital Admissions Rate Per 100k,,National,0.57
202201,2021-22,Influenza Hospital Admissions,,National,1896.0
202201,2021-22,Influenza Hospitalization (Avg 7 Day),,National,1500.86
202201,2021-22,Average patients with influenza in ICU,,National,186.0
202208,2021-22,Influenza Hospital Admissions Rate Per 100k,,National,0.45
202208,2021-22,Influenza Hospital Admissions,,National,1495.0
202208,2021-22,Influenza Hospitalization (Avg 7 Day),,National,952.57
202208,2021-22,Average patients with influenza in ICU,,National,138.57
202217,2021-22,Influenza Hospital Admissions Rate Per 100k,,National,0.94
202217,2021-22,Influenza Hospital Admissions,,National,3119.0
202217,2021-22,Influenza Hospitalization (Avg 7 Day),,National,2316.86
202217,2021-22,Average patients with influenza in ICU,,National,285.57
202227,2021-22,Influenza Hospital Admissions Rate Per 100k,,National,0.22
202227,2021-22,Influenza Hospital Admissions,,National,744.0
202227,2021-22,Influenza Hospitalization (Avg 7 Day),,National,1097.29
202227,2021-22,Average patients with influenza in ICU,,National,178.57
202238,2021-22,Influenza Hospital Admissions Rate Per 100k,,National,0.21
202238,2021-22,Influenza Hospital Admissions,,National,686.0
202238,2021-22,Influenza Hospitalization (Avg 7 Day),,National,981.86
202238,2021-22,Average patients with influenza in ICU,,National,159.57
202239,2021-22,Influenza Hospital Admissions Rate Per 100k,,National,0.26
202239,2021-22,Influenza Hospital Admissions,,National,870.0
202239,2021-22,Influenza Hospitalization (Avg 7 Day),,National,1062.57
202239,2021-22,Average patients with influenza in ICU,,National,160.0
202144,2021-22,Influenza Hospital Admissions Rate Per 100k,,National,0.09
202144,2021-22,Influenza Hospital Admissions,,National,307.0
202144,2021-22,Influenza Hospitalization (Avg 7 Day),,National,248.71
202144,2021-22,Average patients with influenza in ICU,,National,45.71
202145,2021-22,Influenza Hospital Admissions Rate Per 100k,,National,0.1
202145,2021-22,Influenza Hospital Admissions,,National,329.0
202145,2021-22,Influenza Hospitalization (Avg 7 Day),,National,295.71
202145,2021-22,Average patients with influenza in ICU,,National,55.57
202146,2021-22,Influenza Hospital Admissions Rate Per 100k,,National,0.1
202146,2021-22,Influenza Hospital Admissions,,National,342.0
202146,2021-22,Influenza Hospitalization (Avg 7 Day),,National,322.0
202146,2021-22,Average patients with influenza in ICU,,National,61.86
202202,2021-22,Influenza Hospital Admissions Rate Per 100k,,National,0.44
202202,2021-22,Influenza Hospital Admissions,,National,1463.0
202202,2021-22,Influenza Hospitalization (Avg 7 Day),,National,1192.14
202202,2021-22,Average patients with influenza in ICU,,National,182.14
202209,2021-22,Influenza Hospital Admissions Rate Per 100k,,National,0.52
202209,2021-22,Influenza Hospital Admissions,,National,1716.0
202209,2021-22,Influenza Hospitalization (Avg 7 Day),,National,1039.43
202209,2021-22,Average patients with influenza in ICU,,National,148.0
202210,2021-22,Influenza Hospital Admissions Rate Per 100k,,National,0.61
202210,2021-22,Influenza Hospital Admissions,,National,2025.0
202210,2021-22,Influenza Hospitalization (Avg 7 Day),,National,1220.14
202210,2021-22,Average patients with influenza in ICU,,National,167.29
202218,2021-22,Influenza Hospital Admissions Rate Per 100k,,National,0.92
202218,2021-22,Influenza Hospital Admissions,,National,3043.0
202218,2021-22,Influenza Hospitalization (Avg 7 Day),,National,2260.43
202218,2021-22,Average patients with influenza in ICU,,National,290.29
202228,2021-22,Influenza Hospital Admissions Rate Per 100k,,National,0.22
202228,2021-22,Influenza Hospital Admissions,,National,730.0
202228,2021-22,Influenza Hospitalization (Avg 7 Day),,National,1024.43
202228,2021-22,Average patients with influenza in ICU,,National,165.0
202229,2021-22,Influenza Hospital Admissions Rate Per 100k,,National,0.18
202229,2021-22,Influenza Hospital Admissions,,National,590.0
202229,2021-22,Influenza Hospitalization (Avg 7 Day),,National,932.86
202229,2021-22,Average patients with influenza in ICU,,National,165.29
202203,2021-22,Influenza Hospital Admissions Rate Per 100k,,National,0.31
202219,2021-22,Influenza Hospital Admissions Rate Per 100k,,National,0.91
202202,2021-22,Influenza Hospital Admissions Rate Per 100k,,National,0.44
202202,2021-22,Influenza Hospital Admissions,,National,1463.0
202202,2021-22,Influenza Hospitalization (Avg 7 Day),,National,1192.14
202202,2021-22,Average patients with influenza in ICU,,National,182.14
202203,2021-22,Influenza Hospital Admissions Rate Per 100k,,National,0.31
202203,2021-22,Influenza Hospital Admissions,,National,1019.0
202203,2021-22,Influenza Hospitalization (Avg 7 Day),,National,941.14
202203,2021-22,Average patients with influenza in ICU,,National,162.14
202208,2021-22,Influenza Hospital Admissions Rate Per 100k,,National,0.45
202208,2021-22,Influenza Hospital Admissions,,National,1495.0
202208,2021-22,Influenza Hospitalization (Avg 7 Day),,National,952.57
202208,2021-22,Average patients with influenza in ICU,,National,138.57
202209,2021-22,Influenza Hospital Admissions Rate Per 100k,,National,0.52
202209,2021-22,Influenza Hospital Admissions,,National,1716.0
202209,2021-22,Influenza Hospitalization (Avg 7 Day),,National,1039.43
202209,2021-22,Average patients with influenza in ICU,,National,148.0
202216,2021-22,Influenza Hospital Admissions Rate Per 100k,,National,1.01
202216,2021-22,Influenza Hospital Admissions,,National,3359.0
202216,2021-22,Influenza Hospitalization (Avg 7 Day),,National,2249.43
202216,2021-22,Average patients with influenza in ICU,,National,289.14
202224,2021-22,Influenza Hospital Admissions Rate Per 100k,,National,0.51
202224,2021-22,Influenza Hospital Admissions,,National,1697.0
202224,2021-22,Influenza Hospitalization (Avg 7 Day),,National,1619.86
202224,2021-22,Average patients with influenza in ICU,,National,236.14
202225,2021-22,Influenza Hospital Admissions Rate Per 100k,,National,0.4
202225,2021-22,Influenza Hospital Admissions,,National,1334.0
202225,2021-22,Influenza Hospitalization (Avg 7 Day),,National,1401.29
202225,2021-22,Average patients with influenza in ICU,,National,215.14
202233,2021-22,Influenza Hospital Admissions Rate Per 100k,,National,0.14
202233,2021-22,Influenza Hospital Admissions,,National,475.0
202233,2021-22,Influenza Hospitalization (Avg 7 Day),,National,824.86
202233,2021-22,Average patients with influenza in ICU,,National,147.86
202234,2021-22,Influenza Hospital Admissions Rate Per 100k,,National,0.14
202234,2021-22,Influenza Hospital Admissions,,National,462.0
202234,2021-22,Influenza Hospitalization (Avg 7 Day),,National,847.0
202234,2021-22,Average patients with influenza in ICU,,National,152.0
202144,2021-22,Influenza Hospital Admissions Rate Per 100k,,National,0.09
202144,2021-22,Influenza Hospital Admissions,,National,307.0
202144,2021-22,Influenza Hospitalization (Avg 7 Day),,National,248.71
202144,2021-22,Average patients with influenza in ICU,,National,45.71
202152,2021-22,Influenza Hospital Admissions Rate Per 100k,,National,0.78
202152,2021-22,Influenza Hospital Admissions,,National,2580.0
202152,2021-22,Influenza Hospitalization (Avg 7 Day),,National,1531.86
202152,2021-22,Average patients with influenza in ICU,,National,161.0
202204,2021-22,Influenza Hospital Admissions Rate Per 100k,,National,0.24
202204,2021-22,Influenza Hospital Admissions,,National,796.0
202204,2021-22,Influenza Hospitalization (Avg 7 Day),,National,769.0
202204,2021-22,Average patients with influenza in ICU,,National,139.29
202210,2021-22,Influenza Hospital Admissions Rate Per 100k,,National,0.61
202210,2021-22,Influenza Hospital Admissions,,National,2025.0
202210,2021-22,Influenza Hospitalization (Avg 7 Day),,National,1220.14
202210,2021-22,Average patients with influenza in ICU,,National,167.29
202217,2021-22,Influenza Hospital Admissions Rate Per 100k,,National,0.94
202217,2021-22,Influenza Hospital Admissions,,National,3119.0
202217,2021-22,Influenza Hospitalization (Avg 7 Day),,National,2316.86
202217,2021-22,Average patients with influenza in ICU,,National,285.57
202218,2021-22,Influenza Hospital Admissions Rate Per 100k,,National,0.92
202218,2021-22,Influenza Hospital Admissions,,National,3043.0
202218,2021-22,Influenza Hospitalization (Avg 7 Day),,National,2260.43
202218,2021-22,Average patients with influenza in ICU,,National,290.29
202219,2021-22,Influenza Hospital Admissions Rate Per 100k,,National,0.91
202219,2021-22,Influenza Hospital Admissions,,National,3017.0
202219,2021-22,Influenza Hospitalization (Avg 7 Day),,National,2221.29
202219,2021-22,Average patients with influenza in ICU,,National,264.14
202226,2021-22,Influenza Hospital Admissions Rate Per 100k,,National,0.31
202226,2021-22,Influenza Hospital Admissions,,National,1028.0
202226,2021-22,Influenza Hospitalization (Avg 7 Day),,National,1253.0
202226,2021-22,Average patients with influenza in ICU,,National,199.57
202235,2021-22,Influenza Hospital Admissions Rate Per 100k,,National,0.16
202235,2021-22,Influenza Hospital Admissions,,National,517.0
202235,2021-22,Influenza Hospitalization (Avg 7 Day),,National,875.43
202235,2021-22,Average patients with influenza in ICU,,National,149.71
202227,2021-22,Influenza Hospital Admissions Rate Per 100k,,National,0.22
202227,2021-22,Influenza Hospital Admissions,,National,744.0
202227,2021-22,Influenza Hospitalization (Avg 7 Day),,National,1097.29
202227,2021-22,Average patients with influenza in ICU,,National,178.57
202228,2021-22,Influenza Hospital Admissions Rate Per 100k,,National,0.22
202228,2021-22,Influenza Hospital Admissions,,National,730.0
202228,2021-22,Influenza Hospitalization (Avg 7 Day),,National,1024.43
202228,2021-22,Average patients with influenza in ICU,,National,165.0
202236,2021-22,Influenza Hospital Admissions Rate Per 100k,,National,0.17
202236,2021-22,Influenza Hospital Admissions,,National,548.0
202236,2021-22,Influenza Hospitalization (Avg 7 Day),,National,891.86
202236,2021-22,Average patients with influenza in ICU,,National,153.43
202237,2021-22,Influenza Hospital Admissions Rate Per 100k,,National,0.19
202237,2021-22,Influenza Hospital Admissions,,National,643.0
202237,2021-22,Influenza Hospitalization (Avg 7 Day),,National,933.86
202237,2021-22,Average patients with influenza in ICU,,National,155.29
202238,2021-22,Influenza Hospital Admissions Rate Per 100k,,National,0.21
202238,2021-22,Influenza Hospital Admissions,,National,686.0
202238,2021-22,Influenza Hospitalization (Avg 7 Day),,National,981.86
202238,2021-22,Average patients with influenza in ICU,,National,159.57
202145,2021-22,Influenza Hospital Admissions Rate Per 100k,,National,0.1
202145,2021-22,Influenza Hospital Admissions,,National,329.0
202145,2021-22,Influenza Hospitalization (Avg 7 Day),,National,295.71
202145,2021-22,Average patients with influenza in ICU,,National,55.57
202146,2021-22,Influenza Hospital Admissions Rate Per 100k,,National,0.1
202146,2021-22,Influenza Hospital Admissions,,National,342.0
202146,2021-22,Influenza Hospitalization (Avg 7 Day),,National,322.0
202146,2021-22,Average patients with influenza in ICU,,National,61.86
202205,2021-22,Influenza Hospital Admissions Rate Per 100k,,National,0.28
202205,2021-22,Influenza Hospital Admissions,,National,913.0
202205,2021-22,Influenza Hospitalization (Avg 7 Day),,National,760.86
202205,2021-22,Average patients with influenza in ICU,,National,131.43
202206,2021-22,Influenza Hospital Admissions Rate Per 100k,,National,0.32
202206,2021-22,Influenza Hospital Admissions,,National,1052.0
202206,2021-22,Influenza Hospitalization (Avg 7 Day),,National,804.43
202206,2021-22,Average patients with influenza in ICU,,National,135.43
202211,2021-22,Influenza Hospital Admissions Rate Per 100k,,National,0.77
202211,2021-22,Influenza Hospital Admissions,,National,2567.0
202211,2021-22,Influenza Hospitalization (Avg 7 Day),,National,1449.14
202211,2021-22,Average patients with influenza in ICU,,National,196.57
202212,2021-22,Influenza Hospital Admissions Rate Per 100k,,National,0.85
202212,2021-22,Influenza Hospital Admissions,,National,2826.0
202212,2021-22,Influenza Hospitalization (Avg 7 Day),,National,1713.57
202212,2021-22,Average patients with influenza in ICU,,National,223.86
202220,2021-22,Influenza Hospital Admissions Rate Per 100k,,National,0.91
202220,2021-22,Influenza Hospital Admissions,,National,3021.0
202220,2021-22,Influenza Hospitalization (Avg 7 Day),,National,2285.86
202220,2021-22,Average patients with influenza in ICU,,National,281.86
202221,2021-22,Influenza Hospital Admissions Rate Per 100k,,National,0.81
202229,2021-22,Influenza Hospital Admissions Rate Per 100k,,National,0.18
202229,2021-22,Influenza Hospital Admissions,,National,590.0
202229,2021-22,Influenza Hospitalization (Avg 7 Day),,National,932.86
202229,2021-22,Average patients with influenza in ICU,,National,165.29
202221,2021-22,Influenza Hospital Admissions,,National,2669.0
202213,2021-22,Influenza Hospital Admissions Rate Per 100k,,National,0.88
202213,2021-22,Influenza Hospital Admissions,,National,2927.0
202213,2021-22,Influenza Hospitalization (Avg 7 Day),,National,1819.71
202213,2021-22,Average patients with influenza in ICU,,National,258.57
202221,2021-22,Influenza Hospitalization (Avg 7 Day),,National,2136.14
202221,2021-22,Average patients with influenza in ICU,,National,291.57
202222,2021-22,Influenza Hospital Admissions Rate Per 100k,,National,0.78
202222,2021-22,Influenza Hospital Admissions,,National,2600.0
202222,2021-22,Influenza Hospitalization (Avg 7 Day),,National,2034.71
202222,2021-22,Average patients with influenza in ICU,,National,274.86
202230,2021-22,Influenza Hospital Admissions Rate Per 100k,,National,0.15
202230,2021-22,Influenza Hospital Admissions,,National,503.0
202230,2021-22,Influenza Hospitalization (Avg 7 Day),,National,851.0
202230,2021-22,Average patients with influenza in ICU,,National,154.29
202231,2021-22,Influenza Hospital Admissions Rate Per 100k,,National,0.14
202231,2021-22,Influenza Hospital Admissions,,National,476.0
202231,2021-22,Influenza Hospitalization (Avg 7 Day),,National,834.14
202231,2021-22,Average patients with influenza in ICU,,National,149.43
202239,2021-22,Influenza Hospital Admissions Rate Per 100k,,National,0.26
202239,2021-22,Influenza Hospital Admissions,,National,870.0
202239,2021-22,Influenza Hospitalization (Avg 7 Day),,National,1062.57
202239,2021-22,Average patients with influenza in ICU,,National,160.0
202232,2021-22,Influenza Hospital Admissions Rate Per 100k,,National,0.14
202232,2021-22,Influenza Hospital Admissions,,National,472.0
202232,2021-22,Influenza Hospitalization (Avg 7 Day),,National,822.0
202232,2021-22,Average patients with influenza in ICU,,National,143.86
202223,2021-22,Influenza Hospital Admissions Rate Per 100k,,National,0.63
202223,2021-22,Influenza Hospital Admissions,,National,2100.0
202223,2021-22,Influenza Hospitalization (Avg 7 Day),,National,1819.86
202223,2021-22,Average patients with influenza in ICU,,National,260.14
202147,2021-22,Influenza Hospital Admissions Rate Per 100k,,National,0.14
202147,2021-22,Influenza Hospital Admissions,,National,452.0
202147,2021-22,Influenza Hospitalization (Avg 7 Day),,National,392.71
202147,2021-22,Average patients with influenza in ICU,,National,65.43
202214,2021-22,Influenza Hospital Admissions Rate Per 100k,,National,0.93
202214,2021-22,Influenza Hospital Admissions,,National,3083.0
202214,2021-22,Influenza Hospitalization (Avg 7 Day),,National,2017.0
202214,2021-22,Average patients with influenza in ICU,,National,270.43
202215,2021-22,Influenza Hospital Admissions Rate Per 100k,,National,0.98
202215,2021-22,Influenza Hospital Admissions,,National,3243.0
202215,2021-22,Influenza Hospitalization (Avg 7 Day),,National,2194.71
202215,2021-22,Average patients with influenza in ICU,,National,290.57
202140,2021-22,Influenza Hospital Admissions Rate Per 100k,,National,0.08
202140,2021-22,Influenza Hospital Admissions,,National,250.0
202140,2021-22,Influenza Hospitalization (Avg 7 Day),,National,244.86
202140,2021-22,Average patients with influenza in ICU,,National,48.57
202148,2021-22,Influenza Hospital Admissions Rate Per 100k,,National,0.24
202148,2021-22,Influenza Hospital Admissions,,National,804.0
202148,2021-22,Influenza Hospitalization (Avg 7 Day),,National,551.57
202148,2021-22,Average patients with influenza in ICU,,National,80.43
202149,2021-22,Influenza Hospital Admissions Rate Per 100k,,National,0.3
202149,2021-22,Influenza Hospital Admissions,,National,1007.0
202207,2021-22,Influenza Hospital Admissions Rate Per 100k,,National,0.4
202207,2021-22,Influenza Hospital Admissions,,National,1342.0
202207,2021-22,Influenza Hospitalization (Avg 7 Day),,National,860.0
202207,2021-22,Average patients with influenza in ICU,,National,121.57
202149,2021-22,Influenza Hospitalization (Avg 7 Day),,National,744.71
202149,2021-22,Average patients with influenza in ICU,,National,114.29
202150,2021-22,Influenza Hospital Admissions Rate Per 100k,,National,0.37
202150,2021-22,Influenza Hospital Admissions,,National,1232.0
202150,2021-22,Influenza Hospitalization (Avg 7 Day),,National,885.43
202150,2021-22,Average patients with influenza in ICU,,National,116.57
202141,2021-22,Influenza Hospital Admissions Rate Per 100k,,National,0.07
202141,2021-22,Influenza Hospital Admissions,,National,225.0
202141,2021-22,Influenza Hospitalization (Avg 7 Day),,National,245.14
202141,2021-22,Average patients with influenza in ICU,,National,37.86
202219,2021-22,Influenza Hospital Admissions,,National,3017.0
202219,2021-22,Influenza Hospitalization (Avg 7 Day),,National,2221.29
202219,2021-22,Average patients with influenza in ICU,,National,264.14
202220,2021-22,Influenza Hospital Admissions Rate Per 100k,,National,0.91
202220,2021-22,Influenza Hospital Admissions,,National,3021.0
202220,2021-22,Influenza Hospitalization (Avg 7 Day),,National,2285.86
202220,2021-22,Average patients with influenza in ICU,,National,281.86
202230,2021-22,Influenza Hospital Admissions Rate Per 100k,,National,0.15
202230,2021-22,Influenza Hospital Admissions,,National,503.0
202230,2021-22,Influenza Hospitalization (Avg 7 Day),,National,851.0
202230,2021-22,Average patients with influenza in ICU,,National,154.29
202147,2021-22,Influenza Hospital Admissions Rate Per 100k,,National,0.14
202147,2021-22,Influenza Hospital Admissions,,National,452.0
202147,2021-22,Influenza Hospitalization (Avg 7 Day),,National,392.71
202147,2021-22,Average patients with influenza in ICU,,National,65.43
202203,2021-22,Influenza Hospital Admissions,,National,1019.0
202203,2021-22,Influenza Hospitalization (Avg 7 Day),,National,941.14
202203,2021-22,Average patients with influenza in ICU,,National,162.14
202204,2021-22,Influenza Hospital Admissions Rate Per 100k,,National,0.24
202204,2021-22,Influenza Hospital Admissions,,National,796.0
202204,2021-22,Influenza Hospitalization (Avg 7 Day),,National,769.0
202204,2021-22,Average patients with influenza in ICU,,National,139.29
202211,2021-22,Influenza Hospital Admissions Rate Per 100k,,National,0.77
202211,2021-22,Influenza Hospital Admissions,,National,2567.0
202211,2021-22,Influenza Hospitalization (Avg 7 Day),,National,1449.14
202211,2021-22,Average patients with influenza in ICU,,National,196.57
202338,2022-23,Influenza Hospital Admissions,,National,873.0
202338,2022-23,Influenza Hospitalization (Avg 7 Day),,National,747.0
202338,2022-23,Average patients with influenza in ICU,,National,153.43
202243,2022-23,Influenza Hospital Admissions Rate Per 100k,,National,1.22
202243,2022-23,Influenza Hospital Admissions,,National,4032.0
202243,2022-23,Influenza Hospitalization (Avg 7 Day),,National,2137.57
202243,2022-23,Average patients with influenza in ICU,,National,321.43
202302,2022-23,Influenza Hospital Admissions Rate Per 100k,,National,2.16
202302,2022-23,Influenza Hospital Admissions,,National,7158.0
202302,2022-23,Influenza Hospitalization (Avg 7 Day),,National,7386.71
202302,2022-23,Average patients with influenza in ICU,,National,1246.86
202303,2022-23,Influenza Hospital Admissions Rate Per 100k,,National,1.34
202303,2022-23,Influenza Hospital Admissions,,National,4427.0
202303,2022-23,Influenza Hospitalization (Avg 7 Day),,National,4524.57
202303,2022-23,Average patients with influenza in ICU,,National,801.86
202312,2022-23,Influenza Hospital Admissions,,National,1281.0
202312,2022-23,Influenza Hospitalization (Avg 7 Day),,National,1012.43
202312,2022-23,Average patients with influenza in ICU,,National,197.57
202313,2022-23,Influenza Hospital Admissions Rate Per 100k,,National,0.38
202313,2022-23,Influenza Hospital Admissions,,National,1268.0
202313,2022-23,Influenza Hospitalization (Avg 7 Day),,National,999.29
202313,2022-23,Average patients with influenza in ICU,,National,201.14
202324,2022-23,Influenza Hospital Admissions Rate Per 100k,,National,0.25
202324,2022-23,Influenza Hospital Admissions,,National,837.0
202324,2022-23,Influenza Hospitalization (Avg 7 Day),,National,737.29
202324,2022-23,Average patients with influenza in ICU,,National,154.86
202325,2022-23,Influenza Hospital Admissions Rate Per 100k,,National,0.24
202325,2022-23,Influenza Hospital Admissions,,National,811.0
202325,2022-23,Influenza Hospitalization (Avg 7 Day),,National,723.43
202325,2022-23,Average patients with influenza in ICU,,National,153.71
202339,2022-23,Influenza Hospital Admissions Rate Per 100k,,National,0.31
202339,2022-23,Influenza Hospital Admissions,,National,1015.0
202339,2022-23,Influenza Hospitalization (Avg 7 Day),,National,808.43
202339,2022-23,Average patients with influenza in ICU,,National,159.86
202314,2022-23,Influenza Hospital Admissions Rate Per 100k,,National,0.36
202314,2022-23,Influenza Hospital Admissions,,National,1184.0
202314,2022-23,Influenza Hospitalization (Avg 7 Day),,National,985.43
202314,2022-23,Average patients with influenza in ICU,,National,187.29
202326,2022-23,Influenza Hospital Admissions Rate Per 100k,,National,0.24
202326,2022-23,Influenza Hospital Admissions,,National,796.0
202326,2022-23,Influenza Hospitalization (Avg 7 Day),,National,707.29
202326,2022-23,Average patients with influenza in ICU,,National,155.29
202244,2022-23,Influenza Hospital Admissions Rate Per 100k,,National,1.87
202244,2022-23,Influenza Hospital Admissions,,National,6202.0
202244,2022-23,Influenza Hospitalization (Avg 7 Day),,National,3291.43
202244,2022-23,Average patients with influenza in ICU,,National,475.14
202245,2022-23,Influenza Hospital Admissions Rate Per 100k,,National,2.51
202245,2022-23,Influenza Hospital Admissions,,National,8329.0
202245,2022-23,Influenza Hospitalization (Avg 7 Day),,National,4636.14
202245,2022-23,Average patients with influenza in ICU,,National,644.0
202304,2022-23,Influenza Hospital Admissions Rate Per 100k,,National,0.92
202304,2022-23,Influenza Hospital Admissions,,National,3038.0
202304,2022-23,Influenza Hospitalization (Avg 7 Day),,National,3034.29
202304,2022-23,Average patients with influenza in ICU,,National,536.86
202315,2022-23,Influenza Hospital Admissions Rate Per 100k,,National,0.32
202315,2022-23,Influenza Hospital Admissions,,National,1049.0
202315,2022-23,Influenza Hospitalization (Avg 7 Day),,National,872.29
202315,2022-23,Average patients with influenza in ICU,,National,178.14
202316,2022-23,Influenza Hospital Admissions Rate Per 100k,,National,0.29
202316,2022-23,Influenza Hospital Admissions,,National,975.0
202316,2022-23,Influenza Hospitalization (Avg 7 Day),,National,814.57
202316,2022-23,Average patients with influenza in ICU,,National,172.57
202327,2022-23,Influenza Hospital Admissions Rate Per 100k,,National,0.2
202327,2022-23,Influenza Hospital Admissions,,National,662.0
202327,2022-23,Influenza Hospitalization (Avg 7 Day),,National,699.57
202327,2022-23,Average patients with influenza in ICU,,National,151.0
202328,2022-23,Influenza Hospital Admissions Rate Per 100k,,National,0.21
202246,2022-23,Influenza Hospital Admissions Rate Per 100k,,National,3.2
202246,2022-23,Influenza Hospital Admissions,,National,10593.0
202246,2022-23,Influenza Hospitalization (Avg 7 Day),,National,5890.57
202246,2022-23,Average patients with influenza in ICU,,National,832.29
202305,2022-23,Influenza Hospital Admissions Rate Per 100k,,National,0.72
202305,2022-23,Influenza Hospital Admissions,,National,2392.0
202305,2022-23,Influenza Hospitalization (Avg 7 Day),,National,2307.57
202305,2022-23,Average patients with influenza in ICU,,National,397.29
202306,2022-23,Influenza Hospital Admissions Rate Per 100k,,National,0.65
202306,2022-23,Influenza Hospital Admissions,,National,2162.0
202306,2022-23,Influenza Hospitalization (Avg 7 Day),,National,1885.29
202306,2022-23,Average patients with influenza in ICU,,National,338.29
202317,2022-23,Influenza Hospital Admissions Rate Per 100k,,National,0.27
202317,2022-23,Influenza Hospital Admissions,,National,901.0
202317,2022-23,Influenza Hospitalization (Avg 7 Day),,National,754.71
202317,2022-23,Average patients with influenza in ICU,,National,168.14
202328,2022-23,Influenza Hospital Admissions,,National,700.0
202328,2022-23,Influenza Hospitalization (Avg 7 Day),,National,628.14
202328,2022-23,Average patients with influenza in ICU,,National,147.57
202329,2022-23,Influenza Hospital Admissions Rate Per 100k,,National,0.18
202329,2022-23,Influenza Hospital Admissions,,National,600.0
202329,2022-23,Influenza Hospitalization (Avg 7 Day),,National,620.0
202329,2022-23,Average patients with influenza in ICU,,National,148.14
202247,2022-23,Influenza Hospital Admissions Rate Per 100k,,National,5.31
202247,2022-23,Influenza Hospital Admissions,,National,17601.0
202247,2022-23,Influenza Hospitalization (Avg 7 Day),,National,8737.0
202247,2022-23,Average patients with influenza in ICU,,National,1175.14
202248,2022-23,Influenza Hospital Admissions Rate Per 100k,,National,7.81
202248,2022-23,Influenza Hospital Admissions,,National,25882.0
202248,2022-23,Influenza Hospitalization (Avg 7 Day),,National,15268.14
202248,2022-23,Average patients with influenza in ICU,,National,2108.14
202249,2022-23,Influenza Hospital Admissions Rate Per 100k,,National,7.06
202249,2022-23,Influenza Hospital Admissions,,National,23389.0
202249,2022-23,Influenza Hospitalization (Avg 7 Day),,National,15926.0
202249,2022-23,Average patients with influenza in ICU,,National,2296.71
202307,2022-23,Influenza Hospital Admissions Rate Per 100k,,National,0.57
202307,2022-23,Influenza Hospital Admissions,,National,1874.0
202307,2022-23,Influenza Hospitalization (Avg 7 Day),,National,1617.0
202307,2022-23,Average patients with influenza in ICU,,National,292.29
202318,2022-23,Influenza Hospital Admissions Rate Per 100k,,National,0.27
202318,2022-23,Influenza Hospital Admissions,,National,897.0
202318,2022-23,Influenza Hospitalization (Avg 7 Day),,National,727.14
202318,2022-23,Average patients with influenza in ICU,,National,162.0
202319,2022-23,Influenza Hospital Admissions Rate Per 100k,,National,0.29
202319,2022-23,Influenza Hospital Admissions,,National,966.0
202319,2022-23,Influenza Hospitalization (Avg 7 Day),,National,748.71
202319,2022-23,Average patients with influenza in ICU,,National,146.86
202330,2022-23,Influenza Hospital Admissions Rate Per 100k,,National,0.2
202330,2022-23,Influenza Hospital Admissions,,National,647.0
202330,2022-23,Influenza Hospitalization (Avg 7 Day),,National,599.0
202330,2022-23,Average patients with influenza in ICU,,National,146.29
202250,2022-23,Influenza Hospital Admissions Rate Per 100k,,National,6.37
202250,2022-23,Influenza Hospital Admissions,,National,21128.0
202250,2022-23,Influenza Hospitalization (Avg 7 Day),,National,14636.29
202250,2022-23,Average patients with influenza in ICU,,National,2224.0
202308,2022-23,Influenza Hospital Admissions Rate Per 100k,,National,0.49
202308,2022-23,Influenza Hospital Admissions,,National,1636.0
202308,2022-23,Influenza Hospitalization (Avg 7 Day),,National,1440.86
202308,2022-23,Average patients with influenza in ICU,,National,267.43
202309,2022-23,Influenza Hospital Admissions Rate Per 100k,,National,0.45
202309,2022-23,Influenza Hospital Admissions,,National,1485.0
202309,2022-23,Influenza Hospitalization (Avg 7 Day),,National,1265.57
202309,2022-23,Average patients with influenza in ICU,,National,227.14
202320,2022-23,Influenza Hospital Admissions Rate Per 100k,,National,0.27
202320,2022-23,Influenza Hospital Admissions,,National,893.0
202320,2022-23,Influenza Hospitalization (Avg 7 Day),,National,723.0
202320,2022-23,Average patients with influenza in ICU,,National,143.43
202331,2022-23,Influenza Hospital Admissions Rate Per 100k,,National,0.2
202331,2022-23,Influenza Hospital Admissions,,National,671.0
202331,2022-23,Influenza Hospitalization (Avg 7 Day),,National,615.14
202331,2022-23,Average patients with influenza in ICU,,National,143.29
202332,2022-23,Influenza Hospital Admissions Rate Per 100k,,National,0.21
202332,2022-23,Influenza Hospital Admissions,,National,699.0
202332,2022-23,Influenza Hospitalization (Avg 7 Day),,National,613.0
202332,2022-23,Average patients with influenza in ICU,,National,138.14
202240,2022-23,Influenza Hospital Admissions Rate Per 100k,,National,0.38
202240,2022-23,Influenza Hospital Admissions,,National,1261.0
202240,2022-23,Influenza Hospitalization (Avg 7 Day),,National,1231.14
202240,2022-23,Average patients with influenza in ICU,,National,177.57
202251,2022-23,Influenza Hospital Admissions Rate Per 100k,,National,5.85
202251,2022-23,Influenza Hospital Admissions,,National,19390.0
202251,2022-23,Influenza Hospitalization (Avg 7 Day),,National,13480.43
202251,2022-23,Average patients with influenza in ICU,,National,2054.0
202252,2022-23,Influenza Hospital Admissions Rate Per 100k,,National,5.81
202252,2022-23,Influenza Hospital Admissions,,National,19267.0
202252,2022-23,Influenza Hospitalization (Avg 7 Day),,National,13384.43
202252,2022-23,Average patients with influenza in ICU,,National,2061.14
202310,2022-23,Influenza Hospital Admissions Rate Per 100k,,National,0.41
202310,2022-23,Influenza Hospital Admissions,,National,1360.0
202310,2022-23,Influenza Hospitalization (Avg 7 Day),,National,1139.29
202310,2022-23,Average patients with influenza in ICU,,National,218.0
202321,2022-23,Influenza Hospital Admissions Rate Per 100k,,National,0.28
202321,2022-23,Influenza Hospital Admissions,,National,933.0
202321,2022-23,Influenza Hospitalization (Avg 7 Day),,National,756.29
202321,2022-23,Average patients with influenza in ICU,,National,166.14
202322,2022-23,Influenza Hospital Admissions Rate Per 100k,,National,0.28
202322,2022-23,Influenza Hospital Admissions,,National,920.0
202322,2022-23,Influenza Hospitalization (Avg 7 Day),,National,805.57
202322,2022-23,Average patients with influenza in ICU,,National,163.71
202333,2022-23,Influenza Hospital Admissions Rate Per 100k,,National,0.22
202333,2022-23,Influenza Hospital Admissions,,National,736.0
202333,2022-23,Influenza Hospitalization (Avg 7 Day),,National,647.43
202333,2022-23,Average patients with influenza in ICU,,National,142.14
202247,2022-23,Influenza Hospital Admissions,,National,17601.0
202321,2022-23,Influenza Hospitalization (Avg 7 Day),,National,756.29
202331,2022-23,Influenza Hospital Admissions Rate Per 100k,,National,0.2
202311,2022-23,Influenza Hospital Admissions Rate Per 100k,,National,0.43
202311,2022-23,Influenza Hospital Admissions,,National,1414.0
202311,2022-23,Influenza Hospitalization (Avg 7 Day),,National,1089.43
202311,2022-23,Average patients with influenza in ICU,,National,201.0
202312,2022-23,Influenza Hospital Admissions Rate Per 100k,,National,0.39
202312,2022-23,Influenza Hospital Admissions,,National,1281.0
202312,2022-23,Influenza Hospitalization (Avg 7 Day),,National,1012.43
202312,2022-23,Average patients with influenza in ICU,,National,197.57
202317,2022-23,Influenza Hospital Admissions Rate Per 100k,,National,0.27
202317,2022-23,Influenza Hospital Admissions,,National,901.0
202317,2022-23,Influenza Hospitalization (Avg 7 Day),,National,754.71
202317,2022-23,Average patients with influenza in ICU,,National,168.14
202318,2022-23,Influenza Hospital Admissions Rate Per 100k,,National,0.27
202318,2022-23,Influenza Hospital Admissions,,National,897.0
202318,2022-23,Influenza Hospitalization (Avg 7 Day),,National,727.14
202318,2022-23,Average patients with influenza in ICU,,National,162.0
202321,2022-23,Average patients with influenza in ICU,,National,166.14
202322,2022-23,Influenza Hospital Admissions Rate Per 100k,,National,0.28
202322,2022-23,Influenza Hospital Admissions,,National,920.0
202322,2022-23,Influenza Hospitalization (Avg 7 Day),,National,805.57
202322,2022-23,Average patients with influenza in ICU,,National,163.71
202327,2022-23,Influenza Hospital Admissions Rate Per 100k,,National,0.2
202327,2022-23,Influenza Hospital Admissions,,National,662.0
202327,2022-23,Influenza Hospitalization (Avg 7 Day),,National,699.57
202327,2022-23,Average patients with influenza in ICU,,National,151.0
202328,2022-23,Influenza Hospital Admissions Rate Per 100k,,National,0.21
202328,2022-23,Influenza Hospital Admissions,,National,700.0
202328,2022-23,Influenza Hospitalization (Avg 7 Day),,National,628.14
202328,2022-23,Average patients with influenza in ICU,,National,147.57
202339,2022-23,Influenza Hospital Admissions Rate Per 100k,,National,0.31
202339,2022-23,Influenza Hospital Admissions,,National,1015.0
202339,2022-23,Influenza Hospitalization (Avg 7 Day),,National,808.43
202339,2022-23,Average patients with influenza in ICU,,National,159.86
202242,2022-23,Influenza Hospital Admissions Rate Per 100k,,National,0.66
202242,2022-23,Influenza Hospital Admissions,,National,2191.0
202242,2022-23,Influenza Hospitalization (Avg 7 Day),,National,1366.71
202242,2022-23,Average patients with influenza in ICU,,National,225.71
202247,2022-23,Influenza Hospitalization (Avg 7 Day),,National,8737.0
202247,2022-23,Average patients with influenza in ICU,,National,1175.14
202248,2022-23,Influenza Hospital Admissions Rate Per 100k,,National,7.81
202248,2022-23,Influenza Hospital Admissions,,National,25882.0
202248,2022-23,Influenza Hospitalization (Avg 7 Day),,National,15268.14
202248,2022-23,Average patients with influenza in ICU,,National,2108.14
202252,2022-23,Influenza Hospital Admissions Rate Per 100k,,National,5.81
202252,2022-23,Influenza Hospital Admissions,,National,19267.0
202252,2022-23,Influenza Hospitalization (Avg 7 Day),,National,13384.43
202252,2022-23,Average patients with influenza in ICU,,National,2061.14
202306,2022-23,Influenza Hospital Admissions Rate Per 100k,,National,0.65
202306,2022-23,Influenza Hospital Admissions,,National,2162.0
202306,2022-23,Influenza Hospitalization (Avg 7 Day),,National,1885.29
202306,2022-23,Average patients with influenza in ICU,,National,338.29
202313,2022-23,Influenza Hospital Admissions Rate Per 100k,,National,0.38
202313,2022-23,Influenza Hospital Admissions,,National,1268.0
202313,2022-23,Influenza Hospitalization (Avg 7 Day),,National,999.29
202313,2022-23,Average patients with influenza in ICU,,National,201.14
202337,2022-23,Influenza Hospital Admissions Rate Per 100k,,National,0.25
202337,2022-23,Influenza Hospital Admissions,,National,815.0
202337,2022-23,Influenza Hospitalization (Avg 7 Day),,National,741.29
202337,2022-23,Average patients with influenza in ICU,,National,155.29
202319,2022-23,Influenza Hospital Admissions Rate Per 100k,,National,0.29
202319,2022-23,Influenza Hospital Admissions,,National,966.0
202319,2022-23,Influenza Hospitalization (Avg 7 Day),,National,748.71
202319,2022-23,Average patients with influenza in ICU,,National,146.86
202323,2022-23,Influenza Hospital Admissions Rate Per 100k,,National,0.27
202323,2022-23,Influenza Hospital Admissions,,National,908.0
202323,2022-23,Influenza Hospitalization (Avg 7 Day),,National,793.14
202323,2022-23,Average patients with influenza in ICU,,National,151.86
202321,2022-23,Influenza Hospital Admissions Rate Per 100k,,National,0.28
202321,2022-23,Influenza Hospital Admissions,,National,933.0
202338,2022-23,Influenza Hospital Admissions Rate Per 100k,,National,0.26
202338,2022-23,Influenza Hospital Admissions,,National,873.0
202338,2022-23,Influenza Hospitalization (Avg 7 Day),,National,747.0
202338,2022-23,Average patients with influenza in ICU,,National,153.43
202324,2022-23,Influenza Hospital Admissions Rate Per 100k,,National,0.25
202324,2022-23,Influenza Hospital Admissions,,National,837.0
202324,2022-23,Influenza Hospitalization (Avg 7 Day),,National,737.29
202324,2022-23,Average patients with influenza in ICU,,National,154.86
202325,2022-23,Influenza Hospital Admissions Rate Per 100k,,National,0.24
202325,2022-23,Influenza Hospital Admissions,,National,811.0
202325,2022-23,Influenza Hospitalization (Avg 7 Day),,National,723.43
202325,2022-23,Average patients with influenza in ICU,,National,153.71
202329,2022-23,Influenza Hospital Admissions Rate Per 100k,,National,0.18
202329,2022-23,Influenza Hospital Admissions,,National,600.0
202329,2022-23,Influenza Hospitalization (Avg 7 Day),,National,620.0
202329,2022-23,Average patients with influenza in ICU,,National,148.14
202334,2022-23,Influenza Hospital Admissions Rate Per 100k,,National,0.23
202334,2022-23,Influenza Hospital Admissions,,National,768.0
202334,2022-23,Influenza Hospitalization (Avg 7 Day),,National,674.43
202334,2022-23,Average patients with influenza in ICU,,National,143.86
202335,2022-23,Influenza Hospital Admissions Rate Per 100k,,National,0.26
202335,2022-23,Influenza Hospital Admissions,,National,864.0
202335,2022-23,Influenza Hospitalization (Avg 7 Day),,National,690.0
202335,2022-23,Average patients with influenza in ICU,,National,157.43
202336,2022-23,Influenza Hospital Admissions Rate Per 100k,,National,0.24
202336,2022-23,Influenza Hospital Admissions,,National,787.0
202336,2022-23,Influenza Hospitalization (Avg 7 Day),,National,718.71
202336,2022-23,Average patients with influenza in ICU,,National,153.0
202243,2022-23,Influenza Hospital Admissions Rate Per 100k,,National,1.22
202243,2022-23,Influenza Hospital Admissions,,National,4032.0
202243,2022-23,Influenza Hospitalization (Avg 7 Day),,National,2137.57
202243,2022-23,Average patients with influenza in ICU,,National,321.43
202244,2022-23,Influenza Hospital Admissions Rate Per 100k,,National,1.87
202244,2022-23,Influenza Hospital Admissions,,National,6202.0
202244,2022-23,Influenza Hospitalization (Avg 7 Day),,National,3291.43
202244,2022-23,Average patients with influenza in ICU,,National,475.14
202247,2022-23,Influenza Hospital Admissions Rate Per 100k,,National,5.31
202333,2022-23,Influenza Hospital Admissions Rate Per 100k,,National,0.22
202333,2022-23,Influenza Hospital Admissions,,National,736.0
202333,2022-23,Influenza Hospitalization (Avg 7 Day),,National,647.43
202333,2022-23,Average patients with influenza in ICU,,National,142.14
202249,2022-23,Influenza Hospital Admissions Rate Per 100k,,National,7.06
202249,2022-23,Influenza Hospital Admissions,,National,23389.0
202249,2022-23,Influenza Hospitalization (Avg 7 Day),,National,15926.0
202249,2022-23,Average patients with influenza in ICU,,National,2296.71
202301,2022-23,Influenza Hospital Admissions Rate Per 100k,,National,4.22
202301,2022-23,Influenza Hospital Admissions,,National,13973.0
202301,2022-23,Influenza Hospitalization (Avg 7 Day),,National,11963.57
202301,2022-23,Average patients with influenza in ICU,,National,1880.0
202302,2022-23,Influenza Hospital Admissions Rate Per 100k,,National,2.16
202302,2022-23,Influenza Hospital Admissions,,National,7158.0
202302,2022-23,Influenza Hospitalization (Avg 7 Day),,National,7386.71
202302,2022-23,Average patients with influenza in ICU,,National,1246.86
202331,2022-23,Influenza Hospital Admissions,,National,671.0
202331,2022-23,Influenza Hospitalization (Avg 7 Day),,National,615.14
202331,2022-23,Average patients with influenza in ICU,,National,143.29
202332,2022-23,Influenza Hospital Admissions Rate Per 100k,,National,0.21
202332,2022-23,Influenza Hospital Admissions,,National,699.0
202332,2022-23,Influenza Hospitalization (Avg 7 Day),,National,613.0
202332,2022-23,Average patients with influenza in ICU,,National,138.14
202303,2022-23,Influenza Hospital Admissions Rate Per 100k,,National,1.34
202303,2022-23,Influenza Hospital Admissions,,National,4427.0
202303,2022-23,Influenza Hospitalization (Avg 7 Day),,National,4524.57
202303,2022-23,Average patients with influenza in ICU,,National,801.86
202307,2022-23,Influenza Hospital Admissions Rate Per 100k,,National,0.57
202307,2022-23,Influenza Hospital Admissions,,National,1874.0
202307,2022-23,Influenza Hospitalization (Avg 7 Day),,National,1617.0
202307,2022-23,Average patients with influenza in ICU,,National,292.29
202308,2022-23,Influenza Hospital Admissions Rate Per 100k,,National,0.49
202308,2022-23,Influenza Hospital Admissions,,National,1636.0
202308,2022-23,Influenza Hospitalization (Avg 7 Day),,National,1440.86
202314,2022-23,Influenza Hospital Admissions Rate Per 100k,,National,0.36
202314,2022-23,Influenza Hospital Admissions,,National,1184.0
202314,2022-23,Influenza Hospitalization (Avg 7 Day),,National,985.43
202314,2022-23,Average patients with influenza in ICU,,National,187.29
202315,2022-23,Influenza Hospital Admissions Rate Per 100k,,National,0.32
202315,2022-23,Influenza Hospital Admissions,,National,1049.0
202315,2022-23,Influenza Hospitalization (Avg 7 Day),,National,872.29
202315,2022-23,Average patients with influenza in ICU,,National,178.14
202305,2022-23,Influenza Hospitalization (Avg 7 Day),,National,2307.57
202305,2022-23,Average patients with influenza in ICU,,National,397.29
202308,2022-23,Average patients with influenza in ICU,,National,267.43
202330,2022-23,Influenza Hospital Admissions Rate Per 100k,,National,0.2
202330,2022-23,Influenza Hospital Admissions,,National,647.0
202330,2022-23,Influenza Hospitalization (Avg 7 Day),,National,599.0
202330,2022-23,Average patients with influenza in ICU,,National,146.29
202309,2022-23,Influenza Hospital Admissions Rate Per 100k,,National,0.45
202309,2022-23,Influenza Hospital Admissions,,National,1485.0
202309,2022-23,Influenza Hospitalization (Avg 7 Day),,National,1265.57
202309,2022-23,Average patients with influenza in ICU,,National,227.14
202326,2022-23,Influenza Hospital Admissions Rate Per 100k,,National,0.24
202326,2022-23,Influenza Hospital Admissions,,National,796.0
202326,2022-23,Influenza Hospitalization (Avg 7 Day),,National,707.29
202326,2022-23,Average patients with influenza in ICU,,National,155.29
202320,2022-23,Influenza Hospital Admissions Rate Per 100k,,National,0.27
202320,2022-23,Influenza Hospital Admissions,,National,893.0
202320,2022-23,Influenza Hospitalization (Avg 7 Day),,National,723.0
202320,2022-23,Average patients with influenza in ICU,,National,143.43
202316,2022-23,Influenza Hospital Admissions Rate Per 100k,,National,0.29
202316,2022-23,Influenza Hospital Admissions,,National,975.0
202316,2022-23,Influenza Hospitalization (Avg 7 Day),,National,814.57
202316,2022-23,Average patients with influenza in ICU,,National,172.57
202245,2022-23,Influenza Hospital Admissions Rate Per 100k,,National,2.51
202245,2022-23,Influenza Hospital Admissions,,National,8329.0
202245,2022-23,Influenza Hospitalization (Avg 7 Day),,National,4636.14
202245,2022-23,Average patients with influenza in ICU,,National,644.0
202310,2022-23,Influenza Hospital Admissions Rate Per 100k,,National,0.41
202310,2022-23,Influenza Hospital Admissions,,National,1360.0
202310,2022-23,Influenza Hospitalization (Avg 7 Day),,National,1139.29
202310,2022-23,Average patients with influenza in ICU,,National,218.0
202304,2022-23,Influenza Hospital Admissions Rate Per 100k,,National,0.92
202304,2022-23,Influenza Hospital Admissions,,National,3038.0
202304,2022-23,Influenza Hospitalization (Avg 7 Day),,National,3034.29
202304,2022-23,Average patients with influenza in ICU,,National,536.86
202305,2022-23,Influenza Hospital Admissions Rate Per 100k,,National,0.72
202305,2022-23,Influenza Hospital Admissions,,National,2392.0
202250,2022-23,Influenza Hospital Admissions Rate Per 100k,,National,6.37
202250,2022-23,Influenza Hospital Admissions,,National,21128.0
202250,2022-23,Influenza Hospitalization (Avg 7 Day),,National,14636.29
202250,2022-23,Average patients with influenza in ICU,,National,2224.0
202251,2022-23,Influenza Hospital Admissions Rate Per 100k,,National,5.85
202251,2022-23,Influenza Hospital Admissions,,National,19390.0
202251,2022-23,Influenza Hospitalization (Avg 7 Day),,National,13480.43
202251,2022-23,Average patients with influenza in ICU,,National,2054.0
202246,2022-23,Influenza Hospital Admissions Rate Per 100k,,National,3.2
202246,2022-23,Influenza Hospital Admissions,,National,10593.0
202246,2022-23,Influenza Hospitalization (Avg 7 Day),,National,5890.57
202246,2022-23,Average patients with influenza in ICU,,National,832.29
202240,2022-23,Influenza Hospital Admissions Rate Per 100k,,National,0.38
202240,2022-23,Influenza Hospital Admissions,,National,1261.0
202240,2022-23,Influenza Hospitalization (Avg 7 Day),,National,1231.14
202240,2022-23,Average patients with influenza in ICU,,National,177.57
202241,2022-23,Influenza Hospital Admissions Rate Per 100k,,National,0.48
202241,2022-23,Influenza Hospital Admissions,,National,1599.0
202241,2022-23,Influenza Hospitalization (Avg 7 Day),,National,1311.14
202241,2022-23,Average patients with influenza in ICU,,National,213.0
202241,2022-23,Influenza Hospital Admissions Rate Per 100k,,National,0.48
202241,2022-23,Influenza Hospital Admissions,,National,1599.0
202241,2022-23,Influenza Hospitalization (Avg 7 Day),,National,1311.14
202241,2022-23,Average patients with influenza in ICU,,National,213.0
202242,2022-23,Influenza Hospital Admissions Rate Per 100k,,National,0.66
202242,2022-23,Influenza Hospital Admissions,,National,2191.0
202242,2022-23,Influenza Hospitalization (Avg 7 Day),,National,1366.71
202242,2022-23,Average patients with influenza in ICU,,National,225.71
202301,2022-23,Influenza Hospital Admissions Rate Per 100k,,National,4.22
202301,2022-23,Influenza Hospital Admissions,,National,13973.0
202301,2022-23,Influenza Hospitalization (Avg 7 Day),,National,11963.57
202301,2022-23,Average patients with influenza in ICU,,National,1880.0
202311,2022-23,Influenza Hospital Admissions Rate Per 100k,,National,0.43
202311,2022-23,Influenza Hospital Admissions,,National,1414.0
202311,2022-23,Influenza Hospitalization (Avg 7 Day),,National,1089.43
202311,2022-23,Average patients with influenza in ICU,,National,201.0
202323,2022-23,Influenza Hospital Admissions Rate Per 100k,,National,0.27
202323,2022-23,Influenza Hospital Admissions,,National,908.0
202323,2022-23,Influenza Hospitalization (Avg 7 Day),,National,793.14
202323,2022-23,Average patients with influenza in ICU,,National,151.86
202334,2022-23,Influenza Hospital Admissions Rate Per 100k,,National,0.23
202334,2022-23,Influenza Hospital Admissions,,National,768.0
202334,2022-23,Influenza Hospitalization (Avg 7 Day),,National,674.43
202334,2022-23,Average patients with influenza in ICU,,National,143.86
202335,2022-23,Influenza Hospital Admissions Rate Per 100k,,National,0.26
202335,2022-23,Influenza Hospital Admissions,,National,864.0
202335,2022-23,Influenza Hospitalization (Avg 7 Day),,National,690.0
202335,2022-23,Average patients with influenza in ICU,,National,157.43
202405,2023-24,Influenza Hospitalization (Avg 7 Day),,National,8645.57
202405,2023-24,Average patients with influenza in ICU,,National,1498.57
202417,2023-24,Influenza Hospital Admissions Rate Per 100k,,National,0.7
202417,2023-24,Influenza Hospital Admissions,,National,2329.0
202417,2023-24,Influenza Hospitalization (Avg 7 Day),,National,2232.43
202417,2023-24,Average patients with influenza in ICU,,National,367.29
202418,2023-24,Influenza Hospital Admissions Rate Per 100k,,National,0.44
202418,2023-24,Influenza Hospital Admissions,,National,1461.0
202418,2023-24,Influenza Hospitalization (Avg 7 Day),,National,1421.0
202418,2023-24,Average patients with influenza in ICU,,National,179.57
202430,2023-24,Influenza Hospital Admissions Rate Per 100k,,National,0.08
202430,2023-24,Influenza Hospital Admissions,,National,268.0
202430,2023-24,Influenza Hospitalization (Avg 7 Day),,National,257.57
202430,2023-24,Average patients with influenza in ICU,,National,36.86
202431,2023-24,Influenza Hospital Admissions Rate Per 100k,,National,0.08
202431,2023-24,Influenza Hospital Admissions,,National,274.0
202431,2023-24,Influenza Hospitalization (Avg 7 Day),,National,229.57
202431,2023-24,Average patients with influenza in ICU,,National,31.71
202406,2023-24,Influenza Hospital Admissions Rate Per 100k,,National,3.27
202406,2023-24,Influenza Hospital Admissions,,National,10849.0
202406,2023-24,Influenza Hospitalization (Avg 7 Day),,National,7873.0
202406,2023-24,Average patients with influenza in ICU,,National,1340.71
202419,2023-24,Influenza Hospital Admissions Rate Per 100k,,National,0.25
202419,2023-24,Influenza Hospital Admissions,,National,832.0
202419,2023-24,Influenza Hospitalization (Avg 7 Day),,National,915.29
202419,2023-24,Average patients with influenza in ICU,,National,101.29
202432,2023-24,Influenza Hospital Admissions Rate Per 100k,,National,0.08
202432,2023-24,Influenza Hospital Admissions,,National,270.0
202432,2023-24,Influenza Hospitalization (Avg 7 Day),,National,222.0
202432,2023-24,Average patients with influenza in ICU,,National,27.86
202347,2023-24,Influenza Hospital Admissions Rate Per 100k,,National,1.26
202347,2023-24,Influenza Hospital Admissions,,National,4169.0
202347,2023-24,Influenza Hospitalization (Avg 7 Day),,National,2715.71
202347,2023-24,Average patients with influenza in ICU,,National,423.14
202348,2023-24,Influenza Hospital Admissions Rate Per 100k,,National,1.7
202348,2023-24,Influenza Hospital Admissions,,National,5646.0
202348,2023-24,Influenza Hospitalization (Avg 7 Day),,National,3617.14
202348,2023-24,Average patients with influenza in ICU,,National,574.43
202407,2023-24,Influenza Hospital Admissions Rate Per 100k,,National,3.18
202407,2023-24,Influenza Hospital Admissions,,National,10548.0
202407,2023-24,Influenza Hospitalization (Avg 7 Day),,National,7840.14
202407,2023-24,Average patients with influenza in ICU,,National,1275.71
202420,2023-24,Influenza Hospital Admissions Rate Per 100k,,National,0.2
202420,2023-24,Influenza Hospital Admissions,,National,671.0
202420,2023-24,Influenza Hospitalization (Avg 7 Day),,National,620.86
202420,2023-24,Average patients with influenza in ICU,,National,73.71
202408,2023-24,Influenza Hospital Admissions Rate Per 100k,,National,3.11
202408,2023-24,Influenza Hospital Admissions,,National,10320.0
202408,2023-24,Influenza Hospitalization (Avg 7 Day),,National,7659.71
202408,2023-24,Average patients with influenza in ICU,,National,1230.43
202409,2023-24,Influenza Hospital Admissions Rate Per 100k,,National,3.12
202409,2023-24,Influenza Hospital Admissions,,National,10338.0
202409,2023-24,Influenza Hospitalization (Avg 7 Day),,National,7674.14
202409,2023-24,Average patients with influenza in ICU,,National,1221.29
202349,2023-24,Influenza Hospital Admissions Rate Per 100k,,National,2.12
202349,2023-24,Influenza Hospital Admissions,,National,7029.0
202349,2023-24,Influenza Hospitalization (Avg 7 Day),,National,4648.0
202349,2023-24,Average patients with influenza in ICU,,National,750.57
202421,2023-24,Influenza Hospital Admissions Rate Per 100k,,National,0.18
202340,2023-24,Influenza Hospital Admissions Rate Per 100k,,National,0.33
202340,2023-24,Influenza Hospital Admissions,,National,1087.0
202340,2023-24,Influenza Hospitalization (Avg 7 Day),,National,875.86
202340,2023-24,Average patients with influenza in ICU,,National,164.86
202341,2023-24,Influenza Hospital Admissions Rate Per 100k,,National,0.36
202433,2023-24,Influenza Hospital Admissions Rate Per 100k,,National,0.08
202433,2023-24,Influenza Hospital Admissions,,National,274.0
202433,2023-24,Influenza Hospitalization (Avg 7 Day),,National,231.57
202433,2023-24,Average patients with influenza in ICU,,National,27.57
202421,2023-24,Influenza Hospital Admissions,,National,607.0
202421,2023-24,Influenza Hospitalization (Avg 7 Day),,National,555.86
202421,2023-24,Average patients with influenza in ICU,,National,77.71
202422,2023-24,Influenza Hospital Admissions Rate Per 100k,,National,0.18
202422,2023-24,Influenza Hospital Admissions,,National,584.0
202422,2023-24,Influenza Hospitalization (Avg 7 Day),,National,494.29
202422,2023-24,Average patients with influenza in ICU,,National,60.43
202410,2023-24,Influenza Hospital Admissions Rate Per 100k,,National,2.71
202410,2023-24,Influenza Hospital Admissions,,National,8983.0
202410,2023-24,Influenza Hospitalization (Avg 7 Day),,National,7117.86
202410,2023-24,Average patients with influenza in ICU,,National,1142.43
202341,2023-24,Influenza Hospital Admissions,,National,1192.0
202341,2023-24,Influenza Hospitalization (Avg 7 Day),,National,944.57
202341,2023-24,Average patients with influenza in ICU,,National,179.71
202342,2023-24,Influenza Hospital Admissions Rate Per 100k,,National,0.43
202342,2023-24,Influenza Hospital Admissions,,National,1440.0
202342,2023-24,Influenza Hospitalization (Avg 7 Day),,National,1112.71
202342,2023-24,Average patients with influenza in ICU,,National,216.86
202350,2023-24,Influenza Hospital Admissions Rate Per 100k,,National,2.93
202350,2023-24,Influenza Hospital Admissions,,National,9715.0
202350,2023-24,Influenza Hospitalization (Avg 7 Day),,National,6193.29
202350,2023-24,Average patients with influenza in ICU,,National,955.71
202351,2023-24,Influenza Hospital Admissions Rate Per 100k,,National,4.5
202351,2023-24,Influenza Hospital Admissions,,National,14907.0
202351,2023-24,Influenza Hospitalization (Avg 7 Day),,National,9057.0
202351,2023-24,Average patients with influenza in ICU,,National,1385.0
202352,2023-24,Influenza Hospital Admissions Rate Per 100k,,National,6.19
202352,2023-24,Influenza Hospital Admissions,,National,20534.0
202352,2023-24,Influenza Hospitalization (Avg 7 Day),,National,12977.0
202352,2023-24,Average patients with influenza in ICU,,National,2014.71
202411,2023-24,Influenza Hospital Admissions Rate Per 100k,,National,2.12
202411,2023-24,Influenza Hospital Admissions,,National,7029.0
202411,2023-24,Influenza Hospitalization (Avg 7 Day),,National,5965.71
202411,2023-24,Average patients with influenza in ICU,,National,968.14
202412,2023-24,Influenza Hospital Admissions Rate Per 100k,,National,1.74
202412,2023-24,Influenza Hospital Admissions,,National,5784.0
202412,2023-24,Influenza Hospitalization (Avg 7 Day),,National,4850.57
202412,2023-24,Average patients with influenza in ICU,,National,807.86
202423,2023-24,Influenza Hospital Admissions Rate Per 100k,,National,0.15
202423,2023-24,Influenza Hospital Admissions,,National,503.0
202423,2023-24,Influenza Hospitalization (Avg 7 Day),,National,427.43
202423,2023-24,Average patients with influenza in ICU,,National,47.14
202434,2023-24,Influenza Hospital Admissions Rate Per 100k,,National,0.08
202434,2023-24,Influenza Hospital Admissions,,National,270.0
202434,2023-24,Influenza Hospitalization (Avg 7 Day),,National,208.29
202434,2023-24,Average patients with influenza in ICU,,National,27.29
202435,2023-24,Influenza Hospital Admissions Rate Per 100k,,National,0.08
202435,2023-24,Influenza Hospital Admissions,,National,253.0
202435,2023-24,Influenza Hospitalization (Avg 7 Day),,National,182.29
202435,2023-24,Average patients with influenza in ICU,,National,16.14
202343,2023-24,Influenza Hospital Admissions Rate Per 100k,,National,0.47
202343,2023-24,Influenza Hospital Admissions,,National,1570.0
202343,2023-24,Influenza Hospitalization (Avg 7 Day),,National,1215.14
202343,2023-24,Average patients with influenza in ICU,,National,191.29
202401,2023-24,Influenza Hospital Admissions Rate Per 100k,,National,5.6
202401,2023-24,Influenza Hospital Admissions,,National,18577.0
202401,2023-24,Influenza Hospitalization (Avg 7 Day),,National,14647.86
202401,2023-24,Average patients with influenza in ICU,,National,2333.71
202402,2023-24,Influenza Hospital Admissions Rate Per 100k,,National,4.54
202402,2023-24,Influenza Hospital Admissions,,National,15038.0
202402,2023-24,Influenza Hospitalization (Avg 7 Day),,National,12663.0
202402,2023-24,Average patients with influenza in ICU,,National,2063.57
202436,2023-24,Influenza Hospital Admissions Rate Per 100k,,National,0.07
202436,2023-24,Influenza Hospital Admissions,,National,219.0
202436,2023-24,Influenza Hospitalization (Avg 7 Day),,National,180.86
202436,2023-24,Average patients with influenza in ICU,,National,23.86
202413,2023-24,Influenza Hospital Admissions Rate Per 100k,,National,1.61
202413,2023-24,Influenza Hospital Admissions,,National,5346.0
202413,2023-24,Influenza Hospitalization (Avg 7 Day),,National,4430.86
202413,2023-24,Average patients with influenza in ICU,,National,716.29
202424,2023-24,Influenza Hospital Admissions Rate Per 100k,,National,0.15
202424,2023-24,Influenza Hospital Admissions,,National,512.0
202424,2023-24,Influenza Hospitalization (Avg 7 Day),,National,392.0
202424,2023-24,Average patients with influenza in ICU,,National,50.29
202425,2023-24,Influenza Hospital Admissions Rate Per 100k,,National,0.13
202425,2023-24,Influenza Hospital Admissions,,National,429.0
202425,2023-24,Influenza Hospitalization (Avg 7 Day),,National,384.14
202425,2023-24,Average patients with influenza in ICU,,National,46.71
202426,2023-24,Influenza Hospital Admissions Rate Per 100k,,National,0.11
202426,2023-24,Influenza Hospital Admissions,,National,350.0
202426,2023-24,Influenza Hospitalization (Avg 7 Day),,National,332.0
202426,2023-24,Average patients with influenza in ICU,,National,41.0
202340,2023-24,Influenza Hospital Admissions Rate Per 100k,,National,0.33
202340,2023-24,Influenza Hospital Admissions,,National,1087.0
202340,2023-24,Influenza Hospitalization (Avg 7 Day),,National,875.86
202340,2023-24,Average patients with influenza in ICU,,National,164.86
202344,2023-24,Influenza Hospital Admissions Rate Per 100k,,National,0.58
202344,2023-24,Influenza Hospital Admissions,,National,1923.0
202344,2023-24,Influenza Hospitalization (Avg 7 Day),,National,1362.71
202344,2023-24,Average patients with influenza in ICU,,National,226.14
202341,2023-24,Influenza Hospital Admissions,,National,1192.0
202345,2023-24,Influenza Hospital Admissions Rate Per 100k,,National,0.8
202345,2023-24,Influenza Hospital Admissions,,National,2659.0
202345,2023-24,Influenza Hospitalization (Avg 7 Day),,National,1738.57
202345,2023-24,Average patients with influenza in ICU,,National,285.86
202348,2023-24,Influenza Hospital Admissions Rate Per 100k,,National,1.7
202348,2023-24,Influenza Hospital Admissions,,National,5646.0
202348,2023-24,Influenza Hospitalization (Avg 7 Day),,National,3617.14
202348,2023-24,Average patients with influenza in ICU,,National,574.43
202349,2023-24,Influenza Hospital Admissions Rate Per 100k,,National,2.12
202349,2023-24,Influenza Hospital Admissions,,National,7029.0
202349,2023-24,Influenza Hospitalization (Avg 7 Day),,National,4648.0
202349,2023-24,Average patients with influenza in ICU,,National,750.57
202350,2023-24,Influenza Hospital Admissions Rate Per 100k,,National,2.93
202350,2023-24,Influenza Hospital Admissions,,National,9715.0
202350,2023-24,Influenza Hospitalization (Avg 7 Day),,National,6193.29
202350,2023-24,Average patients with influenza in ICU,,National,955.71
202341,2023-24,Influenza Hospital Admissions Rate Per 100k,,National,0.36
202341,2023-24,Influenza Hospitalization (Avg 7 Day),,National,944.57
202341,2023-24,Average patients with influenza in ICU,,National,179.71
202346,2023-24,Influenza Hospital Admissions Rate Per 100k,,National,1.01
202346,2023-24,Influenza Hospital Admissions,,National,3357.0
202346,2023-24,Influenza Hospitalization (Avg 7 Day),,National,2161.0
202346,2023-24,Average patients with influenza in ICU,,National,366.43
202347,2023-24,Influenza Hospital Admissions Rate Per 100k,,National,1.26
202347,2023-24,Influenza Hospital Admissions,,National,4169.0
202347,2023-24,Influenza Hospitalization (Avg 7 Day),,National,2715.71
202347,2023-24,Average patients with influenza in ICU,,National,423.14
202342,2023-24,Influenza Hospital Admissions Rate Per 100k,,National,0.43
202342,2023-24,Influenza Hospital Admissions,,National,1440.0
202342,2023-24,Influenza Hospitalization (Avg 7 Day),,National,1112.71
202342,2023-24,Average patients with influenza in ICU,,National,216.86
202343,2023-24,Influenza Hospital Admissions Rate Per 100k,,National,0.47
202343,2023-24,Influenza Hospital Admissions,,National,1570.0
202343,2023-24,Influenza Hospitalization (Avg 7 Day),,National,1215.14
202343,2023-24,Average patients with influenza in ICU,,National,191.29
202414,2023-24,Influenza Hospital Admissions Rate Per 100k,,National,1.47
202414,2023-24,Influenza Hospital Admissions,,National,4887.0
202414,2023-24,Influenza Hospitalization (Avg 7 Day),,National,4083.0
202414,2023-24,Average patients with influenza in ICU,,National,672.29
202415,2023-24,Influenza Hospital Admissions Rate Per 100k,,National,1.18
202415,2023-24,Influenza Hospital Admissions,,National,3899.0
202415,2023-24,Influenza Hospitalization (Avg 7 Day),,National,3442.86
202415,2023-24,Average patients with influenza in ICU,,National,549.14
202427,2023-24,Influenza Hospital Admissions Rate Per 100k,,National,0.1
202427,2023-24,Influenza Hospital Admissions,,National,328.0
202427,2023-24,Influenza Hospitalization (Avg 7 Day),,National,277.86
202427,2023-24,Average patients with influenza in ICU,,National,31.71
202428,2023-24,Influenza Hospital Admissions Rate Per 100k,,National,0.11
202428,2023-24,Influenza Hospital Admissions,,National,352.0
202428,2023-24,Influenza Hospitalization (Avg 7 Day),,National,288.71
202428,2023-24,Average patients with influenza in ICU,,National,34.14
202437,2023-24,Influenza Hospital Admissions Rate Per 100k,,National,0.09
202437,2023-24,Influenza Hospital Admissions,,National,298.0
202437,2023-24,Influenza Hospitalization (Avg 7 Day),,National,205.0
202437,2023-24,Average patients with influenza in ICU,,National,27.14
202438,2023-24,Influenza Hospital Admissions Rate Per 100k,,National,0.06
202438,2023-24,Influenza Hospital Admissions,,National,192.0
202438,2023-24,Influenza Hospitalization (Avg 7 Day),,National,127.71
202438,2023-24,Average patients with influenza in ICU,,National,18.0
202344,2023-24,Influenza Hospital Admissions Rate Per 100k,,National,0.58
202344,2023-24,Influenza Hospital Admissions,,National,1923.0
202344,2023-24,Influenza Hospitalization (Avg 7 Day),,National,1362.71
202344,2023-24,Average patients with influenza in ICU,,National,226.14
202345,2023-24,Influenza Hospital Admissions Rate Per 100k,,National,0.8
202345,2023-24,Influenza Hospital Admissions,,National,2659.0
202345,2023-24,Influenza Hospitalization (Avg 7 Day),,National,1738.57
202345,2023-24,Average patients with influenza in ICU,,National,285.86
202403,2023-24,Influenza Hospital Admissions Rate Per 100k,,National,3.8
202403,2023-24,Influenza Hospital Admissions,,National,12609.0
202403,2023-24,Influenza Hospitalization (Avg 7 Day),,National,10668.86
202403,2023-24,Average patients with influenza in ICU,,National,1767.57
202416,2023-24,Influenza Hospital Admissions Rate Per 100k,,National,0.85
202416,2023-24,Influenza Hospital Admissions,,National,2823.0
202416,2023-24,Influenza Hospitalization (Avg 7 Day),,National,2838.14
202416,2023-24,Average patients with influenza in ICU,,National,456.0
202429,2023-24,Influenza Hospital Admissions Rate Per 100k,,National,0.09
202429,2023-24,Influenza Hospital Admissions,,National,313.0
202429,2023-24,Influenza Hospitalization (Avg 7 Day),,National,268.43
202429,2023-24,Average patients with influenza in ICU,,National,39.71
202351,2023-24,Influenza Hospital Admissions Rate Per 100k,,National,4.5
202351,2023-24,Influenza Hospital Admissions,,National,14907.0
202351,2023-24,Influenza Hospitalization (Avg 7 Day),,National,9057.0
202351,2023-24,Average patients with influenza in ICU,,National,1385.0
202352,2023-24,Influenza Hospital Admissions Rate Per 100k,,National,6.19
202352,2023-24,Influenza Hospital Admissions,,National,20534.0
202352,2023-24,Influenza Hospitalization (Avg 7 Day),,National,12977.0
202352,2023-24,Average patients with influenza in ICU,,National,2014.71
202401,2023-24,Influenza Hospital Admissions Rate Per 100k,,National,5.6
202401,2023-24,Influenza Hospital Admissions,,National,18577.0
202401,2023-24,Influenza Hospitalization (Avg 7 Day),,National,14647.86
202401,2023-24,Average patients with influenza in ICU,,National,2333.71
202402,2023-24,Influenza Hospital Admissions Rate Per 100k,,National,4.54
202402,2023-24,Influenza Hospital Admissions,,National,15038.0
202402,2023-24,Influenza Hospitalization (Avg 7 Day),,National,12663.0
202402,2023-24,Average patients with influenza in ICU,,National,2063.57
202403,2023-24,Influenza Hospital Admissions Rate Per 100k,,National,3.8
202403,2023-24,Influenza Hospital Admissions,,National,12609.0
202403,2023-24,Influenza Hospitalization (Avg 7 Day),,National,10668.86
202403,2023-24,Average patients with influenza in ICU,,National,1767.57
202404,2023-24,Influenza Hospital Admissions Rate Per 100k,,National,3.7
202404,2023-24,Influenza Hospital Admissions,,National,12276.0
202404,2023-24,Influenza Hospitalization (Avg 7 Day),,National,9582.0
202404,2023-24,Average patients with influenza in ICU,,National,1614.86
202405,2023-24,Influenza Hospital Admissions Rate Per 100k,,National,3.35
202405,2023-24,Influenza Hospital Admissions,,National,11118.0
202405,2023-24,Influenza Hospitalization (Avg 7 Day),,National,8645.57
202405,2023-24,Average patients with influenza in ICU,,National,1498.57
202406,2023-24,Influenza Hospital Admissions Rate Per 100k,,National,3.27
202406,2023-24,Influenza Hospital Admissions,,National,10849.0
202406,2023-24,Influenza Hospitalization (Avg 7 Day),,National,7873.0
202406,2023-24,Average patients with influenza in ICU,,National,1340.71
202407,2023-24,Influenza Hospital Admissions Rate Per 100k,,National,3.18
202407,2023-24,Influenza Hospital Admissions,,National,10548.0
202407,2023-24,Influenza Hospitalization (Avg 7 Day),,National,7840.14
202407,2023-24,Average patients with influenza in ICU,,National,1275.71
202408,2023-24,Influenza Hospital Admissions Rate Per 100k,,National,3.11
202408,2023-24,Influenza Hospital Admissions,,National,10320.0
202408,2023-24,Influenza Hospitalization (Avg 7 Day),,National,7659.71
202408,2023-24,Average patients with influenza in ICU,,National,1230.43
202409,2023-24,Influenza Hospital Admissions Rate Per 100k,,National,3.12
202409,2023-24,Influenza Hospital Admissions,,National,10338.0
202409,2023-24,Influenza Hospitalization (Avg 7 Day),,National,7674.14
202409,2023-24,Average patients with influenza in ICU,,National,1221.29
202410,2023-24,Influenza Hospital Admissions Rate Per 100k,,National,2.71
202410,2023-24,Influenza Hospital Admissions,,National,8983.0
202410,2023-24,Influenza Hospitalization (Avg 7 Day),,National,7117.86
202410,2023-24,Average patients with influenza in ICU,,National,1142.43
202411,2023-24,Influenza Hospital Admissions Rate Per 100k,,National,2.12
202411,2023-24,Influenza Hospital Admissions,,National,7029.0
202411,2023-24,Influenza Hospitalization (Avg 7 Day),,National,5965.71
202411,2023-24,Average patients with influenza in ICU,,National,968.14
202412,2023-24,Influenza Hospital Admissions Rate Per 100k,,National,1.74
202412,2023-24,Influenza Hospital Admissions,,National,5784.0
202412,2023-24,Influenza Hospitalization (Avg 7 Day),,National,4850.57
202412,2023-24,Average patients with influenza in ICU,,National,807.86
202413,2023-24,Influenza Hospital Admissions Rate Per 100k,,National,1.61
202413,2023-24,Influenza Hospital Admissions,,National,5346.0
202413,2023-24,Influenza Hospitalization (Avg 7 Day),,National,4430.86
202413,2023-24,Average patients with influenza in ICU,,National,716.29
202414,2023-24,Influenza Hospital Admissions Rate Per 100k,,National,1.47
202414,2023-24,Influenza Hospital Admissions,,National,4887.0
202414,2023-24,Influenza Hospitalization (Avg 7 Day),,National,4083.0
202414,2023-24,Average patients with influenza in ICU,,National,672.29
202415,2023-24,Influenza Hospital Admissions Rate Per 100k,,National,1.18
202415,2023-24,Influenza Hospital Admissions,,National,3899.0
202415,2023-24,Influenza Hospitalization (Avg 7 Day),,National,3442.86
202415,2023-24,Average patients with influenza in ICU,,National,549.14
202416,2023-24,Influenza Hospital Admissions Rate Per 100k,,National,0.85
202416,2023-24,Influenza Hospital Admissions,,National,2823.0
202416,2023-24,Influenza Hospitalization (Avg 7 Day),,National,2838.14
202416,2023-24,Average patients with influenza in ICU,,National,456.0
202417,2023-24,Influenza Hospital Admissions Rate Per 100k,,National,0.7
202417,2023-24,Influenza Hospital Admissions,,National,2329.0
202417,2023-24,Influenza Hospitalization (Avg 7 Day),,National,2232.43
202417,2023-24,Average patients with influenza in ICU,,National,367.29
202418,2023-24,Influenza Hospital Admissions Rate Per 100k,,National,0.44
202418,2023-24,Influenza Hospital Admissions,,National,1461.0
202418,2023-24,Influenza Hospitalization (Avg 7 Day),,National,1421.0
202418,2023-24,Average patients with influenza in ICU,,National,179.57
202419,2023-24,Influenza Hospital Admissions Rate Per 100k,,National,0.25
202419,2023-24,Influenza Hospital Admissions,,National,832.0
202419,2023-24,Influenza Hospitalization (Avg 7 Day),,National,915.29
202419,2023-24,Average patients with influenza in ICU,,National,101.29
202420,2023-24,Influenza Hospital Admissions Rate Per 100k,,National,0.2
202420,2023-24,Influenza Hospital Admissions,,National,671.0
202420,2023-24,Influenza Hospitalization (Avg 7 Day),,National,620.86
202420,2023-24,Average patients with influenza in ICU,,National,73.71
202421,2023-24,Influenza Hospital Admissions Rate Per 100k,,National,0.18
202421,2023-24,Influenza Hospital Admissions,,National,607.0
202421,2023-24,Influenza Hospitalization (Avg 7 Day),,National,555.86
202421,2023-24,Average patients with influenza in ICU,,National,77.71
202422,2023-24,Influenza Hospital Admissions Rate Per 100k,,National,0.18
202422,2023-24,Influenza Hospital Admissions,,National,584.0
202422,2023-24,Influenza Hospitalization (Avg 7 Day),,National,494.29
202422,2023-24,Average patients with influenza in ICU,,National,60.43
202423,2023-24,Influenza Hospital Admissions Rate Per 100k,,National,0.15
202423,2023-24,Influenza Hospital Admissions,,National,503.0
202423,2023-24,Influenza Hospitalization (Avg 7 Day),,National,427.43
202423,2023-24,Average patients with influenza in ICU,,National,47.14
202424,2023-24,Influenza Hospital Admissions Rate Per 100k,,National,0.15
202424,2023-24,Influenza Hospital Admissions,,National,512.0
202424,2023-24,Influenza Hospitalization (Avg 7 Day),,National,392.0
202424,2023-24,Average patients with influenza in ICU,,National,50.29
202425,2023-24,Influenza Hospital Admissions Rate Per 100k,,National,0.13
202425,2023-24,Influenza Hospital Admissions,,National,429.0
202425,2023-24,Influenza Hospitalization (Avg 7 Day),,National,384.14
202425,2023-24,Average patients with influenza in ICU,,National,46.71
202426,2023-24,Influenza Hospital Admissions Rate Per 100k,,National,0.11
202426,2023-24,Influenza Hospital Admissions,,National,350.0
202426,2023-24,Influenza Hospitalization (Avg 7 Day),,National,332.0
202426,2023-24,Average patients with influenza in ICU,,National,41.0
202427,2023-24,Influenza Hospital Admissions Rate Per 100k,,National,0.1
202427,2023-24,Influenza Hospital Admissions,,National,328.0
202427,2023-24,Influenza Hospitalization (Avg 7 Day),,National,277.86
202427,2023-24,Average patients with influenza in ICU,,National,31.71
202428,2023-24,Influenza Hospital Admissions Rate Per 100k,,National,0.11
202428,2023-24,Influenza Hospital Admissions,,National,352.0
202428,2023-24,Influenza Hospitalization (Avg 7 Day),,National,288.71
202428,2023-24,Average patients with influenza in ICU,,National,34.14
202429,2023-24,Influenza Hospital Admissions Rate Per 100k,,National,0.09
202429,2023-24,Influenza Hospital Admissions,,National,313.0
202429,2023-24,Influenza Hospitalization (Avg 7 Day),,National,268.43
202429,2023-24,Average patients with influenza in ICU,,National,39.71
202430,2023-24,Influenza Hospital Admissions Rate Per 100k,,National,0.08
202430,2023-24,Influenza Hospital Admissions,,National,268.0
202430,2023-24,Influenza Hospitalization (Avg 7 Day),,National,257.57
202430,2023-24,Average patients with influenza in ICU,,National,36.86
202431,2023-24,Influenza Hospital Admissions Rate Per 100k,,National,0.08
202431,2023-24,Influenza Hospital Admissions,,National,274.0
202431,2023-24,Influenza Hospitalization (Avg 7 Day),,National,229.57
202431,2023-24,Average patients with influenza in ICU,,National,31.71
202432,2023-24,Influenza Hospital Admissions Rate Per 100k,,National,0.08
202432,2023-24,Influenza Hospital Admissions,,National,270.0
202432,2023-24,Influenza Hospitalization (Avg 7 Day),,National,222.0
202432,2023-24,Average patients with influenza in ICU,,National,27.86
202433,2023-24,Influenza Hospital Admissions Rate Per 100k,,National,0.08
202433,2023-24,Influenza Hospital Admissions,,National,274.0
202433,2023-24,Influenza Hospitalization (Avg 7 Day),,National,231.57
202433,2023-24,Average patients with influenza in ICU,,National,27.57
202434,2023-24,Influenza Hospital Admissions Rate Per 100k,,National,0.08
202434,2023-24,Influenza Hospital Admissions,,National,270.0
202434,2023-24,Influenza Hospitalization (Avg 7 Day),,National,208.29
202434,2023-24,Average patients with influenza in ICU,,National,27.29
202435,2023-24,Influenza Hospital Admissions Rate Per 100k,,National,0.08
202435,2023-24,Influenza Hospital Admissions,,National,253.0
202435,2023-24,Influenza Hospitalization (Avg 7 Day),,National,182.29
202435,2023-24,Average patients with influenza in ICU,,National,16.14
202436,2023-24,Influenza Hospital Admissions Rate Per 100k,,National,0.07
202436,2023-24,Influenza Hospital Admissions,,National,219.0
202436,2023-24,Influenza Hospitalization (Avg 7 Day),,National,180.86
202436,2023-24,Average patients with influenza in ICU,,National,23.86
202437,2023-24,Influenza Hospital Admissions Rate Per 100k,,National,0.09
202437,2023-24,Influenza Hospital Admissions,,National,298.0
202437,2023-24,Influenza Hospitalization (Avg 7 Day),,National,205.0
202437,2023-24,Average patients with influenza in ICU,,National,27.14
202438,2023-24,Influenza Hospital Admissions Rate Per 100k,,National,0.06
202438,2023-24,Influenza Hospital Admissions,,National,192.0
202438,2023-24,Influenza Hospitalization (Avg 7 Day),,National,127.71
202438,2023-24,Average patients with influenza in ICU,,National,18.0
202449,2024-25,Influenza Hospital Admissions Rate Per 100k,,National,1.9
202450,2024-25,Influenza Hospital Admissions Rate Per 100k,,National,2.7
202451,2024-25,Influenza Hospital Admissions Rate Per 100k,,National,4.5
202452,2024-25,Influenza Hospital Admissions Rate Per 100k,,National,8.0
202501,2024-25,Influenza Hospital Admissions Rate Per 100k,,National,11.3
202502,2024-25,Influenza Hospital Admissions Rate Per 100k,,National,9.1
202503,2024-25,Influenza Hospital Admissions Rate Per 100k,,National,9.7
202504,2024-25,Influenza Hospital Admissions Rate Per 100k,,National,11.8
202505,2024-25,Influenza Hospital Admissions Rate Per 100k,,National,14.9
202506,2024-25,Influenza Hospital Admissions Rate Per 100k,,National,15.5
202507,2024-25,Influenza Hospital Admissions Rate Per 100k,,National,12.9
202439,2024-25,Influenza Hospital Admissions,,National,223.0
202440,2024-25,Influenza Hospital Admissions,,National,287.0
202441,2024-25,Influenza Hospital Admissions,,National,295.0
202442,2024-25,Influenza Hospital Admissions,,National,553.0
202443,2024-25,Influenza Hospital Admissions,,National,1082.0
202444,2024-25,Influenza Hospital Admissions,,National,976.0
202445,2024-25,Influenza Hospital Admissions,,National,2033.0
202446,2024-25,Influenza Hospital Admissions,,National,2441.0
202447,2024-25,Influenza Hospital Admissions,,National,3090.0
202448,2024-25,Influenza Hospital Admissions,,National,4347.0
202449,2024-25,Influenza Hospital Admissions,,National,6355.0
202450,2024-25,Influenza Hospital Admissions,,National,9141.0
202451,2024-25,Influenza Hospital Admissions,,National,15261.0
202452,2024-25,Influenza Hospital Admissions,,National,26999.0
202501,2024-25,Influenza Hospital Admissions,,National,38155.0
202502,2024-25,Influenza Hospital Admissions,,National,30702.0
202503,2024-25,Influenza Hospital Admissions,,National,32570.0
202504,2024-25,Influenza Hospital Admissions,,National,39965.0
202505,2024-25,Influenza Hospital Admissions,,National,50329.0
202506,2024-25,Influenza Hospital Admissions,,National,52447.0
202507,2024-25,Influenza Hospital Admissions,,National,43411.0
202439,2024-25,Average patients with influenza in ICU,,National,21.27
202440,2024-25,Average patients with influenza in ICU,,National,22.52
202441,2024-25,Average patients with influenza in ICU,,National,21.0
202442,2024-25,Average patients with influenza in ICU,,National,72.0
202443,2024-25,Average patients with influenza in ICU,,National,178.0
202444,2024-25,Average patients with influenza in ICU,,National,113.0
202445,2024-25,Average patients with influenza in ICU,,National,205.0
202446,2024-25,Average patients with influenza in ICU,,National,234.0
202447,2024-25,Average patients with influenza in ICU,,National,276.0
202448,2024-25,Average patients with influenza in ICU,,National,389.0
202449,2024-25,Average patients with influenza in ICU,,National,514.0
202450,2024-25,Average patients with influenza in ICU,,National,707.0
202451,2024-25,Average patients with influenza in ICU,,National,1076.0
202452,2024-25,Average patients with influenza in ICU,,National,1759.0
202501,2024-25,Average patients with influenza in ICU,,National,3077.0
202502,2024-25,Average patients with influenza in ICU,,National,3216.0
202503,2024-25,Average patients with influenza in ICU,,National,3431.0
202504,2024-25,Average patients with influenza in ICU,,National,3937.0
202505,2024-25,Average patients with influenza in ICU,,National,4942.0
202506,2024-25,Average patients with influenza in ICU,,National,5597.0
202507,2024-25,Average patients with influenza in ICU,,National,5357.0
202439,2024-25,Influenza Hospital Admissions Rate Per 100k,,National,0.1
202440,2024-25,Influenza Hospital Admissions Rate Per 100k,,National,0.1
202441,2024-25,Influenza Hospital Admissions Rate Per 100k,,National,0.1
202442,2024-25,Influenza Hospital Admissions Rate Per 100k,,National,0.2
202443,2024-25,Influenza Hospital Admissions Rate Per 100k,,National,0.3
202444,2024-25,Influenza Hospital Admissions Rate Per 100k,,National,0.3
202445,2024-25,Influenza Hospital Admissions Rate Per 100k,,National,0.6
202446,2024-25,Influenza Hospital Admissions Rate Per 100k,,National,0.7
202447,2024-25,Influenza Hospital Admissions Rate Per 100k,,National,0.9
202448,2024-25,Influenza Hospital Admissions Rate Per 100k,,National,1.3
202449,2024-25,Influenza Hospital Admissions Rate Per 100k,,National,1.9
202450,2024-25,Influenza Hospital Admissions Rate Per 100k,,National,2.7
202451,2024-25,Influenza Hospital Admissions Rate Per 100k,,National,4.5
202452,2024-25,Influenza Hospital Admissions Rate Per 100k,,National,8.0
202501,2024-25,Influenza Hospital Admissions Rate Per 100k,,National,11.3
202502,2024-25,Influenza Hospital Admissions Rate Per 100k,,National,9.1
202503,2024-25,Influenza Hospital Admissions Rate Per 100k,,National,9.7
202504,2024-25,Influenza Hospital Admissions Rate Per 100k,,National,11.8
202505,2024-25,Influenza Hospital Admissions Rate Per 100k,,National,14.9
202506,2024-25,Influenza Hospital Admissions Rate Per 100k,,National,15.6
202507,2024-25,Influenza Hospital Admissions Rate Per 100k,,National,13.2
202508,2024-25,Influenza Hospital Admissions Rate Per 100k,,National,10.9
202439,2024-25,Influenza Hospital Admissions,,National,223.0
202440,2024-25,Influenza Hospital Admissions,,National,287.0
202441,2024-25,Influenza Hospital Admissions,,National,295.0
202442,2024-25,Influenza Hospital Admissions,,National,553.0
202443,2024-25,Influenza Hospital Admissions,,National,1082.0
202444,2024-25,Influenza Hospital Admissions,,National,976.0
202445,2024-25,Influenza Hospital Admissions,,National,2033.0
202446,2024-25,Influenza Hospital Admissions,,National,2441.0
202447,2024-25,Influenza Hospital Admissions,,National,3090.0
202448,2024-25,Influenza Hospital Admissions,,National,4347.0
202449,2024-25,Influenza Hospital Admissions,,National,6355.0
202450,2024-25,Influenza Hospital Admissions,,National,9144.0
202451,2024-25,Influenza Hospital Admissions,,National,15262.0
202452,2024-25,Influenza Hospital Admissions,,National,27003.0
202501,2024-25,Influenza Hospital Admissions,,National,38164.0
202502,2024-25,Influenza Hospital Admissions,,National,30705.0
202503,2024-25,Influenza Hospital Admissions,,National,32566.0
202504,2024-25,Influenza Hospital Admissions,,National,39962.0
202505,2024-25,Influenza Hospital Admissions,,National,50331.0
202506,2024-25,Influenza Hospital Admissions,,National,52549.0
202507,2024-25,Influenza Hospital Admissions,,National,44478.0
202508,2024-25,Influenza Hospital Admissions,,National,36657.0
202439,2024-25,Average patients with influenza in ICU,,National,21.27
202440,2024-25,Average patients with influenza in ICU,,National,22.52
202441,2024-25,Average patients with influenza in ICU,,National,21.0
202442,2024-25,Average patients with influenza in ICU,,National,72.0
202443,2024-25,Average patients with influenza in ICU,,National,178.0
202444,2024-25,Average patients with influenza in ICU,,National,113.0
202445,2024-25,Average patients with influenza in ICU,,National,205.0
202446,2024-25,Average patients with influenza in ICU,,National,234.0
202447,2024-25,Average patients with influenza in ICU,,National,276.0
202448,2024-25,Average patients with influenza in ICU,,National,389.0
202449,2024-25,Average patients with influenza in ICU,,National,514.0
202450,2024-25,Average patients with influenza in ICU,,National,707.0
202451,2024-25,Average patients with influenza in ICU,,National,1074.0
202452,2024-25,Average patients with influenza in ICU,,National,1759.0
202501,2024-25,Average patients with influenza in ICU,,National,3077.0
202502,2024-25,Average patients with influenza in ICU,,National,3216.0
202503,2024-25,Average patients with influenza in ICU,,National,3432.0
202504,2024-25,Average patients with influenza in ICU,,National,3937.0
202505,2024-25,Average patients with influenza in ICU,,National,4944.0
202506,2024-25,Average patients with influenza in ICU,,National,5609.0
202507,2024-25,Average patients with influenza in ICU,,National,5506.0
202508,2024-25,Average patients with influenza in ICU,,National,4929.0
